{
"type": "FeatureCollection",
"name": "hunting_banned",
"crs": { "type": "name", "properties": { "name": "urn:ogc:def:crs:OGC:1.3:CRS84" } },
"features": [
{ "type": "Feature", "properties": { "Name": "منطقه شکار ممنوع کوه خرسي", "description": null, "timestamp": null, "begin": null, "end": null, "altitudeMode": null, "tessellate": -1, "extrude": 0, "visibility": -1, "drawOrder": null, "icon": null }, "geometry": { "type": "Polygon", "coordinates": [ [ [ 52.326305773256657, 30.54772411273753, 0.0 ], [ 52.3262036890997, 30.548242899826779, 0.0 ], [ 52.325922418698291, 30.548809183323549, 0.0 ], [ 52.325708042897901, 30.549447597319698, 0.0 ], [ 52.325311951490747, 30.550000229583048, 0.0 ], [ 52.324837899582263, 30.550664683336709, 0.0 ], [ 52.324131180688809, 30.55165933693975, 0.0 ], [ 52.323443001158772, 30.552457593084739, 0.0 ], [ 52.322833739752006, 30.55244303911423, 0.0 ], [ 52.321419908518763, 30.551986713907969, 0.0 ], [ 52.319549825779902, 30.551625994752939, 0.0 ], [ 52.320909152250387, 30.550283597267128, 0.0 ], [ 52.320899502406391, 30.549698176159541, 0.0 ], [ 52.320447934706479, 30.54879803765057, 0.0 ], [ 52.319891801066021, 30.54751797141472, 0.0 ], [ 52.31984542548097, 30.546867473304861, 0.0 ], [ 52.319569589553069, 30.546537479289668, 0.0 ], [ 52.319033262371093, 30.54649093840013, 0.0 ], [ 52.318632275762283, 30.547301322122848, 0.0 ], [ 52.318228818457882, 30.547466399640228, 0.0 ], [ 52.318070806907357, 30.54712502032525, 0.0 ], [ 52.317981815561907, 30.546694740017308, 0.0 ], [ 52.317728859766547, 30.546246653250499, 0.0 ], [ 52.317335180857562, 30.545847280145949, 0.0 ], [ 52.316543387114351, 30.54569335682638, 0.0 ], [ 52.315807126932448, 30.545337005402448, 0.0 ], [ 52.315370431466377, 30.544892068383579, 0.0 ], [ 52.315607154026623, 30.544202805136269, 0.0 ], [ 52.315936964286038, 30.543059941852491, 0.0 ], [ 52.316558173484317, 30.541861597623772, 0.0 ], [ 52.31736690803281, 30.540783375094591, 0.0 ], [ 52.317034636831217, 30.540019850813469, 0.0 ], [ 52.317348948574491, 30.539740756878739, 0.0 ], [ 52.318408590428753, 30.538822340979891, 0.0 ], [ 52.318914552978534, 30.53817949826783, 0.0 ], [ 52.318265447304839, 30.537404818850181, 0.0 ], [ 52.317100033485552, 30.53712614084079, 0.0 ], [ 52.316381568042253, 30.537454651278761, 0.0 ], [ 52.312985555796992, 30.539219615632351, 0.0 ], [ 52.3083970285617, 30.540247420704318, 0.0 ], [ 52.306068151681799, 30.538996534087911, 0.0 ], [ 52.302755325987633, 30.537612544896461, 0.0 ], [ 52.301210291474113, 30.537274033557541, 0.0 ], [ 52.298531377492367, 30.535201747641111, 0.0 ], [ 52.297814790566662, 30.53482227921695, 0.0 ], [ 52.296988899026353, 30.534030235552098, 0.0 ], [ 52.296096299082507, 30.532790762244471, 0.0 ], [ 52.293472380239422, 30.529647256385449, 0.0 ], [ 52.293313191861579, 30.52892740677957, 0.0 ], [ 52.297021886275317, 30.525000028504369, 0.0 ], [ 52.301026125064702, 30.520861713687669, 0.0 ], [ 52.304097602276187, 30.514105799799228, 0.0 ], [ 52.305406397727772, 30.513032345780552, 0.0 ], [ 52.306671693921501, 30.510383361003779, 0.0 ], [ 52.306893646618363, 30.5086223147255, 0.0 ], [ 52.306202265556287, 30.505821615670339, 0.0 ], [ 52.313547410552722, 30.499141686450301, 0.0 ], [ 52.32431892399751, 30.494242636808298, 0.0 ], [ 52.341959569938084, 30.478374451882011, 0.0 ], [ 52.360251952227102, 30.460398601406791, 0.0 ], [ 52.376761504421282, 30.443052513343229, 0.0 ], [ 52.377849559635408, 30.441878606911771, 0.0 ], [ 52.381846262708457, 30.43756624279137, 0.0 ], [ 52.384910701636883, 30.4347909767978, 0.0 ], [ 52.386707293668543, 30.433071851444609, 0.0 ], [ 52.389906730083659, 30.42969978639314, 0.0 ], [ 52.390147592194083, 30.4292834069443, 0.0 ], [ 52.392081256479727, 30.425940536189248, 0.0 ], [ 52.392813275061599, 30.424674976658839, 0.0 ], [ 52.392832698899099, 30.424362901873749, 0.0 ], [ 52.394904213890243, 30.421062393699859, 0.0 ], [ 52.399650309038648, 30.413436320635299, 0.0 ], [ 52.399869859504221, 30.41210954702764, 0.0 ], [ 52.399435777268778, 30.411235934172112, 0.0 ], [ 52.399294922482468, 30.410529265640061, 0.0 ], [ 52.400297573411791, 30.40895504800185, 0.0 ], [ 52.401091402214483, 30.40859652902007, 0.0 ], [ 52.402745235725781, 30.408569293663579, 0.0 ], [ 52.402987954305217, 30.408521978290921, 0.0 ], [ 52.403623589483111, 30.408596826771209, 0.0 ], [ 52.404301561138517, 30.408278823367919, 0.0 ], [ 52.405843599008442, 30.406941506193359, 0.0 ], [ 52.406400644669361, 30.406143102891289, 0.0 ], [ 52.408522761464972, 30.404686664282981, 0.0 ], [ 52.409034912249311, 30.403624704570412, 0.0 ], [ 52.410120718356893, 30.40053035915939, 0.0 ], [ 52.411007833724781, 30.400139793833709, 0.0 ], [ 52.412086703311729, 30.400001824419011, 0.0 ], [ 52.412455764633833, 30.399346941975701, 0.0 ], [ 52.408503304750077, 30.39665619871457, 0.0 ], [ 52.406812351130682, 30.3976055093414, 0.0 ], [ 52.40456109244677, 30.397295258101948, 0.0 ], [ 52.40361721958098, 30.39589596462493, 0.0 ], [ 52.402658313744652, 30.395076477177309, 0.0 ], [ 52.400945920980703, 30.395240457433051, 0.0 ], [ 52.400235278221977, 30.396112076139062, 0.0 ], [ 52.400038171443683, 30.39729047123916, 0.0 ], [ 52.3997879617243, 30.398255774880539, 0.0 ], [ 52.398481206814338, 30.399858520364269, 0.0 ], [ 52.397563976767707, 30.400780318365399, 0.0 ], [ 52.3955791526542, 30.401399732633362, 0.0 ], [ 52.391956860839102, 30.402183580132789, 0.0 ], [ 52.388510722326949, 30.401978666403082, 0.0 ], [ 52.382621439627997, 30.40177779562671, 0.0 ], [ 52.380910809080497, 30.402026240008659, 0.0 ], [ 52.37706139823662, 30.402464344204098, 0.0 ], [ 52.369054480162617, 30.403258294529461, 0.0 ], [ 52.362513918893669, 30.403776502069981, 0.0 ], [ 52.354617537337802, 30.404347589577341, 0.0 ], [ 52.352552730756607, 30.404744209352209, 0.0 ], [ 52.348096618125439, 30.405592131417691, 0.0 ], [ 52.343345280616319, 30.40636754365714, 0.0 ], [ 52.338191883874103, 30.407052175446051, 0.0 ], [ 52.336828149260512, 30.407200001796969, 0.0 ], [ 52.336398935766958, 30.407450174894489, 0.0 ], [ 52.335481330721613, 30.40756519168945, 0.0 ], [ 52.334235262762839, 30.40798514742524, 0.0 ], [ 52.333071525777463, 30.408231456157651, 0.0 ], [ 52.331237386121707, 30.40870620156328, 0.0 ], [ 52.330164345893749, 30.40861738232779, 0.0 ], [ 52.329417351026109, 30.40868671887905, 0.0 ], [ 52.325997576743283, 30.40900408642354, 0.0 ], [ 52.322967754823317, 30.409318017926811, 0.0 ], [ 52.322004896633388, 30.409247898856659, 0.0 ], [ 52.320117722960973, 30.409013870155281, 0.0 ], [ 52.318883818196127, 30.408553142918759, 0.0 ], [ 52.3186360963917, 30.408011341750068, 0.0 ], [ 52.318027530426079, 30.407492391647381, 0.0 ], [ 52.317172038908502, 30.406776568169452, 0.0 ], [ 52.3169417746183, 30.406432266848508, 0.0 ], [ 52.316136581690401, 30.40522828085329, 0.0 ], [ 52.315500867514153, 30.404277685234788, 0.0 ], [ 52.314031620970873, 30.403879744996551, 0.0 ], [ 52.312933451803431, 30.40376758505565, 0.0 ], [ 52.311145266836263, 30.403143881197529, 0.0 ], [ 52.309440096748048, 30.40271881714698, 0.0 ], [ 52.308581110195867, 30.40286032584098, 0.0 ], [ 52.307601049621937, 30.402721285891701, 0.0 ], [ 52.306995894765322, 30.4023096756186, 0.0 ], [ 52.306810065728598, 30.40132555661711, 0.0 ], [ 52.305934609036058, 30.400189500410239, 0.0 ], [ 52.305468904439849, 30.39968950166903, 0.0 ], [ 52.305002024996703, 30.399603384747241, 0.0 ], [ 52.304450307763517, 30.399898497820139, 0.0 ], [ 52.304076407642697, 30.399892769634569, 0.0 ], [ 52.303497602831939, 30.39947495298377, 0.0 ], [ 52.303452927581013, 30.398924736805391, 0.0 ], [ 52.30336402016853, 30.39750209602353, 0.0 ], [ 52.302915132205932, 30.396426939657839, 0.0 ], [ 52.302248853249878, 30.395072202101261, 0.0 ], [ 52.301915428145193, 30.39419514340571, 0.0 ], [ 52.302037754297842, 30.393383399369039, 0.0 ], [ 52.30268537465922, 30.39271619591759, 0.0 ], [ 52.303010947130957, 30.39156680436394, 0.0 ], [ 52.302848002714732, 30.390803497779999, 0.0 ], [ 52.303265972287079, 30.390620375548622, 0.0 ], [ 52.303833537967051, 30.390669966874832, 0.0 ], [ 52.305434678233823, 30.390995585088699, 0.0 ], [ 52.30641840065698, 30.391049850438471, 0.0 ], [ 52.307663782138562, 30.391027857548639, 0.0 ], [ 52.309034848748567, 30.39114961043094, 0.0 ], [ 52.309776676252071, 30.391026242045282, 0.0 ], [ 52.310051286417597, 30.390735067997799, 0.0 ], [ 52.310088148135357, 30.39029058510059, 0.0 ], [ 52.309069448743159, 30.38866378791483, 0.0 ], [ 52.30948090966541, 30.38828782124304, 0.0 ], [ 52.315070561266829, 30.38646336197861, 0.0 ], [ 52.317743398565881, 30.38626027800138, 0.0 ], [ 52.319538524980032, 30.385590983351669, 0.0 ], [ 52.324730767399849, 30.3826019797343, 0.0 ], [ 52.330084328962513, 30.379560197110919, 0.0 ], [ 52.330545113316148, 30.378672025151658, 0.0 ], [ 52.332075851769382, 30.375466996429719, 0.0 ], [ 52.336423570897942, 30.370953858418289, 0.0 ], [ 52.348128357545491, 30.36038834102623, 0.0 ], [ 52.353665532472696, 30.355107077031459, 0.0 ], [ 52.354263227264838, 30.35449165903966, 0.0 ], [ 52.355157354416157, 30.353462756165399, 0.0 ], [ 52.355399480602941, 30.352995794762851, 0.0 ], [ 52.356325733654323, 30.351069741710521, 0.0 ], [ 52.356672146719667, 30.349719935711789, 0.0 ], [ 52.35707851868159, 30.348131267886419, 0.0 ], [ 52.357386332070533, 30.34691990344194, 0.0 ], [ 52.357894803621797, 30.346300373814302, 0.0 ], [ 52.358852761176507, 30.345462461306528, 0.0 ], [ 52.359068511506038, 30.34482292509394, 0.0 ], [ 52.359094388544911, 30.344318746034759, 0.0 ], [ 52.359483796682277, 30.34337701382546, 0.0 ], [ 52.360024798408261, 30.342342672622738, 0.0 ], [ 52.360758297141892, 30.34111798580178, 0.0 ], [ 52.361093184716132, 30.340471822327729, 0.0 ], [ 52.362099005104433, 30.338521192616451, 0.0 ], [ 52.362506510522962, 30.337386006409979, 0.0 ], [ 52.363348801876619, 30.33437397734869, 0.0 ], [ 52.36374048217337, 30.333998099417311, 0.0 ], [ 52.364221648173462, 30.333674107689468, 0.0 ], [ 52.36625046220859, 30.332281087844748, 0.0 ], [ 52.36803919827058, 30.33098766339241, 0.0 ], [ 52.369124994045833, 30.330294747277279, 0.0 ], [ 52.369574507156692, 30.329643132857381, 0.0 ], [ 52.370446795781383, 30.328611829927571, 0.0 ], [ 52.371397045489047, 30.327807912455292, 0.0 ], [ 52.371794252649458, 30.327431889160071, 0.0 ], [ 52.372133193288967, 30.32693698239386, 0.0 ], [ 52.372538850179332, 30.326491816139288, 0.0 ], [ 52.373105966053473, 30.325603614599331, 0.0 ], [ 52.37356026244386, 30.32499828372071, 0.0 ], [ 52.373857242412477, 30.32493494112218, 0.0 ], [ 52.374229329562247, 30.32480073066419, 0.0 ], [ 52.374558208737142, 30.324537179136911, 0.0 ], [ 52.374824295432902, 30.324159631335888, 0.0 ], [ 52.375206529759211, 30.323553623222161, 0.0 ], [ 52.376506848458362, 30.322715951311761, 0.0 ], [ 52.376879408845667, 30.322348758666191, 0.0 ], [ 52.377462064260101, 30.321704328806678, 0.0 ], [ 52.377933480751537, 30.321581240131788, 0.0 ], [ 52.378760859446459, 30.321463165400392, 0.0 ], [ 52.379969469783042, 30.32076159026488, 0.0 ], [ 52.380871757353532, 30.32032232863785, 0.0 ], [ 52.381137729492323, 30.32031453162929, 0.0 ], [ 52.381417386001672, 30.320440187643971, 0.0 ], [ 52.381635724078812, 30.320694979213929, 0.0 ], [ 52.381935056310212, 30.321495151220141, 0.0 ], [ 52.382352697018668, 30.322279007393082, 0.0 ], [ 52.382668983470218, 30.322398454544881, 0.0 ], [ 52.383431874873388, 30.32200909804093, 0.0 ], [ 52.383937948506592, 30.32161279408863, 0.0 ], [ 52.384785731501474, 30.321057127099731, 0.0 ], [ 52.385630444584002, 30.320576347300641, 0.0 ], [ 52.387113435404459, 30.320207661011381, 0.0 ], [ 52.387911459616497, 30.31989399796284, 0.0 ], [ 52.388661207202432, 30.319764547250539, 0.0 ], [ 52.389779510786397, 30.319637273468381, 0.0 ], [ 52.390843997095587, 30.319555645164829, 0.0 ], [ 52.391542707968377, 30.319679900287699, 0.0 ], [ 52.392552908468403, 30.319937061821239, 0.0 ], [ 52.392844081636532, 30.3198457242652, 0.0 ], [ 52.393771004805309, 30.318674276166959, 0.0 ], [ 52.394481364301342, 30.31756530051161, 0.0 ], [ 52.395179251487143, 30.316403139943478, 0.0 ], [ 52.396311518560317, 30.314529289987629, 0.0 ], [ 52.39892095536775, 30.310502295332459, 0.0 ], [ 52.399276102060327, 30.310007284820308, 0.0 ], [ 52.400451714963552, 30.308368652548641, 0.0 ], [ 52.401598215714969, 30.306770536877519, 0.0 ], [ 52.402131104511497, 30.306215326988418, 0.0 ], [ 52.403744745247529, 30.304469248693671, 0.0 ], [ 52.404974127434222, 30.302999346793712, 0.0 ], [ 52.406672539128742, 30.301228327150088, 0.0 ], [ 52.407455879671943, 30.300128889950852, 0.0 ], [ 52.410010200339478, 30.299044813042212, 0.0 ], [ 52.415772004632117, 30.296599181697768, 0.0 ], [ 52.417418109510081, 30.295900414295389, 0.0 ], [ 52.41813286273257, 30.295406791415019, 0.0 ], [ 52.419372407538852, 30.29768970220751, 0.0 ], [ 52.42288468047694, 30.296816061368759, 0.0 ], [ 52.424095301616433, 30.29676897311262, 0.0 ], [ 52.424894792552607, 30.296737868810201, 0.0 ], [ 52.426683530737982, 30.296060543937461, 0.0 ], [ 52.427525466662317, 30.295377681249061, 0.0 ], [ 52.428046648960233, 30.29465711043445, 0.0 ], [ 52.428564531935457, 30.294660589846409, 0.0 ], [ 52.429037262724577, 30.294637850950959, 0.0 ], [ 52.430232209692427, 30.29533689566151, 0.0 ], [ 52.430866567860541, 30.29485978744626, 0.0 ], [ 52.431202829985807, 30.294257556637479, 0.0 ], [ 52.431099886227848, 30.293629295201001, 0.0 ], [ 52.431317211254672, 30.29299813469175, 0.0 ], [ 52.431751346644219, 30.29249999289917, 0.0 ], [ 52.4333050740468, 30.291700515787181, 0.0 ], [ 52.433445871441592, 30.291527800070689, 0.0 ], [ 52.43503015065528, 30.28949444177923, 0.0 ], [ 52.436499076833783, 30.28772691346424, 0.0 ], [ 52.437069509105029, 30.28704915287479, 0.0 ], [ 52.438876154889527, 30.28540839981061, 0.0 ], [ 52.440916746695898, 30.28322672503657, 0.0 ], [ 52.441730627568667, 30.282959510119859, 0.0 ], [ 52.441848362915017, 30.2828697446012, 0.0 ], [ 52.442273161152407, 30.282211539833991, 0.0 ], [ 52.44352480115861, 30.281328043903741, 0.0 ], [ 52.444045312620183, 30.280864026143838, 0.0 ], [ 52.444294987277608, 30.280799103432589, 0.0 ], [ 52.444801742166952, 30.280564926280761, 0.0 ], [ 52.445271041034111, 30.28028572464887, 0.0 ], [ 52.446203304263292, 30.279595094125021, 0.0 ], [ 52.446775944300313, 30.279461907354008, 0.0 ], [ 52.448170731611079, 30.278452157688928, 0.0 ], [ 52.448830936014147, 30.27818663310736, 0.0 ], [ 52.449522324152049, 30.27722464831858, 0.0 ], [ 52.449789694373742, 30.27726300099037, 0.0 ], [ 52.451225308419971, 30.276637661176409, 0.0 ], [ 52.451278130858519, 30.276820555941619, 0.0 ], [ 52.450709636732938, 30.277998160714588, 0.0 ], [ 52.450336484679568, 30.278403007935179, 0.0 ], [ 52.450307639254717, 30.27855474899685, 0.0 ], [ 52.450574893518443, 30.278629334096191, 0.0 ], [ 52.451787795156243, 30.277507068396101, 0.0 ], [ 52.451988948797187, 30.277028863273479, 0.0 ], [ 52.452215620496347, 30.27704005355314, 0.0 ], [ 52.451861657400997, 30.278032291621731, 0.0 ], [ 52.451620933637123, 30.278784833977561, 0.0 ], [ 52.451351272775483, 30.27941259571568, 0.0 ], [ 52.45155949287436, 30.279460073742431, 0.0 ], [ 52.452585546738753, 30.278316259977998, 0.0 ], [ 52.453437144488362, 30.277496290766351, 0.0 ], [ 52.454201542662872, 30.276831300363529, 0.0 ], [ 52.455287796305072, 30.276420214008411, 0.0 ], [ 52.456013635737513, 30.276360625359921, 0.0 ], [ 52.456605741137857, 30.274512407003598, 0.0 ], [ 52.457043865460157, 30.274078225303679, 0.0 ], [ 52.457261604348432, 30.273379486032319, 0.0 ], [ 52.457106453056383, 30.272742852446509, 0.0 ], [ 52.457338898985277, 30.27196763092422, 0.0 ], [ 52.457462858751981, 30.27108778663267, 0.0 ], [ 52.45869035355458, 30.268531846997568, 0.0 ], [ 52.459296574495383, 30.267869029847091, 0.0 ], [ 52.459609881075629, 30.267071830368021, 0.0 ], [ 52.460273592913794, 30.265158520787729, 0.0 ], [ 52.460614185517002, 30.264758575170781, 0.0 ], [ 52.461268325201218, 30.26410011143409, 0.0 ], [ 52.466462608048417, 30.260130846349082, 0.0 ], [ 52.470367064636662, 30.257033837856898, 0.0 ], [ 52.472381747795133, 30.255365946885359, 0.0 ], [ 52.474746282553042, 30.2543907861468, 0.0 ], [ 52.47548273498883, 30.25371278790665, 0.0 ], [ 52.476521236028162, 30.252536034727068, 0.0 ], [ 52.477831262343337, 30.25139780508789, 0.0 ], [ 52.478914269345339, 30.249675000928839, 0.0 ], [ 52.480626455802792, 30.248041478347918, 0.0 ], [ 52.48268163667376, 30.245590702287661, 0.0 ], [ 52.4835398717305, 30.244855495938062, 0.0 ], [ 52.483786703553442, 30.244174414937149, 0.0 ], [ 52.484075048268508, 30.24369550201715, 0.0 ], [ 52.484519581278711, 30.24300264526449, 0.0 ], [ 52.484973013454599, 30.243098432632451, 0.0 ], [ 52.486692726077862, 30.24210756504743, 0.0 ], [ 52.487150071102747, 30.242010793423511, 0.0 ], [ 52.488486624856748, 30.24121429710398, 0.0 ], [ 52.488598575488751, 30.240886405287359, 0.0 ], [ 52.490292790154108, 30.24012785244166, 0.0 ], [ 52.493779902684722, 30.237766178121198, 0.0 ], [ 52.496266091094029, 30.23733745494016, 0.0 ], [ 52.497007812273623, 30.236277538759019, 0.0 ], [ 52.497592116080043, 30.235373692832109, 0.0 ], [ 52.499896565374947, 30.233959531323581, 0.0 ], [ 52.501585025923717, 30.233452074681072, 0.0 ], [ 52.503659672673201, 30.231378752167039, 0.0 ], [ 52.504274243096482, 30.230273808556511, 0.0 ], [ 52.505150638812708, 30.229225077355711, 0.0 ], [ 52.506658212994559, 30.228501804393549, 0.0 ], [ 52.50792503552168, 30.227897904357452, 0.0 ], [ 52.509148970564439, 30.227372616969699, 0.0 ], [ 52.510924040117537, 30.227188477922969, 0.0 ], [ 52.511682909764033, 30.22697798026946, 0.0 ], [ 52.512306910324646, 30.226992621999209, 0.0 ], [ 52.513185878655129, 30.227107019624668, 0.0 ], [ 52.51350648640036, 30.226941420897091, 0.0 ], [ 52.514235130901142, 30.227162437910501, 0.0 ], [ 52.514591166761093, 30.226838636689269, 0.0 ], [ 52.515645198533747, 30.22646712940449, 0.0 ], [ 52.519210446616562, 30.22583402666686, 0.0 ], [ 52.523789652162179, 30.225072561766812, 0.0 ], [ 52.525020186876752, 30.22499097919443, 0.0 ], [ 52.527754935683667, 30.224423903079838, 0.0 ], [ 52.529414337633654, 30.223705571918689, 0.0 ], [ 52.531865769418943, 30.223834100749869, 0.0 ], [ 52.53450155877691, 30.22259776310824, 0.0 ], [ 52.53647509848556, 30.219537500571182, 0.0 ], [ 52.537700386541978, 30.21837071614646, 0.0 ], [ 52.538280377467267, 30.218226990121021, 0.0 ], [ 52.541395922937163, 30.217478121120092, 0.0 ], [ 52.543036130221068, 30.216825737297931, 0.0 ], [ 52.544270885209613, 30.216126985388879, 0.0 ], [ 52.545128117424497, 30.21607961435917, 0.0 ], [ 52.546085903145951, 30.215732288925, 0.0 ], [ 52.546711515385567, 30.215229203772939, 0.0 ], [ 52.549601612396067, 30.214240233184601, 0.0 ], [ 52.551512017043642, 30.21433192907444, 0.0 ], [ 52.552081731654283, 30.21481040014741, 0.0 ], [ 52.552176788474974, 30.215663572259249, 0.0 ], [ 52.554369453653763, 30.218046756882089, 0.0 ], [ 52.555356729048754, 30.21716246830912, 0.0 ], [ 52.555715299222712, 30.21620487267494, 0.0 ], [ 52.557237772143921, 30.212872927363762, 0.0 ], [ 52.561062135340812, 30.211252803612481, 0.0 ], [ 52.562575329450823, 30.21018482615877, 0.0 ], [ 52.563531569560162, 30.209090488061509, 0.0 ], [ 52.569123161351897, 30.207032626403912, 0.0 ], [ 52.570476669511663, 30.206831252440409, 0.0 ], [ 52.57471022922077, 30.206201290672379, 0.0 ], [ 52.57537460020928, 30.207461315677271, 0.0 ], [ 52.576508976867693, 30.208301228414189, 0.0 ], [ 52.577619813435383, 30.20886872699927, 0.0 ], [ 52.57907125835051, 30.208914642197161, 0.0 ], [ 52.580400931139863, 30.208451352932169, 0.0 ], [ 52.581928106482103, 30.207148369217759, 0.0 ], [ 52.583066347819233, 30.20611125275337, 0.0 ], [ 52.584598971707827, 30.20442086596827, 0.0 ], [ 52.585354270688399, 30.20460659035162, 0.0 ], [ 52.586733486821338, 30.204021814032611, 0.0 ], [ 52.587452725516059, 30.204043161258721, 0.0 ], [ 52.587957070909908, 30.205370013607428, 0.0 ], [ 52.588659282915408, 30.206475316421109, 0.0 ], [ 52.589728058298213, 30.206958933738299, 0.0 ], [ 52.591237387521133, 30.207219056237442, 0.0 ], [ 52.591966364026732, 30.207650424255981, 0.0 ], [ 52.593049804260183, 30.208098432745931, 0.0 ], [ 52.593697518562848, 30.20810242013907, 0.0 ], [ 52.594419463774777, 30.207768885807351, 0.0 ], [ 52.595377857134537, 30.20626727235625, 0.0 ], [ 52.595647111853381, 30.205569164644011, 0.0 ], [ 52.597229339845562, 30.205227415023089, 0.0 ], [ 52.597892155136343, 30.20556370555579, 0.0 ], [ 52.598993406070257, 30.206059179045589, 0.0 ], [ 52.600575930972433, 30.206333153755349, 0.0 ], [ 52.602122827188339, 30.206692262040018, 0.0 ], [ 52.603839066739297, 30.20613343590577, 0.0 ], [ 52.604580502523703, 30.205440822127681, 0.0 ], [ 52.610011311477571, 30.206635310758401, 0.0 ], [ 52.613184105091328, 30.206569304361938, 0.0 ], [ 52.618171268724112, 30.20559240588906, 0.0 ], [ 52.624810869898731, 30.204291500585459, 0.0 ], [ 52.627980914707777, 30.204227118874741, 0.0 ], [ 52.631500888984441, 30.202933444788801, 0.0 ], [ 52.632463748973699, 30.202873406409051, 0.0 ], [ 52.635722847167663, 30.20249232263911, 0.0 ], [ 52.642285910397383, 30.19872468600947, 0.0 ], [ 52.644587534219042, 30.198750942295579, 0.0 ], [ 52.648392075947662, 30.19917098459544, 0.0 ], [ 52.649118230437388, 30.199447943908488, 0.0 ], [ 52.651068668355848, 30.199769762042781, 0.0 ], [ 52.65788085813891, 30.201155629491421, 0.0 ], [ 52.660736777050829, 30.20175272783176, 0.0 ], [ 52.663550081020567, 30.20229186815039, 0.0 ], [ 52.663925353224293, 30.202635566315909, 0.0 ], [ 52.665633023349557, 30.203055039271369, 0.0 ], [ 52.667953558844523, 30.203125782056919, 0.0 ], [ 52.669106171513697, 30.202782367071752, 0.0 ], [ 52.669634020206942, 30.201506598230981, 0.0 ], [ 52.669410710219438, 30.200990877277039, 0.0 ], [ 52.669981779772243, 30.200658069889741, 0.0 ], [ 52.671009682885817, 30.20043000032943, 0.0 ], [ 52.671459359741981, 30.199558854607471, 0.0 ], [ 52.671808308291112, 30.199087280686442, 0.0 ], [ 52.672878168329717, 30.199137132641919, 0.0 ], [ 52.673012714596602, 30.199497575702519, 0.0 ], [ 52.673331623186023, 30.200333695850642, 0.0 ], [ 52.674858393946387, 30.20183171380372, 0.0 ], [ 52.675316699828286, 30.203254286800998, 0.0 ], [ 52.674797210114278, 30.205125846885991, 0.0 ], [ 52.673313180359123, 30.207496064144369, 0.0 ], [ 52.671816338287073, 30.21026687612575, 0.0 ], [ 52.671537318940238, 30.212103079613289, 0.0 ], [ 52.671211815763982, 30.213378902284159, 0.0 ], [ 52.671296321136637, 30.216199598720699, 0.0 ], [ 52.67168506464499, 30.219089306939889, 0.0 ], [ 52.671973298625311, 30.223468715747689, 0.0 ], [ 52.672094344492358, 30.226740015056851, 0.0 ], [ 52.671789409838027, 30.228163257157139, 0.0 ], [ 52.671273710420273, 30.229150449194378, 0.0 ], [ 52.670175423110322, 30.230188567959569, 0.0 ], [ 52.668401353503192, 30.232503539734282, 0.0 ], [ 52.667454404871243, 30.234898758559162, 0.0 ], [ 52.666384992803259, 30.237591787045851, 0.0 ], [ 52.666029258812593, 30.24023650631564, 0.0 ], [ 52.665607563996687, 30.244459001421529, 0.0 ], [ 52.665726850431938, 30.245686467245388, 0.0 ], [ 52.66682629133426, 30.246819181894299, 0.0 ], [ 52.667566076351982, 30.24783718510232, 0.0 ], [ 52.668595698149517, 30.247230881185839, 0.0 ], [ 52.668854789985112, 30.246619184368559, 0.0 ], [ 52.669266128091962, 30.246117029017299, 0.0 ], [ 52.66971069433994, 30.24509234131266, 0.0 ], [ 52.669775309426583, 30.244193884404549, 0.0 ], [ 52.670326099389619, 30.2424854088719, 0.0 ], [ 52.670630415959522, 30.240990006594689, 0.0 ], [ 52.67143290241485, 30.23900801478641, 0.0 ], [ 52.671435467593803, 30.237904021160979, 0.0 ], [ 52.672375032980092, 30.235679286066031, 0.0 ], [ 52.673404216052937, 30.23475638825386, 0.0 ], [ 52.674335417459758, 30.234493587682909, 0.0 ], [ 52.674979415768277, 30.234728659834861, 0.0 ], [ 52.67627860867286, 30.234752695202442, 0.0 ], [ 52.67797671662295, 30.232200659605031, 0.0 ], [ 52.677916960056223, 30.231795926254591, 0.0 ], [ 52.677972956734592, 30.231076996772408, 0.0 ], [ 52.679260378523807, 30.228969066604229, 0.0 ], [ 52.679812440909487, 30.227499045632719, 0.0 ], [ 52.680485190217958, 30.226233163937412, 0.0 ], [ 52.681711538821261, 30.225345837885261, 0.0 ], [ 52.682507489849549, 30.224256011050599, 0.0 ], [ 52.684722161072841, 30.222133017782419, 0.0 ], [ 52.68733190110764, 30.22030740415455, 0.0 ], [ 52.690227616590562, 30.219304207944401, 0.0 ], [ 52.693274074996019, 30.217800206876241, 0.0 ], [ 52.695693787628279, 30.215264862583091, 0.0 ], [ 52.696831780538503, 30.214333094419899, 0.0 ], [ 52.698181817735261, 30.21284223521366, 0.0 ], [ 52.699482877538912, 30.211452908342309, 0.0 ], [ 52.699892038033077, 30.20769517701736, 0.0 ], [ 52.69985317816348, 30.20607892978639, 0.0 ], [ 52.700449381573158, 30.204162426900002, 0.0 ], [ 52.701641456151812, 30.20242217058059, 0.0 ], [ 52.703755222677259, 30.202261767408171, 0.0 ], [ 52.706087215995872, 30.20136071880847, 0.0 ], [ 52.707871695331328, 30.19968128612463, 0.0 ], [ 52.713037613784977, 30.191634716760579, 0.0 ], [ 52.715496787590453, 30.190338973103209, 0.0 ], [ 52.722515746829792, 30.182664627557511, 0.0 ], [ 52.729334458359361, 30.176588473348421, 0.0 ], [ 52.731196476294052, 30.176951407334641, 0.0 ], [ 52.731829314389287, 30.17755925642334, 0.0 ], [ 52.732998073764847, 30.177918957157299, 0.0 ], [ 52.734331259523437, 30.17685065877199, 0.0 ], [ 52.734242695835263, 30.175091149728608, 0.0 ], [ 52.735675242536402, 30.17368852397146, 0.0 ], [ 52.73727428089029, 30.172324524003368, 0.0 ], [ 52.741233837415187, 30.16918289187544, 0.0 ], [ 52.743604937431947, 30.166012709975849, 0.0 ], [ 52.74544677297915, 30.16293178615523, 0.0 ], [ 52.747606090343552, 30.159975187977832, 0.0 ], [ 52.747329187294064, 30.159139628377279, 0.0 ], [ 52.746060763081474, 30.15724128469175, 0.0 ], [ 52.745893182503622, 30.15682893086251, 0.0 ], [ 52.745293098553169, 30.156560886316232, 0.0 ], [ 52.744990608630339, 30.156113095144761, 0.0 ], [ 52.743974822789177, 30.15595512209185, 0.0 ], [ 52.743731029815372, 30.15521865639986, 0.0 ], [ 52.741780802675592, 30.154549922329899, 0.0 ], [ 52.737546220805747, 30.15293718973307, 0.0 ], [ 52.734128379247537, 30.153429207592961, 0.0 ], [ 52.730504769753843, 30.15391873009602, 0.0 ], [ 52.729452837063363, 30.15588606404992, 0.0 ], [ 52.72716640886695, 30.157295421713059, 0.0 ], [ 52.722382130267327, 30.15799131385349, 0.0 ], [ 52.717279258451043, 30.160137992902651, 0.0 ], [ 52.712663411312967, 30.16104720896173, 0.0 ], [ 52.709231019616297, 30.161486615381978, 0.0 ], [ 52.707680381463618, 30.16101491437297, 0.0 ], [ 52.702853885723627, 30.16218332912592, 0.0 ], [ 52.691073847497542, 30.16232364936878, 0.0 ], [ 52.682107860275522, 30.161451937753011, 0.0 ], [ 52.672800432100622, 30.16501750831306, 0.0 ], [ 52.664228367169137, 30.169283602300489, 0.0 ], [ 52.652160106296591, 30.174973638443941, 0.0 ], [ 52.649315307321046, 30.174219176373409, 0.0 ], [ 52.64240815530038, 30.172387038818819, 0.0 ], [ 52.6369571083709, 30.170070212845669, 0.0 ], [ 52.633171464379458, 30.167997419072599, 0.0 ], [ 52.631010575748753, 30.166740509964612, 0.0 ], [ 52.628213445502169, 30.165453876692769, 0.0 ], [ 52.627051105876539, 30.165288857202089, 0.0 ], [ 52.625576945336263, 30.164323361644989, 0.0 ], [ 52.624795796177899, 30.163013565408441, 0.0 ], [ 52.626221953288947, 30.161341639886569, 0.0 ], [ 52.628802289389213, 30.158892459640001, 0.0 ], [ 52.632261349892453, 30.155934384553682, 0.0 ], [ 52.634379293143432, 30.155107616422359, 0.0 ], [ 52.636064353521299, 30.1534606223229, 0.0 ], [ 52.638033716258903, 30.152535971768021, 0.0 ], [ 52.640067488343327, 30.15121729425983, 0.0 ], [ 52.640437149996863, 30.149546145654011, 0.0 ], [ 52.642056673829487, 30.145635847565728, 0.0 ], [ 52.642450987377352, 30.14393404290341, 0.0 ], [ 52.642495086308692, 30.141817939953789, 0.0 ], [ 52.642988303192027, 30.138927973391731, 0.0 ], [ 52.639799660979683, 30.134062584362461, 0.0 ], [ 52.640633122231371, 30.13061360040215, 0.0 ], [ 52.639605342878873, 30.129742930738349, 0.0 ], [ 52.640162260485504, 30.129097540212801, 0.0 ], [ 52.641355687757553, 30.127921837415769, 0.0 ], [ 52.64525471720313, 30.125840673627309, 0.0 ], [ 52.645722034515742, 30.125415189939542, 0.0 ], [ 52.647798893892897, 30.124453969718999, 0.0 ], [ 52.649135044203327, 30.122935434725019, 0.0 ], [ 52.654778290506833, 30.12024874135415, 0.0 ], [ 52.657721060344123, 30.119923116440962, 0.0 ], [ 52.667820923245969, 30.11448462427963, 0.0 ], [ 52.668488699384362, 30.112420589837861, 0.0 ], [ 52.673360146956163, 30.111389345664769, 0.0 ], [ 52.678526105673917, 30.10878611769002, 0.0 ], [ 52.680296304295453, 30.106972099928701, 0.0 ], [ 52.684045739447008, 30.106482113631209, 0.0 ], [ 52.690401438789628, 30.102336338585619, 0.0 ], [ 52.693489599386908, 30.10140521932221, 0.0 ], [ 52.696596898560642, 30.099225678408299, 0.0 ], [ 52.701605854008463, 30.093073048432011, 0.0 ], [ 52.71506591484281, 30.092945815337309, 0.0 ], [ 52.71788537004975, 30.091357784797001, 0.0 ], [ 52.71903375859425, 30.091202223947441, 0.0 ], [ 52.725974405789792, 30.087508576278591, 0.0 ], [ 52.730054591076218, 30.085500571099821, 0.0 ], [ 52.729748016347422, 30.083400119360121, 0.0 ], [ 52.732351249870362, 30.079277697759, 0.0 ], [ 52.738808500934333, 30.074985299826629, 0.0 ], [ 52.740807471304649, 30.07365636516975, 0.0 ], [ 52.755902779703838, 30.069262076676349, 0.0 ], [ 52.761510186988858, 30.067780104999532, 0.0 ], [ 52.763747554509393, 30.0702864285659, 0.0 ], [ 52.767547281515228, 30.071138195578861, 0.0 ], [ 52.772000413531487, 30.067872693404752, 0.0 ], [ 52.772732769340557, 30.067808197178991, 0.0 ], [ 52.775636333827357, 30.06932275827997, 0.0 ], [ 52.779129978538222, 30.06726649574712, 0.0 ], [ 52.786468549398407, 30.06358514010871, 0.0 ], [ 52.792984789995998, 30.06115091623704, 0.0 ], [ 52.794042793476663, 30.062494935939132, 0.0 ], [ 52.798132814760443, 30.063889680062129, 0.0 ], [ 52.799326943395052, 30.06482313789548, 0.0 ], [ 52.801144840671853, 30.065927064260119, 0.0 ], [ 52.802675596089628, 30.066692901593711, 0.0 ], [ 52.806608504712507, 30.066320296907239, 0.0 ], [ 52.80869634970189, 30.06490228971554, 0.0 ], [ 52.810507052364983, 30.062976942709149, 0.0 ], [ 52.809980856990393, 30.059818715305308, 0.0 ], [ 52.810107567050991, 30.057401153908881, 0.0 ], [ 52.817991185641617, 30.052273960310909, 0.0 ], [ 52.822647421283428, 30.05074778687133, 0.0 ], [ 52.823028699377723, 30.050196559892139, 0.0 ], [ 52.828052641600721, 30.051762647637911, 0.0 ], [ 52.829748360547903, 30.051610628947749, 0.0 ], [ 52.832467576331517, 30.04955887158566, 0.0 ], [ 52.836053759749028, 30.04821405468407, 0.0 ], [ 52.838814841733999, 30.045868119193681, 0.0 ], [ 52.839435634497349, 30.043818165692571, 0.0 ], [ 52.838252338813042, 30.041970067955489, 0.0 ], [ 52.835234829517802, 30.038866587971849, 0.0 ], [ 52.831590489448878, 30.036568036025869, 0.0 ], [ 52.829110693374361, 30.033807776013951, 0.0 ], [ 52.829060708091397, 30.032896603700951, 0.0 ], [ 52.833244702564727, 30.030720651928942, 0.0 ], [ 52.840660076163608, 30.027068263310039, 0.0 ], [ 52.841791472616691, 30.02840315756713, 0.0 ], [ 52.845091064193539, 30.02879828411157, 0.0 ], [ 52.848378443532397, 30.03006710113862, 0.0 ], [ 52.850806148656339, 30.030990777847379, 0.0 ], [ 52.852313459080847, 30.03112844398586, 0.0 ], [ 52.852546213214779, 30.032010889280301, 0.0 ], [ 52.851669118871229, 30.033465113978998, 0.0 ], [ 52.851817204443272, 30.034494628601038, 0.0 ], [ 52.851588503233103, 30.036271085114091, 0.0 ], [ 52.852635043930441, 30.038088042107709, 0.0 ], [ 52.854770407594657, 30.036771692883409, 0.0 ], [ 52.856290105498729, 30.0351394431916, 0.0 ], [ 52.85680536125767, 30.033209706635091, 0.0 ], [ 52.858976573403787, 30.031093234662329, 0.0 ], [ 52.859066521055389, 30.029484992827619, 0.0 ], [ 52.870510120678901, 30.01806305009648, 0.0 ], [ 52.873566759670886, 30.010041491050469, 0.0 ], [ 52.874333229466288, 30.00603671424653, 0.0 ], [ 52.877357525509566, 30.001918578407238, 0.0 ], [ 52.882004007816597, 30.000991290406329, 0.0 ], [ 52.899125774471429, 30.000759029124929, 0.0 ], [ 52.90553491682698, 30.001104425118651, 0.0 ], [ 52.909572511895107, 30.001767964989941, 0.0 ], [ 52.914963735360637, 30.001967459929588, 0.0 ], [ 52.921409999030423, 30.00425878505439, 0.0 ], [ 52.925710407918771, 30.004948559989199, 0.0 ], [ 52.929470200761351, 30.005155096675271, 0.0 ], [ 52.935970685486858, 30.005085135063009, 0.0 ], [ 52.939361166911951, 30.005265102217301, 0.0 ], [ 52.941978374818497, 30.006299139267089, 0.0 ], [ 52.945284215353112, 30.006160721880541, 0.0 ], [ 52.951423418598402, 30.006572893593781, 0.0 ], [ 52.954389932524542, 30.005980580102761, 0.0 ], [ 52.957346049868889, 30.005195730294862, 0.0 ], [ 52.964200922944741, 30.003057877270852, 0.0 ], [ 52.970148802887017, 30.001741350121151, 0.0 ], [ 52.974180679495277, 30.00174051625525, 0.0 ], [ 52.976388159426342, 30.002497258312712, 0.0 ], [ 52.979181116690043, 30.00357243602733, 0.0 ], [ 52.980094809411483, 30.00435195125614, 0.0 ], [ 52.979746767419087, 30.005553572950689, 0.0 ], [ 52.978508864258082, 30.006175383854568, 0.0 ], [ 52.976380475299202, 30.00702540466499, 0.0 ], [ 52.974051065457033, 30.007767628042831, 0.0 ], [ 52.970723105300543, 30.008363025878989, 0.0 ], [ 52.967421004528283, 30.00939172243632, 0.0 ], [ 52.964389014875493, 30.010807236371669, 0.0 ], [ 52.962942313534043, 30.011768385978609, 0.0 ], [ 52.959853597529843, 30.014141933023001, 0.0 ], [ 52.957413576632668, 30.016859117817649, 0.0 ], [ 52.956088886984972, 30.018780391625128, 0.0 ], [ 52.955913029989773, 30.019879918125739, 0.0 ], [ 52.955262889871513, 30.021236848179701, 0.0 ], [ 52.954677526081113, 30.021285199001451, 0.0 ], [ 52.954117472076859, 30.021989647408649, 0.0 ], [ 52.952993262082963, 30.02286726830005, 0.0 ], [ 52.952706602589977, 30.023727679355819, 0.0 ], [ 52.951484619513209, 30.024975210177342, 0.0 ], [ 52.950736665304078, 30.02674482809838, 0.0 ], [ 52.94796153049645, 30.031887173070189, 0.0 ], [ 52.943130485709759, 30.03723040076153, 0.0 ], [ 52.939935337667052, 30.041733677765059, 0.0 ], [ 52.937119512147618, 30.04285992754674, 0.0 ], [ 52.925825232625272, 30.04595437923291, 0.0 ], [ 52.917901664745663, 30.054642303836729, 0.0 ], [ 52.909629291074857, 30.068945757660011, 0.0 ], [ 52.906846461084577, 30.075090441422699, 0.0 ], [ 52.915341266209737, 30.106883361753329, 0.0 ], [ 52.916105090781862, 30.109740930946568, 0.0 ], [ 52.917059862011847, 30.112277330809029, 0.0 ], [ 52.917742180840207, 30.11384116418138, 0.0 ], [ 52.920646435715561, 30.116557268684531, 0.0 ], [ 52.922964187991873, 30.11791754076139, 0.0 ], [ 52.925875046873202, 30.119621760392889, 0.0 ], [ 52.929582706537687, 30.12011214617711, 0.0 ], [ 52.933715861314042, 30.120407329934459, 0.0 ], [ 52.936009745614392, 30.119314908907828, 0.0 ], [ 52.938973884446689, 30.118327949091672, 0.0 ], [ 52.940170278678053, 30.117744193608559, 0.0 ], [ 52.941925894989183, 30.117799462331721, 0.0 ], [ 52.947218122396173, 30.1184243432381, 0.0 ], [ 52.951300623185347, 30.118703577233379, 0.0 ], [ 52.962728323600871, 30.12045688768125, 0.0 ], [ 52.970285831933893, 30.121475207779579, 0.0 ], [ 52.978893793962833, 30.121840954808441, 0.0 ], [ 52.983160612660953, 30.121574563680799, 0.0 ], [ 52.989594609718679, 30.118322080730788, 0.0 ], [ 53.002392092936297, 30.113476238293838, 0.0 ], [ 53.006082371811537, 30.112042761983059, 0.0 ], [ 53.018372304805347, 30.107204785673769, 0.0 ], [ 53.025157186941883, 30.106932191526681, 0.0 ], [ 53.027215952299393, 30.107010593138561, 0.0 ], [ 53.029873085889513, 30.107152719044329, 0.0 ], [ 53.031156724946598, 30.106917753371089, 0.0 ], [ 53.037376699325549, 30.107407572663579, 0.0 ], [ 53.03774938439507, 30.107420818251839, 0.0 ], [ 53.04365759243656, 30.109145361047531, 0.0 ], [ 53.04396693211747, 30.10917039599148, 0.0 ], [ 53.045203524473663, 30.109652772259849, 0.0 ], [ 53.050642096355588, 30.111540392543262, 0.0 ], [ 53.051905843670021, 30.111759480403428, 0.0 ], [ 53.054577038797468, 30.11171266230723, 0.0 ], [ 53.063079577495337, 30.111200409696099, 0.0 ], [ 53.065226780496417, 30.110722501622352, 0.0 ], [ 53.066233091730439, 30.110440580219681, 0.0 ], [ 53.065866871977242, 30.110874524859501, 0.0 ], [ 53.065386768287347, 30.111629125779491, 0.0 ], [ 53.065353097942122, 30.112296027611769, 0.0 ], [ 53.065525703369843, 30.112634777998309, 0.0 ], [ 53.065392090915822, 30.11283042398664, 0.0 ], [ 53.0653367162761, 30.113182930561731, 0.0 ], [ 53.065133016163358, 30.113316797853109, 0.0 ], [ 53.0647268527497, 30.113830594904091, 0.0 ], [ 53.064111310037461, 30.114567891738311, 0.0 ], [ 53.063578631813371, 30.115423845446472, 0.0 ], [ 53.063530164113203, 30.116008049104678, 0.0 ], [ 53.063720399585812, 30.116309094294099, 0.0 ], [ 53.064078220500747, 30.116809249267011, 0.0 ], [ 53.064393990456409, 30.117892371914021, 0.0 ], [ 53.064358160441927, 30.11851617077571, 0.0 ], [ 53.06459173356194, 30.119122445378029, 0.0 ], [ 53.064503752303423, 30.11956242901012, 0.0 ], [ 53.064899379472529, 30.119777624693189, 0.0 ], [ 53.06546113209415, 30.119908347038098, 0.0 ], [ 53.066059703648151, 30.119935981448378, 0.0 ], [ 53.066034834049091, 30.121576950145791, 0.0 ], [ 53.066302472357563, 30.121885896955519, 0.0 ], [ 53.067243970978112, 30.122058809129062, 0.0 ], [ 53.067411662064409, 30.122559302248732, 0.0 ], [ 53.06751870138929, 30.122745705835211, 0.0 ], [ 53.067806934873822, 30.12270075591071, 0.0 ], [ 53.068048970164739, 30.12278432276463, 0.0 ], [ 53.067673794582937, 30.123298432043821, 0.0 ], [ 53.067928221380647, 30.123521048092169, 0.0 ], [ 53.068182025513202, 30.123838633748431, 0.0 ], [ 53.06823637844176, 30.124324043570759, 0.0 ], [ 53.068455958202449, 30.124221469047729, 0.0 ], [ 53.068594252464813, 30.124772161657202, 0.0 ], [ 53.06975591648775, 30.1255420766018, 0.0 ], [ 53.070033059878583, 30.125600827116529, 0.0 ], [ 53.070231634494938, 30.126641926182771, 0.0 ], [ 53.070287838509657, 30.12705045042161, 0.0 ], [ 53.070630214331473, 30.12744103390456, 0.0 ], [ 53.071729001506242, 30.128269383852398, 0.0 ], [ 53.072044552125433, 30.128903136794278, 0.0 ], [ 53.073245521960771, 30.129500047554139, 0.0 ], [ 53.074221845172289, 30.12925138295655, 0.0 ], [ 53.075153333538168, 30.129377790578118, 0.0 ], [ 53.07608725029386, 30.129770029430521, 0.0 ], [ 53.07652480597487, 30.130038562181799, 0.0 ], [ 53.077459021120468, 30.130792400850002, 0.0 ], [ 53.07881462348967, 30.13176704766078, 0.0 ], [ 53.079944236865913, 30.133000439308869, 0.0 ], [ 53.081549200988832, 30.133605413745219, 0.0 ], [ 53.085678955213339, 30.136506261249071, 0.0 ], [ 53.086728666475132, 30.13760343471883, 0.0 ], [ 53.087677651468681, 30.13820269380594, 0.0 ], [ 53.088094470883107, 30.138160934639451, 0.0 ], [ 53.088635825490726, 30.13882314585971, 0.0 ], [ 53.090218607333803, 30.13909964493627, 0.0 ], [ 53.092776149486738, 30.139044951033661, 0.0 ], [ 53.095881451098627, 30.14027730638071, 0.0 ], [ 53.098623619905169, 30.141624392685891, 0.0 ], [ 53.09860737030958, 30.142426859238341, 0.0 ], [ 53.097819325174427, 30.14377519658575, 0.0 ], [ 53.096976057644312, 30.144630119119199, 0.0 ], [ 53.096740490091562, 30.145331325838249, 0.0 ], [ 53.097597731109538, 30.14576787782509, 0.0 ], [ 53.098203712752323, 30.145691660775061, 0.0 ], [ 53.098854562901103, 30.145748954293069, 0.0 ], [ 53.100573492391007, 30.145560483193421, 0.0 ], [ 53.102219066517492, 30.14523245225261, 0.0 ], [ 53.103766887326607, 30.145303516840141, 0.0 ], [ 53.104410590669083, 30.145043741930959, 0.0 ], [ 53.106291997463842, 30.144824946417689, 0.0 ], [ 53.108810475202269, 30.143879031596938, 0.0 ], [ 53.110622224896339, 30.144237850129631, 0.0 ], [ 53.112876621826643, 30.14520885436141, 0.0 ], [ 53.113931767643763, 30.145830763741252, 0.0 ], [ 53.115829666262407, 30.146374876609048, 0.0 ], [ 53.116709208490903, 30.146087055363409, 0.0 ], [ 53.117935328533846, 30.145534774608599, 0.0 ], [ 53.119785546572942, 30.144483478204069, 0.0 ], [ 53.120955861698469, 30.14463193542143, 0.0 ], [ 53.122485995396701, 30.14455323580329, 0.0 ], [ 53.123939027453929, 30.144754304121559, 0.0 ], [ 53.124830214020953, 30.145161067157019, 0.0 ], [ 53.127020880718163, 30.14530001044789, 0.0 ], [ 53.128241176556017, 30.14475819174535, 0.0 ], [ 53.130173669965842, 30.144976721145358, 0.0 ], [ 53.131869281100812, 30.144651533234761, 0.0 ], [ 53.133674392581497, 30.144363495298101, 0.0 ], [ 53.134620365702702, 30.144979299872229, 0.0 ], [ 53.135019220753563, 30.14602405528721, 0.0 ], [ 53.136044995370654, 30.14659927776734, 0.0 ], [ 53.136936715899431, 30.14779346521383, 0.0 ], [ 53.137606746822492, 30.148159186127579, 0.0 ], [ 53.1387269072113, 30.14922035780419, 0.0 ], [ 53.140407458732717, 30.150098314319241, 0.0 ], [ 53.140922706465084, 30.150693532595749, 0.0 ], [ 53.142348639015758, 30.152235467148309, 0.0 ], [ 53.143180650643117, 30.152541649745832, 0.0 ], [ 53.144363912161957, 30.154366501737101, 0.0 ], [ 53.145857679769293, 30.156056910414939, 0.0 ], [ 53.146357413241383, 30.157093859714688, 0.0 ], [ 53.149250809895122, 30.159181241436919, 0.0 ], [ 53.151550419629039, 30.160912029988751, 0.0 ], [ 53.152446898954487, 30.16310358880374, 0.0 ], [ 53.153627539322443, 30.163929855881371, 0.0 ], [ 53.154680019598452, 30.164109063875859, 0.0 ], [ 53.155383401406688, 30.16510160732992, 0.0 ], [ 53.155230076788769, 30.1661845329218, 0.0 ], [ 53.155207586534587, 30.167330257405052, 0.0 ], [ 53.15413020038222, 30.169126012639129, 0.0 ], [ 53.152610817617102, 30.168321238245358, 0.0 ], [ 53.151918123980487, 30.167954326730388, 0.0 ], [ 53.15119933850734, 30.16869716302562, 0.0 ], [ 53.151222845179909, 30.16976535668919, 0.0 ], [ 53.151352239335381, 30.170859078886242, 0.0 ], [ 53.151670469605193, 30.17152745608762, 0.0 ], [ 53.15230996518585, 30.172531002113899, 0.0 ], [ 53.15266654523014, 30.17308478213106, 0.0 ], [ 53.154011317621382, 30.174251792221551, 0.0 ], [ 53.1549253083504, 30.17521001804176, 0.0 ], [ 53.155267915770153, 30.175863357328112, 0.0 ], [ 53.156070983903831, 30.17699712264994, 0.0 ], [ 53.156773560388856, 30.17741164178371, 0.0 ], [ 53.156898609727662, 30.177841084255459, 0.0 ], [ 53.156325788576588, 30.178638514706648, 0.0 ], [ 53.155723869327588, 30.1802413588033, 0.0 ], [ 53.153852161947661, 30.186514760850422, 0.0 ], [ 53.152858911073032, 30.188700042066401, 0.0 ], [ 53.14904701711847, 30.197428138745519, 0.0 ], [ 53.148059005522292, 30.198377662918809, 0.0 ], [ 53.146866785176037, 30.1996306184489, 0.0 ], [ 53.141199944000689, 30.205292800246571, 0.0 ], [ 53.137215012577812, 30.208073753651561, 0.0 ], [ 53.131691723110343, 30.213167101816349, 0.0 ], [ 53.126019703776528, 30.218031616832519, 0.0 ], [ 53.125052548214327, 30.220597427432661, 0.0 ], [ 53.123950152936111, 30.22352186357115, 0.0 ], [ 53.122606417680522, 30.227086301986219, 0.0 ], [ 53.123589095348478, 30.229266499633479, 0.0 ], [ 53.12259676049851, 30.230065635619539, 0.0 ], [ 53.122165720047377, 30.23106197127959, 0.0 ], [ 53.121712167655502, 30.231606072092799, 0.0 ], [ 53.119126926220012, 30.233269808173269, 0.0 ], [ 53.11711014248295, 30.23525586480698, 0.0 ], [ 53.110692482604748, 30.23750369880311, 0.0 ], [ 53.105775477501552, 30.23894838189727, 0.0 ], [ 53.09776026057574, 30.240109686522452, 0.0 ], [ 53.094725889934232, 30.24063500641012, 0.0 ], [ 53.091256155794902, 30.241121681675612, 0.0 ], [ 53.085201609324521, 30.24170927486216, 0.0 ], [ 53.082484422648903, 30.242813615963438, 0.0 ], [ 53.078102501954213, 30.244480976785368, 0.0 ], [ 53.07282257851854, 30.246921332649439, 0.0 ], [ 53.065810766776671, 30.24888996412551, 0.0 ], [ 53.061082990559477, 30.2508895106639, 0.0 ], [ 53.0557622355375, 30.251993230067331, 0.0 ], [ 53.050493739602501, 30.253112737539421, 0.0 ], [ 53.043121323689789, 30.254690681146471, 0.0 ], [ 53.040359401084132, 30.254884088178621, 0.0 ], [ 53.038615286971194, 30.255006190643719, 0.0 ], [ 53.034053643686612, 30.254140167773951, 0.0 ], [ 53.022087116074147, 30.255445075864451, 0.0 ], [ 53.01755508504953, 30.25708852061242, 0.0 ], [ 53.013192705466402, 30.257571657732331, 0.0 ], [ 53.011233804167667, 30.257855621643039, 0.0 ], [ 53.008031912593829, 30.25846772209848, 0.0 ], [ 53.006785964792101, 30.25852733298175, 0.0 ], [ 53.004255139886652, 30.25864838002633, 0.0 ], [ 53.001465953938371, 30.257841093204899, 0.0 ], [ 52.999121394775827, 30.257162439133008, 0.0 ], [ 52.994830227420863, 30.25627281964141, 0.0 ], [ 52.990418169495818, 30.256344658680732, 0.0 ], [ 52.9892408425018, 30.257876582720751, 0.0 ], [ 52.986438814131631, 30.259419592812971, 0.0 ], [ 52.984086320034308, 30.259594363765402, 0.0 ], [ 52.981530325145883, 30.259525206152318, 0.0 ], [ 52.980574473650208, 30.259141382801982, 0.0 ], [ 52.978636661841627, 30.258570545044389, 0.0 ], [ 52.977354600204222, 30.25853030286812, 0.0 ], [ 52.976324592003053, 30.258922255457989, 0.0 ], [ 52.975284249402073, 30.259823118126651, 0.0 ], [ 52.974621591525327, 30.260162738927331, 0.0 ], [ 52.973679738435251, 30.259840887166131, 0.0 ], [ 52.972994210894797, 30.258828356774401, 0.0 ], [ 52.971447402512538, 30.257095483950369, 0.0 ], [ 52.970894583066404, 30.25619002211549, 0.0 ], [ 52.968895954314142, 30.255188908868039, 0.0 ], [ 52.96785521761808, 30.254962826325311, 0.0 ], [ 52.967233483769277, 30.25495933203965, 0.0 ], [ 52.966601362649193, 30.254039133879971, 0.0 ], [ 52.965962918612988, 30.253772913835569, 0.0 ], [ 52.965448726963089, 30.254162646664259, 0.0 ], [ 52.964520316251537, 30.254260024766079, 0.0 ], [ 52.963848643557867, 30.25434789481395, 0.0 ], [ 52.962948808827072, 30.254124020307142, 0.0 ], [ 52.961460849230249, 30.254312585280221, 0.0 ], [ 52.960773580892372, 30.254121009592101, 0.0 ], [ 52.960294056843068, 30.253576148789591, 0.0 ], [ 52.959579036493807, 30.253483191683099, 0.0 ], [ 52.95926147350535, 30.25395331901036, 0.0 ], [ 52.95908642913723, 30.25471064563693, 0.0 ], [ 52.958800114683733, 30.255360740911151, 0.0 ], [ 52.958219251062999, 30.255540545577979, 0.0 ], [ 52.957612531770152, 30.25533290898834, 0.0 ], [ 52.956805119466779, 30.25461136894587, 0.0 ], [ 52.956180947885159, 30.25405356899704, 0.0 ], [ 52.953562493774577, 30.253399248330311, 0.0 ], [ 52.953042366606688, 30.253347553587339, 0.0 ], [ 52.952273790216587, 30.253977872211799, 0.0 ], [ 52.951238062984572, 30.253461523773829, 0.0 ], [ 52.950574265676423, 30.25304171522011, 0.0 ], [ 52.95034595552675, 30.252110325677101, 0.0 ], [ 52.949597730379871, 30.25207862666057, 0.0 ], [ 52.949353139510791, 30.252552538137468, 0.0 ], [ 52.949045317629732, 30.25322414676954, 0.0 ], [ 52.948738215280933, 30.253495490259379, 0.0 ], [ 52.947844982393683, 30.2534456353198, 0.0 ], [ 52.947315304860567, 30.25320139283064, 0.0 ], [ 52.945485740943681, 30.252275855376411, 0.0 ], [ 52.943418939918267, 30.25151251197024, 0.0 ], [ 52.942840528137957, 30.251081828853909, 0.0 ], [ 52.942175085076592, 30.251253078407689, 0.0 ], [ 52.941582078039112, 30.251256941993901, 0.0 ], [ 52.941111015623441, 30.25164323386819, 0.0 ], [ 52.940834058721777, 30.252202169831701, 0.0 ], [ 52.940475233881187, 30.252409615252422, 0.0 ], [ 52.939450103454121, 30.25270128798763, 0.0 ], [ 52.938868812963257, 30.252745021436851, 0.0 ], [ 52.938669307989507, 30.252895580281479, 0.0 ], [ 52.937797438271858, 30.253069972408941, 0.0 ], [ 52.936864437263637, 30.252821505409639, 0.0 ], [ 52.936186030473138, 30.251812070830159, 0.0 ], [ 52.934684807281897, 30.250227216958301, 0.0 ], [ 52.933650580855158, 30.24910996657497, 0.0 ], [ 52.932566587709147, 30.248560865578341, 0.0 ], [ 52.929348209796977, 30.246829701932789, 0.0 ], [ 52.927137358284881, 30.245893717351979, 0.0 ], [ 52.926151045669741, 30.245857025422008, 0.0 ], [ 52.925225932295987, 30.245324018872431, 0.0 ], [ 52.92357848383142, 30.245064204857371, 0.0 ], [ 52.921976307843913, 30.24453256561382, 0.0 ], [ 52.920175710908751, 30.244103140576129, 0.0 ], [ 52.91949236127639, 30.243708444142719, 0.0 ], [ 52.918056610559283, 30.242869529406558, 0.0 ], [ 52.915391693972673, 30.243187744718419, 0.0 ], [ 52.9145874271927, 30.243096121136581, 0.0 ], [ 52.913547253875059, 30.243255397876968, 0.0 ], [ 52.912031803976213, 30.243378494399192, 0.0 ], [ 52.911059501466582, 30.243228669417771, 0.0 ], [ 52.909705728541503, 30.24322505958629, 0.0 ], [ 52.909187918238217, 30.243171861548358, 0.0 ], [ 52.908481839299988, 30.243395239852731, 0.0 ], [ 52.907977040825408, 30.243772175228649, 0.0 ], [ 52.906741422041797, 30.2442722046613, 0.0 ], [ 52.9062764846391, 30.24414611601798, 0.0 ], [ 52.906334100888913, 30.243569076855291, 0.0 ], [ 52.905449230995991, 30.242797407973729, 0.0 ], [ 52.904071626121407, 30.242702186666929, 0.0 ], [ 52.902172466761563, 30.243781660858051, 0.0 ], [ 52.901741321889482, 30.244410888740049, 0.0 ], [ 52.899997913228319, 30.245488966875929, 0.0 ], [ 52.898494459560759, 30.245542818087738, 0.0 ], [ 52.89686332710162, 30.244828061426041, 0.0 ], [ 52.895572099968682, 30.24352647664449, 0.0 ], [ 52.893881422868759, 30.242984435780929, 0.0 ], [ 52.8921520718728, 30.24332930125307, 0.0 ], [ 52.890745107097992, 30.24334019067264, 0.0 ], [ 52.889207154376379, 30.24287621056498, 0.0 ], [ 52.888459264893363, 30.243077584628889, 0.0 ], [ 52.887891829756242, 30.24374709890035, 0.0 ], [ 52.887265273049763, 30.243777890622209, 0.0 ], [ 52.886197009354383, 30.24360881100506, 0.0 ], [ 52.885420777617973, 30.24370403172572, 0.0 ], [ 52.884877058070742, 30.24415292992861, 0.0 ], [ 52.883232702128453, 30.244548297008489, 0.0 ], [ 52.882561977250582, 30.24442358364853, 0.0 ], [ 52.881746273260703, 30.244878929051069, 0.0 ], [ 52.881024476135472, 30.244960250312079, 0.0 ], [ 52.880076422145883, 30.24542476436438, 0.0 ], [ 52.878781598214999, 30.245901493242361, 0.0 ], [ 52.878283418693769, 30.24581615857338, 0.0 ], [ 52.877475565775477, 30.2459878803724, 0.0 ], [ 52.875462000648533, 30.247702283758219, 0.0 ], [ 52.873930717698208, 30.248023020305219, 0.0 ], [ 52.872824336316022, 30.249278687631179, 0.0 ], [ 52.870574637946113, 30.249542631716409, 0.0 ], [ 52.867795629623643, 30.250830744711909, 0.0 ], [ 52.866703833901823, 30.25057572443254, 0.0 ], [ 52.863872884784932, 30.251866427208959, 0.0 ], [ 52.863219193783877, 30.253048414104999, 0.0 ], [ 52.862472213481581, 30.253403613950379, 0.0 ], [ 52.862480362266233, 30.254199951161748, 0.0 ], [ 52.860940353212953, 30.254730068957411, 0.0 ], [ 52.860771357979232, 30.255728661571091, 0.0 ], [ 52.860518787796543, 30.25584757840711, 0.0 ], [ 52.860140315380093, 30.255785604347821, 0.0 ], [ 52.859519995419532, 30.25663338257344, 0.0 ], [ 52.859205675247843, 30.25745262660082, 0.0 ], [ 52.858712369281648, 30.257581610920159, 0.0 ], [ 52.857972852846267, 30.25743198595211, 0.0 ], [ 52.857057664425668, 30.257474706297849, 0.0 ], [ 52.85626013499953, 30.25816206013873, 0.0 ], [ 52.855448559735613, 30.258508110189432, 0.0 ], [ 52.854495729751306, 30.259174118943019, 0.0 ], [ 52.853270017985942, 30.259544964278419, 0.0 ], [ 52.852173510954607, 30.259951206813231, 0.0 ], [ 52.851567550346587, 30.259921481265518, 0.0 ], [ 52.84977739730391, 30.261097213228229, 0.0 ], [ 52.848577315725521, 30.261690281193211, 0.0 ], [ 52.847846094271091, 30.262665068816428, 0.0 ], [ 52.846930776115457, 30.263021149561801, 0.0 ], [ 52.846393170866712, 30.26360704879837, 0.0 ], [ 52.845240691501289, 30.26366392662969, 0.0 ], [ 52.844374112537061, 30.26470039736445, 0.0 ], [ 52.843640471450414, 30.264483085842791, 0.0 ], [ 52.841874058308221, 30.266128162386138, 0.0 ], [ 52.836545641975981, 30.26810962878146, 0.0 ], [ 52.831869397555373, 30.271006369886852, 0.0 ], [ 52.828023973274853, 30.27078230084533, 0.0 ], [ 52.825489199423963, 30.269049173411322, 0.0 ], [ 52.824004236122747, 30.268974953242711, 0.0 ], [ 52.822520232478062, 30.27025834000553, 0.0 ], [ 52.819291138325163, 30.27101522615057, 0.0 ], [ 52.817460493930803, 30.270641086143559, 0.0 ], [ 52.81737013115206, 30.276444034442161, 0.0 ], [ 52.815623292194822, 30.276821758686999, 0.0 ], [ 52.811519581602113, 30.276445556004511, 0.0 ], [ 52.808807729279607, 30.277503068784299, 0.0 ], [ 52.806600966210297, 30.277273161693142, 0.0 ], [ 52.804657360218137, 30.281249884321451, 0.0 ], [ 52.804859650750231, 30.283134065451851, 0.0 ], [ 52.804820887582352, 30.288821047655649, 0.0 ], [ 52.80457574868074, 30.293496848767219, 0.0 ], [ 52.802345003280983, 30.299163843787309, 0.0 ], [ 52.797633946268562, 30.304260359548572, 0.0 ], [ 52.795860567626747, 30.30501008771779, 0.0 ], [ 52.792889585708181, 30.306273656214991, 0.0 ], [ 52.792121939508021, 30.30707056292653, 0.0 ], [ 52.790024245909557, 30.30829348559022, 0.0 ], [ 52.784616856647439, 30.30794710956236, 0.0 ], [ 52.772508238810552, 30.31091762380391, 0.0 ], [ 52.768403886583869, 30.31246625477824, 0.0 ], [ 52.765247564515803, 30.316354395163099, 0.0 ], [ 52.761633742433453, 30.316340752645509, 0.0 ], [ 52.75954751028442, 30.31769642841407, 0.0 ], [ 52.755634007361607, 30.321742371958621, 0.0 ], [ 52.752502462042997, 30.325628483835281, 0.0 ], [ 52.748198329986991, 30.325796593949988, 0.0 ], [ 52.74800391984337, 30.327705200030248, 0.0 ], [ 52.746694072661889, 30.331233082123472, 0.0 ], [ 52.745759576376607, 30.33192147922934, 0.0 ], [ 52.744066348828653, 30.332154268053959, 0.0 ], [ 52.74289536707316, 30.333070501085761, 0.0 ], [ 52.742089525071883, 30.331910942318839, 0.0 ], [ 52.739968527129079, 30.331958261907332, 0.0 ], [ 52.738770703991158, 30.334925855371051, 0.0 ], [ 52.736530384213353, 30.334412536666591, 0.0 ], [ 52.732574812602408, 30.33456873583135, 0.0 ], [ 52.730573691236323, 30.336865926029621, 0.0 ], [ 52.728793701582397, 30.337403018072742, 0.0 ], [ 52.727436363714993, 30.336787833914599, 0.0 ], [ 52.725150803371918, 30.336411243638079, 0.0 ], [ 52.724102843840129, 30.336028977865521, 0.0 ], [ 52.722496663245842, 30.337995904934338, 0.0 ], [ 52.721374746487101, 30.338622920287779, 0.0 ], [ 52.720002176854749, 30.33983045884629, 0.0 ], [ 52.71828292843928, 30.34030251056468, 0.0 ], [ 52.716793987484593, 30.339942975267071, 0.0 ], [ 52.715407640627042, 30.339956533590811, 0.0 ], [ 52.713840927804483, 30.34054629667834, 0.0 ], [ 52.712502996773843, 30.34137501877888, 0.0 ], [ 52.712310299577467, 30.342899641354951, 0.0 ], [ 52.712936477075772, 30.344753552445312, 0.0 ], [ 52.712574637270407, 30.345859231851339, 0.0 ], [ 52.710878004213967, 30.34563507762628, 0.0 ], [ 52.709890330678647, 30.34619604800395, 0.0 ], [ 52.709739032000464, 30.347282895767659, 0.0 ], [ 52.707477660578512, 30.34753521303422, 0.0 ], [ 52.7071186901277, 30.348955266961589, 0.0 ], [ 52.705589186146312, 30.351654720050369, 0.0 ], [ 52.704362983798731, 30.35210642531268, 0.0 ], [ 52.703139704788562, 30.351891499620319, 0.0 ], [ 52.701873448503527, 30.3521497146243, 0.0 ], [ 52.700842285549122, 30.353062144794599, 0.0 ], [ 52.701239401838208, 30.354051546272739, 0.0 ], [ 52.700377816052132, 30.35435220392656, 0.0 ], [ 52.698997033100873, 30.354016626335479, 0.0 ], [ 52.698161209007253, 30.353050660380902, 0.0 ], [ 52.696961129135701, 30.353149140409108, 0.0 ], [ 52.69653202213361, 30.354658342106369, 0.0 ], [ 52.696188094023093, 30.356807982792059, 0.0 ], [ 52.695469646746183, 30.357611941290671, 0.0 ], [ 52.693512099605677, 30.357840152093772, 0.0 ], [ 52.691950016434348, 30.356977597197339, 0.0 ], [ 52.690686551120017, 30.35839840442101, 0.0 ], [ 52.687246512643647, 30.360903689090222, 0.0 ], [ 52.684225519444702, 30.36166205270608, 0.0 ], [ 52.681140745475602, 30.361038028810722, 0.0 ], [ 52.678706569832897, 30.36140347353065, 0.0 ], [ 52.675354475885797, 30.360666801042399, 0.0 ], [ 52.671873958804937, 30.360300889769789, 0.0 ], [ 52.669177740000478, 30.36177764824949, 0.0 ], [ 52.665731983810417, 30.363925461798871, 0.0 ], [ 52.664049127472303, 30.363243283093819, 0.0 ], [ 52.662235121798297, 30.363135556186108, 0.0 ], [ 52.658887766132978, 30.363053971102101, 0.0 ], [ 52.656972985966512, 30.3635007207636, 0.0 ], [ 52.654459709080193, 30.364570845716059, 0.0 ], [ 52.652293374765733, 30.365315985921949, 0.0 ], [ 52.64831005600665, 30.366926498761249, 0.0 ], [ 52.644076683045469, 30.368719561942971, 0.0 ], [ 52.635691228913728, 30.37008900516744, 0.0 ], [ 52.626770341970413, 30.371550935280599, 0.0 ], [ 52.623329333189062, 30.374560847761739, 0.0 ], [ 52.62198795073607, 30.377694313761769, 0.0 ], [ 52.621499483786138, 30.38453020144776, 0.0 ], [ 52.620748732041932, 30.39006751917146, 0.0 ], [ 52.620491669136968, 30.393023111153859, 0.0 ], [ 52.620263279730537, 30.39444938318978, 0.0 ], [ 52.619440812924879, 30.395995945982371, 0.0 ], [ 52.618308152167927, 30.399166364116109, 0.0 ], [ 52.617193517427673, 30.399732977665231, 0.0 ], [ 52.616221794385631, 30.401432281015069, 0.0 ], [ 52.613702027472911, 30.403681445555559, 0.0 ], [ 52.608701931507838, 30.403297750917059, 0.0 ], [ 52.606117727077837, 30.40271878931744, 0.0 ], [ 52.60447731251729, 30.402803270131741, 0.0 ], [ 52.60107786905364, 30.402045876880461, 0.0 ], [ 52.597180671201571, 30.400367931408219, 0.0 ], [ 52.593405269728038, 30.399533344278371, 0.0 ], [ 52.591450470771342, 30.399490740582038, 0.0 ], [ 52.586943464873933, 30.399497215370548, 0.0 ], [ 52.584435258219948, 30.399953599052271, 0.0 ], [ 52.580788089018633, 30.39952187398594, 0.0 ], [ 52.577828026243367, 30.400419391235619, 0.0 ], [ 52.574515430711052, 30.40290128819337, 0.0 ], [ 52.565884035833697, 30.40914791744655, 0.0 ], [ 52.561888493709297, 30.412083218052569, 0.0 ], [ 52.560050581681608, 30.413732535941389, 0.0 ], [ 52.559876398232902, 30.4146411147503, 0.0 ], [ 52.55989760247315, 30.42434019096067, 0.0 ], [ 52.559903397681673, 30.426987014700941, 0.0 ], [ 52.557557123020104, 30.427927878998609, 0.0 ], [ 52.557319090950848, 30.428651777647431, 0.0 ], [ 52.556999918380718, 30.429622422672871, 0.0 ], [ 52.557219290010259, 30.43115361860464, 0.0 ], [ 52.548685415180579, 30.438216865271229, 0.0 ], [ 52.545637430202689, 30.439572680033649, 0.0 ], [ 52.543596100280709, 30.439445595200748, 0.0 ], [ 52.542073679795386, 30.440720606794411, 0.0 ], [ 52.54175070514485, 30.441134523087179, 0.0 ], [ 52.540206882788702, 30.442182501278559, 0.0 ], [ 52.539304392904562, 30.44229845086797, 0.0 ], [ 52.538259654455842, 30.443261791126979, 0.0 ], [ 52.537260307579309, 30.444362348969069, 0.0 ], [ 52.536334887378722, 30.44597035320648, 0.0 ], [ 52.535934306878872, 30.44646212434737, 0.0 ], [ 52.534703731632362, 30.447101719303369, 0.0 ], [ 52.533253820455677, 30.447962234848269, 0.0 ], [ 52.533112651226219, 30.448901279805298, 0.0 ], [ 52.532339283481647, 30.44916519273729, 0.0 ], [ 52.531107492470298, 30.450144006348768, 0.0 ], [ 52.530231839353803, 30.450601403975739, 0.0 ], [ 52.529474693991638, 30.450803460783749, 0.0 ], [ 52.529069280244741, 30.451861941849341, 0.0 ], [ 52.527839010842349, 30.452675688778829, 0.0 ], [ 52.5273700013135, 30.453679316243839, 0.0 ], [ 52.52657240688152, 30.454015001219979, 0.0 ], [ 52.525743359890342, 30.45396105618693, 0.0 ], [ 52.524256590017693, 30.454009933206009, 0.0 ], [ 52.523237174967228, 30.454844988687132, 0.0 ], [ 52.522215364495722, 30.45595370640201, 0.0 ], [ 52.522181263636298, 30.45729224769725, 0.0 ], [ 52.52171853117175, 30.459035523717791, 0.0 ], [ 52.519973983110752, 30.460823207001042, 0.0 ], [ 52.518559062832722, 30.46198135263008, 0.0 ], [ 52.516373306095318, 30.462800912741411, 0.0 ], [ 52.514687039642041, 30.462893327352418, 0.0 ], [ 52.512889049245352, 30.463565284626799, 0.0 ], [ 52.509911405773813, 30.464625594842349, 0.0 ], [ 52.510131128311407, 30.46545282361587, 0.0 ], [ 52.50872043556403, 30.46666445785365, 0.0 ], [ 52.507261587517696, 30.46685158927972, 0.0 ], [ 52.5055894364164, 30.465679222976089, 0.0 ], [ 52.503847919031379, 30.466594816664269, 0.0 ], [ 52.501860680626308, 30.467001151150448, 0.0 ], [ 52.500967911182087, 30.467714374401151, 0.0 ], [ 52.49987857682386, 30.470043431291181, 0.0 ], [ 52.499628410259078, 30.47177171905772, 0.0 ], [ 52.499217002085267, 30.472607203108218, 0.0 ], [ 52.498227925129171, 30.473862722821099, 0.0 ], [ 52.497441467703709, 30.475158301598601, 0.0 ], [ 52.496995379078832, 30.475568968159958, 0.0 ], [ 52.496005994500521, 30.475727250657819, 0.0 ], [ 52.494997210552228, 30.476772652419019, 0.0 ], [ 52.494035744952853, 30.477438519129951, 0.0 ], [ 52.491937104722133, 30.478640204320548, 0.0 ], [ 52.491157661990137, 30.479433833206791, 0.0 ], [ 52.489951691923167, 30.48000299681048, 0.0 ], [ 52.488014361291491, 30.481232165159749, 0.0 ], [ 52.48428743807289, 30.483094631212211, 0.0 ], [ 52.481696188181111, 30.484353521234912, 0.0 ], [ 52.481115339040493, 30.484419196672039, 0.0 ], [ 52.47794117799652, 30.486296272298411, 0.0 ], [ 52.474481619784783, 30.488412703059019, 0.0 ], [ 52.470562212030792, 30.49172434312651, 0.0 ], [ 52.468353705479949, 30.493995403697109, 0.0 ], [ 52.466984234433468, 30.49500139867531, 0.0 ], [ 52.46452493205696, 30.495554288906511, 0.0 ], [ 52.460812170464912, 30.496302923343631, 0.0 ], [ 52.459538088732202, 30.496299937632561, 0.0 ], [ 52.457753106235387, 30.496472382729522, 0.0 ], [ 52.456119168454151, 30.496879328959508, 0.0 ], [ 52.455732354375982, 30.49723533318237, 0.0 ], [ 52.455140326093662, 30.498198543842889, 0.0 ], [ 52.453793961965907, 30.498408460972438, 0.0 ], [ 52.452387045567782, 30.49875094719571, 0.0 ], [ 52.451456859321873, 30.498224307192341, 0.0 ], [ 52.451356155787472, 30.497608262698481, 0.0 ], [ 52.450968326168251, 30.49699385095732, 0.0 ], [ 52.450275519892713, 30.49667131014942, 0.0 ], [ 52.449870498955477, 30.496743359350099, 0.0 ], [ 52.448445505348403, 30.49809453719531, 0.0 ], [ 52.447625186201513, 30.4981184031741, 0.0 ], [ 52.446459940689472, 30.4985080603414, 0.0 ], [ 52.446041158089159, 30.498746893781579, 0.0 ], [ 52.44568275548788, 30.49932162958013, 0.0 ], [ 52.445198123155983, 30.50017943365275, 0.0 ], [ 52.443547950492217, 30.500948749752769, 0.0 ], [ 52.442799825346832, 30.50178261325734, 0.0 ], [ 52.44212987248828, 30.501483999269919, 0.0 ], [ 52.440707919554562, 30.50079608626076, 0.0 ], [ 52.439424365513432, 30.499822403817809, 0.0 ], [ 52.438929238320263, 30.49990649685558, 0.0 ], [ 52.438108083015713, 30.499903803380899, 0.0 ], [ 52.437146991443619, 30.500409282949018, 0.0 ], [ 52.436643263841667, 30.501374406275438, 0.0 ], [ 52.435609847557437, 30.502309552851621, 0.0 ], [ 52.435399534213737, 30.502881464609409, 0.0 ], [ 52.435648034914323, 30.504663369210402, 0.0 ], [ 52.436006328201522, 30.505230135725679, 0.0 ], [ 52.433567391021583, 30.506130204592282, 0.0 ], [ 52.432144471609959, 30.50711561916642, 0.0 ], [ 52.431237397235712, 30.50817789612238, 0.0 ], [ 52.429822451561122, 30.508608723938281, 0.0 ], [ 52.428745532671783, 30.50855392726864, 0.0 ], [ 52.428282158623887, 30.508424572617251, 0.0 ], [ 52.42573852634888, 30.50907193556549, 0.0 ], [ 52.42517106750033, 30.50950480983504, 0.0 ], [ 52.424480377561054, 30.511305813636739, 0.0 ], [ 52.424005649422881, 30.511898544938539, 0.0 ], [ 52.423445255565809, 30.512206669392292, 0.0 ], [ 52.42166057580863, 30.512939328871131, 0.0 ], [ 52.420442018838543, 30.514423076721322, 0.0 ], [ 52.419818726503237, 30.515217421899639, 0.0 ], [ 52.419068222500293, 30.515261728350541, 0.0 ], [ 52.417873923188573, 30.515433495838298, 0.0 ], [ 52.416762577193133, 30.515722435902969, 0.0 ], [ 52.415733522001027, 30.51558877001149, 0.0 ], [ 52.414909070744287, 30.515886570615908, 0.0 ], [ 52.413324614897249, 30.515886066827939, 0.0 ], [ 52.411421038496783, 30.51585196778095, 0.0 ], [ 52.410625965829603, 30.516029108334539, 0.0 ], [ 52.409628636970567, 30.516850426703691, 0.0 ], [ 52.408179498644159, 30.517535555391319, 0.0 ], [ 52.407136694010831, 30.517863826639822, 0.0 ], [ 52.405695713399957, 30.518828183444992, 0.0 ], [ 52.403978154734872, 30.519878910941479, 0.0 ], [ 52.402877024863862, 30.520567035386389, 0.0 ], [ 52.401383393220172, 30.521358292164731, 0.0 ], [ 52.399622261426259, 30.52178851389197, 0.0 ], [ 52.399170918308862, 30.52269509989236, 0.0 ], [ 52.398357370008171, 30.523604756929341, 0.0 ], [ 52.397641905263121, 30.523918166222298, 0.0 ], [ 52.396855749656829, 30.524109851711611, 0.0 ], [ 52.396205759019402, 30.525058662109711, 0.0 ], [ 52.394775302678582, 30.526735774620889, 0.0 ], [ 52.393404585513757, 30.527821625671852, 0.0 ], [ 52.391785461848897, 30.52887093908792, 0.0 ], [ 52.390436101882862, 30.529307189729739, 0.0 ], [ 52.38818923749551, 30.529821773201132, 0.0 ], [ 52.386430103480699, 30.530407961024611, 0.0 ], [ 52.385224755946467, 30.531951625827752, 0.0 ], [ 52.383776710384538, 30.532947150024711, 0.0 ], [ 52.382297229181908, 30.533572460366859, 0.0 ], [ 52.381909216862482, 30.533566532556019, 0.0 ], [ 52.381689882076458, 30.53371281122871, 0.0 ], [ 52.380037666715623, 30.53417311328802, 0.0 ], [ 52.378169779816218, 30.53429866005224, 0.0 ], [ 52.376407290396372, 30.534878452594501, 0.0 ], [ 52.375920321230339, 30.5355910428278, 0.0 ], [ 52.375346974506122, 30.534944620286868, 0.0 ], [ 52.374815955450387, 30.53463406234566, 0.0 ], [ 52.373882318659867, 30.534978986022239, 0.0 ], [ 52.373668804157283, 30.535873221137638, 0.0 ], [ 52.37227666960284, 30.537784924397091, 0.0 ], [ 52.371625434663592, 30.53885446428523, 0.0 ], [ 52.371297527267593, 30.538921042907401, 0.0 ], [ 52.370612949865112, 30.538187057645111, 0.0 ], [ 52.370170407040398, 30.537781214848469, 0.0 ], [ 52.368618289466013, 30.537574554991561, 0.0 ], [ 52.367900944385397, 30.537738006986778, 0.0 ], [ 52.366472243095053, 30.537692308740631, 0.0 ], [ 52.364848724983737, 30.53812629036754, 0.0 ], [ 52.363815537123273, 30.537857365714199, 0.0 ], [ 52.363380844196058, 30.538091899740319, 0.0 ], [ 52.36269168065246, 30.538125096146821, 0.0 ], [ 52.36176860079523, 30.5384976441844, 0.0 ], [ 52.361214661503283, 30.538582705672059, 0.0 ], [ 52.359597099830147, 30.53840884190371, 0.0 ], [ 52.357694411012169, 30.53822509571733, 0.0 ], [ 52.35633113491496, 30.538075562075498, 0.0 ], [ 52.355195600325722, 30.537687200086008, 0.0 ], [ 52.354774443547583, 30.53770999394693, 0.0 ], [ 52.353391984583212, 30.537852624078749, 0.0 ], [ 52.351993667570341, 30.537797196558859, 0.0 ], [ 52.351063929284223, 30.537568797817421, 0.0 ], [ 52.350659365148431, 30.537291477202348, 0.0 ], [ 52.350017656177229, 30.537348849968769, 0.0 ], [ 52.349693721697271, 30.53711185726862, 0.0 ], [ 52.348638853928527, 30.536874039367252, 0.0 ], [ 52.34734879514194, 30.536326432267501, 0.0 ], [ 52.344788766765447, 30.53529379792203, 0.0 ], [ 52.344569165966348, 30.534091811129219, 0.0 ], [ 52.344217918639082, 30.533517718807449, 0.0 ], [ 52.343700128833127, 30.53228303283975, 0.0 ], [ 52.342859373365087, 30.531511756277091, 0.0 ], [ 52.341846258672909, 30.52975582501298, 0.0 ], [ 52.339873419487091, 30.52943262297504, 0.0 ], [ 52.339366000068132, 30.528995912922131, 0.0 ], [ 52.337777666250062, 30.528290456048449, 0.0 ], [ 52.337277754615812, 30.528220021969879, 0.0 ], [ 52.336170575188042, 30.528907419221081, 0.0 ], [ 52.335739014463762, 30.529652995432329, 0.0 ], [ 52.335306547975058, 30.530019803623428, 0.0 ], [ 52.334572451769162, 30.53068915486746, 0.0 ], [ 52.33328101170958, 30.530569255823529, 0.0 ], [ 52.332522436181947, 30.530906415309261, 0.0 ], [ 52.33167274475273, 30.531791399657379, 0.0 ], [ 52.331045231631862, 30.532758921826119, 0.0 ], [ 52.330581663248033, 30.53299870708118, 0.0 ], [ 52.329015558013687, 30.534146237208699, 0.0 ], [ 52.327704192741678, 30.535192226059511, 0.0 ], [ 52.327768445566377, 30.535906170064351, 0.0 ], [ 52.327863503457422, 30.53639988897898, 0.0 ], [ 52.328522442690947, 30.53711390384769, 0.0 ], [ 52.329097510056677, 30.537638135182789, 0.0 ], [ 52.329359486557571, 30.538362033211349, 0.0 ], [ 52.329410792911901, 30.538903384899712, 0.0 ], [ 52.328978393500861, 30.539202434337241, 0.0 ], [ 52.328596446804191, 30.53976891168135, 0.0 ], [ 52.328279638306682, 30.541118119052658, 0.0 ], [ 52.328214263697546, 30.542791450288242, 0.0 ], [ 52.32800413951837, 30.54340113710942, 0.0 ], [ 52.328065708797411, 30.544270550055579, 0.0 ], [ 52.328090376511078, 30.545227678695039, 0.0 ], [ 52.328166718728191, 30.546575879672659, 0.0 ], [ 52.328224034294763, 30.54723207280561, 0.0 ], [ 52.327836770147371, 30.54721754909766, 0.0 ], [ 52.326963572007337, 30.547156162180471, 0.0 ], [ 52.326410697996081, 30.547206998294261, 0.0 ], [ 52.326305773256657, 30.54772411273753, 0.0 ] ] ] } },
{ "type": "Feature", "properties": { "Name": "منطقه شکار ممنوع پادنا", "description": null, "timestamp": null, "begin": null, "end": null, "altitudeMode": null, "tessellate": -1, "extrude": 0, "visibility": -1, "drawOrder": null, "icon": null }, "geometry": { "type": "Polygon", "coordinates": [ [ [ 52.576843489244602, 28.970104950024972, 0.0 ], [ 52.576006799993237, 28.970302336209169, 0.0 ], [ 52.575006743481119, 28.970567572178201, 0.0 ], [ 52.574485500755017, 28.970618924831449, 0.0 ], [ 52.574177612415923, 28.97044154908092, 0.0 ], [ 52.574043708610709, 28.97023694981911, 0.0 ], [ 52.574077983824502, 28.969762165126269, 0.0 ], [ 52.573350441231092, 28.969311000855001, 0.0 ], [ 52.572194871521653, 28.969128920877392, 0.0 ], [ 52.570880676833411, 28.968967055220951, 0.0 ], [ 52.570412329444302, 28.968705001684921, 0.0 ], [ 52.569215868196821, 28.969144823919471, 0.0 ], [ 52.568011208520851, 28.969336411440882, 0.0 ], [ 52.567429441120147, 28.969553026653291, 0.0 ], [ 52.566959429160327, 28.969922995051721, 0.0 ], [ 52.566034751028617, 28.970007327548029, 0.0 ], [ 52.564397015275127, 28.97024028849021, 0.0 ], [ 52.563539620259313, 28.970440100021449, 0.0 ], [ 52.563029472903672, 28.9705170227402, 0.0 ], [ 52.562744306108293, 28.970440172889919, 0.0 ], [ 52.5624669994885, 28.97037781152433, 0.0 ], [ 52.561893645482748, 28.97035317299283, 0.0 ], [ 52.56082714077764, 28.969681273913821, 0.0 ], [ 52.560590529736679, 28.969282506078141, 0.0 ], [ 52.560288356418873, 28.968882560001688, 0.0 ], [ 52.558749783717147, 28.96781944972599, 0.0 ], [ 52.557490774787162, 28.966274170487189, 0.0 ], [ 52.555915686351518, 28.964404554483099, 0.0 ], [ 52.555774076017777, 28.961817205243278, 0.0 ], [ 52.555143748540637, 28.959362715950419, 0.0 ], [ 52.553375468495297, 28.9542330518961, 0.0 ], [ 52.54996787676599, 28.949827971516228, 0.0 ], [ 52.547468946244763, 28.947981906983191, 0.0 ], [ 52.544859624749009, 28.944709399728652, 0.0 ], [ 52.545096595002462, 28.943513279247071, 0.0 ], [ 52.544790874480093, 28.94256830494594, 0.0 ], [ 52.544247932936841, 28.941566843749051, 0.0 ], [ 52.54336419069358, 28.94110723254304, 0.0 ], [ 52.542290901405373, 28.939835188769759, 0.0 ], [ 52.541667805504687, 28.938440775026169, 0.0 ], [ 52.544211663905187, 28.934499256014519, 0.0 ], [ 52.542881707954017, 28.931847331897089, 0.0 ], [ 52.539926241113683, 28.92985152358715, 0.0 ], [ 52.536626791893198, 28.92952516838513, 0.0 ], [ 52.533900787666532, 28.930619589982761, 0.0 ], [ 52.53051595462675, 28.931584516434501, 0.0 ], [ 52.52864843652447, 28.931208409880639, 0.0 ], [ 52.53028153260508, 28.92877146937381, 0.0 ], [ 52.532138145450297, 28.92736510865301, 0.0 ], [ 52.533821854348602, 28.927370497553859, 0.0 ], [ 52.533284583353471, 28.926810067059488, 0.0 ], [ 52.531517269068992, 28.92505714207995, 0.0 ], [ 52.528161760185483, 28.92396355219606, 0.0 ], [ 52.526301458005221, 28.922828405770009, 0.0 ], [ 52.526273464373773, 28.92069434536678, 0.0 ], [ 52.528354513656907, 28.919149353538138, 0.0 ], [ 52.53097593953192, 28.918027111126221, 0.0 ], [ 52.533299265678309, 28.916211158050672, 0.0 ], [ 52.535511438626813, 28.915769604567888, 0.0 ], [ 52.537293261358172, 28.91690316070753, 0.0 ], [ 52.539404219046553, 28.917423266103359, 0.0 ], [ 52.541231654581843, 28.916630516099239, 0.0 ], [ 52.542538050927057, 28.914589420721729, 0.0 ], [ 52.542683201657773, 28.911770198405769, 0.0 ], [ 52.54321492577499, 28.909233273070519, 0.0 ], [ 52.544999618631969, 28.904361762477521, 0.0 ], [ 52.548678998508073, 28.898100006727208, 0.0 ], [ 52.548261580479164, 28.895760704641251, 0.0 ], [ 52.548401041353223, 28.891663879658111, 0.0 ], [ 52.549546931761533, 28.891016395709968, 0.0 ], [ 52.553206478405663, 28.889701007023518, 0.0 ], [ 52.557319352722807, 28.88922244907117, 0.0 ], [ 52.560980053618749, 28.88783794256641, 0.0 ], [ 52.564381756942247, 28.884031770836302, 0.0 ], [ 52.567524040134742, 28.88118774373028, 0.0 ], [ 52.571397344329839, 28.876349815811519, 0.0 ], [ 52.573551702179763, 28.875283285820242, 0.0 ], [ 52.575335947088462, 28.873174274190738, 0.0 ], [ 52.578117409521113, 28.86887325240842, 0.0 ], [ 52.580462698925032, 28.866359974989759, 0.0 ], [ 52.583055104056747, 28.86411891868914, 0.0 ], [ 52.584578500474372, 28.8630408900001, 0.0 ], [ 52.586289942352657, 28.860654000881588, 0.0 ], [ 52.586415252476698, 28.85865341276882, 0.0 ], [ 52.588046068400573, 28.85633429014668, 0.0 ], [ 52.594752669072903, 28.852724046045051, 0.0 ], [ 52.598829315023188, 28.850310175303399, 0.0 ], [ 52.600451605721929, 28.84833624744962, 0.0 ], [ 52.600859055976343, 28.84433824784832, 0.0 ], [ 52.602859061423722, 28.83622503930885, 0.0 ], [ 52.607748351946043, 28.832720258347958, 0.0 ], [ 52.618541842426517, 28.82722518777955, 0.0 ], [ 52.623383708653272, 28.825080876052532, 0.0 ], [ 52.624995997551139, 28.824435185447619, 0.0 ], [ 52.632081009569333, 28.819893632446789, 0.0 ], [ 52.637155045085763, 28.817908623966652, 0.0 ], [ 52.641033191307557, 28.814181025118849, 0.0 ], [ 52.642546864883052, 28.812652136709058, 0.0 ], [ 52.649698101420661, 28.805104262377348, 0.0 ], [ 52.662092011367442, 28.793885804504288, 0.0 ], [ 52.665467347791477, 28.791092758929992, 0.0 ], [ 52.668892178539757, 28.78871528068607, 0.0 ], [ 52.675224757319242, 28.77793821226367, 0.0 ], [ 52.681524456729328, 28.767741508132261, 0.0 ], [ 52.683079450213057, 28.764294937095059, 0.0 ], [ 52.680516908844879, 28.754557768407949, 0.0 ], [ 52.679254391885713, 28.750181907934898, 0.0 ], [ 52.678154244860274, 28.746482587780928, 0.0 ], [ 52.674775945373071, 28.738410187462499, 0.0 ], [ 52.676552450232968, 28.735563296972551, 0.0 ], [ 52.675028605169032, 28.733536151610782, 0.0 ], [ 52.674945133872917, 28.73090806696375, 0.0 ], [ 52.67769430001897, 28.72920368290298, 0.0 ], [ 52.682464826037872, 28.726408046556919, 0.0 ], [ 52.688109588006157, 28.72275192881764, 0.0 ], [ 52.696629429913528, 28.71350875893555, 0.0 ], [ 52.700146023391873, 28.711538064969542, 0.0 ], [ 52.703342610378847, 28.709746529835702, 0.0 ], [ 52.708481099614247, 28.7009746773012, 0.0 ], [ 52.709573330929757, 28.69914759106182, 0.0 ], [ 52.711905304828463, 28.698356522449359, 0.0 ], [ 52.713826616160972, 28.697097098793439, 0.0 ], [ 52.716803515149763, 28.695670911088861, 0.0 ], [ 52.718312056710637, 28.694035358754849, 0.0 ], [ 52.722044927094551, 28.691699021434651, 0.0 ], [ 52.727425872210162, 28.690958972027289, 0.0 ], [ 52.729975600556102, 28.68980212678737, 0.0 ], [ 52.732408094430262, 28.689196926366112, 0.0 ], [ 52.73535050612368, 28.685883861085308, 0.0 ], [ 52.737842545226037, 28.68322159527926, 0.0 ], [ 52.740704166250687, 28.682201965459729, 0.0 ], [ 52.743172414711957, 28.680606634224048, 0.0 ], [ 52.745492105154767, 28.67836856559607, 0.0 ], [ 52.748057842523608, 28.675992342503381, 0.0 ], [ 52.749820232056479, 28.67324708629134, 0.0 ], [ 52.750274598356953, 28.670978088129701, 0.0 ], [ 52.749502154201537, 28.669186656490709, 0.0 ], [ 52.750323560511042, 28.668702330469181, 0.0 ], [ 52.751886777156876, 28.667661202602019, 0.0 ], [ 52.753335102619253, 28.664412701971209, 0.0 ], [ 52.754060253627813, 28.662096521695599, 0.0 ], [ 52.756886906062761, 28.659232337208099, 0.0 ], [ 52.759362089233349, 28.655554048109309, 0.0 ], [ 52.761858872652162, 28.653708788326458, 0.0 ], [ 52.765298517598033, 28.653711556657019, 0.0 ], [ 52.768217740375619, 28.652196636066009, 0.0 ], [ 52.773978105033933, 28.64991999146169, 0.0 ], [ 52.776959351651101, 28.64835213532545, 0.0 ], [ 52.779772340516153, 28.646026981931261, 0.0 ], [ 52.782586542403507, 28.64340765651734, 0.0 ], [ 52.783313903286682, 28.642833859319939, 0.0 ], [ 52.784661680094231, 28.642228365916768, 0.0 ], [ 52.786643127265769, 28.640963896850391, 0.0 ], [ 52.788447119518828, 28.639069064617271, 0.0 ], [ 52.792004258951479, 28.637662998254928, 0.0 ], [ 52.797201357831327, 28.635321479762119, 0.0 ], [ 52.799829735139767, 28.634987755168002, 0.0 ], [ 52.80112844351693, 28.634423234195591, 0.0 ], [ 52.805450578531101, 28.632861985266651, 0.0 ], [ 52.810201128715008, 28.630481480495629, 0.0 ], [ 52.812461199624913, 28.628857525452709, 0.0 ], [ 52.81515999038794, 28.627533666201678, 0.0 ], [ 52.817984143476757, 28.62552811423846, 0.0 ], [ 52.822254207842299, 28.623545824162491, 0.0 ], [ 52.823289955616772, 28.621902115908789, 0.0 ], [ 52.826667648819416, 28.62000305224938, 0.0 ], [ 52.829001474028111, 28.620138202852448, 0.0 ], [ 52.832894479060407, 28.620200625234428, 0.0 ], [ 52.836606251521239, 28.61951594285112, 0.0 ], [ 52.840515951135622, 28.618315401576769, 0.0 ], [ 52.843048157237021, 28.616461222441021, 0.0 ], [ 52.846341279417572, 28.614913781357391, 0.0 ], [ 52.847836175053452, 28.614516526314489, 0.0 ], [ 52.849547349528279, 28.615259468519319, 0.0 ], [ 52.849482923245972, 28.616058397022041, 0.0 ], [ 52.849456895485353, 28.617321046824351, 0.0 ], [ 52.849564288347388, 28.619091008492539, 0.0 ], [ 52.849405708736228, 28.61980420403361, 0.0 ], [ 52.848324043881057, 28.621092133389489, 0.0 ], [ 52.847585784860669, 28.62200660064541, 0.0 ], [ 52.846457009661719, 28.623251643350141, 0.0 ], [ 52.844803413863623, 28.624362017194169, 0.0 ], [ 52.844410287956237, 28.624818852039571, 0.0 ], [ 52.844344086325378, 28.62570188489768, 0.0 ], [ 52.843557813571067, 28.62661554872663, 0.0 ], [ 52.843047895313582, 28.62808090257202, 0.0 ], [ 52.842592868858382, 28.629210337114031, 0.0 ], [ 52.841653985355123, 28.630542564536409, 0.0 ], [ 52.841387233623742, 28.63184340640727, 0.0 ], [ 52.840486649383472, 28.63363936423621, 0.0 ], [ 52.84018159014628, 28.634463670168561, 0.0 ], [ 52.840642853489413, 28.635355205394401, 0.0 ], [ 52.84066123445799, 28.63678698403157, 0.0 ], [ 52.840683959829178, 28.638008298982861, 0.0 ], [ 52.840700590792473, 28.639524207362129, 0.0 ], [ 52.841331046845553, 28.641512990528081, 0.0 ], [ 52.841346798636607, 28.643070940422611, 0.0 ], [ 52.840575225244599, 28.645584615214371, 0.0 ], [ 52.839877697732213, 28.646836477598921, 0.0 ], [ 52.839131316056623, 28.648129660995089, 0.0 ], [ 52.837745729465396, 28.65017045009288, 0.0 ], [ 52.836902468670331, 28.651504204461752, 0.0 ], [ 52.835309271684991, 28.65198398825105, 0.0 ], [ 52.834094474276682, 28.652722414512191, 0.0 ], [ 52.83499613498946, 28.653199919887431, 0.0 ], [ 52.836511683775797, 28.654150322549722, 0.0 ], [ 52.836589246467803, 28.65503568914659, 0.0 ], [ 52.836996427496608, 28.656221029979879, 0.0 ], [ 52.837876309014618, 28.656561964341542, 0.0 ], [ 52.839338141485371, 28.657041089206409, 0.0 ], [ 52.841667011928259, 28.657458038814848, 0.0 ], [ 52.843246088354483, 28.658003179534209, 0.0 ], [ 52.845100529752997, 28.658329722930329, 0.0 ], [ 52.847373214588359, 28.658885597483518, 0.0 ], [ 52.848529679141052, 28.660240245173942, 0.0 ], [ 52.848672839094732, 28.66150450884426, 0.0 ], [ 52.850092195192353, 28.66241787673853, 0.0 ], [ 52.850404505130662, 28.663684796182849, 0.0 ], [ 52.851024547004343, 28.66644121067306, 0.0 ], [ 52.85149989852205, 28.668007596509579, 0.0 ], [ 52.852558109606612, 28.67002858648679, 0.0 ], [ 52.853618319911838, 28.672909672475569, 0.0 ], [ 52.854577429345071, 28.673065587882519, 0.0 ], [ 52.855485502070692, 28.673103422523742, 0.0 ], [ 52.856043292993661, 28.673276422101239, 0.0 ], [ 52.856108519668801, 28.67400448996316, 0.0 ], [ 52.856501644075657, 28.674385954447121, 0.0 ], [ 52.856856966289747, 28.675306230223029, 0.0 ], [ 52.857489635402302, 28.67573838451662, 0.0 ], [ 52.858439609936013, 28.6763397197589, 0.0 ], [ 52.859295699234707, 28.676306344334709, 0.0 ], [ 52.859985198439638, 28.676575216459401, 0.0 ], [ 52.85984003753002, 28.677135787444151, 0.0 ], [ 52.858780512191757, 28.677963343398229, 0.0 ], [ 52.858601397790693, 28.67887517240241, 0.0 ], [ 52.858810987473021, 28.679083318578751, 0.0 ], [ 52.859152623008363, 28.679370167291889, 0.0 ], [ 52.859671218560223, 28.680152342538101, 0.0 ], [ 52.860325848110627, 28.680819384945089, 0.0 ], [ 52.861467298648307, 28.681212655223518, 0.0 ], [ 52.861649132312436, 28.684076818607181, 0.0 ], [ 52.862552780865151, 28.68563896116213, 0.0 ], [ 52.86323881398382, 28.687385285666782, 0.0 ], [ 52.863414195987552, 28.689264274787831, 0.0 ], [ 52.862952468868201, 28.690922149594069, 0.0 ], [ 52.86137568632563, 28.693500574180469, 0.0 ], [ 52.860694335749947, 28.695039675734471, 0.0 ], [ 52.860554356521057, 28.695965567897979, 0.0 ], [ 52.86001660755722, 28.697123827390129, 0.0 ], [ 52.859830376584142, 28.697359539185371, 0.0 ], [ 52.859422241255373, 28.698095554491641, 0.0 ], [ 52.858825154955007, 28.699199797614661, 0.0 ], [ 52.858203848903443, 28.700011968516829, 0.0 ], [ 52.857251215461709, 28.7007658635555, 0.0 ], [ 52.85639088055715, 28.70144165515774, 0.0 ], [ 52.856105814484373, 28.70207350252797, 0.0 ], [ 52.855311918374312, 28.702458665127342, 0.0 ], [ 52.855149365557992, 28.703012899436271, 0.0 ], [ 52.854370413074029, 28.704140694750329, 0.0 ], [ 52.85424844278608, 28.70419179203693, 0.0 ], [ 52.853072801164387, 28.705498894032811, 0.0 ], [ 52.852113051052477, 28.70659729118476, 0.0 ], [ 52.851112686571511, 28.708198821414911, 0.0 ], [ 52.849179876406509, 28.711232321269708, 0.0 ], [ 52.848608304205897, 28.711907957664771, 0.0 ], [ 52.847434709142888, 28.712932680047562, 0.0 ], [ 52.845220619094391, 28.715734093971879, 0.0 ], [ 52.843620597898287, 28.717599706909009, 0.0 ], [ 52.843517943384967, 28.71896746617362, 0.0 ], [ 52.842845635379327, 28.720913058044669, 0.0 ], [ 52.843019997652867, 28.721470116257109, 0.0 ], [ 52.843228155910552, 28.7221907401109, 0.0 ], [ 52.843500528260783, 28.7234014688112, 0.0 ], [ 52.843042362121992, 28.72398108617482, 0.0 ], [ 52.84268758789392, 28.72495362435453, 0.0 ], [ 52.842861277489952, 28.725543298077461, 0.0 ], [ 52.842689635430261, 28.726649195023679, 0.0 ], [ 52.842635951209147, 28.727446484217349, 0.0 ], [ 52.841808773782518, 28.727889794305899, 0.0 ], [ 52.841089053452343, 28.728530449574659, 0.0 ], [ 52.840559223932601, 28.72897848810474, 0.0 ], [ 52.840581560295732, 28.729696182258401, 0.0 ], [ 52.840116619914717, 28.730601733458791, 0.0 ], [ 52.840216666445869, 28.73115762687193, 0.0 ], [ 52.840300518815233, 28.732495789641678, 0.0 ], [ 52.840712164821198, 28.73416521382957, 0.0 ], [ 52.84049120094312, 28.73585714631221, 0.0 ], [ 52.841102208126173, 28.736877626546441, 0.0 ], [ 52.841031949582387, 28.73847413888533, 0.0 ], [ 52.841615920769712, 28.73900511117683, 0.0 ], [ 52.841749085551562, 28.73975714069417, 0.0 ], [ 52.842372938262528, 28.740158325262929, 0.0 ], [ 52.843257684686407, 28.740531051288819, 0.0 ], [ 52.843278663755846, 28.741313901750068, 0.0 ], [ 52.843824130168173, 28.741909464674489, 0.0 ], [ 52.843287493119689, 28.742683457561629, 0.0 ], [ 52.844249310736522, 28.742926983631659, 0.0 ], [ 52.845196972726917, 28.743854994385899, 0.0 ], [ 52.845993929421482, 28.74487843097949, 0.0 ], [ 52.846463733986383, 28.74553801307739, 0.0 ], [ 52.847204886614243, 28.745664121385911, 0.0 ], [ 52.847638877689761, 28.746257920665979, 0.0 ], [ 52.848526386057998, 28.746500247915439, 0.0 ], [ 52.84982485169521, 28.746651265392689, 0.0 ], [ 52.850794119734921, 28.746536204695001, 0.0 ], [ 52.850819189128963, 28.747123504790402, 0.0 ], [ 52.850981533904459, 28.748267266803008, 0.0 ], [ 52.850773459145159, 28.749339938312911, 0.0 ], [ 52.851206806448921, 28.749966297538521, 0.0 ], [ 52.851227176606997, 28.75078173965251, 0.0 ], [ 52.851167143108867, 28.751889345294192, 0.0 ], [ 52.851448433101368, 28.75267631106906, 0.0 ], [ 52.852139360052462, 28.75343716022174, 0.0 ], [ 52.85262536526777, 28.75331443998029, 0.0 ], [ 52.853341156397782, 28.752869309751379, 0.0 ], [ 52.853810376757949, 28.753561433143059, 0.0 ], [ 52.853423147385058, 28.754305208187731, 0.0 ], [ 52.852552589083302, 28.755041326688161, 0.0 ], [ 52.851418202351503, 28.756723036308038, 0.0 ], [ 52.850968129737048, 28.758565239618861, 0.0 ], [ 52.850605709732278, 28.759135857264919, 0.0 ], [ 52.849615612620781, 28.760388137003101, 0.0 ], [ 52.848223259630558, 28.762018212365192, 0.0 ], [ 52.847190146798717, 28.763231297382351, 0.0 ], [ 52.845942052450852, 28.766361909302731, 0.0 ], [ 52.84502617153214, 28.770381324016189, 0.0 ], [ 52.845124252021549, 28.771996451946752, 0.0 ], [ 52.845354582464097, 28.77357526286163, 0.0 ], [ 52.845161052851573, 28.77445581076763, 0.0 ], [ 52.845225656917187, 28.7755709744334, 0.0 ], [ 52.8446768211898, 28.776676392822459, 0.0 ], [ 52.84279674796322, 28.778567440866421, 0.0 ], [ 52.840502474733903, 28.780458525830639, 0.0 ], [ 52.83503830079303, 28.784745142278279, 0.0 ], [ 52.831966401928632, 28.78702877452714, 0.0 ], [ 52.831151611295219, 28.788394048498979, 0.0 ], [ 52.82910431682695, 28.790852774060809, 0.0 ], [ 52.825196611123928, 28.795507818361639, 0.0 ], [ 52.821685900367939, 28.798525781257268, 0.0 ], [ 52.818717025085597, 28.801658321353379, 0.0 ], [ 52.815620761725697, 28.804425022251529, 0.0 ], [ 52.813449393868943, 28.806987523240931, 0.0 ], [ 52.811235406252223, 28.8087011036401, 0.0 ], [ 52.810345244432533, 28.810753993870989, 0.0 ], [ 52.80797127869242, 28.814320048113409, 0.0 ], [ 52.806035113230713, 28.817204035007549, 0.0 ], [ 52.803862670044559, 28.820098278984869, 0.0 ], [ 52.800256664841278, 28.824410836706122, 0.0 ], [ 52.797162730186528, 28.828632023091671, 0.0 ], [ 52.795639843159812, 28.830941590291079, 0.0 ], [ 52.792842635965812, 28.834524925628809, 0.0 ], [ 52.787264012235532, 28.83931887881899, 0.0 ], [ 52.783384758858922, 28.83990720238042, 0.0 ], [ 52.780554711646417, 28.84012168874369, 0.0 ], [ 52.778153995800977, 28.841124515027499, 0.0 ], [ 52.775446301533186, 28.842578056523671, 0.0 ], [ 52.773229284859617, 28.84195576863797, 0.0 ], [ 52.770530119533973, 28.843018568058721, 0.0 ], [ 52.769311716144593, 28.844366016176121, 0.0 ], [ 52.766764043312982, 28.845300913580179, 0.0 ], [ 52.765304521072387, 28.847490769325312, 0.0 ], [ 52.763783266470341, 28.849093541827308, 0.0 ], [ 52.760500885871458, 28.849625456523238, 0.0 ], [ 52.757500368801132, 28.85087814784244, 0.0 ], [ 52.756643662734852, 28.852687085150219, 0.0 ], [ 52.754669424065177, 28.85460774534647, 0.0 ], [ 52.750847110402958, 28.856041984228529, 0.0 ], [ 52.750230094430201, 28.857073520770069, 0.0 ], [ 52.748907632790612, 28.85978623740268, 0.0 ], [ 52.745818345148983, 28.861688310561728, 0.0 ], [ 52.74245704076116, 28.862413812965571, 0.0 ], [ 52.738406914543987, 28.864039386282041, 0.0 ], [ 52.734367872760643, 28.865144188558268, 0.0 ], [ 52.731896601305969, 28.865949506654189, 0.0 ], [ 52.727036594949411, 28.86717078652083, 0.0 ], [ 52.725599965241699, 28.868253827162999, 0.0 ], [ 52.723705781223302, 28.869850216372939, 0.0 ], [ 52.722899486093603, 28.869315790145428, 0.0 ], [ 52.720947981088493, 28.87012978520151, 0.0 ], [ 52.719728349614194, 28.871477004470339, 0.0 ], [ 52.716455065164098, 28.873503000709871, 0.0 ], [ 52.712583740039513, 28.87464913214475, 0.0 ], [ 52.710095830290257, 28.87578890810412, 0.0 ], [ 52.709301306900251, 28.876632242706549, 0.0 ], [ 52.708621602949812, 28.876857111643901, 0.0 ], [ 52.706958664307578, 28.877301713140081, 0.0 ], [ 52.704399307479306, 28.878617419697029, 0.0 ], [ 52.70296587278613, 28.87936128690022, 0.0 ], [ 52.702049393207261, 28.879611665814782, 0.0 ], [ 52.700354573495972, 28.879967034436952, 0.0 ], [ 52.699266407351018, 28.88034118659948, 0.0 ], [ 52.698375126984949, 28.88097605338746, 0.0 ], [ 52.696738525250893, 28.88174596241512, 0.0 ], [ 52.695258782320472, 28.883050326787309, 0.0 ], [ 52.69456458856898, 28.883924863109389, 0.0 ], [ 52.693684079941171, 28.88559392507063, 0.0 ], [ 52.693092338497451, 28.886411099309619, 0.0 ], [ 52.692376047298652, 28.887555039264669, 0.0 ], [ 52.692390840961551, 28.888052964048391, 0.0 ], [ 52.692117538069468, 28.888726957339131, 0.0 ], [ 52.69115870834937, 28.890022673838541, 0.0 ], [ 52.690491479160912, 28.89098401772144, 0.0 ], [ 52.689974680601281, 28.89215149908626, 0.0 ], [ 52.688911987033499, 28.893468023499551, 0.0 ], [ 52.688606292988979, 28.894435502529799, 0.0 ], [ 52.688092962811098, 28.89544468877197, 0.0 ], [ 52.688104722170777, 28.896078266636948, 0.0 ], [ 52.68772654466251, 28.896818311452691, 0.0 ], [ 52.687250576160743, 28.897307865608269, 0.0 ], [ 52.686919007899292, 28.898274921612948, 0.0 ], [ 52.685640746323386, 28.89930299016228, 0.0 ], [ 52.686018373346279, 28.899934683375211, 0.0 ], [ 52.686942906545362, 28.900837892418849, 0.0 ], [ 52.687445272395713, 28.902076774061719, 0.0 ], [ 52.688425280720722, 28.90255735158874, 0.0 ], [ 52.68933306140687, 28.903177874816059, 0.0 ], [ 52.690060184551598, 28.903633965836971, 0.0 ], [ 52.690558349353573, 28.904025652304831, 0.0 ], [ 52.691318354446032, 28.90403857497024, 0.0 ], [ 52.691646809016333, 28.904810588217021, 0.0 ], [ 52.692055629822022, 28.905494061658299, 0.0 ], [ 52.692157961836287, 28.905970173455689, 0.0 ], [ 52.692093984129549, 28.906818993496941, 0.0 ], [ 52.692054766182459, 28.907569401727379, 0.0 ], [ 52.691857120864753, 28.908336875007421, 0.0 ], [ 52.691601622834327, 28.90967653817798, 0.0 ], [ 52.691585406188111, 28.910407556099461, 0.0 ], [ 52.692266232963867, 28.911269010344149, 0.0 ], [ 52.692890748822691, 28.911615621850089, 0.0 ], [ 52.693531268430249, 28.91225897186435, 0.0 ], [ 52.693809355596017, 28.912955458861308, 0.0 ], [ 52.694407814929711, 28.913459739720299, 0.0 ], [ 52.693359055530657, 28.91798995838418, 0.0 ], [ 52.692355570655593, 28.919501185498351, 0.0 ], [ 52.691058681320229, 28.921992374681331, 0.0 ], [ 52.690142567828282, 28.92480041857538, 0.0 ], [ 52.687045682444669, 28.92755641666708, 0.0 ], [ 52.682310566838609, 28.932695840898429, 0.0 ], [ 52.677640170314852, 28.937691187336888, 0.0 ], [ 52.677310508976383, 28.9377573563028, 0.0 ], [ 52.676293125139971, 28.93800323525296, 0.0 ], [ 52.675827316291077, 28.938043138356619, 0.0 ], [ 52.674973436025063, 28.938315729828251, 0.0 ], [ 52.674201572126982, 28.938589715890611, 0.0 ], [ 52.673919636393627, 28.938967812499509, 0.0 ], [ 52.673630794971288, 28.93939354544445, 0.0 ], [ 52.673576113786673, 28.93939261020504, 0.0 ], [ 52.672842213723463, 28.93918858330095, 0.0 ], [ 52.672623493449329, 28.939184839053279, 0.0 ], [ 52.671848335366853, 28.939602365034752, 0.0 ], [ 52.670297502386127, 28.940461311414889, 0.0 ], [ 52.670186002167718, 28.940555130846871, 0.0 ], [ 52.669309015597307, 28.940635821555631, 0.0 ], [ 52.668344123272909, 28.9409782546822, 0.0 ], [ 52.66817794774709, 28.941071133264028, 0.0 ], [ 52.667175530987343, 28.94186762743832, 0.0 ], [ 52.666721485250882, 28.942601733591911, 0.0 ], [ 52.66626851107204, 28.943287991526311, 0.0 ], [ 52.665684209910353, 28.943732664318379, 0.0 ], [ 52.664864064765943, 28.943718561487639, 0.0 ], [ 52.664555291228133, 28.94407223771498, 0.0 ], [ 52.664239533342609, 28.94473691452669, 0.0 ], [ 52.663329313335041, 28.945080240345749, 0.0 ], [ 52.662845217612663, 28.94593348150379, 0.0 ], [ 52.661901691654812, 28.94673813070338, 0.0 ], [ 52.660614609037012, 28.947564778999681, 0.0 ], [ 52.659690798136147, 28.947722987665848, 0.0 ], [ 52.658690450856021, 28.947966921462449, 0.0 ], [ 52.656596715762042, 28.948170230314879, 0.0 ], [ 52.65562616063265, 28.948197014190558, 0.0 ], [ 52.654116041021382, 28.947888029781659, 0.0 ], [ 52.65323757867111, 28.94824282725266, 0.0 ], [ 52.651985715119409, 28.948612924986481, 0.0 ], [ 52.651347499042977, 28.94934182676586, 0.0 ], [ 52.650935971119132, 28.949944066806051, 0.0 ], [ 52.64997356471148, 28.950710876854469, 0.0 ], [ 52.648670953938833, 28.951123588428629, 0.0 ], [ 52.647334109340491, 28.95194919105553, 0.0 ], [ 52.645995256337628, 28.952861806218529, 0.0 ], [ 52.645163960035987, 28.95332619065719, 0.0 ], [ 52.64371699055576, 28.953518744850779, 0.0 ], [ 52.642725609607872, 28.954459149597501, 0.0 ], [ 52.641452040264987, 28.955113790091229, 0.0 ], [ 52.63984591154334, 28.956387107595351, 0.0 ], [ 52.639290147854112, 28.957047756816721, 0.0 ], [ 52.637065034034947, 28.957797672048269, 0.0 ], [ 52.636682273373303, 28.958776731772041, 0.0 ], [ 52.636036408082852, 28.959435778957829, 0.0 ], [ 52.634315603034921, 28.96041948162263, 0.0 ], [ 52.633275553009099, 28.960422545273801, 0.0 ], [ 52.632279055476317, 28.960637950913451, 0.0 ], [ 52.631450352044013, 28.960919744587091, 0.0 ], [ 52.630187961125493, 28.961130490726671, 0.0 ], [ 52.629299523544553, 28.960600275025119, 0.0 ], [ 52.628273374786822, 28.960805800555519, 0.0 ], [ 52.627082781066292, 28.961024400964291, 0.0 ], [ 52.625967683122347, 28.961132593748339, 0.0 ], [ 52.625286162459759, 28.961423897716131, 0.0 ], [ 52.625094363663962, 28.961835467022009, 0.0 ], [ 52.624704195302499, 28.962147815815751, 0.0 ], [ 52.624374582424977, 28.962595225667162, 0.0 ], [ 52.621171240947952, 28.96265601692863, 0.0 ], [ 52.614660856569067, 28.963158332650281, 0.0 ], [ 52.61205853418037, 28.9633508056328, 0.0 ], [ 52.611908652484843, 28.963413116702061, 0.0 ], [ 52.609699112517447, 28.96374229306063, 0.0 ], [ 52.608602984059893, 28.964069362255682, 0.0 ], [ 52.607847114122812, 28.9646621684963, 0.0 ], [ 52.606652561162527, 28.964965829676181, 0.0 ], [ 52.606552641572492, 28.965007361948679, 0.0 ], [ 52.605341826330459, 28.964942728499761, 0.0 ], [ 52.604347607864227, 28.96514165901954, 0.0 ], [ 52.604353090976723, 28.964903643720032, 0.0 ], [ 52.60320170586278, 28.9644070965835, 0.0 ], [ 52.601732176068133, 28.964646026487092, 0.0 ], [ 52.599675262323601, 28.965242798004532, 0.0 ], [ 52.596934207907282, 28.965976377537849, 0.0 ], [ 52.595355712007773, 28.966134649151741, 0.0 ], [ 52.59368956054341, 28.966403057426952, 0.0 ], [ 52.59042339903116, 28.967760186075651, 0.0 ], [ 52.5885202775127, 28.968073916545251, 0.0 ], [ 52.588011662136211, 28.968104563557301, 0.0 ], [ 52.586710851846597, 28.96847981394502, 0.0 ], [ 52.586202587948591, 28.96862977020152, 0.0 ], [ 52.585839831588082, 28.968817638471979, 0.0 ], [ 52.585442677880842, 28.968965147353892, 0.0 ], [ 52.585050260892537, 28.96912598841411, 0.0 ], [ 52.584615839005387, 28.96932387296874, 0.0 ], [ 52.584109678305524, 28.969510864362991, 0.0 ], [ 52.583498580825861, 28.969586231486449, 0.0 ], [ 52.582967552489357, 28.96968653924127, 0.0 ], [ 52.582525731562512, 28.969804111574099, 0.0 ], [ 52.581817012911507, 28.96983853471156, 0.0 ], [ 52.58113607518554, 28.96983425040905, 0.0 ], [ 52.580526793910352, 28.96983123940792, 0.0 ], [ 52.580016404190673, 28.969814308162949, 0.0 ], [ 52.579449346858773, 28.969921802576199, 0.0 ], [ 52.579093910913222, 28.970054073802981, 0.0 ], [ 52.579059256317102, 28.970053456464559, 0.0 ], [ 52.578482858682641, 28.969992630175149, 0.0 ], [ 52.577827249813332, 28.96985961685515, 0.0 ], [ 52.577495117828491, 28.969914367115638, 0.0 ], [ 52.576843489244602, 28.970104950024972, 0.0 ] ] ] } },
{ "type": "Feature", "properties": { "Name": "منطقه شکار ممنوع دره باغ", "description": null, "timestamp": null, "begin": null, "end": null, "altitudeMode": null, "tessellate": -1, "extrude": 0, "visibility": -1, "drawOrder": null, "icon": null }, "geometry": { "type": "Polygon", "coordinates": [ [ [ 53.129599973359809, 31.031372807013359, 0.0 ], [ 53.128954690036757, 31.032894026618042, 0.0 ], [ 53.128372165358577, 31.033724204566258, 0.0 ], [ 53.126633601743031, 31.034998678052609, 0.0 ], [ 53.123088228178702, 31.03606564729564, 0.0 ], [ 53.119574254201822, 31.036787004533029, 0.0 ], [ 53.114182813206931, 31.038078082952481, 0.0 ], [ 53.109512666150863, 31.039243374624039, 0.0 ], [ 53.105447260351824, 31.04044897452815, 0.0 ], [ 53.102492187823657, 31.040598985929488, 0.0 ], [ 53.099466199989962, 31.041526353983802, 0.0 ], [ 53.097545646459182, 31.04151256684996, 0.0 ], [ 53.094460592845607, 31.04089157444918, 0.0 ], [ 53.08535647845968, 31.037382638553851, 0.0 ], [ 53.067952739548062, 31.027868582032241, 0.0 ], [ 53.06142111019377, 31.024439232130749, 0.0 ], [ 53.053206719018057, 31.021816421169021, 0.0 ], [ 53.044580397077098, 31.020775293015092, 0.0 ], [ 53.032196872875552, 31.018221512509221, 0.0 ], [ 53.019245658363552, 31.01734468802097, 0.0 ], [ 53.00012812130386, 31.01967586835622, 0.0 ], [ 52.976061845995098, 31.023128134049291, 0.0 ], [ 52.968464677704233, 31.0210206798535, 0.0 ], [ 52.967592085937042, 31.018416885047529, 0.0 ], [ 52.952456753899838, 31.009594818217909, 0.0 ], [ 52.932725868150989, 30.998392852279508, 0.0 ], [ 52.925877372365917, 30.994269236224529, 0.0 ], [ 52.920268245073999, 30.992773558093699, 0.0 ], [ 52.913207453667482, 30.992927225610732, 0.0 ], [ 52.909720679114237, 30.988555759416219, 0.0 ], [ 52.907634131775211, 30.981100816468299, 0.0 ], [ 52.91506171065032, 30.976998877705039, 0.0 ], [ 52.939121151733218, 30.965449445097281, 0.0 ], [ 52.946322820891787, 30.959742024865491, 0.0 ], [ 52.952256621655103, 30.95485243167164, 0.0 ], [ 52.968328692944112, 30.942057861747859, 0.0 ], [ 52.975154028302157, 30.934994672232001, 0.0 ], [ 52.982750214734907, 30.928774190217108, 0.0 ], [ 52.991104848062662, 30.921336535047839, 0.0 ], [ 52.995495793192681, 30.917565078209531, 0.0 ], [ 53.000491004867257, 30.913514679895101, 0.0 ], [ 53.017165440246423, 30.906149444106038, 0.0 ], [ 53.027926958303553, 30.90143213824755, 0.0 ], [ 53.037400563997743, 30.89723422047015, 0.0 ], [ 53.048499265780521, 30.892786742856568, 0.0 ], [ 53.063289884660179, 30.886098213236249, 0.0 ], [ 53.086944244870551, 30.877654528472469, 0.0 ], [ 53.099643233626352, 30.869325272191571, 0.0 ], [ 53.103700043629033, 30.86575344831218, 0.0 ], [ 53.107318315009387, 30.862764858593049, 0.0 ], [ 53.108245249850313, 30.8619152161038, 0.0 ], [ 53.110461893580243, 30.860118674418938, 0.0 ], [ 53.112868543782881, 30.857787853775768, 0.0 ], [ 53.115545540883083, 30.85559668206702, 0.0 ], [ 53.119446982239531, 30.852393404387229, 0.0 ], [ 53.123115146310177, 30.849417519661269, 0.0 ], [ 53.130607648042712, 30.843302863181989, 0.0 ], [ 53.132222164915142, 30.84189113249305, 0.0 ], [ 53.132738142678463, 30.84010207659917, 0.0 ], [ 53.135373455891468, 30.83523324789309, 0.0 ], [ 53.138274293839359, 30.830800346655529, 0.0 ], [ 53.140489884024078, 30.829421805758329, 0.0 ], [ 53.143972608874193, 30.826754871382391, 0.0 ], [ 53.147272477313493, 30.823643568132319, 0.0 ], [ 53.149185544305752, 30.820331550711359, 0.0 ], [ 53.150856058661873, 30.817769054926028, 0.0 ], [ 53.152189415334263, 30.815584901581008, 0.0 ], [ 53.154200156081409, 30.812793056283979, 0.0 ], [ 53.155722703388037, 30.81135124102531, 0.0 ], [ 53.15664415145541, 30.810068521903439, 0.0 ], [ 53.15770815843581, 30.808975781132009, 0.0 ], [ 53.158658819810107, 30.80746292732865, 0.0 ], [ 53.159930545918897, 30.806398005330109, 0.0 ], [ 53.160866907917793, 30.805785975048501, 0.0 ], [ 53.161461111507677, 30.805131498223641, 0.0 ], [ 53.162820923184512, 30.804336884797021, 0.0 ], [ 53.16409590309587, 30.80342097271776, 0.0 ], [ 53.165538509700248, 30.802278591167649, 0.0 ], [ 53.167324737473578, 30.801055895644179, 0.0 ], [ 53.168315530605398, 30.79902642225608, 0.0 ], [ 53.168084781966677, 30.79717320637392, 0.0 ], [ 53.168235202295392, 30.795449284952749, 0.0 ], [ 53.168354308284833, 30.793061636270899, 0.0 ], [ 53.168617807343402, 30.79126422020963, 0.0 ], [ 53.169572169365452, 30.789611872105372, 0.0 ], [ 53.170303852704293, 30.787586723066379, 0.0 ], [ 53.171468773120573, 30.78562886386182, 0.0 ], [ 53.171704135074137, 30.784415645596969, 0.0 ], [ 53.172098994867881, 30.782934439905599, 0.0 ], [ 53.172825554823213, 30.780685708872529, 0.0 ], [ 53.173062706156102, 30.779712560167351, 0.0 ], [ 53.173621632121652, 30.777690290470009, 0.0 ], [ 53.174110992867327, 30.776414703320111, 0.0 ], [ 53.175111484771492, 30.774832331610799, 0.0 ], [ 53.176284556888582, 30.773247055544498, 0.0 ], [ 53.177802813326629, 30.77165597105602, 0.0 ], [ 53.179240596901977, 30.770327153574652, 0.0 ], [ 53.180504895748598, 30.7689639632918, 0.0 ], [ 53.181594874332511, 30.767529143208652, 0.0 ], [ 53.181906038453583, 30.766809920423729, 0.0 ], [ 53.182051997362819, 30.766302638407652, 0.0 ], [ 53.182283228815614, 30.766121060487752, 0.0 ], [ 53.182648369831547, 30.76540678896027, 0.0 ], [ 53.182810597291407, 30.765196009170879, 0.0 ], [ 53.183253135118001, 30.765213109315781, 0.0 ], [ 53.183990532099997, 30.764818992742288, 0.0 ], [ 53.184472629499233, 30.764555617511899, 0.0 ], [ 53.18510489794879, 30.764056046018009, 0.0 ], [ 53.186037135143508, 30.763884120859579, 0.0 ], [ 53.186656028773498, 30.76385138661335, 0.0 ], [ 53.187177769337211, 30.763869674198229, 0.0 ], [ 53.187771748090753, 30.7636918361009, 0.0 ], [ 53.188491401324839, 30.763522343994548, 0.0 ], [ 53.189240015125712, 30.76343237524091, 0.0 ], [ 53.189817495641833, 30.763036159458679, 0.0 ], [ 53.190790284802503, 30.7618591584557, 0.0 ], [ 53.191952282515913, 30.760586095336421, 0.0 ], [ 53.192806269126891, 30.759323625239361, 0.0 ], [ 53.193318819357032, 30.758845505353388, 0.0 ], [ 53.193966745792807, 30.758267733268621, 0.0 ], [ 53.194548402617279, 30.757623478293009, 0.0 ], [ 53.195240548492613, 30.756955510208169, 0.0 ], [ 53.195592971605507, 30.756249469533842, 0.0 ], [ 53.195872346299133, 30.755150574432051, 0.0 ], [ 53.195607518534089, 30.754279395071439, 0.0 ], [ 53.195538976459872, 30.753090032430261, 0.0 ], [ 53.195598477940493, 30.752702225397289, 0.0 ], [ 53.195916075228773, 30.752458602109112, 0.0 ], [ 53.196321392268658, 30.751924340350641, 0.0 ], [ 53.197002761338219, 30.75133428689195, 0.0 ], [ 53.198368327131192, 30.749984967204998, 0.0 ], [ 53.198650094924361, 30.749728382842999, 0.0 ], [ 53.198927134615388, 30.749524422697871, 0.0 ], [ 53.199345460486697, 30.749393362685151, 0.0 ], [ 53.199898018327822, 30.74905635144815, 0.0 ], [ 53.200428977638737, 30.74879378247779, 0.0 ], [ 53.200931487287868, 30.748710127206071, 0.0 ], [ 53.201295828675327, 30.748649212231889, 0.0 ], [ 53.201733029461259, 30.74860376413309, 0.0 ], [ 53.201536245291621, 30.748452453252941, 0.0 ], [ 53.20101459004978, 30.747769643299641, 0.0 ], [ 53.200678294670347, 30.74766858694516, 0.0 ], [ 53.200346301523943, 30.74759810253725, 0.0 ], [ 53.20026495165142, 30.747483669170229, 0.0 ], [ 53.200491942561968, 30.747232191358371, 0.0 ], [ 53.200675786826302, 30.74706871659329, 0.0 ], [ 53.200741599177107, 30.746885297062882, 0.0 ], [ 53.200875853877697, 30.74672459117896, 0.0 ], [ 53.201038157958401, 30.746486997505269, 0.0 ], [ 53.20137237985324, 30.746297153109229, 0.0 ], [ 53.201633663915793, 30.746152736015421, 0.0 ], [ 53.202155804140453, 30.745932248651449, 0.0 ], [ 53.202765304031132, 30.745501683869229, 0.0 ], [ 53.204602451486167, 30.744367562699249, 0.0 ], [ 53.205741050078139, 30.743638470192359, 0.0 ], [ 53.206420486819127, 30.742682688447172, 0.0 ], [ 53.207201088794513, 30.74212609297614, 0.0 ], [ 53.207992191231462, 30.741452443739981, 0.0 ], [ 53.20828574574216, 30.74047107107241, 0.0 ], [ 53.2087975828507, 30.739347169162521, 0.0 ], [ 53.209717244623519, 30.737954373458951, 0.0 ], [ 53.2100596525584, 30.736921579659381, 0.0 ], [ 53.210433659170079, 30.73555178611171, 0.0 ], [ 53.21118330111404, 30.73472313150306, 0.0 ], [ 53.211482345102823, 30.73436106547403, 0.0 ], [ 53.21165566219657, 30.7341128704381, 0.0 ], [ 53.211942484306867, 30.73368889218052, 0.0 ], [ 53.212343530713603, 30.732882960087821, 0.0 ], [ 53.21252435380174, 30.732451954718819, 0.0 ], [ 53.212868781152658, 30.732589816615398, 0.0 ], [ 53.214546592260952, 30.732930937779759, 0.0 ], [ 53.215154085122997, 30.733271927381072, 0.0 ], [ 53.21602441894953, 30.733665701582559, 0.0 ], [ 53.216912024269902, 30.734325987364009, 0.0 ], [ 53.217576172868327, 30.734723790987609, 0.0 ], [ 53.218320591214578, 30.735144598515198, 0.0 ], [ 53.218984775938907, 30.735312408618249, 0.0 ], [ 53.21954980653571, 30.735438269676258, 0.0 ], [ 53.219474322136847, 30.73490252368557, 0.0 ], [ 53.219516874593651, 30.73442766947106, 0.0 ], [ 53.219924541730663, 30.734242357010132, 0.0 ], [ 53.220603394876399, 30.733868762617501, 0.0 ], [ 53.221090272970962, 30.733447378803941, 0.0 ], [ 53.221867362056521, 30.73291973900449, 0.0 ], [ 53.222552558078561, 30.732540437221068, 0.0 ], [ 53.223324456986113, 30.732321288526919, 0.0 ], [ 53.223902292586963, 30.732388479668248, 0.0 ], [ 53.224230281293231, 30.732361927482518, 0.0 ], [ 53.224025961255457, 30.731885153994231, 0.0 ], [ 53.22364305000184, 30.731522027984809, 0.0 ], [ 53.223227508060113, 30.731272555070401, 0.0 ], [ 53.223012878865212, 30.731036377095261, 0.0 ], [ 53.222949914687938, 30.730759877836089, 0.0 ], [ 53.22292293166204, 30.73065368918974, 0.0 ], [ 53.222755824131312, 30.730459650334598, 0.0 ], [ 53.22242702668764, 30.730169522919581, 0.0 ], [ 53.22183997264402, 30.729593934018919, 0.0 ], [ 53.221767308948799, 30.729137773353159, 0.0 ], [ 53.22173374073607, 30.728403633492139, 0.0 ], [ 53.221612953890627, 30.72816551193738, 0.0 ], [ 53.221442944538673, 30.727699099281729, 0.0 ], [ 53.220949055203761, 30.7268289204642, 0.0 ], [ 53.220414653533041, 30.726174539122091, 0.0 ], [ 53.220160485220369, 30.725229198672888, 0.0 ], [ 53.22005694278262, 30.724257418648961, 0.0 ], [ 53.21968295508433, 30.722994645878849, 0.0 ], [ 53.220460191882893, 30.7231059151373, 0.0 ], [ 53.222130177624457, 30.723025887082109, 0.0 ], [ 53.223090795433052, 30.72426462361766, 0.0 ], [ 53.223624818540983, 30.724490525239592, 0.0 ], [ 53.224879345315237, 30.724922896326959, 0.0 ], [ 53.225678965053667, 30.725071074959889, 0.0 ], [ 53.226936312106659, 30.725058960959281, 0.0 ], [ 53.227608759618143, 30.725389278440211, 0.0 ], [ 53.228931061903602, 30.72547672353242, 0.0 ], [ 53.230940506436013, 30.725445208704631, 0.0 ], [ 53.232390320702891, 30.725162879546819, 0.0 ], [ 53.233333885496627, 30.7251532156222, 0.0 ], [ 53.234687544090448, 30.725242679812851, 0.0 ], [ 53.235120083874307, 30.725559387985822, 0.0 ], [ 53.2358185405174, 30.72571358848127, 0.0 ], [ 53.236387229009338, 30.725679133602441, 0.0 ], [ 53.2370680447994, 30.72556204732841, 0.0 ], [ 53.237500538419759, 30.725176446702498, 0.0 ], [ 53.238139676783909, 30.72482250437773, 0.0 ], [ 53.238432788195247, 30.72435566360133, 0.0 ], [ 53.238714693230811, 30.72401413519346, 0.0 ], [ 53.239121545673143, 30.723680860272118, 0.0 ], [ 53.239645320523707, 30.723211247432019, 0.0 ], [ 53.240061767208012, 30.722770557355869, 0.0 ], [ 53.240513947909143, 30.72265350589327, 0.0 ], [ 53.240715986917259, 30.722424087453739, 0.0 ], [ 53.241235749856912, 30.722024913248251, 0.0 ], [ 53.241800230074517, 30.721576675248219, 0.0 ], [ 53.242353947829088, 30.72147452277521, 0.0 ], [ 53.242852128267103, 30.72131668240764, 0.0 ], [ 53.24351687972387, 30.72110048174898, 0.0 ], [ 53.244408388265462, 30.721055307537728, 0.0 ], [ 53.244903484262579, 30.720931939601108, 0.0 ], [ 53.245353857499758, 30.72085763561326, 0.0 ], [ 53.245720984243732, 30.721037929525419, 0.0 ], [ 53.246213682144052, 30.720874678910629, 0.0 ], [ 53.246919934347652, 30.72056481128168, 0.0 ], [ 53.247722800849488, 30.720650181732189, 0.0 ], [ 53.248397400725402, 30.720905314184431, 0.0 ], [ 53.24895953398822, 30.720942393513361, 0.0 ], [ 53.249878999562902, 30.720354946363319, 0.0 ], [ 53.250688970824321, 30.720149134601481, 0.0 ], [ 53.251311560025918, 30.71993096417544, 0.0 ], [ 53.251805859258177, 30.71967192752091, 0.0 ], [ 53.251546378216652, 30.71941178404855, 0.0 ], [ 53.251501537125492, 30.71864733448114, 0.0 ], [ 53.250903361616722, 30.718381050152669, 0.0 ], [ 53.250440655348577, 30.7180750930684, 0.0 ], [ 53.250049975411017, 30.717595663107598, 0.0 ], [ 53.24973136560304, 30.71715338881712, 0.0 ], [ 53.24930321124863, 30.716671479594918, 0.0 ], [ 53.249317825046973, 30.71648482957308, 0.0 ], [ 53.249825481609712, 30.716293394433301, 0.0 ], [ 53.250823237525879, 30.7157406889181, 0.0 ], [ 53.252396016968213, 30.714607424896158, 0.0 ], [ 53.255203798580773, 30.71363339968595, 0.0 ], [ 53.256132478346501, 30.71271690573154, 0.0 ], [ 53.257703144182059, 30.711655522078889, 0.0 ], [ 53.2600932449498, 30.71008650236022, 0.0 ], [ 53.260881138024381, 30.70911914202599, 0.0 ], [ 53.261648822646727, 30.70864968885509, 0.0 ], [ 53.262856822158433, 30.708126037414878, 0.0 ], [ 53.262930824165387, 30.70811011085889, 0.0 ], [ 53.263959382201222, 30.70769943479393, 0.0 ], [ 53.265396730097123, 30.7070452515193, 0.0 ], [ 53.266615751336118, 30.706397468314542, 0.0 ], [ 53.267779497168853, 30.706370087048452, 0.0 ], [ 53.268625034086973, 30.70638415035133, 0.0 ], [ 53.268994047116507, 30.705221756714469, 0.0 ], [ 53.269071920293577, 30.705466929794952, 0.0 ], [ 53.269555599312064, 30.706081737765398, 0.0 ], [ 53.27014766697711, 30.706497495558349, 0.0 ], [ 53.271212359257213, 30.707202644890479, 0.0 ], [ 53.271994635412177, 30.70802291841202, 0.0 ], [ 53.272990904141658, 30.708623273208101, 0.0 ], [ 53.273749163989692, 30.708840273857948, 0.0 ], [ 53.275967144938747, 30.70881898582741, 0.0 ], [ 53.276752013437147, 30.708736884693518, 0.0 ], [ 53.277771539324938, 30.708202243150762, 0.0 ], [ 53.279007945992149, 30.707414457522951, 0.0 ], [ 53.280253614946609, 30.707396071714118, 0.0 ], [ 53.281412883026512, 30.707037746254329, 0.0 ], [ 53.282872459946269, 30.706799430721219, 0.0 ], [ 53.282495295524583, 30.707543421139331, 0.0 ], [ 53.282602838989632, 30.708519829798099, 0.0 ], [ 53.282580577891181, 30.71002516452533, 0.0 ], [ 53.282184481763572, 30.71214278064279, 0.0 ], [ 53.282223893001763, 30.714006849555059, 0.0 ], [ 53.282468496165322, 30.715100528221011, 0.0 ], [ 53.282852402238063, 30.715909461935901, 0.0 ], [ 53.284190766850109, 30.716879039022519, 0.0 ], [ 53.285934017013183, 30.717140450043509, 0.0 ], [ 53.289851560872002, 30.717299655117071, 0.0 ], [ 53.293429000029363, 30.717436459548299, 0.0 ], [ 53.295376983432419, 30.71795609250081, 0.0 ], [ 53.297002378900473, 30.718258625645781, 0.0 ], [ 53.298322919120849, 30.718786042065801, 0.0 ], [ 53.299103397244743, 30.719620883805579, 0.0 ], [ 53.30054588151733, 30.720058317462549, 0.0 ], [ 53.302349835622977, 30.720274540446908, 0.0 ], [ 53.303129879562057, 30.720472609473731, 0.0 ], [ 53.304214743767133, 30.720445761940891, 0.0 ], [ 53.304658767783252, 30.719936102850038, 0.0 ], [ 53.306296586916837, 30.71945570758875, 0.0 ], [ 53.309014363058303, 30.718360381514671, 0.0 ], [ 53.311179978524983, 30.717677576827558, 0.0 ], [ 53.31200149372448, 30.71756716718593, 0.0 ], [ 53.313359863282322, 30.71759450887113, 0.0 ], [ 53.313959271029603, 30.717584404452229, 0.0 ], [ 53.315105187782123, 30.71756507882365, 0.0 ], [ 53.316064476734752, 30.717238223885371, 0.0 ], [ 53.316065192320472, 30.717237980198821, 0.0 ], [ 53.317025172394501, 30.71691088231033, 0.0 ], [ 53.318094760613732, 30.716693566287429, 0.0 ], [ 53.319259260703006, 30.71648245938427, 0.0 ], [ 53.320040157101552, 30.716020511931301, 0.0 ], [ 53.322547366691012, 30.713964399041949, 0.0 ], [ 53.323450510160697, 30.7134693656681, 0.0 ], [ 53.324302556446469, 30.71301203879873, 0.0 ], [ 53.325528619557467, 30.712373955405209, 0.0 ], [ 53.326705386623978, 30.711753172059119, 0.0 ], [ 53.327767082551432, 30.711083822155292, 0.0 ], [ 53.328825425940281, 30.710722070457379, 0.0 ], [ 53.329807124997728, 30.71051786197825, 0.0 ], [ 53.330551848694, 30.71036294193685, 0.0 ], [ 53.331659447191122, 30.709983872043381, 0.0 ], [ 53.332074023709872, 30.709856844055889, 0.0 ], [ 53.332763439299328, 30.70964560033481, 0.0 ], [ 53.333688399188411, 30.70917249209263, 0.0 ], [ 53.335323224711843, 30.708499498578199, 0.0 ], [ 53.335988414707451, 30.70827708342242, 0.0 ], [ 53.336029494369043, 30.708263347936398, 0.0 ], [ 53.33658802378396, 30.70804555298032, 0.0 ], [ 53.336775565130687, 30.70797242174066, 0.0 ], [ 53.337610739216821, 30.707853814877652, 0.0 ], [ 53.338799338923842, 30.707685007465759, 0.0 ], [ 53.340000423051237, 30.707503700576218, 0.0 ], [ 53.340461305770617, 30.707319347141819, 0.0 ], [ 53.340988006998138, 30.707108664331098, 0.0 ], [ 53.342425362918462, 30.706882835870928, 0.0 ], [ 53.343690776830279, 30.70702536705015, 0.0 ], [ 53.344101527162863, 30.707068885448269, 0.0 ], [ 53.345164132808421, 30.70718146111107, 0.0 ], [ 53.346198536387213, 30.707308901255779, 0.0 ], [ 53.347828403352452, 30.70753512574445, 0.0 ], [ 53.348772178392402, 30.707636660165601, 0.0 ], [ 53.349511527432867, 30.70768489604745, 0.0 ], [ 53.350320201274997, 30.707737652199611, 0.0 ], [ 53.351572082756881, 30.707739275634601, 0.0 ], [ 53.351634890214306, 30.707733912587472, 0.0 ], [ 53.3519701027504, 30.70770528798263, 0.0 ], [ 53.353325879038401, 30.707613860274581, 0.0 ], [ 53.353899962758717, 30.707691237407762, 0.0 ], [ 53.354500654329968, 30.707730389709081, 0.0 ], [ 53.3553341310337, 30.707764733683192, 0.0 ], [ 53.35685337124665, 30.707663957669649, 0.0 ], [ 53.357859772884758, 30.70810912719238, 0.0 ], [ 53.358469759451687, 30.708148874094469, 0.0 ], [ 53.359061175110817, 30.708187407867761, 0.0 ], [ 53.359371964714683, 30.708175183313909, 0.0 ], [ 53.360017194401152, 30.708149801278878, 0.0 ], [ 53.360925261491673, 30.708129044270009, 0.0 ], [ 53.361848722069361, 30.707669756208539, 0.0 ], [ 53.362186627732783, 30.707512038672672, 0.0 ], [ 53.362599952961823, 30.707319117118821, 0.0 ], [ 53.363363431273271, 30.706829420472829, 0.0 ], [ 53.364046734462939, 30.706194649411309, 0.0 ], [ 53.364784992879542, 30.70546355822324, 0.0 ], [ 53.365082874604617, 30.704983490476209, 0.0 ], [ 53.365090560687626, 30.704969552619701, 0.0 ], [ 53.365359401681182, 30.704482051628482, 0.0 ], [ 53.365877839862968, 30.70413620809223, 0.0 ], [ 53.366348320114362, 30.703807216709819, 0.0 ], [ 53.3664498480981, 30.703767207629369, 0.0 ], [ 53.366972551652303, 30.703561227248379, 0.0 ], [ 53.367495296901552, 30.70312661509055, 0.0 ], [ 53.368390239715197, 30.70224758540639, 0.0 ], [ 53.368829194603407, 30.70152908606569, 0.0 ], [ 53.368956255882701, 30.701321105516069, 0.0 ], [ 53.369396781220708, 30.700100067715439, 0.0 ], [ 53.369821361603677, 30.699060244063649, 0.0 ], [ 53.369808979411133, 30.698512693742529, 0.0 ], [ 53.369900590359677, 30.697815699472311, 0.0 ], [ 53.370267732319391, 30.697084562228, 0.0 ], [ 53.370871183634108, 30.696420866980681, 0.0 ], [ 53.37114751123427, 30.695345351267591, 0.0 ], [ 53.371324994199753, 30.694671539090859, 0.0 ], [ 53.371366233727947, 30.694202858202079, 0.0 ], [ 53.37172438718212, 30.693395661362189, 0.0 ], [ 53.372590927553418, 30.692150178105141, 0.0 ], [ 53.372949487158948, 30.691634805937198, 0.0 ], [ 53.374134185615603, 30.69092626541515, 0.0 ], [ 53.374810919285302, 30.690939595887912, 0.0 ], [ 53.375173085257678, 30.690946729058769, 0.0 ], [ 53.37561940420396, 30.690955517918169, 0.0 ], [ 53.376658418104682, 30.691606663194101, 0.0 ], [ 53.376734407259917, 30.691674038856998, 0.0 ], [ 53.377723848516929, 30.69255131059624, 0.0 ], [ 53.378500950920547, 30.69291606822215, 0.0 ], [ 53.379365734493149, 30.693174291659538, 0.0 ], [ 53.381061074817602, 30.693486489590249, 0.0 ], [ 53.381313344875842, 30.69350288381019, 0.0 ], [ 53.382229045057002, 30.693562388904919, 0.0 ], [ 53.382886232683987, 30.693807104041799, 0.0 ], [ 53.383469484451481, 30.694002122557858, 0.0 ], [ 53.384370097903457, 30.694150418580719, 0.0 ], [ 53.385430385295699, 30.694264190063549, 0.0 ], [ 53.386131216324792, 30.694309713881701, 0.0 ], [ 53.386909929902927, 30.694360292502999, 0.0 ], [ 53.38750695232379, 30.694399067570671, 0.0 ], [ 53.388424622051318, 30.69441163760429, 0.0 ], [ 53.389003895464313, 30.694585572139101, 0.0 ], [ 53.389475347514349, 30.694633215495521, 0.0 ], [ 53.390198509532141, 30.694748319174831, 0.0 ], [ 53.390354495599162, 30.694847907066681, 0.0 ], [ 53.39055506503562, 30.694975958492108, 0.0 ], [ 53.391131360924923, 30.695183775199229, 0.0 ], [ 53.391798380222632, 30.695261145588368, 0.0 ], [ 53.392330433275283, 30.695295672543619, 0.0 ], [ 53.392934245146833, 30.695641601853819, 0.0 ], [ 53.393483031706019, 30.695711294196151, 0.0 ], [ 53.393839222236132, 30.695717364445581, 0.0 ], [ 53.394353058012577, 30.695733662404962, 0.0 ], [ 53.394747173883921, 30.695759233236849, 0.0 ], [ 53.395465883257813, 30.69592515374158, 0.0 ], [ 53.395719086463693, 30.695975663246049, 0.0 ], [ 53.396520025688837, 30.696027624123289, 0.0 ], [ 53.396704385435029, 30.69603958369985, 0.0 ], [ 53.397467303878692, 30.695475576762661, 0.0 ], [ 53.399897963383239, 30.695066672762518, 0.0 ], [ 53.400305891452561, 30.694998043337179, 0.0 ], [ 53.401264339166673, 30.694398156015481, 0.0 ], [ 53.401455307651297, 30.694225171262602, 0.0 ], [ 53.401995563344997, 30.693735788575939, 0.0 ], [ 53.403186836918671, 30.693039898193032, 0.0 ], [ 53.404772218289303, 30.691949887457959, 0.0 ], [ 53.405470412258943, 30.69131041502807, 0.0 ], [ 53.406523704387368, 30.690428906148849, 0.0 ], [ 53.406714905111137, 30.689712419826499, 0.0 ], [ 53.407255959698873, 30.689106948408298, 0.0 ], [ 53.407483364292993, 30.688856636549421, 0.0 ], [ 53.408250409869687, 30.688309978951271, 0.0 ], [ 53.40887628164505, 30.687908783431791, 0.0 ], [ 53.409566687273362, 30.687357155409959, 0.0 ], [ 53.410310621129398, 30.687074035749848, 0.0 ], [ 53.411838009547061, 30.686642862849592, 0.0 ], [ 53.41295539077057, 30.686494341492729, 0.0 ], [ 53.413921459931707, 30.686313927674171, 0.0 ], [ 53.415322232804847, 30.686448769847949, 0.0 ], [ 53.415929942766162, 30.686841492195722, 0.0 ], [ 53.416819141028668, 30.687539554438452, 0.0 ], [ 53.417735261987957, 30.68793013384143, 0.0 ], [ 53.418822486341377, 30.688420124013941, 0.0 ], [ 53.419356899364061, 30.68847678125352, 0.0 ], [ 53.419909171286058, 30.688622939445949, 0.0 ], [ 53.420490830103532, 30.688726821826972, 0.0 ], [ 53.421078258000847, 30.68876481365821, 0.0 ], [ 53.422127346064833, 30.688810569103921, 0.0 ], [ 53.423221772326968, 30.688925508219992, 0.0 ], [ 53.424125906139913, 30.689160659439359, 0.0 ], [ 53.424648527847943, 30.689391819856571, 0.0 ], [ 53.425123664961987, 30.689501936042419, 0.0 ], [ 53.425860966368923, 30.690045862733189, 0.0 ], [ 53.426010251360402, 30.689658494020641, 0.0 ], [ 53.425620195511833, 30.688839251858369, 0.0 ], [ 53.425428785166133, 30.687596136812189, 0.0 ], [ 53.425143150869118, 30.68690275077736, 0.0 ], [ 53.425027341078561, 30.68637914760442, 0.0 ], [ 53.425054428612853, 30.685805230015649, 0.0 ], [ 53.424994404939021, 30.68533324833351, 0.0 ], [ 53.425171972396562, 30.684002361956171, 0.0 ], [ 53.425218423623669, 30.68307487929598, 0.0 ], [ 53.4248643729576, 30.682331209987961, 0.0 ], [ 53.424723826470156, 30.681884506925819, 0.0 ], [ 53.424965065636158, 30.68117932419641, 0.0 ], [ 53.424741939293071, 30.680650053984468, 0.0 ], [ 53.4247703496981, 30.679982594344111, 0.0 ], [ 53.424896645664468, 30.67922130854512, 0.0 ], [ 53.425070994935687, 30.678254325808911, 0.0 ], [ 53.425542970277263, 30.677306594216549, 0.0 ], [ 53.426058789985362, 30.676541907274061, 0.0 ], [ 53.426314118552007, 30.676017816037849, 0.0 ], [ 53.426727204435963, 30.67540095463341, 0.0 ], [ 53.427414851506242, 30.674724615711309, 0.0 ], [ 53.428008724324478, 30.67409370324587, 0.0 ], [ 53.428906908583173, 30.673405232967571, 0.0 ], [ 53.429380165044272, 30.67312691370249, 0.0 ], [ 53.429525353998812, 30.672492748079758, 0.0 ], [ 53.429880410011002, 30.6715117601928, 0.0 ], [ 53.429854429535752, 30.671123952664189, 0.0 ], [ 53.429751890310953, 30.670242101958891, 0.0 ], [ 53.429359150069907, 30.669598913181328, 0.0 ], [ 53.429412814102207, 30.668984572253041, 0.0 ], [ 53.429500709771951, 30.66832095810808, 0.0 ], [ 53.42996360789494, 30.667475639324149, 0.0 ], [ 53.431288128426438, 30.66601668566663, 0.0 ], [ 53.43179417758725, 30.665019671489731, 0.0 ], [ 53.432778600289133, 30.66402780562537, 0.0 ], [ 53.433456242428569, 30.663429247603421, 0.0 ], [ 53.433775686556316, 30.662875816681812, 0.0 ], [ 53.434353407732097, 30.661513863991541, 0.0 ], [ 53.435106842194038, 30.66028884788771, 0.0 ], [ 53.435671494029322, 30.65955393712051, 0.0 ], [ 53.436550806365346, 30.659036676694701, 0.0 ], [ 53.437580994281362, 30.658224188657169, 0.0 ], [ 53.437950145816153, 30.657817486199939, 0.0 ], [ 53.438119707416341, 30.657308200744289, 0.0 ], [ 53.438496135321827, 30.65657905926437, 0.0 ], [ 53.439121400641348, 30.655865976529391, 0.0 ], [ 53.439903767066362, 30.6547862946381, 0.0 ], [ 53.44118276206035, 30.653989795253811, 0.0 ], [ 53.443109614491917, 30.65162732609847, 0.0 ], [ 53.444206725537931, 30.650547659409899, 0.0 ], [ 53.445004604608982, 30.64961302607777, 0.0 ], [ 53.445185064701143, 30.648638541864241, 0.0 ], [ 53.445464065609073, 30.647629320241251, 0.0 ], [ 53.445435543434037, 30.646312615789579, 0.0 ], [ 53.445246739754957, 30.64519099960042, 0.0 ], [ 53.445164775367559, 30.64422466756902, 0.0 ], [ 53.445029377919909, 30.643762447901128, 0.0 ], [ 53.445072194838723, 30.64246522842161, 0.0 ], [ 53.444744620513248, 30.641385976373961, 0.0 ], [ 53.444305233258873, 30.640783219514852, 0.0 ], [ 53.444228368723017, 30.640052695312878, 0.0 ], [ 53.444526245969641, 30.63986029439441, 0.0 ], [ 53.446394708348862, 30.63898320832795, 0.0 ], [ 53.448567101828289, 30.63824663378827, 0.0 ], [ 53.450287920931217, 30.638659931565311, 0.0 ], [ 53.451540534190023, 30.638801165906852, 0.0 ], [ 53.452217493055898, 30.638693656173341, 0.0 ], [ 53.453659613426339, 30.638272691056091, 0.0 ], [ 53.454215131646237, 30.637945721486471, 0.0 ], [ 53.455458072454761, 30.637390967843249, 0.0 ], [ 53.456671303497828, 30.636773821234119, 0.0 ], [ 53.457637057089173, 30.63637458945572, 0.0 ], [ 53.4587533867494, 30.635597375563751, 0.0 ], [ 53.460463047354288, 30.634380775111769, 0.0 ], [ 53.462390369673869, 30.63349659139153, 0.0 ], [ 53.465393991524543, 30.63300004755045, 0.0 ], [ 53.467566386416323, 30.6321316298238, 0.0 ], [ 53.470036129757119, 30.631388455452839, 0.0 ], [ 53.470926790789044, 30.631074315795551, 0.0 ], [ 53.472396866919922, 30.630479072401808, 0.0 ], [ 53.474309909622121, 30.629753127542671, 0.0 ], [ 53.476077337413209, 30.62928310627224, 0.0 ], [ 53.477183941517239, 30.628611413129381, 0.0 ], [ 53.479469337565448, 30.627856303352349, 0.0 ], [ 53.481609142850637, 30.627357102427389, 0.0 ], [ 53.482824558322562, 30.62685154597305, 0.0 ], [ 53.484383166137732, 30.62594355592239, 0.0 ], [ 53.485832837051831, 30.624869376666439, 0.0 ], [ 53.489210745850833, 30.62360062568661, 0.0 ], [ 53.495177341402218, 30.622687657628809, 0.0 ], [ 53.497135583447182, 30.62187008416884, 0.0 ], [ 53.499845448311561, 30.620105234347431, 0.0 ], [ 53.501559389681667, 30.618590938259111, 0.0 ], [ 53.508775959501079, 30.61464675065767, 0.0 ], [ 53.509564791665142, 30.6145627297944, 0.0 ], [ 53.510320527527838, 30.614409330728591, 0.0 ], [ 53.511577756692489, 30.61455705159597, 0.0 ], [ 53.513022194781669, 30.614346832339209, 0.0 ], [ 53.51431050706644, 30.613908035471489, 0.0 ], [ 53.516453688472232, 30.61352391995425, 0.0 ], [ 53.518396755355063, 30.613194233451431, 0.0 ], [ 53.521183920525161, 30.612817606200132, 0.0 ], [ 53.523079516488032, 30.612501137902239, 0.0 ], [ 53.524271344860907, 30.61217666263035, 0.0 ], [ 53.526365075205213, 30.612190256276438, 0.0 ], [ 53.528047395449597, 30.6115765551721, 0.0 ], [ 53.530880510500438, 30.61003466675372, 0.0 ], [ 53.531967654517331, 30.61038453342719, 0.0 ], [ 53.534370827200981, 30.610391290316961, 0.0 ], [ 53.537288607780809, 30.609983975894529, 0.0 ], [ 53.54043231819719, 30.609860667071981, 0.0 ], [ 53.542606546231767, 30.60935205844844, 0.0 ], [ 53.545731439700802, 30.60944320486206, 0.0 ], [ 53.548364685687503, 30.608694205735819, 0.0 ], [ 53.552645418628892, 30.60772656759276, 0.0 ], [ 53.565813546939047, 30.60513286425342, 0.0 ], [ 53.568573028856221, 30.604080396992678, 0.0 ], [ 53.571960917353763, 30.601602287358102, 0.0 ], [ 53.576714227423352, 30.59715122982027, 0.0 ], [ 53.582335840468552, 30.59295187658493, 0.0 ], [ 53.584856125794701, 30.591374359977909, 0.0 ], [ 53.586407563379701, 30.589682744802051, 0.0 ], [ 53.58593710052147, 30.585177916906179, 0.0 ], [ 53.585902579173172, 30.58343844030945, 0.0 ], [ 53.585785396353359, 30.58063288742181, 0.0 ], [ 53.585669283582213, 30.579021312318801, 0.0 ], [ 53.585693296278677, 30.5767623745263, 0.0 ], [ 53.58534931995321, 30.574844677930621, 0.0 ], [ 53.58450265748472, 30.571874218495871, 0.0 ], [ 53.582967055590991, 30.570026693086891, 0.0 ], [ 53.582133674659971, 30.56887999490856, 0.0 ], [ 53.580610566612613, 30.566887360878781, 0.0 ], [ 53.580229426682152, 30.56540474578501, 0.0 ], [ 53.579710896696398, 30.563548777818731, 0.0 ], [ 53.579360828678823, 30.56170348173044, 0.0 ], [ 53.578043540926792, 30.559286212941821, 0.0 ], [ 53.582105751605539, 30.561294468166459, 0.0 ], [ 53.585587355580181, 30.5621718270801, 0.0 ], [ 53.59022335735537, 30.563413971631121, 0.0 ], [ 53.597364196089487, 30.564085423398868, 0.0 ], [ 53.602586596153849, 30.56441617971009, 0.0 ], [ 53.607910683883013, 30.564698975794919, 0.0 ], [ 53.627355155268802, 30.569299405765559, 0.0 ], [ 53.632714424707672, 30.570281025999542, 0.0 ], [ 53.63896122518436, 30.570859050955921, 0.0 ], [ 53.643765728537367, 30.572080644002359, 0.0 ], [ 53.648034157739218, 30.57207411144195, 0.0 ], [ 53.653741557255657, 30.572709155062761, 0.0 ], [ 53.661842946412143, 30.57404558695519, 0.0 ], [ 53.664480367292988, 30.574395119258771, 0.0 ], [ 53.66972421274393, 30.575459445386802, 0.0 ], [ 53.67304252824043, 30.576586330948381, 0.0 ], [ 53.676135391007968, 30.576596802316079, 0.0 ], [ 53.680626716467991, 30.57899110057425, 0.0 ], [ 53.684331146625702, 30.580601124225691, 0.0 ], [ 53.688110983910221, 30.582583162180729, 0.0 ], [ 53.69112695088419, 30.58350692866448, 0.0 ], [ 53.693930772429212, 30.584417348054199, 0.0 ], [ 53.695194760881307, 30.58587423777043, 0.0 ], [ 53.696169365876578, 30.588231502550279, 0.0 ], [ 53.698765268779702, 30.591608830463208, 0.0 ], [ 53.701172319096159, 30.594698834483111, 0.0 ], [ 53.701690136597882, 30.598681053991861, 0.0 ], [ 53.703088261191098, 30.602351121561149, 0.0 ], [ 53.704169744989493, 30.60471542006524, 0.0 ], [ 53.70527283271629, 30.608091704052711, 0.0 ], [ 53.706511471138363, 30.611104254128151, 0.0 ], [ 53.706712397910621, 30.61378059953045, 0.0 ], [ 53.707506054299522, 30.615759111687559, 0.0 ], [ 53.708149100560433, 30.616993379355069, 0.0 ], [ 53.709018213709683, 30.619344012947199, 0.0 ], [ 53.70997223184925, 30.62068955821573, 0.0 ], [ 53.709970487507583, 30.62197540587719, 0.0 ], [ 53.709468583142034, 30.622862589748959, 0.0 ], [ 53.708692598371549, 30.624467471868439, 0.0 ], [ 53.710299354847017, 30.625670118112229, 0.0 ], [ 53.711193563969729, 30.626460825803591, 0.0 ], [ 53.712344803048282, 30.62800243863207, 0.0 ], [ 53.713519230765193, 30.62926994437699, 0.0 ], [ 53.714244159344638, 30.63207096287022, 0.0 ], [ 53.714277965283003, 30.635471867189938, 0.0 ], [ 53.713712965212324, 30.638376103531719, 0.0 ], [ 53.71335336831833, 30.640220928637589, 0.0 ], [ 53.711250152707699, 30.643784966826772, 0.0 ], [ 53.70864562286858, 30.646721562044561, 0.0 ], [ 53.706740574572393, 30.649582424550701, 0.0 ], [ 53.703592310818813, 30.654034100239372, 0.0 ], [ 53.69998042682856, 30.659052418778529, 0.0 ], [ 53.697865155043949, 30.664402466339141, 0.0 ], [ 53.692446223701658, 30.67276347501814, 0.0 ], [ 53.69031325716135, 30.676682079271149, 0.0 ], [ 53.688290442031992, 30.67929654587132, 0.0 ], [ 53.687380647938006, 30.681861641021008, 0.0 ], [ 53.68733822245752, 30.684004429810621, 0.0 ], [ 53.685591078598527, 30.686636273334251, 0.0 ], [ 53.680449195483241, 30.695934706757878, 0.0 ], [ 53.674932196158537, 30.70479917267139, 0.0 ], [ 53.669565961737192, 30.714694741241068, 0.0 ], [ 53.664893401954217, 30.724837125022301, 0.0 ], [ 53.656524169408513, 30.73924761474321, 0.0 ], [ 53.652579829855327, 30.74922949785752, 0.0 ], [ 53.647150059673422, 30.75707176291267, 0.0 ], [ 53.644578271094332, 30.760685801270849, 0.0 ], [ 53.642421218415009, 30.76487729914216, 0.0 ], [ 53.638094235347438, 30.773413176127349, 0.0 ], [ 53.63387244220344, 30.780718707907639, 0.0 ], [ 53.630939033496617, 30.783469710655879, 0.0 ], [ 53.623200806104478, 30.78560887223319, 0.0 ], [ 53.617470514952018, 30.787410559813321, 0.0 ], [ 53.618668739687813, 30.794438380233132, 0.0 ], [ 53.603956021174227, 30.800306990982889, 0.0 ], [ 53.584947215766952, 30.808770281652251, 0.0 ], [ 53.577461263960579, 30.81214232584237, 0.0 ], [ 53.569396069847301, 30.815943084653011, 0.0 ], [ 53.560491477054903, 30.82003940093043, 0.0 ], [ 53.535968881512979, 30.8289676219411, 0.0 ], [ 53.528754850650941, 30.829206878207739, 0.0 ], [ 53.520491353495913, 30.82902922312417, 0.0 ], [ 53.511712892523413, 30.829553994673109, 0.0 ], [ 53.505823149691487, 30.829642753247111, 0.0 ], [ 53.501644229117034, 30.82964133017218, 0.0 ], [ 53.495157966178311, 30.830158481196701, 0.0 ], [ 53.494709010081927, 30.83019426488443, 0.0 ], [ 53.49043877580651, 30.831249748748139, 0.0 ], [ 53.489941708551363, 30.831374484322929, 0.0 ], [ 53.487294304958013, 30.832038792042169, 0.0 ], [ 53.486641751494581, 30.832202526698161, 0.0 ], [ 53.486203167938307, 30.832392056704851, 0.0 ], [ 53.480775842320227, 30.834737252879108, 0.0 ], [ 53.479294167568817, 30.835269725299341, 0.0 ], [ 53.478341170024059, 30.835612193240468, 0.0 ], [ 53.476828666736239, 30.836471904809638, 0.0 ], [ 53.47653665105021, 30.83663788399004, 0.0 ], [ 53.472141015494032, 30.83885952794229, 0.0 ], [ 53.465715709840971, 30.841637664260681, 0.0 ], [ 53.4630385871044, 30.842995158127039, 0.0 ], [ 53.458834241440272, 30.844782690350161, 0.0 ], [ 53.457011655306573, 30.845588056294378, 0.0 ], [ 53.456327968986969, 30.84585973666929, 0.0 ], [ 53.454276854583568, 30.846674768695081, 0.0 ], [ 53.453565446172377, 30.847023431434039, 0.0 ], [ 53.451582052442014, 30.847995462993801, 0.0 ], [ 53.450617917886703, 30.848252585839582, 0.0 ], [ 53.450418333184857, 30.848305811346702, 0.0 ], [ 53.44986833390054, 30.848557104171611, 0.0 ], [ 53.448299914132477, 30.84927368890612, 0.0 ], [ 53.444375493328593, 30.850715818925359, 0.0 ], [ 53.44224528534766, 30.851477344988972, 0.0 ], [ 53.44137164770715, 30.85154947130793, 0.0 ], [ 53.43957946210579, 30.851589346438359, 0.0 ], [ 53.43745955284993, 30.850937292544572, 0.0 ], [ 53.435555244818353, 30.850395753448801, 0.0 ], [ 53.433776964823572, 30.84970120094313, 0.0 ], [ 53.43235142684275, 30.848836030598481, 0.0 ], [ 53.430323208304067, 30.84799642147841, 0.0 ], [ 53.428577628241413, 30.84778719526814, 0.0 ], [ 53.426814696045227, 30.848212942719229, 0.0 ], [ 53.423901294852023, 30.848828382907119, 0.0 ], [ 53.419707326532382, 30.84922729031187, 0.0 ], [ 53.4170451155506, 30.849627663888882, 0.0 ], [ 53.410252690148582, 30.85067203721654, 0.0 ], [ 53.407427877472742, 30.85103272014387, 0.0 ], [ 53.402961756767994, 30.851761377146961, 0.0 ], [ 53.402823284086473, 30.85178396626106, 0.0 ], [ 53.402779109286811, 30.851798227463838, 0.0 ], [ 53.399971318946577, 30.852704637291598, 0.0 ], [ 53.397924988379508, 30.853302182053149, 0.0 ], [ 53.396439419529287, 30.853735955059062, 0.0 ], [ 53.395402838497724, 30.854038616210719, 0.0 ], [ 53.392330432487562, 30.854982345376499, 0.0 ], [ 53.390129896479699, 30.85543927223133, 0.0 ], [ 53.388533862309522, 30.855361561862349, 0.0 ], [ 53.386836691261742, 30.8552515078777, 0.0 ], [ 53.385056976506569, 30.85505896942524, 0.0 ], [ 53.383022829852969, 30.854695679885548, 0.0 ], [ 53.381057822023479, 30.854568190482521, 0.0 ], [ 53.378617686056323, 30.853715836215908, 0.0 ], [ 53.378086979905213, 30.8531082541441, 0.0 ], [ 53.378046469119923, 30.853061874083501, 0.0 ], [ 53.377897453703838, 30.8530404256956, 0.0 ], [ 53.376204776186327, 30.85279678106593, 0.0 ], [ 53.375119403679811, 30.852640539752279, 0.0 ], [ 53.373184381500486, 30.852744533882511, 0.0 ], [ 53.371870457307203, 30.85281513150677, 0.0 ], [ 53.36655923055072, 30.85193034226274, 0.0 ], [ 53.359741401810631, 30.849920249467289, 0.0 ], [ 53.356761172941937, 30.84894648876498, 0.0 ], [ 53.351547758480812, 30.847112390542879, 0.0 ], [ 53.349589968888999, 30.846562486505729, 0.0 ], [ 53.348202982760142, 30.846407201702, 0.0 ], [ 53.347122812346143, 30.846206881524552, 0.0 ], [ 53.345596628384293, 30.845912508157269, 0.0 ], [ 53.344474548184373, 30.845302977990851, 0.0 ], [ 53.343399787839331, 30.844865277425381, 0.0 ], [ 53.34181938457192, 30.84336533661634, 0.0 ], [ 53.339242018589523, 30.840550614961789, 0.0 ], [ 53.337032516582369, 30.838421580428719, 0.0 ], [ 53.333147851631367, 30.835717957343579, 0.0 ], [ 53.331267886329741, 30.8342723624976, 0.0 ], [ 53.329712478642293, 30.832326840219238, 0.0 ], [ 53.327302947686292, 30.829483772559779, 0.0 ], [ 53.324433595574178, 30.82709171413596, 0.0 ], [ 53.322193107664582, 30.824981193184119, 0.0 ], [ 53.320142437834107, 30.823364058576342, 0.0 ], [ 53.318831374161412, 30.82235641489644, 0.0 ], [ 53.317259562817412, 30.821131274271131, 0.0 ], [ 53.316348585305633, 30.820350164995151, 0.0 ], [ 53.315330668941343, 30.81972240204664, 0.0 ], [ 53.315541959520701, 30.820497876018521, 0.0 ], [ 53.315428391257782, 30.821252106433761, 0.0 ], [ 53.315455833469649, 30.823213116468121, 0.0 ], [ 53.315534288521192, 30.82391149558962, 0.0 ], [ 53.315905902599653, 30.825261991993798, 0.0 ], [ 53.315899326142826, 30.826919295082849, 0.0 ], [ 53.316289923926512, 30.82845184378067, 0.0 ], [ 53.316591431946662, 30.829405897980561, 0.0 ], [ 53.316767359199353, 30.83098468380447, 0.0 ], [ 53.316908402752581, 30.832561191404618, 0.0 ], [ 53.316514968632298, 30.833831499881189, 0.0 ], [ 53.315922754690973, 30.83496825300394, 0.0 ], [ 53.315687509778222, 30.836037932283251, 0.0 ], [ 53.315589210439043, 30.837146715740499, 0.0 ], [ 53.315459032653209, 30.838615124660478, 0.0 ], [ 53.315468100506124, 30.839700821261019, 0.0 ], [ 53.31562268180064, 30.841122875643311, 0.0 ], [ 53.315326277389303, 30.842881764627649, 0.0 ], [ 53.315196420865007, 30.844741967067691, 0.0 ], [ 53.315018021279514, 30.846357887523862, 0.0 ], [ 53.314468954015688, 30.84779888212698, 0.0 ], [ 53.31369987322136, 30.84939754325546, 0.0 ], [ 53.313246478941679, 30.850457864490071, 0.0 ], [ 53.312747260750257, 30.851494620483638, 0.0 ], [ 53.312326746172658, 30.852454259038989, 0.0 ], [ 53.312424301532367, 30.85297477502813, 0.0 ], [ 53.312600805788222, 30.853685546320119, 0.0 ], [ 53.312669346992408, 30.854533220563201, 0.0 ], [ 53.31256247415287, 30.855197509874959, 0.0 ], [ 53.312467664464542, 30.85572601235609, 0.0 ], [ 53.312532326493617, 30.85634720247096, 0.0 ], [ 53.312192073379578, 30.856941916432721, 0.0 ], [ 53.311721609419628, 30.857384154842251, 0.0 ], [ 53.311155868583022, 30.857820160183561, 0.0 ], [ 53.310980526706793, 30.858446217988838, 0.0 ], [ 53.310862355114281, 30.85950788828767, 0.0 ], [ 53.311104870738227, 30.860284671584122, 0.0 ], [ 53.310556822862139, 30.862411914549579, 0.0 ], [ 53.310436379016437, 30.863768927827198, 0.0 ], [ 53.309964385216837, 30.865465621202961, 0.0 ], [ 53.309615257483507, 30.866640679284391, 0.0 ], [ 53.309400585304843, 30.867404223214599, 0.0 ], [ 53.30882251384039, 30.86877812705497, 0.0 ], [ 53.308527507121653, 30.870147828924821, 0.0 ], [ 53.307848315123131, 30.871938847835601, 0.0 ], [ 53.307306985908838, 30.87478058807476, 0.0 ], [ 53.307246198898333, 30.87611596879265, 0.0 ], [ 53.307200144945917, 30.87923812708642, 0.0 ], [ 53.307313365880589, 30.88364339100368, 0.0 ], [ 53.307208743777252, 30.884544268978139, 0.0 ], [ 53.306908256017891, 30.88515790535936, 0.0 ], [ 53.306124900742212, 30.886499894216119, 0.0 ], [ 53.305142161541788, 30.887871041694918, 0.0 ], [ 53.304212268666767, 30.889477838398889, 0.0 ], [ 53.303799024717947, 30.89025295527334, 0.0 ], [ 53.303494790333943, 30.89090855052974, 0.0 ], [ 53.303053134362507, 30.891449606837181, 0.0 ], [ 53.302506400102693, 30.892342653721101, 0.0 ], [ 53.301210320584623, 30.893918930134969, 0.0 ], [ 53.300486283218831, 30.89481376197736, 0.0 ], [ 53.298126301000273, 30.897731665560549, 0.0 ], [ 53.297004421527582, 30.898805224910411, 0.0 ], [ 53.296116222591067, 30.899935044198578, 0.0 ], [ 53.294773828495821, 30.90107193665467, 0.0 ], [ 53.294389033074211, 30.901640748174518, 0.0 ], [ 53.293163070794279, 30.902809906907631, 0.0 ], [ 53.292369720849273, 30.903945933477878, 0.0 ], [ 53.291088995424232, 30.905193392431858, 0.0 ], [ 53.289808228501627, 30.906440835760289, 0.0 ], [ 53.287905476586481, 30.90854076598464, 0.0 ], [ 53.285696557540213, 30.91068429811255, 0.0 ], [ 53.284656365720288, 30.911763537422949, 0.0 ], [ 53.283144307149783, 30.913723066903231, 0.0 ], [ 53.281794322958497, 30.915187034091272, 0.0 ], [ 53.279625115039053, 30.917426315467551, 0.0 ], [ 53.27732836298155, 30.92030616441647, 0.0 ], [ 53.274564248161717, 30.923686539622619, 0.0 ], [ 53.273072520639538, 30.92586403807648, 0.0 ], [ 53.270134996353718, 30.92938096916464, 0.0 ], [ 53.267984086439938, 30.931836532895989, 0.0 ], [ 53.266505165478677, 30.933223294026401, 0.0 ], [ 53.265590167703458, 30.934262189626271, 0.0 ], [ 53.264152789874572, 30.935503376258382, 0.0 ], [ 53.263354695831516, 30.93604453529009, 0.0 ], [ 53.262239283163296, 30.937232604817719, 0.0 ], [ 53.260795349709333, 30.938547446127711, 0.0 ], [ 53.260191348520912, 30.939175510597661, 0.0 ], [ 53.259929265971842, 30.940172295540251, 0.0 ], [ 53.25916654142668, 30.940963040337571, 0.0 ], [ 53.257548481792199, 30.942612621698441, 0.0 ], [ 53.255343250329481, 30.944791041321611, 0.0 ], [ 53.254354736209933, 30.945463261460361, 0.0 ], [ 53.251777805892189, 30.94828369966935, 0.0 ], [ 53.250699616946697, 30.949542078150479, 0.0 ], [ 53.249471787560857, 30.950768800426161, 0.0 ], [ 53.248360566049172, 30.9521121477541, 0.0 ], [ 53.247408595709061, 30.9530955086604, 0.0 ], [ 53.245935846826022, 30.954218920835011, 0.0 ], [ 53.243880475160552, 30.956619819548571, 0.0 ], [ 53.242907377552342, 30.95747802741802, 0.0 ], [ 53.24142375412238, 30.95903275445113, 0.0 ], [ 53.239078886169658, 30.961520247878848, 0.0 ], [ 53.235801734028563, 30.965039154123801, 0.0 ], [ 53.233359254110042, 30.967019483117991, 0.0 ], [ 53.23136081512051, 30.969228286867619, 0.0 ], [ 53.229477748162672, 30.971444727939659, 0.0 ], [ 53.227217053898883, 30.972690053859079, 0.0 ], [ 53.225798614185109, 30.974196202276229, 0.0 ], [ 53.224805313954718, 30.97516667448194, 0.0 ], [ 53.223172870785803, 30.976526634499422, 0.0 ], [ 53.221532690299767, 30.977972431030722, 0.0 ], [ 53.217228156505293, 30.982646357786429, 0.0 ], [ 53.215749900007992, 30.98345241322107, 0.0 ], [ 53.214285003443258, 30.986066878141859, 0.0 ], [ 53.211758414505269, 30.988761742771992, 0.0 ], [ 53.209876785350502, 30.992101788961818, 0.0 ], [ 53.203761339137273, 30.999530046955769, 0.0 ], [ 53.201839281095992, 31.001361075139521, 0.0 ], [ 53.191876414292253, 31.007939317472619, 0.0 ], [ 53.184575923252872, 31.011202920764479, 0.0 ], [ 53.18306310252202, 31.011669806083241, 0.0 ], [ 53.179936191564259, 31.01291179593948, 0.0 ], [ 53.176449154419899, 31.01488581299482, 0.0 ], [ 53.170721949113457, 31.01716079236634, 0.0 ], [ 53.16973134874884, 31.017692012997951, 0.0 ], [ 53.167640317717193, 31.019063151827218, 0.0 ], [ 53.16612621996142, 31.019945819832792, 0.0 ], [ 53.164979044659347, 31.020396340732699, 0.0 ], [ 53.163643697084673, 31.02111526115905, 0.0 ], [ 53.160358880475883, 31.022547338795079, 0.0 ], [ 53.154886221545652, 31.025062835183672, 0.0 ], [ 53.149946886650078, 31.028469398248021, 0.0 ], [ 53.148480379449282, 31.02898022681979, 0.0 ], [ 53.146734896115092, 31.029211744724279, 0.0 ], [ 53.144253338430552, 31.028612080910069, 0.0 ], [ 53.141398901672467, 31.028769706043182, 0.0 ], [ 53.139203271145043, 31.02949256202557, 0.0 ], [ 53.136286263321992, 31.030341114350168, 0.0 ], [ 53.131773112173029, 31.029779631735849, 0.0 ], [ 53.130516300867477, 31.030217263254482, 0.0 ], [ 53.129599973359809, 31.031372807013359, 0.0 ] ] ] } },
{ "type": "Feature", "properties": { "Name": "منطقه شکار ممنوع کوه دراء", "description": null, "timestamp": null, "begin": null, "end": null, "altitudeMode": null, "tessellate": -1, "extrude": 0, "visibility": -1, "drawOrder": null, "icon": null }, "geometry": { "type": "Polygon", "coordinates": [ [ [ 51.161644934198719, 30.08339158248188, 0.0 ], [ 51.159581524064613, 30.083114773797739, 0.0 ], [ 51.157808808081441, 30.083169495318462, 0.0 ], [ 51.156386714768892, 30.082278667649511, 0.0 ], [ 51.154612921568692, 30.08240635627946, 0.0 ], [ 51.152534596149323, 30.0831880043763, 0.0 ], [ 51.149721039359733, 30.08231987975563, 0.0 ], [ 51.147067296415777, 30.081956623539689, 0.0 ], [ 51.145632709825897, 30.081558186267511, 0.0 ], [ 51.146040384619752, 30.080124669151662, 0.0 ], [ 51.145287102096113, 30.078535233128221, 0.0 ], [ 51.144434483320637, 30.0761300459986, 0.0 ], [ 51.140896820165857, 30.07168392552553, 0.0 ], [ 51.140742793213747, 30.07081966530091, 0.0 ], [ 51.141723545695541, 30.067969784950279, 0.0 ], [ 51.14202304261768, 30.066712108232469, 0.0 ], [ 51.142361583960522, 30.06602425615305, 0.0 ], [ 51.143405476922347, 30.06530314929087, 0.0 ], [ 51.142763545197781, 30.064157634286701, 0.0 ], [ 51.141697086339391, 30.063129686067349, 0.0 ], [ 51.14063237674295, 30.061979760838359, 0.0 ], [ 51.140412246788117, 30.060920060728769, 0.0 ], [ 51.140056303884052, 30.059492929964009, 0.0 ], [ 51.139568551159599, 30.057413746767399, 0.0 ], [ 51.138640357990397, 30.05659064380497, 0.0 ], [ 51.13884252248846, 30.055576083423901, 0.0 ], [ 51.138341726108933, 30.054432136641239, 0.0 ], [ 51.137647901898013, 30.0536521666765, 0.0 ], [ 51.137188404074863, 30.052915325088719, 0.0 ], [ 51.136541579677782, 30.052135844209879, 0.0 ], [ 51.135902197373632, 30.05082776047227, 0.0 ], [ 51.135104181702012, 30.050778692359099, 0.0 ], [ 51.134244891094141, 30.05174565792128, 0.0 ], [ 51.133585510346222, 30.05186070889426, 0.0 ], [ 51.133492130611202, 30.051819057148329, 0.0 ], [ 51.132691821776469, 30.051932617684471, 0.0 ], [ 51.131846253258423, 30.051923693625501, 0.0 ], [ 51.130907879249932, 30.051832448159828, 0.0 ], [ 51.130437545274283, 30.051868144525141, 0.0 ], [ 51.129599433564373, 30.051330607624148, 0.0 ], [ 51.12885470562469, 30.050834718628838, 0.0 ], [ 51.128344285673947, 30.050381971524509, 0.0 ], [ 51.12787338015621, 30.050458319295299, 0.0 ], [ 51.12750331604569, 30.050047722206049, 0.0 ], [ 51.126945351584702, 30.04963512972471, 0.0 ], [ 51.126759172519492, 30.049511151589751, 0.0 ], [ 51.125551021906617, 30.048562965691229, 0.0 ], [ 51.125504620815249, 30.048521804859451, 0.0 ], [ 51.125132839065742, 30.048233178186688, 0.0 ], [ 51.124429351412623, 30.048144365536849, 0.0 ], [ 51.123720106966239, 30.04846217296798, 0.0 ], [ 51.123218905627567, 30.047358785856311, 0.0 ], [ 51.121619977315177, 30.047463763814029, 0.0 ], [ 51.120638643776189, 30.047087275906708, 0.0 ], [ 51.119148927149652, 30.04696507259148, 0.0 ], [ 51.11853595757875, 30.04612521369161, 0.0 ], [ 51.117741969780283, 30.046597704395172, 0.0 ], [ 51.115388011554543, 30.04605162383065, 0.0 ], [ 51.112025973811377, 30.04477337678663, 0.0 ], [ 51.107768611256077, 30.04460762166541, 0.0 ], [ 51.10572946462905, 30.044746063338209, 0.0 ], [ 51.101369544291529, 30.045300326595662, 0.0 ], [ 51.096635404184667, 30.046130897063819, 0.0 ], [ 51.093559556319867, 30.04754028321641, 0.0 ], [ 51.091363708003811, 30.048919071665459, 0.0 ], [ 51.090525283345507, 30.04927064185382, 0.0 ], [ 51.089473411861682, 30.048377595720019, 0.0 ], [ 51.088644862865657, 30.048048003906061, 0.0 ], [ 51.085471583273574, 30.049776754865761, 0.0 ], [ 51.083097924008143, 30.05063254230344, 0.0 ], [ 51.080961366598551, 30.052329558970111, 0.0 ], [ 51.07908918622978, 30.054798916073189, 0.0 ], [ 51.075282571794432, 30.055604726110801, 0.0 ], [ 51.072142964094454, 30.05684160027285, 0.0 ], [ 51.070972167440097, 30.05706904453579, 0.0 ], [ 51.069727875707258, 30.057164126620918, 0.0 ], [ 51.068776815723851, 30.057262429901598, 0.0 ], [ 51.068032179161797, 30.057568479841429, 0.0 ], [ 51.067505785821332, 30.058227453239081, 0.0 ], [ 51.067018339230671, 30.058137467214809, 0.0 ], [ 51.066565665245662, 30.058531340721458, 0.0 ], [ 51.066113343023702, 30.058901043887222, 0.0 ], [ 51.065807588669983, 30.058800972662429, 0.0 ], [ 51.065532100695549, 30.059235611429528, 0.0 ], [ 51.065235010813012, 30.059751340262761, 0.0 ], [ 51.06475448215911, 30.06008607182072, 0.0 ], [ 51.06441972933824, 30.060350826301701, 0.0 ], [ 51.064088933019377, 30.060347168764981, 0.0 ], [ 51.063542943860263, 30.060913836384771, 0.0 ], [ 51.06313340755036, 30.060640849557348, 0.0 ], [ 51.062304303673884, 30.06077485220484, 0.0 ], [ 51.061737889943842, 30.061323393516901, 0.0 ], [ 51.061018237272947, 30.061046968032919, 0.0 ], [ 51.060536628879873, 30.061453269863851, 0.0 ], [ 51.060408343255062, 30.061738205102621, 0.0 ], [ 51.059808766431672, 30.061731563695119, 0.0 ], [ 51.05933747976546, 30.061439986381501, 0.0 ], [ 51.058817687021488, 30.061631096723008, 0.0 ], [ 51.058584956633773, 30.06198646453127, 0.0 ], [ 51.057401150950732, 30.062331292059248, 0.0 ], [ 51.05661521199481, 30.062340475938981, 0.0 ], [ 51.055958108372941, 30.062028929259849, 0.0 ], [ 51.055551243857657, 30.061576977643281, 0.0 ], [ 51.054682593525158, 30.061585235504712, 0.0 ], [ 51.054109792401107, 30.061167233579042, 0.0 ], [ 51.053790696037893, 30.060376201500681, 0.0 ], [ 51.053407975976768, 30.059691849875509, 0.0 ], [ 51.053149844173717, 30.058973089482588, 0.0 ], [ 51.053151974350953, 30.05882993523997, 0.0 ], [ 51.053561841469907, 30.05768907749961, 0.0 ], [ 51.053400961404961, 30.057383037190831, 0.0 ], [ 51.052697200307492, 30.057428894970851, 0.0 ], [ 51.05207826320963, 30.057332516799399, 0.0 ], [ 51.052231777727293, 30.05674361882242, 0.0 ], [ 51.053190555974197, 30.056235280641069, 0.0 ], [ 51.053302438205037, 30.055663820014932, 0.0 ], [ 51.053886115829243, 30.055348172920709, 0.0 ], [ 51.054287962224002, 30.054744146344149, 0.0 ], [ 51.054629900301407, 30.053996276062051, 0.0 ], [ 51.054621696530234, 30.053155015900039, 0.0 ], [ 51.054372825543687, 30.051809936011448, 0.0 ], [ 51.054175365347383, 30.051181315827058, 0.0 ], [ 51.053845906229547, 30.05108815093238, 0.0 ], [ 51.0532529940456, 30.050936775577529, 0.0 ], [ 51.052919682834613, 30.050640746395999, 0.0 ], [ 51.052305718929809, 30.05029287038337, 0.0 ], [ 51.051748395686097, 30.049921261741389, 0.0 ], [ 51.051274038268147, 30.049648013868381, 0.0 ], [ 51.051003894691881, 30.048889842639142, 0.0 ], [ 51.050500678940331, 30.048664987297759, 0.0 ], [ 51.050222927603997, 30.048418285949332, 0.0 ], [ 51.050173901076413, 30.047930536232428, 0.0 ], [ 51.049558500588482, 30.047680060510391, 0.0 ], [ 51.047021045067183, 30.045356897308739, 0.0 ], [ 51.045389731800633, 30.044717157043451, 0.0 ], [ 51.042927726000187, 30.044778121364359, 0.0 ], [ 51.040152936163103, 30.04519055947846, 0.0 ], [ 51.038211617394673, 30.044724794243528, 0.0 ], [ 51.036388801649849, 30.043195266441511, 0.0 ], [ 51.035178529089322, 30.041850212810079, 0.0 ], [ 51.033362574105702, 30.039877037606889, 0.0 ], [ 51.031438913688177, 30.038257683821101, 0.0 ], [ 51.028069637912438, 30.037331946800101, 0.0 ], [ 51.026045072886447, 30.035622698142252, 0.0 ], [ 51.024937716095387, 30.034278874688098, 0.0 ], [ 51.024461486355747, 30.03187725749299, 0.0 ], [ 51.022429111850862, 30.03070042888702, 0.0 ], [ 51.020903868341492, 30.029884344614459, 0.0 ], [ 51.019909972210527, 30.027831853771261, 0.0 ], [ 51.019938278823943, 30.025968504240112, 0.0 ], [ 51.019655094645763, 30.024367847857221, 0.0 ], [ 51.01832821326974, 30.023997741994471, 0.0 ], [ 51.016604928998937, 30.022735638845759, 0.0 ], [ 51.015495218686503, 30.021569268672831, 0.0 ], [ 51.013991862416901, 30.01933342617621, 0.0 ], [ 51.01248044064225, 30.017629942222829, 0.0 ], [ 51.011480079394289, 30.01602102871345, 0.0 ], [ 51.013555290966352, 30.0143585659488, 0.0 ], [ 51.013587781725867, 30.012228953694219, 0.0 ], [ 51.013516362920882, 30.010864953990069, 0.0 ], [ 51.011200315969504, 30.009034180855782, 0.0 ], [ 51.009656911026582, 30.00777607635456, 0.0 ], [ 51.009101352886482, 30.00720588121122, 0.0 ], [ 51.009028450890241, 30.006630901806169, 0.0 ], [ 51.008133529164397, 30.006454068019959, 0.0 ], [ 51.007148403762827, 30.00588753539558, 0.0 ], [ 51.006709027775472, 30.00527174125822, 0.0 ], [ 51.005946575144478, 30.00481880054808, 0.0 ], [ 51.005821770282672, 30.004595275700051, 0.0 ], [ 51.005317868433032, 30.00400649388871, 0.0 ], [ 51.005222988045681, 30.003922118528969, 0.0 ], [ 51.004369491535051, 30.00313497926572, 0.0 ], [ 51.002831394661349, 30.00239683464325, 0.0 ], [ 51.001537299739923, 30.001817733483151, 0.0 ], [ 51.001245455844227, 30.00102451314989, 0.0 ], [ 51.001177666954582, 29.99978252884976, 0.0 ], [ 51.001677022660559, 29.999046981484391, 0.0 ], [ 51.001794067149817, 29.99857313092896, 0.0 ], [ 51.002697146069913, 29.998273251097871, 0.0 ], [ 51.003392211051562, 29.99802005490913, 0.0 ], [ 51.00392460067966, 29.997721450840778, 0.0 ], [ 51.004166834140229, 29.997495688161749, 0.0 ], [ 51.004298490581299, 29.997105401837011, 0.0 ], [ 51.004278538409217, 29.996767788026819, 0.0 ], [ 51.003376405925657, 29.9963665626961, 0.0 ], [ 51.002423735761191, 29.996375228359572, 0.0 ], [ 51.0014133023911, 29.995715401041309, 0.0 ], [ 51.000874527699679, 29.995355633047591, 0.0 ], [ 51.000546175269712, 29.994585811457359, 0.0 ], [ 51.000394324806749, 29.994269292456149, 0.0 ], [ 51.000030879132908, 29.994001643601909, 0.0 ], [ 50.99977084278845, 29.993603462758969, 0.0 ], [ 50.999423622688937, 29.99310547955486, 0.0 ], [ 50.998931772041729, 29.992946118832641, 0.0 ], [ 50.998528458687453, 29.99279875642436, 0.0 ], [ 50.998368453830047, 29.992489546657609, 0.0 ], [ 50.998222305424072, 29.992103655561809, 0.0 ], [ 50.99803577389757, 29.991870979207551, 0.0 ], [ 50.997454205807642, 29.991776437233781, 0.0 ], [ 50.996998512490173, 29.99173823453134, 0.0 ], [ 50.996628815240072, 29.991614688432989, 0.0 ], [ 50.996421268248596, 29.991299544036892, 0.0 ], [ 50.996234676409379, 29.991003039356361, 0.0 ], [ 50.996091127151303, 29.990670241353889, 0.0 ], [ 50.995695580392272, 29.99015056228718, 0.0 ], [ 50.995110334362387, 29.989536706730359, 0.0 ], [ 50.993896990373912, 29.98802715738951, 0.0 ], [ 50.99262114093677, 29.988012366594681, 0.0 ], [ 50.990888082233582, 29.987556830248721, 0.0 ], [ 50.989393222596753, 29.986702098646902, 0.0 ], [ 50.985010694511757, 29.985800665447659, 0.0 ], [ 50.983181321728658, 29.985043262661609, 0.0 ], [ 50.980990711000722, 29.985316249454019, 0.0 ], [ 50.978117257984117, 29.98622368833917, 0.0 ], [ 50.976049348112099, 29.98681855239823, 0.0 ], [ 50.973604049758862, 29.98778038283012, 0.0 ], [ 50.970736198047987, 29.988340977673548, 0.0 ], [ 50.969456051171761, 29.98862013000128, 0.0 ], [ 50.968286343711469, 29.98896118197894, 0.0 ], [ 50.967207266083982, 29.989023162324319, 0.0 ], [ 50.966450678571583, 29.989144965718172, 0.0 ], [ 50.965590998614118, 29.988966743084241, 0.0 ], [ 50.962365787997541, 29.989096896581501, 0.0 ], [ 50.961656733426452, 29.989182001805808, 0.0 ], [ 50.960541737991619, 29.989148015082371, 0.0 ], [ 50.960409983054497, 29.9891360648367, 0.0 ], [ 50.959431022803798, 29.988843961947499, 0.0 ], [ 50.958243774914799, 29.9888298824218, 0.0 ], [ 50.957128814673823, 29.98879587583729, 0.0 ], [ 50.955891958784953, 29.988885080975841, 0.0 ], [ 50.955412262541067, 29.988879383719819, 0.0 ], [ 50.954568701832457, 29.98837069674531, 0.0 ], [ 50.954427427182523, 29.98820279621204, 0.0 ], [ 50.955423798150022, 29.987393920683122, 0.0 ], [ 50.956167652814123, 29.986623597154431, 0.0 ], [ 50.956921350419933, 29.985988440730939, 0.0 ], [ 50.957542634655752, 29.98538287328439, 0.0 ], [ 50.961030915710197, 29.982091334517449, 0.0 ], [ 50.964355790859599, 29.97921706324286, 0.0 ], [ 50.966362521636867, 29.978273441398869, 0.0 ], [ 50.970011883403053, 29.975551721037231, 0.0 ], [ 50.972947785641082, 29.973540296719879, 0.0 ], [ 50.974411416749319, 29.973165181910741, 0.0 ], [ 50.976109569885267, 29.972065002772229, 0.0 ], [ 50.977998966632761, 29.97113506018718, 0.0 ], [ 50.979421717958843, 29.970678758326759, 0.0 ], [ 50.981706242150743, 29.96980614717279, 0.0 ], [ 50.98415266094252, 29.969647342424039, 0.0 ], [ 50.984282405584672, 29.96964885515801, 0.0 ], [ 50.986187662385241, 29.969521163205719, 0.0 ], [ 50.987285763805602, 29.968447230821418, 0.0 ], [ 50.988292714439417, 29.967671994419749, 0.0 ], [ 50.989057145123702, 29.96719371007606, 0.0 ], [ 50.989500118363154, 29.96652431517343, 0.0 ], [ 50.990353445842743, 29.965711975355418, 0.0 ], [ 50.99219639779156, 29.964076983520339, 0.0 ], [ 50.993148387029237, 29.96357678690369, 0.0 ], [ 50.993290287383097, 29.96281210577235, 0.0 ], [ 50.993489808524551, 29.961854230882231, 0.0 ], [ 50.99349908013771, 29.961254219361319, 0.0 ], [ 50.993234305675912, 29.960580646589118, 0.0 ], [ 50.993014168018931, 29.960084693646412, 0.0 ], [ 50.994699680043396, 29.95911742095986, 0.0 ], [ 50.994903710450451, 29.95819876026626, 0.0 ], [ 50.99434650531434, 29.95740285741504, 0.0 ], [ 50.994661878348111, 29.956649946879001, 0.0 ], [ 50.995403451734532, 29.95534275210985, 0.0 ], [ 50.996907274979662, 29.95384695911806, 0.0 ], [ 50.997794083404109, 29.9529690096557, 0.0 ], [ 50.99867276616115, 29.952617279287541, 0.0 ], [ 50.998662400032792, 29.951737495059628, 0.0 ], [ 50.999293715592422, 29.9506142768183, 0.0 ], [ 50.999845221004961, 29.949689634350509, 0.0 ], [ 51.000514394437943, 29.94860009096455, 0.0 ], [ 51.001069989697143, 29.947409473937508, 0.0 ], [ 51.001891113307053, 29.946421411659191, 0.0 ], [ 51.002141796135582, 29.945094252047301, 0.0 ], [ 51.001799532901671, 29.94489080283147, 0.0 ], [ 51.00231165214732, 29.944032160849432, 0.0 ], [ 51.003396773823027, 29.943346351301841, 0.0 ], [ 51.004946974516649, 29.942366580166379, 0.0 ], [ 51.005972281906587, 29.94058266761386, 0.0 ], [ 51.006948489640692, 29.93949645824685, 0.0 ], [ 51.007822468625591, 29.93840201254498, 0.0 ], [ 51.009934930925553, 29.937662679986332, 0.0 ], [ 51.01542135033462, 29.93837921853202, 0.0 ], [ 51.019045145767507, 29.937683816133561, 0.0 ], [ 51.024477401971211, 29.936870628077909, 0.0 ], [ 51.032021183206659, 29.937001856778011, 0.0 ], [ 51.039442807395183, 29.93698417454593, 0.0 ], [ 51.040768292942097, 29.936402692723838, 0.0 ], [ 51.041827146869323, 29.935636685819532, 0.0 ], [ 51.043066254159939, 29.93482084215799, 0.0 ], [ 51.044186409554463, 29.933951789980249, 0.0 ], [ 51.046028034476663, 29.93285745545445, 0.0 ], [ 51.048757461343463, 29.932421322981231, 0.0 ], [ 51.050712438797859, 29.931743075783469, 0.0 ], [ 51.050832873817498, 29.931692560555948, 0.0 ], [ 51.052154571020537, 29.931344299944602, 0.0 ], [ 51.054471481602462, 29.93248518186369, 0.0 ], [ 51.054800172960583, 29.9325147748139, 0.0 ], [ 51.056791098058007, 29.93344450155222, 0.0 ], [ 51.059267621977114, 29.933912822139408, 0.0 ], [ 51.061613770775899, 29.933083113917281, 0.0 ], [ 51.061763738655927, 29.933058843105879, 0.0 ], [ 51.063227757042647, 29.933204685830621, 0.0 ], [ 51.064208140380252, 29.933682268349511, 0.0 ], [ 51.065486959054283, 29.934214996263169, 0.0 ], [ 51.066732835797943, 29.934954792850242, 0.0 ], [ 51.067566371555202, 29.93524921503084, 0.0 ], [ 51.068638138610581, 29.935624047189709, 0.0 ], [ 51.070014865309183, 29.93561326153262, 0.0 ], [ 51.07132645062218, 29.9359647787177, 0.0 ], [ 51.07171305363574, 29.936513769474679, 0.0 ], [ 51.073669734070577, 29.937753991929849, 0.0 ], [ 51.074316530151073, 29.938538984626138, 0.0 ], [ 51.076414533991411, 29.938302727989239, 0.0 ], [ 51.078185717077837, 29.937907277822269, 0.0 ], [ 51.080355662498278, 29.93684198694184, 0.0 ], [ 51.084168848888439, 29.935950137185038, 0.0 ], [ 51.087869288141981, 29.934590130540219, 0.0 ], [ 51.090064049455307, 29.93388784474698, 0.0 ], [ 51.092709340509522, 29.933139039580109, 0.0 ], [ 51.096802782309638, 29.931328260039191, 0.0 ], [ 51.098324935709641, 29.93128454963745, 0.0 ], [ 51.098849301612617, 29.9308413137481, 0.0 ], [ 51.100542993171061, 29.930130142002049, 0.0 ], [ 51.10227065768747, 29.929307088923402, 0.0 ], [ 51.10340882829427, 29.9289546213408, 0.0 ], [ 51.105616837838362, 29.9285014293093, 0.0 ], [ 51.107903674802671, 29.927067036076789, 0.0 ], [ 51.109155052060522, 29.925593415337509, 0.0 ], [ 51.111271274820602, 29.924774331221979, 0.0 ], [ 51.111703347384001, 29.923993320704241, 0.0 ], [ 51.111975164582191, 29.923098354526349, 0.0 ], [ 51.112378887583858, 29.922036431919668, 0.0 ], [ 51.112196295177696, 29.921220777127751, 0.0 ], [ 51.112643054422108, 29.9207259404801, 0.0 ], [ 51.112595065130932, 29.919620785512841, 0.0 ], [ 51.112609620112423, 29.918599148502651, 0.0 ], [ 51.112912086011349, 29.917497742048688, 0.0 ], [ 51.11352683898356, 29.916841524448671, 0.0 ], [ 51.114167943982437, 29.916572209521391, 0.0 ], [ 51.115283790025167, 29.916528885784668, 0.0 ], [ 51.11694873718379, 29.915966681684122, 0.0 ], [ 51.121847309369237, 29.91281750062663, 0.0 ], [ 51.12410727391638, 29.911340146569142, 0.0 ], [ 51.125429143498017, 29.91047531228535, 0.0 ], [ 51.12807332995213, 29.909660565040092, 0.0 ], [ 51.128867699163258, 29.90955811062873, 0.0 ], [ 51.130865299925063, 29.909379683311968, 0.0 ], [ 51.132048877652288, 29.908882239530879, 0.0 ], [ 51.132570009057162, 29.90820042500285, 0.0 ], [ 51.133089267457919, 29.907651619357761, 0.0 ], [ 51.133192496251588, 29.907586194195549, 0.0 ], [ 51.133859903328997, 29.90741586274229, 0.0 ], [ 51.1351211041612, 29.906852698254159, 0.0 ], [ 51.13517318431839, 29.90678673280642, 0.0 ], [ 51.13625846904376, 29.90599998753477, 0.0 ], [ 51.136336122584957, 29.905934289407551, 0.0 ], [ 51.137298811330758, 29.904769322106802, 0.0 ], [ 51.137490557785547, 29.90386229776885, 0.0 ], [ 51.137876903294902, 29.90310514292478, 0.0 ], [ 51.140059144183773, 29.901140895297551, 0.0 ], [ 51.141037858389083, 29.899998609123859, 0.0 ], [ 51.141472018572131, 29.89845316734991, 0.0 ], [ 51.142489350663737, 29.897827946957211, 0.0 ], [ 51.144602425707092, 29.89753214525312, 0.0 ], [ 51.146717199613953, 29.8971170946649, 0.0 ], [ 51.147967625393242, 29.896216045527002, 0.0 ], [ 51.149038546193871, 29.895034891607931, 0.0 ], [ 51.149921137942563, 29.89420945548407, 0.0 ], [ 51.150947329812723, 29.892948302516182, 0.0 ], [ 51.149823345279671, 29.891346810952211, 0.0 ], [ 51.149435644578134, 29.889554247589789, 0.0 ], [ 51.149111687181097, 29.88868971930475, 0.0 ], [ 51.148930113284017, 29.888112656341779, 0.0 ], [ 51.150515501978589, 29.88701628439167, 0.0 ], [ 51.151053293723493, 29.88586567836921, 0.0 ], [ 51.152218413704567, 29.885475665101641, 0.0 ], [ 51.154095960529553, 29.883886551795701, 0.0 ], [ 51.155445456098917, 29.882744343928419, 0.0 ], [ 51.156320710604547, 29.882351259343171, 0.0 ], [ 51.157976786672592, 29.880005647364442, 0.0 ], [ 51.160153343911283, 29.87776586563804, 0.0 ], [ 51.160399852920037, 29.876712666338779, 0.0 ], [ 51.161396672293492, 29.875918549040659, 0.0 ], [ 51.162219554782403, 29.87512262011705, 0.0 ], [ 51.161711602459192, 29.874111903077431, 0.0 ], [ 51.161435600861942, 29.873103565423939, 0.0 ], [ 51.161984846653233, 29.87206953049234, 0.0 ], [ 51.163399018274873, 29.869884202123671, 0.0 ], [ 51.163660081316607, 29.867686977551951, 0.0 ], [ 51.164697028884149, 29.864923055285931, 0.0 ], [ 51.165409788343482, 29.863397227551609, 0.0 ], [ 51.166198514046187, 29.861938846032981, 0.0 ], [ 51.166760264936713, 29.860211466762831, 0.0 ], [ 51.167236053123119, 29.8591498066891, 0.0 ], [ 51.169285299975691, 29.861104150557441, 0.0 ], [ 51.17043574263171, 29.86131601260039, 0.0 ], [ 51.170922127627627, 29.860329882204852, 0.0 ], [ 51.171825121690951, 29.860208901588202, 0.0 ], [ 51.172360588747772, 29.859497920767151, 0.0 ], [ 51.17214503921582, 29.858779220978509, 0.0 ], [ 51.173877700412177, 29.858406203352441, 0.0 ], [ 51.175238410518212, 29.85776880415278, 0.0 ], [ 51.175606850601419, 29.858293666247562, 0.0 ], [ 51.177122214860091, 29.857332147779118, 0.0 ], [ 51.17887086163627, 29.855786751581189, 0.0 ], [ 51.180541765447792, 29.854435924314298, 0.0 ], [ 51.180940273094187, 29.85274641219841, 0.0 ], [ 51.180671693459622, 29.850398724164361, 0.0 ], [ 51.180395193294252, 29.848637188881519, 0.0 ], [ 51.179590353641572, 29.84706569248122, 0.0 ], [ 51.179549889241052, 29.844524861200451, 0.0 ], [ 51.180036945412454, 29.841859041127488, 0.0 ], [ 51.180804845336127, 29.840629115047818, 0.0 ], [ 51.183067653955298, 29.839935386463679, 0.0 ], [ 51.183707192682547, 29.839445718553542, 0.0 ], [ 51.184023095212169, 29.83801566977003, 0.0 ], [ 51.184646461968377, 29.83578023958983, 0.0 ], [ 51.185728858863612, 29.834063957104739, 0.0 ], [ 51.186593484598554, 29.832786445682089, 0.0 ], [ 51.186822684519427, 29.831502475165379, 0.0 ], [ 51.185652482482027, 29.83031457534339, 0.0 ], [ 51.184317372931361, 29.82879422388287, 0.0 ], [ 51.183923559147182, 29.827604691956591, 0.0 ], [ 51.182973364583503, 29.82533655213922, 0.0 ], [ 51.184103709085512, 29.823177020075811, 0.0 ], [ 51.18412944237668, 29.82126673982787, 0.0 ], [ 51.184244755287096, 29.820138965947219, 0.0 ], [ 51.184763975246973, 29.818754783471029, 0.0 ], [ 51.184594246984048, 29.816495165456409, 0.0 ], [ 51.183713355142487, 29.81500989459694, 0.0 ], [ 51.18307032376223, 29.810748131315709, 0.0 ], [ 51.18281246380748, 29.807619207682521, 0.0 ], [ 51.18234625675548, 29.805096039912438, 0.0 ], [ 51.185095652702707, 29.801650088465848, 0.0 ], [ 51.187343500219313, 29.798285685591271, 0.0 ], [ 51.188776554238132, 29.795955111104231, 0.0 ], [ 51.190128478337243, 29.792233909348379, 0.0 ], [ 51.190954002451818, 29.790418137493351, 0.0 ], [ 51.194204129022538, 29.788232976048601, 0.0 ], [ 51.197559723181357, 29.78532194608643, 0.0 ], [ 51.201049178460678, 29.783951637615701, 0.0 ], [ 51.204225816990977, 29.78291272786387, 0.0 ], [ 51.207767576635192, 29.782478729916811, 0.0 ], [ 51.209477117697823, 29.781491911311019, 0.0 ], [ 51.212027602999342, 29.781048866423401, 0.0 ], [ 51.214507136446223, 29.780136600997292, 0.0 ], [ 51.215815148149773, 29.78035038219419, 0.0 ], [ 51.218827250376293, 29.779978739585019, 0.0 ], [ 51.222230976411311, 29.779142435278811, 0.0 ], [ 51.225690755496103, 29.779912804690721, 0.0 ], [ 51.226995324268628, 29.780394156213038, 0.0 ], [ 51.2276699966826, 29.781873178625698, 0.0 ], [ 51.228583869737989, 29.782752230128128, 0.0 ], [ 51.229246392179462, 29.785168131047769, 0.0 ], [ 51.230227861054672, 29.786784077195261, 0.0 ], [ 51.23136245918424, 29.78722401007866, 0.0 ], [ 51.235030903331207, 29.786367456530979, 0.0 ], [ 51.236350897164293, 29.785934091419222, 0.0 ], [ 51.238320586875503, 29.783870480548909, 0.0 ], [ 51.239261097417113, 29.78184635340018, 0.0 ], [ 51.240370464735719, 29.780022247268359, 0.0 ], [ 51.241540315006532, 29.778744121515679, 0.0 ], [ 51.242862672031933, 29.778112328474482, 0.0 ], [ 51.243785107754817, 29.777476624861968, 0.0 ], [ 51.244200395673872, 29.776290472085691, 0.0 ], [ 51.244655531236951, 29.776443672873668, 0.0 ], [ 51.245794347492492, 29.776752290343481, 0.0 ], [ 51.247672749380598, 29.777316041539411, 0.0 ], [ 51.248816737599718, 29.777227952976251, 0.0 ], [ 51.249689722615031, 29.7759965964804, 0.0 ], [ 51.250102431678997, 29.775008734549981, 0.0 ], [ 51.251484550739882, 29.7741790099954, 0.0 ], [ 51.252359462388043, 29.772798832411659, 0.0 ], [ 51.253010300017358, 29.771069307656571, 0.0 ], [ 51.253608486456741, 29.76899207669932, 0.0 ], [ 51.254828816480092, 29.767416720395161, 0.0 ], [ 51.257201546701587, 29.765108339438338, 0.0 ], [ 51.257845437676892, 29.763924108295029, 0.0 ], [ 51.258877170128052, 29.76368593359139, 0.0 ], [ 51.259485155171951, 29.76294928533903, 0.0 ], [ 51.260580005716221, 29.76221583388358, 0.0 ], [ 51.261896372464022, 29.762030028226398, 0.0 ], [ 51.262983623089951, 29.761891613525741, 0.0 ], [ 51.264844532959152, 29.761429633477999, 0.0 ], [ 51.266377875284952, 29.761133531173648, 0.0 ], [ 51.26665959980582, 29.760907208732299, 0.0 ], [ 51.266452975034881, 29.76058823155315, 0.0 ], [ 51.266205086144112, 29.760280176864509, 0.0 ], [ 51.266111591462511, 29.759909894153221, 0.0 ], [ 51.266767220140778, 29.759830919059109, 0.0 ], [ 51.267729995698097, 29.758760366707978, 0.0 ], [ 51.269013906026473, 29.758175917600159, 0.0 ], [ 51.272560642334277, 29.757243602418299, 0.0 ], [ 51.27489146609588, 29.75669744274073, 0.0 ], [ 51.275913554664143, 29.756110415588889, 0.0 ], [ 51.275864942955522, 29.75477443131404, 0.0 ], [ 51.276904237080601, 29.752823569978158, 0.0 ], [ 51.277383226521202, 29.751179934492651, 0.0 ], [ 51.280587674541053, 29.748521426608729, 0.0 ], [ 51.282520582519517, 29.746448354553269, 0.0 ], [ 51.283756394216738, 29.74393298334191, 0.0 ], [ 51.284185006371587, 29.741758552187019, 0.0 ], [ 51.285707671287618, 29.740378697345189, 0.0 ], [ 51.288654763178421, 29.737443714740959, 0.0 ], [ 51.291209071595972, 29.733807821931169, 0.0 ], [ 51.293864762722613, 29.73008560014302, 0.0 ], [ 51.296056460233288, 29.728107914184658, 0.0 ], [ 51.298631992228763, 29.725217878683271, 0.0 ], [ 51.299610272884117, 29.72423985830962, 0.0 ], [ 51.300583662438612, 29.723656638031908, 0.0 ], [ 51.301214859035753, 29.72316894047189, 0.0 ], [ 51.301780702886091, 29.723371631441541, 0.0 ], [ 51.302399727273396, 29.72387095698625, 0.0 ], [ 51.303084097557843, 29.723679886666961, 0.0 ], [ 51.304001855499529, 29.722997403348419, 0.0 ], [ 51.304401474157729, 29.72285303847697, 0.0 ], [ 51.305888107202321, 29.72212645115626, 0.0 ], [ 51.306570648640808, 29.722083411045421, 0.0 ], [ 51.307309413813357, 29.722090244937629, 0.0 ], [ 51.308213212022039, 29.72254281878136, 0.0 ], [ 51.309468290926077, 29.72215954375935, 0.0 ], [ 51.310494846105577, 29.72187286149655, 0.0 ], [ 51.311015992703616, 29.721087928339109, 0.0 ], [ 51.311585494324277, 29.72099445385696, 0.0 ], [ 51.312158626832222, 29.720604856991031, 0.0 ], [ 51.312051018822551, 29.720110276727571, 0.0 ], [ 51.311828543327557, 29.719713357597961, 0.0 ], [ 51.313657360783957, 29.71889104744108, 0.0 ], [ 51.314459021570428, 29.71840479981056, 0.0 ], [ 51.315151861448022, 29.71752265720859, 0.0 ], [ 51.316065978499402, 29.71713613464544, 0.0 ], [ 51.317322294020052, 29.716654000040119, 0.0 ], [ 51.317904502300443, 29.715523981185228, 0.0 ], [ 51.31922733554326, 29.714252587645099, 0.0 ], [ 51.320084044686652, 29.713914830964828, 0.0 ], [ 51.321040535734291, 29.714713347964281, 0.0 ], [ 51.322120375877162, 29.71472314832236, 0.0 ], [ 51.323371947319238, 29.71463576254774, 0.0 ], [ 51.323266724834717, 29.71394370098449, 0.0 ], [ 51.323720803932922, 29.713997176254779, 0.0 ], [ 51.32411201784938, 29.714543730965872, 0.0 ], [ 51.323702106441203, 29.715527310847332, 0.0 ], [ 51.32443194018844, 29.716274378685601, 0.0 ], [ 51.325106762428597, 29.716872851213061, 0.0 ], [ 51.32527125805013, 29.71736797508364, 0.0 ], [ 51.32573559207728, 29.716582355675119, 0.0 ], [ 51.326037246311429, 29.71515351006321, 0.0 ], [ 51.326898861610701, 29.71442080086457, 0.0 ], [ 51.328772174162182, 29.714635133809399, 0.0 ], [ 51.332195174255233, 29.714937270086882, 0.0 ], [ 51.334237942059062, 29.714955651223288, 0.0 ], [ 51.336177554706282, 29.71506177653055, 0.0 ], [ 51.339346196951951, 29.71491273199192, 0.0 ], [ 51.341996757478327, 29.715379950209439, 0.0 ], [ 51.344552762963403, 29.71522528371575, 0.0 ], [ 51.348444454942189, 29.714461375205179, 0.0 ], [ 51.352964324235629, 29.71246073362742, 0.0 ], [ 51.353784900185822, 29.712201782304831, 0.0 ], [ 51.356805097564532, 29.711806930701659, 0.0 ], [ 51.358615486070683, 29.7114308772213, 0.0 ], [ 51.359972587830477, 29.711207635214901, 0.0 ], [ 51.360880547883632, 29.710784333127918, 0.0 ], [ 51.362294193235293, 29.709985865570129, 0.0 ], [ 51.362863242778573, 29.709675210535188, 0.0 ], [ 51.363281865521358, 29.708416161019539, 0.0 ], [ 51.363326359690269, 29.708065790052061, 0.0 ], [ 51.363302021873267, 29.706697589876988, 0.0 ], [ 51.362464727308108, 29.705778205998641, 0.0 ], [ 51.360140832674112, 29.704214289408529, 0.0 ], [ 51.358739957391528, 29.703149577963401, 0.0 ], [ 51.356644417246081, 29.702780221738241, 0.0 ], [ 51.356321392909962, 29.702777353029131, 0.0 ], [ 51.351451846450502, 29.70136595988469, 0.0 ], [ 51.349768853963241, 29.70026349140074, 0.0 ], [ 51.348862336899472, 29.699710779076721, 0.0 ], [ 51.348096000791898, 29.699481249650891, 0.0 ], [ 51.348871260036859, 29.698959309591679, 0.0 ], [ 51.349164579977113, 29.69854440582353, 0.0 ], [ 51.349396457798527, 29.69790627640775, 0.0 ], [ 51.350009836266914, 29.697522070993742, 0.0 ], [ 51.351043346814258, 29.696835437099558, 0.0 ], [ 51.351600530440336, 29.695782705550752, 0.0 ], [ 51.35235256245128, 29.69450904541667, 0.0 ], [ 51.353330810662598, 29.693070398310699, 0.0 ], [ 51.353819595498877, 29.6923789040166, 0.0 ], [ 51.354439808312748, 29.691410237817859, 0.0 ], [ 51.353903387001338, 29.690709606973719, 0.0 ], [ 51.35388087978545, 29.68990221419061, 0.0 ], [ 51.353872832443336, 29.687870228016049, 0.0 ], [ 51.354045502304302, 29.686814043390971, 0.0 ], [ 51.354663390648753, 29.686040162768268, 0.0 ], [ 51.355148861113143, 29.685626952737749, 0.0 ], [ 51.355866463470278, 29.684547744004931, 0.0 ], [ 51.35610122322835, 29.68365907680607, 0.0 ], [ 51.357664024068526, 29.682343809686969, 0.0 ], [ 51.359707467766142, 29.68213553252593, 0.0 ], [ 51.360946574914671, 29.68217099191104, 0.0 ], [ 51.362814639590063, 29.682501434190218, 0.0 ], [ 51.364453559359518, 29.682772770537611, 0.0 ], [ 51.365710729589154, 29.681985017689779, 0.0 ], [ 51.366120392332412, 29.680647644763528, 0.0 ], [ 51.366856114712263, 29.67951289162848, 0.0 ], [ 51.367358647009787, 29.678661391125171, 0.0 ], [ 51.36779450752995, 29.67789489476694, 0.0 ], [ 51.369332891356237, 29.675915049517041, 0.0 ], [ 51.370447798352643, 29.67365506437757, 0.0 ], [ 51.371425486782421, 29.671961292078802, 0.0 ], [ 51.371879830625652, 29.670338565170269, 0.0 ], [ 51.372858863506103, 29.668531243939, 0.0 ], [ 51.372876960749267, 29.666980313817351, 0.0 ], [ 51.373847017371617, 29.665934718248661, 0.0 ], [ 51.374737564482402, 29.66538262081049, 0.0 ], [ 51.378432938354663, 29.664086572098618, 0.0 ], [ 51.379601106612988, 29.663391059199672, 0.0 ], [ 51.380827534169818, 29.66267085684979, 0.0 ], [ 51.382480794200902, 29.66266004289665, 0.0 ], [ 51.38454352287448, 29.662350346077311, 0.0 ], [ 51.386607116188351, 29.66196503240166, 0.0 ], [ 51.386839112828767, 29.661967046829009, 0.0 ], [ 51.388200090087977, 29.66215527831584, 0.0 ], [ 51.388613291583802, 29.66152879716417, 0.0 ], [ 51.388138166643088, 29.659962134334659, 0.0 ], [ 51.387516060217479, 29.658570636059899, 0.0 ], [ 51.385995341782262, 29.657146159400231, 0.0 ], [ 51.385483223439209, 29.656284868171049, 0.0 ], [ 51.387231454297208, 29.65556918742514, 0.0 ], [ 51.389411480034333, 29.655134428916071, 0.0 ], [ 51.3922364240048, 29.65410034528918, 0.0 ], [ 51.393373717963449, 29.65355569747793, 0.0 ], [ 51.394282769159808, 29.65268143998621, 0.0 ], [ 51.39533970491329, 29.65155640327993, 0.0 ], [ 51.396335201454413, 29.65073324225791, 0.0 ], [ 51.397865254703028, 29.650272007727381, 0.0 ], [ 51.398845279955943, 29.649745800602791, 0.0 ], [ 51.399980108291039, 29.64913179910522, 0.0 ], [ 51.400809915654783, 29.648292423408869, 0.0 ], [ 51.400753747327883, 29.648042350387261, 0.0 ], [ 51.401997766529213, 29.648328933573399, 0.0 ], [ 51.402451499336848, 29.648313108208232, 0.0 ], [ 51.403474122461162, 29.648124764595721, 0.0 ], [ 51.404182845203209, 29.647618384312739, 0.0 ], [ 51.405144321242872, 29.64681852835411, 0.0 ], [ 51.406173591013882, 29.64603896163193, 0.0 ], [ 51.406723122341397, 29.645570638930231, 0.0 ], [ 51.407679701720312, 29.645204332370032, 0.0 ], [ 51.408684515374638, 29.644582214306329, 0.0 ], [ 51.408961936291163, 29.64411156555623, 0.0 ], [ 51.409085941683472, 29.643166600713581, 0.0 ], [ 51.408909855151627, 29.642692093181189, 0.0 ], [ 51.409035199868718, 29.64162889318391, 0.0 ], [ 51.408746635343803, 29.641074599354479, 0.0 ], [ 51.408386946510397, 29.640795621633512, 0.0 ], [ 51.408366713497102, 29.64057865473055, 0.0 ], [ 51.408935799001462, 29.640386406283181, 0.0 ], [ 51.409435310448671, 29.640331522900389, 0.0 ], [ 51.409917916979133, 29.63976406628225, 0.0 ], [ 51.409923685029483, 29.6392516874309, 0.0 ], [ 51.410380734972179, 29.638940220566639, 0.0 ], [ 51.410846219924558, 29.637879876887219, 0.0 ], [ 51.411329945726543, 29.637213856016089, 0.0 ], [ 51.411928710524478, 29.636986770074639, 0.0 ], [ 51.412277422975748, 29.636556330002222, 0.0 ], [ 51.41221451697043, 29.63603272967784, 0.0 ], [ 51.413140463901357, 29.63472544263654, 0.0 ], [ 51.413424590355412, 29.633920832326918, 0.0 ], [ 51.413367525851918, 29.633028280639358, 0.0 ], [ 51.413302521921437, 29.632259806578048, 0.0 ], [ 51.413895998649203, 29.631859531453561, 0.0 ], [ 51.414345352244737, 29.631180723373738, 0.0 ], [ 51.414962410828323, 29.630865961050539, 0.0 ], [ 51.415357425827352, 29.63065597840626, 0.0 ], [ 51.415928996603228, 29.63002084491098, 0.0 ], [ 51.415959036171863, 29.629530464280361, 0.0 ], [ 51.416722618640591, 29.629280910028701, 0.0 ], [ 51.417212449273009, 29.629370360285019, 0.0 ], [ 51.417631533037543, 29.629203226181421, 0.0 ], [ 51.418103284448243, 29.628716546455749, 0.0 ], [ 51.41832892349656, 29.628291790269799, 0.0 ], [ 51.41833346663698, 29.627886507623838, 0.0 ], [ 51.418361116228603, 29.627609413521409, 0.0 ], [ 51.418634642169167, 29.62729171366659, 0.0 ], [ 51.419412991749923, 29.62674649808115, 0.0 ], [ 51.420045193411937, 29.62672288650154, 0.0 ], [ 51.421045495431677, 29.626499972028778, 0.0 ], [ 51.422380656612063, 29.626077457823119, 0.0 ], [ 51.422751995786257, 29.625589056048302, 0.0 ], [ 51.423681617622137, 29.625741366247311, 0.0 ], [ 51.425239962828464, 29.626188019651892, 0.0 ], [ 51.425589364347132, 29.62766543571998, 0.0 ], [ 51.426750303854263, 29.62936356185141, 0.0 ], [ 51.427726362506398, 29.631010895988432, 0.0 ], [ 51.42943591875872, 29.631442413470531, 0.0 ], [ 51.432175996305098, 29.631703666045912, 0.0 ], [ 51.435932579007769, 29.63307600697588, 0.0 ], [ 51.437381378180923, 29.635412673408151, 0.0 ], [ 51.437324225232537, 29.637498438257062, 0.0 ], [ 51.437928694031839, 29.638665798208411, 0.0 ], [ 51.438046204150758, 29.639870204585161, 0.0 ], [ 51.438076423355731, 29.641369468464038, 0.0 ], [ 51.4405261020569, 29.643293997935029, 0.0 ], [ 51.441480334707641, 29.645570808112939, 0.0 ], [ 51.442251278006317, 29.647562554920789, 0.0 ], [ 51.441952097825528, 29.649300968778491, 0.0 ], [ 51.442958174932237, 29.65109187097843, 0.0 ], [ 51.443178427057262, 29.652268592889619, 0.0 ], [ 51.442835276239293, 29.653805295322648, 0.0 ], [ 51.442960103703903, 29.655183798706251, 0.0 ], [ 51.443227459808028, 29.65632039810928, 0.0 ], [ 51.441798190552973, 29.658463531193721, 0.0 ], [ 51.439626511510887, 29.662079836441819, 0.0 ], [ 51.440674650449211, 29.6637275329389, 0.0 ], [ 51.445912949953502, 29.66469728245734, 0.0 ], [ 51.44786499486257, 29.666209945662722, 0.0 ], [ 51.447278589011653, 29.66734534357888, 0.0 ], [ 51.447509231416021, 29.668772566948331, 0.0 ], [ 51.445936331160617, 29.670113623680479, 0.0 ], [ 51.44331036410226, 29.670234401698181, 0.0 ], [ 51.445414961917557, 29.672817493891049, 0.0 ], [ 51.446386865616923, 29.673965870942698, 0.0 ], [ 51.448839047355229, 29.67477017647867, 0.0 ], [ 51.449899227317772, 29.675349138744679, 0.0 ], [ 51.449966729101533, 29.6767038997756, 0.0 ], [ 51.450862916486471, 29.677281526315159, 0.0 ], [ 51.454234484505371, 29.67652540873349, 0.0 ], [ 51.458079981140742, 29.677204909871531, 0.0 ], [ 51.461096901909023, 29.677326357409228, 0.0 ], [ 51.46542924060013, 29.679886098316551, 0.0 ], [ 51.468649324296457, 29.681951285450769, 0.0 ], [ 51.471968070515487, 29.68527971562969, 0.0 ], [ 51.472586238936188, 29.690237488056599, 0.0 ], [ 51.474907645363473, 29.692781110646958, 0.0 ], [ 51.48213177805173, 29.69711224103218, 0.0 ], [ 51.485783383186202, 29.700929330265229, 0.0 ], [ 51.486654123637862, 29.703267376161921, 0.0 ], [ 51.481403970085353, 29.702545295921599, 0.0 ], [ 51.478168602186322, 29.701742246406312, 0.0 ], [ 51.475239477957118, 29.703758138397649, 0.0 ], [ 51.473092221872022, 29.705877407700289, 0.0 ], [ 51.474527804868337, 29.70763727769539, 0.0 ], [ 51.478215626808279, 29.707958573486081, 0.0 ], [ 51.478662014363678, 29.708059317954412, 0.0 ], [ 51.481895721236512, 29.709056793113199, 0.0 ], [ 51.482446993206914, 29.70983830308877, 0.0 ], [ 51.479372259674797, 29.712642684347941, 0.0 ], [ 51.480833853102133, 29.714324098902939, 0.0 ], [ 51.481253614766878, 29.716639293860439, 0.0 ], [ 51.480628817948919, 29.719845147292322, 0.0 ], [ 51.482515952827363, 29.723328435164301, 0.0 ], [ 51.480874329929179, 29.72472798467199, 0.0 ], [ 51.47569211709849, 29.725199483278509, 0.0 ], [ 51.470074587347362, 29.72489663432599, 0.0 ], [ 51.467996028180742, 29.72565024022855, 0.0 ], [ 51.46834203388962, 29.726909646516209, 0.0 ], [ 51.469216638940843, 29.729562995757291, 0.0 ], [ 51.468295655058533, 29.731221853202619, 0.0 ], [ 51.464671807614401, 29.732270925805569, 0.0 ], [ 51.463396380351313, 29.73539694647409, 0.0 ], [ 51.46234883888043, 29.738328718300199, 0.0 ], [ 51.46209465814097, 29.740972852157501, 0.0 ], [ 51.461172644952903, 29.742729502212121, 0.0 ], [ 51.460593493987112, 29.744096894833451, 0.0 ], [ 51.461133777569913, 29.746355446608579, 0.0 ], [ 51.459183149742081, 29.749279793019799, 0.0 ], [ 51.459847913162868, 29.750461312310769, 0.0 ], [ 51.462007571388128, 29.749106780410401, 0.0 ], [ 51.464277002050281, 29.74804711809503, 0.0 ], [ 51.46494290847572, 29.74913063166149, 0.0 ], [ 51.463683264100311, 29.750786574246671, 0.0 ], [ 51.462989159769378, 29.75234909765425, 0.0 ], [ 51.464111927376912, 29.752946309501549, 0.0 ], [ 51.465113503329157, 29.75432664023274, 0.0 ], [ 51.464867936547982, 29.756186906850569, 0.0 ], [ 51.465526721152521, 29.75795655945219, 0.0 ], [ 51.463258096821448, 29.758918196818041, 0.0 ], [ 51.46030579325727, 29.760462291381931, 0.0 ], [ 51.458707346683717, 29.76211546601041, 0.0 ], [ 51.457334694124832, 29.763770493234791, 0.0 ], [ 51.45865940788368, 29.766623999111779, 0.0 ], [ 51.460333440916962, 29.76850024759516, 0.0 ], [ 51.458398202865261, 29.769954704749999, 0.0 ], [ 51.456937536652958, 29.769256469647939, 0.0 ], [ 51.45491026887327, 29.768749614537938, 0.0 ], [ 51.45421814516321, 29.77011625224198, 0.0 ], [ 51.453594058823093, 29.774265530502799, 0.0 ], [ 51.453550006135188, 29.778311765181591, 0.0 ], [ 51.453357036737287, 29.78222616348928, 0.0 ], [ 51.450478312227673, 29.784160682875719, 0.0 ], [ 51.447751376823952, 29.785965805501821, 0.0 ], [ 51.447582486009367, 29.787661276405132, 0.0 ], [ 51.450417263763313, 29.789772886574688, 0.0 ], [ 51.451753857266468, 29.791350125738081, 0.0 ], [ 51.449771697978001, 29.79381394063795, 0.0 ], [ 51.447955507396237, 29.79484327668742, 0.0 ], [ 51.447792327372099, 29.796016674358569, 0.0 ], [ 51.446413113390001, 29.79835482507157, 0.0 ], [ 51.447142445807863, 29.800449244297059, 0.0 ], [ 51.449083648725427, 29.80177046016761, 0.0 ], [ 51.449498128237863, 29.80516761889702, 0.0 ], [ 51.452004609961683, 29.809887346878821, 0.0 ], [ 51.452568383241342, 29.81341644324559, 0.0 ], [ 51.446983830425708, 29.815067466711941, 0.0 ], [ 51.447260686625043, 29.817288912094622, 0.0 ], [ 51.44813372169903, 29.82003750062324, 0.0 ], [ 51.445100736390494, 29.822231706090559, 0.0 ], [ 51.440330540109457, 29.818145378163049, 0.0 ], [ 51.436569631256717, 29.818114167964541, 0.0 ], [ 51.433831677049412, 29.82083275056894, 0.0 ], [ 51.436235854243847, 29.821113836194389, 0.0 ], [ 51.437452242008007, 29.819949063719161, 0.0 ], [ 51.439843617942799, 29.821404884934822, 0.0 ], [ 51.442073312875372, 29.82390374826544, 0.0 ], [ 51.440220979876983, 29.828196571040689, 0.0 ], [ 51.43853033086539, 29.831446456942039, 0.0 ], [ 51.43627051638645, 29.831688775052541, 0.0 ], [ 51.432511817648432, 29.83139633719021, 0.0 ], [ 51.430687573568441, 29.833078410035061, 0.0 ], [ 51.43216493421334, 29.83557147860061, 0.0 ], [ 51.432451521139733, 29.836879562288299, 0.0 ], [ 51.428984864718373, 29.837372900631479, 0.0 ], [ 51.427958994153833, 29.834883520412561, 0.0 ], [ 51.427086559570569, 29.83213439647254, 0.0 ], [ 51.425136359667732, 29.831595844492011, 0.0 ], [ 51.423029916209337, 29.831578209459661, 0.0 ], [ 51.421342785791808, 29.834436446700469, 0.0 ], [ 51.419817663465942, 29.836251601489941, 0.0 ], [ 51.418000288965047, 29.837280919216671, 0.0 ], [ 51.417575245427372, 29.834927107641061, 0.0 ], [ 51.41561767922115, 29.835041234302789, 0.0 ], [ 51.414396258107182, 29.836597796713029, 0.0 ], [ 51.411537246554907, 29.8365737554799, 0.0 ], [ 51.408658914242103, 29.838246977088129, 0.0 ], [ 51.408787132322132, 29.84020671848198, 0.0 ], [ 51.410524313607439, 29.841083472415431, 0.0 ], [ 51.410623155980844, 29.842708082160961, 0.0 ], [ 51.409553101628958, 29.844221239337202, 0.0 ], [ 51.40826720406249, 29.844108760569341, 0.0 ], [ 51.408287672910312, 29.842282199036479, 0.0 ], [ 51.406311250666597, 29.841148981141639, 0.0 ], [ 51.403844098054911, 29.842041207334081, 0.0 ], [ 51.400558021421872, 29.842926353707039, 0.0 ], [ 51.398191796346147, 29.84524010951499, 0.0 ], [ 51.398883416452783, 29.846159422794571, 0.0 ], [ 51.39982280976875, 29.845863054262129, 0.0 ], [ 51.401226750289311, 29.845875129215329, 0.0 ], [ 51.402143284003557, 29.847608271060729, 0.0 ], [ 51.400591403132992, 29.850335092599298, 0.0 ], [ 51.400332236095387, 29.852565649699439, 0.0 ], [ 51.398556549931207, 29.85437719423231, 0.0 ], [ 51.396459638916227, 29.853547138383892, 0.0 ], [ 51.393198586076061, 29.8521995578058, 0.0 ], [ 51.389914564855047, 29.852881538318389, 0.0 ], [ 51.391054480839621, 29.855530201046449, 0.0 ], [ 51.391403177910881, 29.855736210738399, 0.0 ], [ 51.391973187491367, 29.85706058307148, 0.0 ], [ 51.391022127979227, 29.85837178956594, 0.0 ], [ 51.388795532953843, 29.858656954966271, 0.0 ], [ 51.388895166527632, 29.860180299465529, 0.0 ], [ 51.386904864047438, 29.86026450325172, 0.0 ], [ 51.384309733388072, 29.862068944592028, 0.0 ], [ 51.381525815511608, 29.865800121436909, 0.0 ], [ 51.379518688269961, 29.865916454200811, 0.0 ], [ 51.37753945986703, 29.863624226122148, 0.0 ], [ 51.373539342198448, 29.862652557182638, 0.0 ], [ 51.368038840903203, 29.865200687030761, 0.0 ], [ 51.365201020597901, 29.86841345773755, 0.0 ], [ 51.363021681160028, 29.868529141863391, 0.0 ], [ 51.362086770217687, 29.868655790282869, 0.0 ], [ 51.358975674811226, 29.86862826546664, 0.0 ], [ 51.360042331589462, 29.870526397016938, 0.0 ], [ 51.357056477947843, 29.87306316479533, 0.0 ], [ 51.355175367305712, 29.874260630833181, 0.0 ], [ 51.351929275143277, 29.872477962442279, 0.0 ], [ 51.349749767637483, 29.872593439211268, 0.0 ], [ 51.348793914982579, 29.874473622248569, 0.0 ], [ 51.346149221237091, 29.874449988371751, 0.0 ], [ 51.345533372555572, 29.873904841532639, 0.0 ], [ 51.341968119322601, 29.87279360454362, 0.0 ], [ 51.340256815862872, 29.872778228811612, 0.0 ], [ 51.339926264754538, 29.87439418387817, 0.0 ], [ 51.341772182761552, 29.876164602470059, 0.0 ], [ 51.341598831136487, 29.877647069144231, 0.0 ], [ 51.339409348212527, 29.878571799588329, 0.0 ], [ 51.337699529718861, 29.87842151781155, 0.0 ], [ 51.33721653625819, 29.87976630823389, 0.0 ], [ 51.334872911604933, 29.880554700893089, 0.0 ], [ 51.335159681198881, 29.882581019538801, 0.0 ], [ 51.337326640105907, 29.88354491789465, 0.0 ], [ 51.337777176761172, 29.884898129545949, 0.0 ], [ 51.339154821216972, 29.886799334676159, 0.0 ], [ 51.339130453909839, 29.888822902128641, 0.0 ], [ 51.338486894890323, 29.890571110405219, 0.0 ], [ 51.33847062421016, 29.89192019291189, 0.0 ], [ 51.340793396383958, 29.892885442281479, 0.0 ], [ 51.34171082875411, 29.894242886680729, 0.0 ], [ 51.339057268486442, 29.894893797728631, 0.0 ], [ 51.336890049662323, 29.893929910724051, 0.0 ], [ 51.335659810440738, 29.89270454937806, 0.0 ], [ 51.33347953874064, 29.892819910349921, 0.0 ], [ 51.334380530729973, 29.895526554010601, 0.0 ], [ 51.334523060815187, 29.896607273888829, 0.0 ], [ 51.33372363024457, 29.898354228272702, 0.0 ], [ 51.334003740792923, 29.90092051296557, 0.0 ], [ 51.332571792904943, 29.903471550919409, 0.0 ], [ 51.331631350702857, 29.904002903068449, 0.0 ], [ 51.330725485856689, 29.901700774512388, 0.0 ], [ 51.330270094184677, 29.900752114940008, 0.0 ], [ 51.328857777689407, 29.90168402205952, 0.0 ], [ 51.328210418012183, 29.90370235550925, 0.0 ], [ 51.323155333317189, 29.907586088692501, 0.0 ], [ 51.32396139530578, 29.909388179422582, 0.0 ], [ 51.32642155356497, 29.911384653166589, 0.0 ], [ 51.320399699994979, 29.912766385975559, 0.0 ], [ 51.317877272177483, 29.915795115899058, 0.0 ], [ 51.317166618289022, 29.915927351476309, 0.0 ], [ 51.315317900970669, 29.917321492463241, 0.0 ], [ 51.314083267848531, 29.918427244419, 0.0 ], [ 51.31352333017287, 29.919833127006669, 0.0 ], [ 51.314796279691741, 29.921138247215811, 0.0 ], [ 51.313624423122477, 29.922656082440479, 0.0 ], [ 51.311046841354091, 29.922632358894472, 0.0 ], [ 51.30963036348026, 29.921972596572889, 0.0 ], [ 51.307991641847948, 29.922839339091169, 0.0 ], [ 51.306205681655982, 29.924645343167018, 0.0 ], [ 51.304294899268967, 29.925568295610169, 0.0 ], [ 51.302729775696193, 29.92596531088671, 0.0 ], [ 51.301014463561138, 29.927536724811091, 0.0 ], [ 51.29915980870269, 29.92940077963091, 0.0 ], [ 51.297649342288537, 29.930856493936648, 0.0 ], [ 51.298710613157809, 29.93280652081566, 0.0 ], [ 51.295618738586519, 29.935952530019009, 0.0 ], [ 51.293839669090559, 29.937170606656402, 0.0 ], [ 51.294503409179491, 29.938352716360921, 0.0 ], [ 51.293143004077841, 29.938633989111342, 0.0 ], [ 51.290429501684059, 29.938608617981782, 0.0 ], [ 51.290593244229299, 29.939902108265539, 0.0 ], [ 51.290370430646838, 29.941044785842742, 0.0 ], [ 51.289877046523877, 29.94158240882296, 0.0 ], [ 51.290633489310167, 29.942252254166149, 0.0 ], [ 51.291028832093879, 29.944003182549508, 0.0 ], [ 51.290947301873473, 29.944966389651551, 0.0 ], [ 51.290868022483167, 29.94574886714155, 0.0 ], [ 51.291552713809892, 29.946598743779742, 0.0 ], [ 51.291266375742708, 29.94725877825601, 0.0 ], [ 51.289644852383688, 29.949050971878119, 0.0 ], [ 51.287878201303698, 29.95132373287608, 0.0 ], [ 51.286536150176069, 29.952997996546539, 0.0 ], [ 51.285619499685041, 29.954013548596521, 0.0 ], [ 51.284767066524658, 29.955451418463291, 0.0 ], [ 51.282743953665218, 29.955974575871078, 0.0 ], [ 51.281895224617337, 29.957111245094911, 0.0 ], [ 51.280971628606949, 29.958668933042539, 0.0 ], [ 51.281301092383409, 29.960117950008311, 0.0 ], [ 51.280596661716928, 29.960834268905831, 0.0 ], [ 51.279820399412451, 29.961730653894548, 0.0 ], [ 51.278969253586283, 29.963048068950869, 0.0 ], [ 51.277842961789013, 29.96412190989604, 0.0 ], [ 51.277970612143022, 29.965026841087781, 0.0 ], [ 51.27795232270249, 29.966472644742179, 0.0 ], [ 51.276684565916192, 29.96772594287329, 0.0 ], [ 51.275273061884249, 29.96933941398321, 0.0 ], [ 51.273225549040291, 29.9717302238166, 0.0 ], [ 51.271486815414583, 29.971713826589621, 0.0 ], [ 51.26890183225801, 29.97259325959056, 0.0 ], [ 51.268467508118071, 29.973914806012541, 0.0 ], [ 51.268111220835522, 29.974574278498, 0.0 ], [ 51.266237814319197, 29.97419505017653, 0.0 ], [ 51.265040553923022, 29.975328669002501, 0.0 ], [ 51.263916742664733, 29.97581813368733, 0.0 ], [ 51.26315074033328, 29.976972942769329, 0.0 ], [ 51.263621797355867, 29.977907155365571, 0.0 ], [ 51.26532934517585, 29.97866723866699, 0.0 ], [ 51.266549265359082, 29.979794516981599, 0.0 ], [ 51.267877120131047, 29.980876320335579, 0.0 ], [ 51.268999225981332, 29.98125888494549, 0.0 ], [ 51.27022689345749, 29.981781895012588, 0.0 ], [ 51.27129242089633, 29.982396321790919, 0.0 ], [ 51.272194041639757, 29.983241604448111, 0.0 ], [ 51.272980916183357, 29.98422594739926, 0.0 ], [ 51.273227965593051, 29.98501488369471, 0.0 ], [ 51.27320726342527, 29.985296673115151, 0.0 ], [ 51.272352082030253, 29.98516981806824, 0.0 ], [ 51.270727997900792, 29.984872394703149, 0.0 ], [ 51.270506398264153, 29.984781239745679, 0.0 ], [ 51.269531903324129, 29.98460871324648, 0.0 ], [ 51.267135823231548, 29.984392945280021, 0.0 ], [ 51.26699914434942, 29.984361959496969, 0.0 ], [ 51.264743954380847, 29.983850675306581, 0.0 ], [ 51.262555614600792, 29.98347355548033, 0.0 ], [ 51.26105425509035, 29.982969414283382, 0.0 ], [ 51.26013218634607, 29.98244700411378, 0.0 ], [ 51.258777931944053, 29.982151690085189, 0.0 ], [ 51.255775517997549, 29.98329910811146, 0.0 ], [ 51.255008447231361, 29.98380929274348, 0.0 ], [ 51.254644636231681, 29.984192851311189, 0.0 ], [ 51.254302245019339, 29.984702888604151, 0.0 ], [ 51.25393307969231, 29.984990220933721, 0.0 ], [ 51.253889397294692, 29.98531491321846, 0.0 ], [ 51.253963133646963, 29.985726293067199, 0.0 ], [ 51.254265789766279, 29.986002991244579, 0.0 ], [ 51.255012613201927, 29.98685070641152, 0.0 ], [ 51.255686207631811, 29.987150574987808, 0.0 ], [ 51.255808213351422, 29.987367925250631, 0.0 ], [ 51.256057767562872, 29.987370329008431, 0.0 ], [ 51.256428144821932, 29.987682717997259, 0.0 ], [ 51.256602640712352, 29.98797778063259, 0.0 ], [ 51.256559473682358, 29.988564132231019, 0.0 ], [ 51.256741989938632, 29.989280041208801, 0.0 ], [ 51.256916525617463, 29.989800888311649, 0.0 ], [ 51.257079914840411, 29.990104299750229, 0.0 ], [ 51.25731454618608, 29.990287658590621, 0.0 ], [ 51.257127769702372, 29.990720515517559, 0.0 ], [ 51.257151465151523, 29.991046730286079, 0.0 ], [ 51.257202884843473, 29.99138528433387, 0.0 ], [ 51.257199015139669, 29.991687086370948, 0.0 ], [ 51.25704212872693, 29.99196327041135, 0.0 ], [ 51.256383451424391, 29.992234626750829, 0.0 ], [ 51.255865864551353, 29.992374528081069, 0.0 ], [ 51.255793383181917, 29.992591153140161, 0.0 ], [ 51.255581205803139, 29.992830580139671, 0.0 ], [ 51.255578572544643, 29.993035804094141, 0.0 ], [ 51.255883519002133, 29.993171547887268, 0.0 ], [ 51.256286812791657, 29.993247871295541, 0.0 ], [ 51.256338233852503, 29.99358642466991, 0.0 ], [ 51.256081453143047, 29.994042747436168, 0.0 ], [ 51.256089355394899, 29.994513692962101, 0.0 ], [ 51.255989151238488, 29.994717979436999, 0.0 ], [ 51.255819097372459, 29.994933666034619, 0.0 ], [ 51.255543105621797, 29.994713682935561, 0.0 ], [ 51.254902070936282, 29.994695433342329, 0.0 ], [ 51.254363107970931, 29.99432803209406, 0.0 ], [ 51.25410214872808, 29.994023678637109, 0.0 ], [ 51.25390964399017, 29.99381657413252, 0.0 ], [ 51.253730924751842, 29.993621674681581, 0.0 ], [ 51.253327015789608, 29.9935936333281, 0.0 ], [ 51.253191976054651, 29.993254273927398, 0.0 ], [ 51.253390684315256, 29.992978501329919, 0.0 ], [ 51.252876047421282, 29.992889022934591, 0.0 ], [ 51.252554996137242, 29.99292214564932, 0.0 ], [ 51.252441468987158, 29.993078004807138, 0.0 ], [ 51.252191819155392, 29.99297900800471, 0.0 ], [ 51.252138239433691, 29.99280946211266, 0.0 ], [ 51.251917710252812, 29.992614158292952, 0.0 ], [ 51.251710497750061, 29.992467276179909, 0.0 ], [ 51.251600388983107, 29.992357551927149, 0.0 ], [ 51.251405095656047, 29.99236773917691, 0.0 ], [ 51.251031710675029, 29.992134736650161, 0.0 ], [ 51.25067319825196, 29.991829435009709, 0.0 ], [ 51.250340696933002, 29.991669264932991, 0.0 ], [ 51.24976875145255, 29.99169995440419, 0.0 ], [ 51.249490136184249, 29.99168518504062, 0.0 ], [ 51.249226859096083, 29.99156190249073, 0.0 ], [ 51.249076959007262, 29.99129483295512, 0.0 ], [ 51.248878816833631, 29.991108994426039, 0.0 ], [ 51.248591303470192, 29.991050731566059, 0.0 ], [ 51.248381261491872, 29.99078054574067, 0.0 ], [ 51.248127686630397, 29.990574665035709, 0.0 ], [ 51.247692521796857, 29.99037627210242, 0.0 ], [ 51.247436445085633, 29.99036454509142, 0.0 ], [ 51.247361721227648, 29.99036382092897, 0.0 ], [ 51.247180249301763, 29.990362062587302, 0.0 ], [ 51.247103496002772, 29.990518510592931, 0.0 ], [ 51.246881117649238, 29.990377656912571, 0.0 ], [ 51.246702037447292, 29.990190990570909, 0.0 ], [ 51.246617237322532, 29.990143935511139, 0.0 ], [ 51.246598277412197, 29.989958821784189, 0.0 ], [ 51.246441027047233, 29.98973538052585, 0.0 ], [ 51.246232317483681, 29.989363496076859, 0.0 ], [ 51.246084906467971, 29.98920487579699, 0.0 ], [ 51.245851023475673, 29.989128635291401, 0.0 ], [ 51.24573360454977, 29.98912749716445, 0.0 ], [ 51.24572077630279, 29.989293809889961, 0.0 ], [ 51.245561735647257, 29.98920904896352, 0.0 ], [ 51.245424164105422, 29.989115249418269, 0.0 ], [ 51.245360595741531, 29.989077646020629, 0.0 ], [ 51.24515945636454, 29.98894624276496, 0.0 ], [ 51.244852889072988, 29.98871210447064, 0.0 ], [ 51.244500754192529, 29.988699439381111, 0.0 ], [ 51.244340637888357, 29.988697884733941, 0.0 ], [ 51.244223220511131, 29.988696744352829, 0.0 ], [ 51.243720435208061, 29.98861696720574, 0.0 ], [ 51.243352175962443, 29.988682574748061, 0.0 ], [ 51.243523560155161, 29.989016293005211, 0.0 ], [ 51.243602019288872, 29.989131670691691, 0.0 ], [ 51.243199943945811, 29.989145547369461, 0.0 ], [ 51.243025737924476, 29.98932742468547, 0.0 ], [ 51.242909385790078, 29.989465211039029, 0.0 ], [ 51.242758540144862, 29.989612584526849, 0.0 ], [ 51.242607501120617, 29.989774838833281, 0.0 ], [ 51.24229647735639, 29.989905769811291, 0.0 ], [ 51.242317715278134, 29.990034969992848, 0.0 ], [ 51.242259152900623, 29.990133626202649, 0.0 ], [ 51.24210972307975, 29.990171862946699, 0.0 ], [ 51.241878627153547, 29.99032341422803, 0.0 ], [ 51.241828559595767, 29.990208817264872, 0.0 ], [ 51.241760924009803, 29.990123817975661, 0.0 ], [ 51.241670313781917, 29.990043555406189, 0.0 ], [ 51.241469272031232, 29.99008625042643, 0.0 ], [ 51.241399511566712, 29.99016495177646, 0.0 ], [ 51.24145569286248, 29.990249840496841, 0.0 ], [ 51.241432331832691, 29.990284341899891, 0.0 ], [ 51.241232384626862, 29.990242705230461, 0.0 ], [ 51.241169703938617, 29.99021728859471, 0.0 ], [ 51.240979601882373, 29.99029977929634, 0.0 ], [ 51.240853145139369, 29.990333277080921, 0.0 ], [ 51.24081382574515, 29.990273358072049, 0.0 ], [ 51.240630932394723, 29.990241809467641, 0.0 ], [ 51.240544310809057, 29.99029553946901, 0.0 ], [ 51.240577323332332, 29.990400047916658, 0.0 ], [ 51.240461226647071, 29.990517988380098, 0.0 ], [ 51.240425766624831, 29.9906019844667, 0.0 ], [ 51.240352017362568, 29.990546691913689, 0.0 ], [ 51.24027170326648, 29.99055583148483, 0.0 ], [ 51.240316041150962, 29.99067037361737, 0.0 ], [ 51.240273886479528, 29.990828723691379, 0.0 ], [ 51.240394341901052, 29.990853105755381, 0.0 ], [ 51.240427158850643, 29.99090311332543, 0.0 ], [ 51.240301258822157, 29.991026108160991, 0.0 ], [ 51.240256946559342, 29.991125053328972, 0.0 ], [ 51.240222409337782, 29.991207530638391, 0.0 ], [ 51.240264786287852, 29.991257631807361, 0.0 ], [ 51.240191900506723, 29.991348017827828, 0.0 ], [ 51.240238788539052, 29.991418866412829, 0.0 ], [ 51.240262098885033, 29.991464641687639, 0.0 ], [ 51.24022766913474, 29.99153883874402, 0.0 ], [ 51.240387779634318, 29.99172673254705, 0.0 ], [ 51.24038020437937, 29.99194197724384, 0.0 ], [ 51.240187702322601, 29.99203947815359, 0.0 ], [ 51.240020260810738, 29.992374732632999, 0.0 ], [ 51.239917877729013, 29.992321660654749, 0.0 ], [ 51.239727776248969, 29.992409077864188, 0.0 ], [ 51.239529280247943, 29.99248153467973, 0.0 ], [ 51.239552048917773, 29.992712373634159, 0.0 ], [ 51.239430265665803, 29.99283021430962, 0.0 ], [ 51.23932132434188, 29.9926208534648, 0.0 ], [ 51.239212191061227, 29.992426368990671, 0.0 ], [ 51.239135379705587, 29.99238842387566, 0.0 ], [ 51.239037911667111, 29.99261808964722, 0.0 ], [ 51.23878720608058, 29.992742111816241, 0.0 ], [ 51.238726895114603, 29.992756402403629, 0.0 ], [ 51.238390982280933, 29.992827519152168, 0.0 ], [ 51.238210530415238, 29.992833198215148, 0.0 ], [ 51.238251052194812, 29.99301957545638, 0.0 ], [ 51.238121259193107, 29.99309270268941, 0.0 ], [ 51.23806934090144, 29.99312195318776, 0.0 ], [ 51.23768073214007, 29.99328182719503, 0.0 ], [ 51.237560881940468, 29.99325090055758, 0.0 ], [ 51.237468443933373, 29.993093773364478, 0.0 ], [ 51.237307492697717, 29.992921098413021, 0.0 ], [ 51.237222965407348, 29.992816123374759, 0.0 ], [ 51.237001217877769, 29.992694930891869, 0.0 ], [ 51.23670872715217, 29.99272927304315, 0.0 ], [ 51.236563499673011, 29.992668341056699, 0.0 ], [ 51.236578638989371, 29.99282471437591, 0.0 ], [ 51.236798835798439, 29.993064922028239, 0.0 ], [ 51.236719600493437, 29.99321293497718, 0.0 ], [ 51.236546665670062, 29.99330051978778, 0.0 ], [ 51.236428172872252, 29.99316545503396, 0.0 ], [ 51.236019690639083, 29.99419779855187, 0.0 ], [ 51.235666827707732, 29.994812948541341, 0.0 ], [ 51.235387050879822, 29.994694548367882, 0.0 ], [ 51.235103679113493, 29.994679498992092, 0.0 ], [ 51.23487781700392, 29.994603616419418, 0.0 ], [ 51.234653236865711, 29.994429516664809, 0.0 ], [ 51.234555925393309, 29.994281219460088, 0.0 ], [ 51.234509871605212, 29.994550901809909, 0.0 ], [ 51.234491850158278, 29.99484541588135, 0.0 ], [ 51.234178849950482, 29.994928304191252, 0.0 ], [ 51.234035965142418, 29.995012856846291, 0.0 ], [ 51.234217694146139, 29.995211096108019, 0.0 ], [ 51.234115416901112, 29.995443391090902, 0.0 ], [ 51.233958516013267, 29.99551552729487, 0.0 ], [ 51.233970449499068, 29.995687546151402, 0.0 ], [ 51.23406744171804, 29.995860399298909, 0.0 ], [ 51.233781192347323, 29.996066334354801, 0.0 ], [ 51.233597860067803, 29.995990865024329, 0.0 ], [ 51.233212698186449, 29.996171271397809, 0.0 ], [ 51.233043224492533, 29.996120495067991, 0.0 ], [ 51.232760341574917, 29.996068606884322, 0.0 ], [ 51.232589907863343, 29.99609149298578, 0.0 ], [ 51.232375662297692, 29.996212178849881, 0.0 ], [ 51.23245943644379, 29.996311230037971, 0.0 ], [ 51.23225984900921, 29.99639522296874, 0.0 ], [ 51.232186081992403, 29.996615515788289, 0.0 ], [ 51.232254236819983, 29.996824922817279, 0.0 ], [ 51.232097497717277, 29.99688477857735, 0.0 ], [ 51.231729721032131, 29.996819776200589, 0.0 ], [ 51.231303957387631, 29.996852433076992, 0.0 ], [ 51.23114400958535, 29.997157830448149, 0.0 ], [ 51.231254689997982, 29.997367656060192, 0.0 ], [ 51.230998557845183, 29.997438813261041, 0.0 ], [ 51.230745475135507, 29.997276704557699, 0.0 ], [ 51.230643995470913, 29.99744760933087, 0.0 ], [ 51.2305710277911, 29.997606516455409, 0.0 ], [ 51.230426698224882, 29.997801559222431, 0.0 ], [ 51.230297347477169, 29.9979353556046, 0.0 ], [ 51.230225663864523, 29.99799604491059, 0.0 ], [ 51.230379192764673, 29.998181735876869, 0.0 ], [ 51.230405457403378, 29.998341618948089, 0.0 ], [ 51.230585254272462, 29.998687194516648, 0.0 ], [ 51.230398072402572, 29.99890637720485, 0.0 ], [ 51.230280969544587, 29.999187643462019, 0.0 ], [ 51.229939575188652, 29.999375650808151, 0.0 ], [ 51.22959571272191, 29.999654096837741, 0.0 ], [ 51.229115384980332, 30.00018739435669, 0.0 ], [ 51.228727324199063, 30.000452588424832, 0.0 ], [ 51.228682451151187, 30.000490576808829, 0.0 ], [ 51.228056582193048, 30.000843098335519, 0.0 ], [ 51.227636255265459, 30.001312920416439, 0.0 ], [ 51.227884317356207, 30.001571550647149, 0.0 ], [ 51.227464997446333, 30.00196452255652, 0.0 ], [ 51.227328529871343, 30.002219369438041, 0.0 ], [ 51.227369537513098, 30.00247596285843, 0.0 ], [ 51.227718611624752, 30.002927729673392, 0.0 ], [ 51.227685168811483, 30.003222020111771, 0.0 ], [ 51.22722601120622, 30.0032687394867, 0.0 ], [ 51.226852737050351, 30.003534064882992, 0.0 ], [ 51.226360974478567, 30.003811031655069, 0.0 ], [ 51.226025013752128, 30.003487485146881, 0.0 ], [ 51.225717289227553, 30.003266692750081, 0.0 ], [ 51.225698293485848, 30.00358674201852, 0.0 ], [ 51.225044011516133, 30.00384929312278, 0.0 ], [ 51.224981822635563, 30.004079250716551, 0.0 ], [ 51.224857780280693, 30.004513551688131, 0.0 ], [ 51.224631891014283, 30.00481875390803, 0.0 ], [ 51.22422666741349, 30.00526309348464, 0.0 ], [ 51.224283985911953, 30.005551988698361, 0.0 ], [ 51.224282222139628, 30.005686128375281, 0.0 ], [ 51.224450104930817, 30.00568219450194, 0.0 ], [ 51.224647686956843, 30.00587419988813, 0.0 ], [ 51.224651422309023, 30.00608106277766, 0.0 ], [ 51.224759454708888, 30.006210696768481, 0.0 ], [ 51.22438979879125, 30.0063412098866, 0.0 ], [ 51.22421347676687, 30.00649598836155, 0.0 ], [ 51.224127291915423, 30.006668426751119, 0.0 ], [ 51.224105282780343, 30.006849294883722, 0.0 ], [ 51.224065661489533, 30.00727642467065, 0.0 ], [ 51.22398073341116, 30.007569771038771, 0.0 ], [ 51.223916809737531, 30.008027131964941, 0.0 ], [ 51.223553000162433, 30.009058894375531, 0.0 ], [ 51.223186005230097, 30.009256078470621, 0.0 ], [ 51.222973338213379, 30.009305615544861, 0.0 ], [ 51.222816815324983, 30.00870512077331, 0.0 ], [ 51.222464286418308, 30.00797800047479, 0.0 ], [ 51.22207436113213, 30.007974157437179, 0.0 ], [ 51.221878443271748, 30.00804458974692, 0.0 ], [ 51.220727610411942, 30.008708632579602, 0.0 ], [ 51.219459955661371, 30.009781555609859, 0.0 ], [ 51.218935877774364, 30.009390435563191, 0.0 ], [ 51.218099063528108, 30.009478635670408, 0.0 ], [ 51.216910075986412, 30.00881558644333, 0.0 ], [ 51.216745523120309, 30.00862098552938, 0.0 ], [ 51.216718310580809, 30.008572473654912, 0.0 ], [ 51.215971122445609, 30.008203243238469, 0.0 ], [ 51.21558057172836, 30.00824760928111, 0.0 ], [ 51.214908956099727, 30.008482151416139, 0.0 ], [ 51.214683913145301, 30.008648762904858, 0.0 ], [ 51.214201818361843, 30.009295240716192, 0.0 ], [ 51.212995904539362, 30.00991039071365, 0.0 ], [ 51.211547629767452, 30.009895966795231, 0.0 ], [ 51.211380520681367, 30.009894301298651, 0.0 ], [ 51.210323118038879, 30.009811392537109, 0.0 ], [ 51.210816124236217, 30.010443456072782, 0.0 ], [ 51.210664694933527, 30.011358538551342, 0.0 ], [ 51.209315285308172, 30.012285788649361, 0.0 ], [ 51.208438756054029, 30.01116747575211, 0.0 ], [ 51.207769971685423, 30.011184912726179, 0.0 ], [ 51.207658560060622, 30.011183798933921, 0.0 ], [ 51.207258667784167, 30.0119275534461, 0.0 ], [ 51.206917684821342, 30.012430685984931, 0.0 ], [ 51.206032799170387, 30.011939412301992, 0.0 ], [ 51.205161083752863, 30.010459282178651, 0.0 ], [ 51.204348822457547, 30.010788838729859, 0.0 ], [ 51.203934409508797, 30.01261791359191, 0.0 ], [ 51.203270866065452, 30.014323885893809, 0.0 ], [ 51.202160827570083, 30.013999182558269, 0.0 ], [ 51.201004046984323, 30.013159398314929, 0.0 ], [ 51.200207486084523, 30.013698158785679, 0.0 ], [ 51.199825140844851, 30.014742266381621, 0.0 ], [ 51.199185205764607, 30.015373714032389, 0.0 ], [ 51.19938712850162, 30.016013626945171, 0.0 ], [ 51.200849441870822, 30.016848471139632, 0.0 ], [ 51.200622527303878, 30.01807640455014, 0.0 ], [ 51.199566505930093, 30.01833915739514, 0.0 ], [ 51.198898939089652, 30.017102226805029, 0.0 ], [ 51.197582307058561, 30.017180092158629, 0.0 ], [ 51.197146721983763, 30.018269211963691, 0.0 ], [ 51.198027176424027, 30.01932604477032, 0.0 ], [ 51.198492203321223, 30.019968623627449, 0.0 ], [ 51.198064550654017, 30.020465512953049, 0.0 ], [ 51.196798665997839, 30.020680558571762, 0.0 ], [ 51.195115521378838, 30.020617996911469, 0.0 ], [ 51.193073281527447, 30.019868341972629, 0.0 ], [ 51.192229598802889, 30.01999649662703, 0.0 ], [ 51.191889385007229, 30.021815580301169, 0.0 ], [ 51.190520140319002, 30.021892839085659, 0.0 ], [ 51.187831825700762, 30.02223008885305, 0.0 ], [ 51.186184725800103, 30.023398023094089, 0.0 ], [ 51.184913921241709, 30.023977445145309, 0.0 ], [ 51.183698802644251, 30.024329607504541, 0.0 ], [ 51.184261530177743, 30.025520010314509, 0.0 ], [ 51.184469530990043, 30.025704384685518, 0.0 ], [ 51.185923101264301, 30.027177255510502, 0.0 ], [ 51.185483652151802, 30.028539788433552, 0.0 ], [ 51.18479083634292, 30.030057103762051, 0.0 ], [ 51.184247975670147, 30.031281749543432, 0.0 ], [ 51.183357155334413, 30.030999322781451, 0.0 ], [ 51.182317154557829, 30.03243563988535, 0.0 ], [ 51.183020238054411, 30.033689823245989, 0.0 ], [ 51.182999970022323, 30.035176471214239, 0.0 ], [ 51.182867619254971, 30.036757873502321, 0.0 ], [ 51.182127912970273, 30.038189199338738, 0.0 ], [ 51.178975427455562, 30.041940935700801, 0.0 ], [ 51.179035538874707, 30.042160046222079, 0.0 ], [ 51.178771241156362, 30.043031345054771, 0.0 ], [ 51.180220531533642, 30.043182647213211, 0.0 ], [ 51.181630861810547, 30.043879777122129, 0.0 ], [ 51.181459732036203, 30.044861267306182, 0.0 ], [ 51.180969407332292, 30.046112617565431, 0.0 ], [ 51.179855190902963, 30.04683868433753, 0.0 ], [ 51.179589420253158, 30.047819179342159, 0.0 ], [ 51.178403924102362, 30.049145329966318, 0.0 ], [ 51.17753650304477, 30.050283531975719, 0.0 ], [ 51.177401752892223, 30.05091030515764, 0.0 ], [ 51.177674901614452, 30.051705112040992, 0.0 ], [ 51.177817402620413, 30.05282632131345, 0.0 ], [ 51.177620673291337, 30.053370533558361, 0.0 ], [ 51.17798403151761, 30.054494013159189, 0.0 ], [ 51.178726383315613, 30.055594069187581, 0.0 ], [ 51.179349978441543, 30.05614668359533, 0.0 ], [ 51.181095724371673, 30.058133386937168, 0.0 ], [ 51.182519275140137, 30.058904449077708, 0.0 ], [ 51.184984371197622, 30.059028818500511, 0.0 ], [ 51.185739461993791, 30.058341388045029, 0.0 ], [ 51.187524872997429, 30.058341962119091, 0.0 ], [ 51.188479119669907, 30.059780473917289, 0.0 ], [ 51.188294812519167, 30.062506190058571, 0.0 ], [ 51.187729774272377, 30.063741649754078, 0.0 ], [ 51.186952858668207, 30.065047969909848, 0.0 ], [ 51.186930733928769, 30.066690553558779, 0.0 ], [ 51.186537357397903, 30.0677087512762, 0.0 ], [ 51.186309261415033, 30.068984204896559, 0.0 ], [ 51.186089517204053, 30.069639115752391, 0.0 ], [ 51.186758783688923, 30.073135305960609, 0.0 ], [ 51.185269090844081, 30.07410583506125, 0.0 ], [ 51.183990805629158, 30.07504197413795, 0.0 ], [ 51.183094621726909, 30.075799454636201, 0.0 ], [ 51.180889877449367, 30.076616607493619, 0.0 ], [ 51.179565941348983, 30.07780773940312, 0.0 ], [ 51.178958052209552, 30.079079173835659, 0.0 ], [ 51.178013705262913, 30.080274165575219, 0.0 ], [ 51.176899130390282, 30.081576928797642, 0.0 ], [ 51.174853066638327, 30.083125692132299, 0.0 ], [ 51.173670511440321, 30.083223094536159, 0.0 ], [ 51.17274752937179, 30.08284858853715, 0.0 ], [ 51.172206177361332, 30.08233197439305, 0.0 ], [ 51.171915912155022, 30.081963953533862, 0.0 ], [ 51.169849106094453, 30.08194275009426, 0.0 ], [ 51.167135044606049, 30.082973509135378, 0.0 ], [ 51.163925271921968, 30.083232537277109, 0.0 ], [ 51.161644934198719, 30.08339158248188, 0.0 ] ] ] } },
{ "type": "Feature", "properties": { "Name": "منطقه شکار ممنوع خرمنکوه", "description": null, "timestamp": null, "begin": null, "end": null, "altitudeMode": null, "tessellate": -1, "extrude": 0, "visibility": -1, "drawOrder": null, "icon": null }, "geometry": { "type": "Polygon", "coordinates": [ [ [ 53.615507709739383, 29.30489317660988, 0.0 ], [ 53.613231098364523, 29.306171285542849, 0.0 ], [ 53.609083180476588, 29.309186861959311, 0.0 ], [ 53.607572915914822, 29.310260062086829, 0.0 ], [ 53.606365994977111, 29.311926037025039, 0.0 ], [ 53.605526229350723, 29.313292853124779, 0.0 ], [ 53.604723636193022, 29.315291090366891, 0.0 ], [ 53.603969794102149, 29.316737769361609, 0.0 ], [ 53.603008206516151, 29.318422027405049, 0.0 ], [ 53.602482221092018, 29.319848856399201, 0.0 ], [ 53.600736607279842, 29.323065043411709, 0.0 ], [ 53.59923961772536, 29.325927357383151, 0.0 ], [ 53.597092829310647, 29.329329577862939, 0.0 ], [ 53.59219441803041, 29.339511662402849, 0.0 ], [ 53.582938163514143, 29.355004148515238, 0.0 ], [ 53.579934743608241, 29.361914804291221, 0.0 ], [ 53.575442798299846, 29.36495454302003, 0.0 ], [ 53.568355468381142, 29.367761704699781, 0.0 ], [ 53.565904105295502, 29.36945139187771, 0.0 ], [ 53.56761164551984, 29.365826040733509, 0.0 ], [ 53.565636771674193, 29.358106237950761, 0.0 ], [ 53.561016659174967, 29.35189762225728, 0.0 ], [ 53.559078919739783, 29.342958733652129, 0.0 ], [ 53.55855141814849, 29.333703113676041, 0.0 ], [ 53.557203904903062, 29.325127013166892, 0.0 ], [ 53.557332419649313, 29.32076978320729, 0.0 ], [ 53.555498045958053, 29.315147687204188, 0.0 ], [ 53.553023065793226, 29.310906384874439, 0.0 ], [ 53.552383165033092, 29.30548532855272, 0.0 ], [ 53.550246418869357, 29.30334437131647, 0.0 ], [ 53.548140671786541, 29.300157548622089, 0.0 ], [ 53.547597794080282, 29.298226738507459, 0.0 ], [ 53.544908097330428, 29.294503325450219, 0.0 ], [ 53.54096928318954, 29.291892354612131, 0.0 ], [ 53.539045885914852, 29.288679984894099, 0.0 ], [ 53.535978293995527, 29.28593451308053, 0.0 ], [ 53.532705512695237, 29.28466311840431, 0.0 ], [ 53.528522087269167, 29.28414558117527, 0.0 ], [ 53.52658960665088, 29.283960784369579, 0.0 ], [ 53.525183728462537, 29.284082298793741, 0.0 ], [ 53.524064903305543, 29.28305447071601, 0.0 ], [ 53.522563722448751, 29.280833188369229, 0.0 ], [ 53.519108301537912, 29.27756503614934, 0.0 ], [ 53.515180655139083, 29.276108753586001, 0.0 ], [ 53.512500691864417, 29.274862983519299, 0.0 ], [ 53.51170606257125, 29.273477783248371, 0.0 ], [ 53.510870174222717, 29.271205172764169, 0.0 ], [ 53.510086625622471, 29.269419686139059, 0.0 ], [ 53.508725110566807, 29.267813168082242, 0.0 ], [ 53.505613711021802, 29.262168696085919, 0.0 ], [ 53.507213851785167, 29.260916190574211, 0.0 ], [ 53.507532515358221, 29.257877748389632, 0.0 ], [ 53.50626057452321, 29.254736856076718, 0.0 ], [ 53.504729503554522, 29.252649424858038, 0.0 ], [ 53.505922556503712, 29.25082281285551, 0.0 ], [ 53.504890648030077, 29.249806130913669, 0.0 ], [ 53.504233953392898, 29.248930427057442, 0.0 ], [ 53.503076235647697, 29.247050149438639, 0.0 ], [ 53.501826493174953, 29.243181477341921, 0.0 ], [ 53.501624490072629, 29.239800145586329, 0.0 ], [ 53.499946087713887, 29.237576804882469, 0.0 ], [ 53.497967353756849, 29.232057041982038, 0.0 ], [ 53.494590945427852, 29.22912901491835, 0.0 ], [ 53.493265568309148, 29.226270865145011, 0.0 ], [ 53.492409176130579, 29.222815035470351, 0.0 ], [ 53.48917490121341, 29.217720593662861, 0.0 ], [ 53.488312998908761, 29.21630772397198, 0.0 ], [ 53.487284595343567, 29.209829762707649, 0.0 ], [ 53.486164040223287, 29.206414410992849, 0.0 ], [ 53.48282224631896, 29.200812039462001, 0.0 ], [ 53.481980361628693, 29.199047422148851, 0.0 ], [ 53.481627859286853, 29.198502475002758, 0.0 ], [ 53.48156255748404, 29.191164567575001, 0.0 ], [ 53.481453994761353, 29.179834713577929, 0.0 ], [ 53.481351749089256, 29.1777924728299, 0.0 ], [ 53.482113930316629, 29.175627018436462, 0.0 ], [ 53.48269826442565, 29.172562867125091, 0.0 ], [ 53.483765366105153, 29.169796141778189, 0.0 ], [ 53.483897979891623, 29.168117272173369, 0.0 ], [ 53.48457055685239, 29.164840446616122, 0.0 ], [ 53.485521131248262, 29.16185623102136, 0.0 ], [ 53.485488881101951, 29.159803171053849, 0.0 ], [ 53.485806825083813, 29.158772638583731, 0.0 ], [ 53.487466427064177, 29.156735131881451, 0.0 ], [ 53.488860853565363, 29.155335712770061, 0.0 ], [ 53.490575187679028, 29.151474438789499, 0.0 ], [ 53.491499642688773, 29.14934853279934, 0.0 ], [ 53.490360633374152, 29.147712041014412, 0.0 ], [ 53.488059014763692, 29.145225741665332, 0.0 ], [ 53.487310141583379, 29.14424230081973, 0.0 ], [ 53.487609680154449, 29.14381974895899, 0.0 ], [ 53.488362273243823, 29.142079802262909, 0.0 ], [ 53.489882781693652, 29.14162875514377, 0.0 ], [ 53.49360718537482, 29.140357548761848, 0.0 ], [ 53.500979436737921, 29.138108206352641, 0.0 ], [ 53.504834122650109, 29.136842019542161, 0.0 ], [ 53.50841185044861, 29.135718231890419, 0.0 ], [ 53.512274007081629, 29.134529949390711, 0.0 ], [ 53.515990672653977, 29.13387221734288, 0.0 ], [ 53.519742778010951, 29.13317540795709, 0.0 ], [ 53.523583658024151, 29.132506598169059, 0.0 ], [ 53.527438862417512, 29.13164540832846, 0.0 ], [ 53.531533569724687, 29.130924965043629, 0.0 ], [ 53.535546006734663, 29.130173507766269, 0.0 ], [ 53.539541515677243, 29.129436049290621, 0.0 ], [ 53.543453425824097, 29.128654536902339, 0.0 ], [ 53.546770201589098, 29.128062089419899, 0.0 ], [ 53.550954152530693, 29.127219340839261, 0.0 ], [ 53.554909102409873, 29.12651327023887, 0.0 ], [ 53.55894713273895, 29.125709599065139, 0.0 ], [ 53.56242236918532, 29.125801787960381, 0.0 ], [ 53.57059707734679, 29.126113147772351, 0.0 ], [ 53.574084840701481, 29.126214808919539, 0.0 ], [ 53.577038033200353, 29.127013561909209, 0.0 ], [ 53.581197287337368, 29.12846686923633, 0.0 ], [ 53.584656117442378, 29.129640121186078, 0.0 ], [ 53.591516883877063, 29.131698300479481, 0.0 ], [ 53.598319512020304, 29.13219524146983, 0.0 ], [ 53.600149564536459, 29.135222176947259, 0.0 ], [ 53.602954260654172, 29.13843460948728, 0.0 ], [ 53.605377899111062, 29.141230633075459, 0.0 ], [ 53.610075558849353, 29.142050796896999, 0.0 ], [ 53.614378788858758, 29.14287637007606, 0.0 ], [ 53.61771622814301, 29.1435407392146, 0.0 ], [ 53.620668199560278, 29.14403746816134, 0.0 ], [ 53.624094163204539, 29.144794548242519, 0.0 ], [ 53.625154508233187, 29.145022378725681, 0.0 ], [ 53.625885487944117, 29.146582902733819, 0.0 ], [ 53.626820501795713, 29.148216542954678, 0.0 ], [ 53.627633981500381, 29.150330687488431, 0.0 ], [ 53.62849265990284, 29.150808270058238, 0.0 ], [ 53.62948068517484, 29.151789376329191, 0.0 ], [ 53.630897525557927, 29.153139621721849, 0.0 ], [ 53.631452577979999, 29.153895304537649, 0.0 ], [ 53.631675521705603, 29.15473963218836, 0.0 ], [ 53.6323437313184, 29.1563372011335, 0.0 ], [ 53.634389652599232, 29.15969169845221, 0.0 ], [ 53.634533701878979, 29.160414349698222, 0.0 ], [ 53.634953829974052, 29.162209956948711, 0.0 ], [ 53.634830463287336, 29.16291058051279, 0.0 ], [ 53.634840078263757, 29.163693711294929, 0.0 ], [ 53.635965657962437, 29.165428896149891, 0.0 ], [ 53.638017248352817, 29.16871053263776, 0.0 ], [ 53.640004457826358, 29.172237996168281, 0.0 ], [ 53.642775749495222, 29.176552022968991, 0.0 ], [ 53.643956740440942, 29.177605008258109, 0.0 ], [ 53.645471479649601, 29.17908822452819, 0.0 ], [ 53.647990183670593, 29.182980089298692, 0.0 ], [ 53.650004883929292, 29.185138875784059, 0.0 ], [ 53.651243188290387, 29.18661609212711, 0.0 ], [ 53.651284980725542, 29.18745421008343, 0.0 ], [ 53.65161630997693, 29.18918351833323, 0.0 ], [ 53.653150417836237, 29.19121089436824, 0.0 ], [ 53.654746037300512, 29.193511535602081, 0.0 ], [ 53.655997709858397, 29.193775716415669, 0.0 ], [ 53.65752800354101, 29.195288091530571, 0.0 ], [ 53.658966314967373, 29.19790782254293, 0.0 ], [ 53.65987991687318, 29.199829412975259, 0.0 ], [ 53.660911531935831, 29.201859223309199, 0.0 ], [ 53.662177653103619, 29.204158272145872, 0.0 ], [ 53.663498050011953, 29.20694007536504, 0.0 ], [ 53.665419101481731, 29.2116606384802, 0.0 ], [ 53.666181472278382, 29.213643469888069, 0.0 ], [ 53.669165325955483, 29.215402525323661, 0.0 ], [ 53.673206582762603, 29.218402396987539, 0.0 ], [ 53.674547495690902, 29.218654964861951, 0.0 ], [ 53.675183977581973, 29.21988558568636, 0.0 ], [ 53.676011631506917, 29.221661197842501, 0.0 ], [ 53.677893902735001, 29.22449627375649, 0.0 ], [ 53.678310070355813, 29.22621805481986, 0.0 ], [ 53.678234621296014, 29.22797158691451, 0.0 ], [ 53.677915855894902, 29.229845771213618, 0.0 ], [ 53.677363546836489, 29.230581137179019, 0.0 ], [ 53.676426140684697, 29.231359734365071, 0.0 ], [ 53.675417314658297, 29.232574839636111, 0.0 ], [ 53.675194704887211, 29.233136934732741, 0.0 ], [ 53.675173568061197, 29.233883756023712, 0.0 ], [ 53.675240237208037, 29.234658245455091, 0.0 ], [ 53.675070816319213, 29.23542764691696, 0.0 ], [ 53.674762859463748, 29.235875313788249, 0.0 ], [ 53.673656641458592, 29.237397590093021, 0.0 ], [ 53.672902368008927, 29.239004720503491, 0.0 ], [ 53.672190006405387, 29.24017467345449, 0.0 ], [ 53.671631039529842, 29.24114178275293, 0.0 ], [ 53.67092084784958, 29.242234458586111, 0.0 ], [ 53.67026455521102, 29.24350866479465, 0.0 ], [ 53.669670195212397, 29.244681136487269, 0.0 ], [ 53.669225580581262, 29.245779542394779, 0.0 ], [ 53.667467215102391, 29.248421423391349, 0.0 ], [ 53.66580896415995, 29.25065323318308, 0.0 ], [ 53.664444593651623, 29.25230693578386, 0.0 ], [ 53.663871995470949, 29.253182159170589, 0.0 ], [ 53.662193983316882, 29.254943455186741, 0.0 ], [ 53.658578591704313, 29.258810058297509, 0.0 ], [ 53.652866751793113, 29.266022317741459, 0.0 ], [ 53.646437704604608, 29.271712744139581, 0.0 ], [ 53.640376973271209, 29.27690015911384, 0.0 ], [ 53.63921660814794, 29.277818663654461, 0.0 ], [ 53.637333558964762, 29.27952487958424, 0.0 ], [ 53.636803314224757, 29.280573395412279, 0.0 ], [ 53.635942715621617, 29.281939664704868, 0.0 ], [ 53.632485042570593, 29.28652507632291, 0.0 ], [ 53.62898689431092, 29.292503813713079, 0.0 ], [ 53.62665659772243, 29.296620448946982, 0.0 ], [ 53.62505096995293, 29.29970510716571, 0.0 ], [ 53.623188319663122, 29.30253538921604, 0.0 ], [ 53.622470376633132, 29.302948592831441, 0.0 ], [ 53.620942505597093, 29.302825125980782, 0.0 ], [ 53.618820465471977, 29.302661074630439, 0.0 ], [ 53.617336607498373, 29.303605218460589, 0.0 ], [ 53.615507709739383, 29.30489317660988, 0.0 ] ] ] } },
{ "type": "Feature", "properties": { "Name": "منطقه شکار ممنوع مل بلند", "description": null, "timestamp": null, "begin": null, "end": null, "altitudeMode": null, "tessellate": -1, "extrude": 0, "visibility": -1, "drawOrder": null, "icon": null }, "geometry": { "type": "Polygon", "coordinates": [ [ [ 52.556598729268352, 29.215910534964571, 0.0 ], [ 52.548647938864811, 29.217674566555448, 0.0 ], [ 52.542985061679722, 29.219152392811619, 0.0 ], [ 52.537876860922573, 29.219778884100709, 0.0 ], [ 52.52371115525689, 29.220950947811438, 0.0 ], [ 52.51648678675015, 29.221135516954281, 0.0 ], [ 52.512404692216393, 29.220322668316889, 0.0 ], [ 52.507769854816232, 29.21744223138575, 0.0 ], [ 52.50405177013802, 29.21438125811758, 0.0 ], [ 52.497243862065567, 29.21032764130884, 0.0 ], [ 52.491719754942316, 29.206564954482769, 0.0 ], [ 52.490140582609101, 29.205001621017999, 0.0 ], [ 52.491348802094052, 29.20306241337617, 0.0 ], [ 52.494775104611392, 29.197873687384551, 0.0 ], [ 52.499490913312492, 29.192233390888688, 0.0 ], [ 52.502745166765642, 29.188664625401199, 0.0 ], [ 52.506106362015252, 29.185167880345819, 0.0 ], [ 52.508615139585302, 29.182990720152411, 0.0 ], [ 52.51269971925467, 29.179152032408648, 0.0 ], [ 52.51608209707554, 29.178674947244119, 0.0 ], [ 52.518928645184523, 29.178619420493121, 0.0 ], [ 52.519675957001667, 29.178225243002789, 0.0 ], [ 52.522067320079671, 29.176460916350059, 0.0 ], [ 52.52300145957183, 29.174082141679261, 0.0 ], [ 52.525981086190903, 29.172856125060228, 0.0 ], [ 52.52837374886937, 29.171033335909051, 0.0 ], [ 52.529763821206728, 29.16913169454028, 0.0 ], [ 52.530064208033778, 29.167909704924821, 0.0 ], [ 52.532305779156658, 29.166727079083412, 0.0 ], [ 52.535210520456751, 29.165791758512011, 0.0 ], [ 52.538123043888383, 29.16456411308685, 0.0 ], [ 52.53976681405652, 29.163193785999091, 0.0 ], [ 52.542324203244902, 29.160204347101111, 0.0 ], [ 52.545560335191666, 29.156877505987151, 0.0 ], [ 52.545334400585048, 29.155293871172109, 0.0 ], [ 52.54403434065658, 29.153805582382581, 0.0 ], [ 52.543436538875113, 29.15361809416131, 0.0 ], [ 52.542460390775588, 29.152545705154122, 0.0 ], [ 52.541144939637611, 29.15164192805987, 0.0 ], [ 52.538707193671037, 29.150130650669759, 0.0 ], [ 52.53727509632354, 29.148581115639761, 0.0 ], [ 52.536381610556013, 29.146925435070791, 0.0 ], [ 52.53640354746841, 29.14595144295955, 0.0 ], [ 52.534645899516192, 29.144044281466979, 0.0 ], [ 52.535844128643753, 29.14178772420469, 0.0 ], [ 52.539196529119849, 29.139106897069372, 0.0 ], [ 52.541383257971077, 29.137455082736409, 0.0 ], [ 52.541619651195639, 29.13611472053158, 0.0 ], [ 52.542596156298657, 29.134273896577682, 0.0 ], [ 52.545150922843092, 29.131741086535929, 0.0 ], [ 52.547463907355692, 29.13038396167093, 0.0 ], [ 52.54926777895011, 29.128022199452332, 0.0 ], [ 52.551155289443102, 29.125494122225248, 0.0 ], [ 52.554488233912188, 29.122053362330728, 0.0 ], [ 52.556519985182767, 29.119348258710911, 0.0 ], [ 52.558239306345413, 29.1173246240756, 0.0 ], [ 52.559222611416537, 29.115236979357711, 0.0 ], [ 52.559567234353331, 29.113173345087159, 0.0 ], [ 52.558868788110729, 29.11154379138139, 0.0 ], [ 52.558964916332549, 29.109977830714129, 0.0 ], [ 52.55909795885583, 29.106894157271181, 0.0 ], [ 52.559443582512841, 29.105830123299729, 0.0 ], [ 52.559817688016302, 29.103900287239568, 0.0 ], [ 52.560507530395, 29.102259327929421, 0.0 ], [ 52.560538279529027, 29.101089478695371, 0.0 ], [ 52.559641442953833, 29.10006245567466, 0.0 ], [ 52.559017379009909, 29.099202347190431, 0.0 ], [ 52.559425959905752, 29.097717192245049, 0.0 ], [ 52.559684236624797, 29.096679217263681, 0.0 ], [ 52.561243737459712, 29.096577089836892, 0.0 ], [ 52.562661173119992, 29.09607202502723, 0.0 ], [ 52.563827492622373, 29.095828654818561, 0.0 ], [ 52.565148426919997, 29.09550836136324, 0.0 ], [ 52.5666372568393, 29.094604650132641, 0.0 ], [ 52.567425092928389, 29.093660247964571, 0.0 ], [ 52.568363335623687, 29.09279887365097, 0.0 ], [ 52.569880456697852, 29.091975751719239, 0.0 ], [ 52.571639488988922, 29.091237468202831, 0.0 ], [ 52.573408951693757, 29.09009931636594, 0.0 ], [ 52.576362492944646, 29.089198136464919, 0.0 ], [ 52.581237741532128, 29.087312693016791, 0.0 ], [ 52.584834621320262, 29.085947838096541, 0.0 ], [ 52.587173651355563, 29.08495695789377, 0.0 ], [ 52.589702744993872, 29.08484759732449, 0.0 ], [ 52.592174445477958, 29.084604068892279, 0.0 ], [ 52.593239876866882, 29.084598606181071, 0.0 ], [ 52.594487153780427, 29.084623341916011, 0.0 ], [ 52.596392597350267, 29.083916338693449, 0.0 ], [ 52.597871450169883, 29.083227459247119, 0.0 ], [ 52.600282251088288, 29.08234042734647, 0.0 ], [ 52.601407468634633, 29.082169734062241, 0.0 ], [ 52.60240704598128, 29.081967101917058, 0.0 ], [ 52.604834327807097, 29.08056834451919, 0.0 ], [ 52.605602882953782, 29.079297573240112, 0.0 ], [ 52.606764226412743, 29.078484629290951, 0.0 ], [ 52.608112704347782, 29.077546771783091, 0.0 ], [ 52.609598280472689, 29.076997382814731, 0.0 ], [ 52.613275959237782, 29.074176395965619, 0.0 ], [ 52.614929632315651, 29.074241059524692, 0.0 ], [ 52.616452821435601, 29.073660144795721, 0.0 ], [ 52.617907707784518, 29.07280072089344, 0.0 ], [ 52.620062026260449, 29.07173206425874, 0.0 ], [ 52.622298683976169, 29.071730273740521, 0.0 ], [ 52.62382695531916, 29.071742115113292, 0.0 ], [ 52.625678824441088, 29.07181505726129, 0.0 ], [ 52.626405953842301, 29.071781438292081, 0.0 ], [ 52.626511676196571, 29.071451830733391, 0.0 ], [ 52.625411748401717, 29.069905633706099, 0.0 ], [ 52.625971087121108, 29.06920562100629, 0.0 ], [ 52.627142452599443, 29.06877414319889, 0.0 ], [ 52.629798802124107, 29.067039607383069, 0.0 ], [ 52.631383949464137, 29.065747218795241, 0.0 ], [ 52.63133370190922, 29.064753714954168, 0.0 ], [ 52.631973520362067, 29.064898536283859, 0.0 ], [ 52.633063820190102, 29.06474792835856, 0.0 ], [ 52.635363796699622, 29.064792917135911, 0.0 ], [ 52.639986285706669, 29.063995757552799, 0.0 ], [ 52.644177229298272, 29.064195698946769, 0.0 ], [ 52.64598105300476, 29.065118170322769, 0.0 ], [ 52.647410559550217, 29.067453133611131, 0.0 ], [ 52.649797707258799, 29.069392499534541, 0.0 ], [ 52.652000030021917, 29.07061832595787, 0.0 ], [ 52.65368081535491, 29.07372698509921, 0.0 ], [ 52.655088114692809, 29.076948595039632, 0.0 ], [ 52.655098765710321, 29.079196665195258, 0.0 ], [ 52.653908283872127, 29.083432690681651, 0.0 ], [ 52.652111826290763, 29.087538652506421, 0.0 ], [ 52.649214647280139, 29.092333158802131, 0.0 ], [ 52.647353216544708, 29.096319716562029, 0.0 ], [ 52.646225570042382, 29.100726141057962, 0.0 ], [ 52.645660037953178, 29.104323737520652, 0.0 ], [ 52.644838866435322, 29.107324700582421, 0.0 ], [ 52.644378514236642, 29.11210722470031, 0.0 ], [ 52.642179179473636, 29.124013532641161, 0.0 ], [ 52.640541229855543, 29.131389930445451, 0.0 ], [ 52.639647377956649, 29.136120029245731, 0.0 ], [ 52.640297794780132, 29.13801946566192, 0.0 ], [ 52.641763787406099, 29.140323162478509, 0.0 ], [ 52.64210238141645, 29.141994447080219, 0.0 ], [ 52.642284396451423, 29.142330924126849, 0.0 ], [ 52.641927335260881, 29.143877656967302, 0.0 ], [ 52.64162103787622, 29.145924745356339, 0.0 ], [ 52.640112448594451, 29.14778193910816, 0.0 ], [ 52.638767405338882, 29.150696539870019, 0.0 ], [ 52.638660011582303, 29.152414529971161, 0.0 ], [ 52.637441836812933, 29.155331589879751, 0.0 ], [ 52.636928993529253, 29.157988166413581, 0.0 ], [ 52.63741867217712, 29.158719085566819, 0.0 ], [ 52.638559009567757, 29.158852303260019, 0.0 ], [ 52.640783230835801, 29.1588401531348, 0.0 ], [ 52.64282397115273, 29.158546940942632, 0.0 ], [ 52.644477996584428, 29.158468127907131, 0.0 ], [ 52.646476376598102, 29.157341680299378, 0.0 ], [ 52.648785203758763, 29.156498651154251, 0.0 ], [ 52.649485189443133, 29.15645673485086, 0.0 ], [ 52.649926914974728, 29.156576278078099, 0.0 ], [ 52.651326888089919, 29.15649242444114, 0.0 ], [ 52.653184103792633, 29.155917984063521, 0.0 ], [ 52.65451916972831, 29.15588831553892, 0.0 ], [ 52.65572311556334, 29.15851961729512, 0.0 ], [ 52.655662553995377, 29.160904457937932, 0.0 ], [ 52.656793068930043, 29.161425697909799, 0.0 ], [ 52.659103393443793, 29.160527007078599, 0.0 ], [ 52.660455002194347, 29.159895215867099, 0.0 ], [ 52.662008974056377, 29.1596385287678, 0.0 ], [ 52.663309943390033, 29.160114061936159, 0.0 ], [ 52.664753620457489, 29.160510422507372, 0.0 ], [ 52.666609855762083, 29.161283259228629, 0.0 ], [ 52.668142175355001, 29.16188603490296, 0.0 ], [ 52.667838157174543, 29.162781106716231, 0.0 ], [ 52.66648117983064, 29.164515861298771, 0.0 ], [ 52.665678405086013, 29.166588832084919, 0.0 ], [ 52.664800512085513, 29.16792324050984, 0.0 ], [ 52.663555900826047, 29.168922970040079, 0.0 ], [ 52.661733254448748, 29.17052575360314, 0.0 ], [ 52.660565787007549, 29.17218210742892, 0.0 ], [ 52.659371114255741, 29.173059900727011, 0.0 ], [ 52.659160804869323, 29.173956710417841, 0.0 ], [ 52.659189018837118, 29.17469433799825, 0.0 ], [ 52.65910793136706, 29.17604409583987, 0.0 ], [ 52.658620503621172, 29.17677176676095, 0.0 ], [ 52.658132030843433, 29.177540369788211, 0.0 ], [ 52.657316445060999, 29.178261699423839, 0.0 ], [ 52.656660162124723, 29.178249006228938, 0.0 ], [ 52.655628861278522, 29.178229055702349, 0.0 ], [ 52.655244131945253, 29.17808225028217, 0.0 ], [ 52.655402879482047, 29.178769655930449, 0.0 ], [ 52.655260751033111, 29.179164220214901, 0.0 ], [ 52.655002220116799, 29.179518082568041, 0.0 ], [ 52.654606108153573, 29.180087163749299, 0.0 ], [ 52.65412618545291, 29.180488005834661, 0.0 ], [ 52.653264774876959, 29.180881462691989, 0.0 ], [ 52.652416724160148, 29.181326441756951, 0.0 ], [ 52.652139919919378, 29.18182093296701, 0.0 ], [ 52.651597029501083, 29.181810419222419, 0.0 ], [ 52.651089020157727, 29.181582694746862, 0.0 ], [ 52.650497219594662, 29.181763481261971, 0.0 ], [ 52.650322780832937, 29.182272775399401, 0.0 ], [ 52.650582006513538, 29.182470049082909, 0.0 ], [ 52.651223934036722, 29.183271982702941, 0.0 ], [ 52.651204511350542, 29.184035709336591, 0.0 ], [ 52.651450605166737, 29.18452672598097, 0.0 ], [ 52.651326695614692, 29.185422535201859, 0.0 ], [ 52.651023940192793, 29.185547446894251, 0.0 ], [ 52.650526789734513, 29.185743321957741, 0.0 ], [ 52.648116710805041, 29.186510489024769, 0.0 ], [ 52.647551441402364, 29.18733119307733, 0.0 ], [ 52.64739605416672, 29.188088547441989, 0.0 ], [ 52.646956604080962, 29.188744035072361, 0.0 ], [ 52.64575463345593, 29.189404618526741, 0.0 ], [ 52.64563327872682, 29.1894373346083, 0.0 ], [ 52.644646385438413, 29.189540928641261, 0.0 ], [ 52.643610894627557, 29.18918764225311, 0.0 ], [ 52.6421542650749, 29.18880862685597, 0.0 ], [ 52.641029160695282, 29.18803271687618, 0.0 ], [ 52.639502105610127, 29.187266503413259, 0.0 ], [ 52.63888953461101, 29.187657904136451, 0.0 ], [ 52.63818994009921, 29.188310640685149, 0.0 ], [ 52.637571538781451, 29.18892987951012, 0.0 ], [ 52.636672507050427, 29.189526108735791, 0.0 ], [ 52.635218843715329, 29.190602514511351, 0.0 ], [ 52.634231388446977, 29.19151264620028, 0.0 ], [ 52.633751669845047, 29.192204715675889, 0.0 ], [ 52.633647298088377, 29.192947068811328, 0.0 ], [ 52.634178619564402, 29.194079523741841, 0.0 ], [ 52.634124350234558, 29.19491282760276, 0.0 ], [ 52.634338025421982, 29.195578727952341, 0.0 ], [ 52.634237654781948, 29.196227488346459, 0.0 ], [ 52.632752774147413, 29.196712691285729, 0.0 ], [ 52.631862068479393, 29.196995235956511, 0.0 ], [ 52.630752252874977, 29.19720922669368, 0.0 ], [ 52.62935797696101, 29.197032037930821, 0.0 ], [ 52.626714956190852, 29.196744721495492, 0.0 ], [ 52.625348566114972, 29.196805975131738, 0.0 ], [ 52.623562897669899, 29.197362250681959, 0.0 ], [ 52.619605538527843, 29.197284800244891, 0.0 ], [ 52.613012225069753, 29.198428698152089, 0.0 ], [ 52.607365660753587, 29.19922706332439, 0.0 ], [ 52.604159106171103, 29.200346142419299, 0.0 ], [ 52.602729796427262, 29.20122738962327, 0.0 ], [ 52.599888087244608, 29.202694720521212, 0.0 ], [ 52.598822254195177, 29.203335145584148, 0.0 ], [ 52.596398679996383, 29.204635590560098, 0.0 ], [ 52.595994236939212, 29.205619707324779, 0.0 ], [ 52.59484766347444, 29.20600405677245, 0.0 ], [ 52.593241664358388, 29.206124914922409, 0.0 ], [ 52.591712669200312, 29.206797877325219, 0.0 ], [ 52.590381651635703, 29.207071119445551, 0.0 ], [ 52.588844593015843, 29.20772541484105, 0.0 ], [ 52.586755108791387, 29.20888225495268, 0.0 ], [ 52.584321502561259, 29.210074988680621, 0.0 ], [ 52.583365858322033, 29.210997463462501, 0.0 ], [ 52.582376840961508, 29.21132015620902, 0.0 ], [ 52.581936921599493, 29.211268619318432, 0.0 ], [ 52.580840005122077, 29.21009139946419, 0.0 ], [ 52.578769795512017, 29.20863804552511, 0.0 ], [ 52.576974941144037, 29.209029109929091, 0.0 ], [ 52.574877282536107, 29.20959333547226, 0.0 ], [ 52.57311398385481, 29.21011570360481, 0.0 ], [ 52.570825008568413, 29.21162139342907, 0.0 ], [ 52.569985102512312, 29.212937827726609, 0.0 ], [ 52.568475788499541, 29.2143620811235, 0.0 ], [ 52.566720628878777, 29.214569399350928, 0.0 ], [ 52.56510677776707, 29.214682563690431, 0.0 ], [ 52.563776225935072, 29.214583216845519, 0.0 ], [ 52.562626502285312, 29.215036025608882, 0.0 ], [ 52.556598729268352, 29.215910534964571, 0.0 ] ] ] } },
{ "type": "Feature", "properties": { "Name": "منطقه شکار ممنوع دالان", "description": null, "timestamp": null, "begin": null, "end": null, "altitudeMode": null, "tessellate": -1, "extrude": 0, "visibility": -1, "drawOrder": null, "icon": null }, "geometry": { "type": "Polygon", "coordinates": [ [ [ 51.888108895390623, 28.78255653154504, 0.0 ], [ 51.883658455674592, 28.78307491703961, 0.0 ], [ 51.882254215502009, 28.782632591149291, 0.0 ], [ 51.880829039592527, 28.78210532622365, 0.0 ], [ 51.877529854900693, 28.77980079667018, 0.0 ], [ 51.877308423336643, 28.776512240424591, 0.0 ], [ 51.875587426069941, 28.772170180135351, 0.0 ], [ 51.874464828656762, 28.769538526786629, 0.0 ], [ 51.869439037562742, 28.768087130430331, 0.0 ], [ 51.866033156045852, 28.767104014523682, 0.0 ], [ 51.860020674685337, 28.767205761964121, 0.0 ], [ 51.856590705415343, 28.768487983749299, 0.0 ], [ 51.850182846591863, 28.763347950251511, 0.0 ], [ 51.830795571191508, 28.741622633622502, 0.0 ], [ 51.829262941997669, 28.739416735063401, 0.0 ], [ 51.822086340649157, 28.73040861701131, 0.0 ], [ 51.820553588001907, 28.72850894681277, 0.0 ], [ 51.817349388591197, 28.724219644712949, 0.0 ], [ 51.814841550137572, 28.721033059974669, 0.0 ], [ 51.813312496463418, 28.716580399336909, 0.0 ], [ 51.812340202532411, 28.71376279300474, 0.0 ], [ 51.812343274241542, 28.712048518884121, 0.0 ], [ 51.813883567827382, 28.709479120603859, 0.0 ], [ 51.815075332298562, 28.706542037036659, 0.0 ], [ 51.816407077508082, 28.703299112169262, 0.0 ], [ 51.819134756533963, 28.69993558396143, 0.0 ], [ 51.821162659400507, 28.69755066215167, 0.0 ], [ 51.825333476280143, 28.69407648460566, 0.0 ], [ 51.82715105673828, 28.692180846413962, 0.0 ], [ 51.830607325637118, 28.68949955235566, 0.0 ], [ 51.835829481893782, 28.6854154965474, 0.0 ], [ 51.839112770229882, 28.68275038387241, 0.0 ], [ 51.841170149812172, 28.680707756655519, 0.0 ], [ 51.843069781074782, 28.678387644023069, 0.0 ], [ 51.844771320693951, 28.67543339507915, 0.0 ], [ 51.844732816891401, 28.67474010006072, 0.0 ], [ 51.844813580599279, 28.673527008139558, 0.0 ], [ 51.843747921704242, 28.672832644542179, 0.0 ], [ 51.842523889423902, 28.672380738918019, 0.0 ], [ 51.841774646128577, 28.67144407320934, 0.0 ], [ 51.841657351419229, 28.67061207561936, 0.0 ], [ 51.842487422007139, 28.670301020752621, 0.0 ], [ 51.845254520123767, 28.669056202377281, 0.0 ], [ 51.848417349734191, 28.667187910476169, 0.0 ], [ 51.850710790455253, 28.66545732610772, 0.0 ], [ 51.85272763604798, 28.663726433695409, 0.0 ], [ 51.855178142078003, 28.66258515565821, 0.0 ], [ 51.856798582599602, 28.661858919488129, 0.0 ], [ 51.858419373109683, 28.660855377256169, 0.0 ], [ 51.859525992534422, 28.660371209277461, 0.0 ], [ 51.860527347698209, 28.66008282343158, 0.0 ], [ 51.861847330082881, 28.659474808801662, 0.0 ], [ 51.862438146484372, 28.65895751279659, 0.0 ], [ 51.865459453756969, 28.657985535788988, 0.0 ], [ 51.866536621376433, 28.657103170831132, 0.0 ], [ 51.868134167338987, 28.656434499865771, 0.0 ], [ 51.869732420162357, 28.65512617705156, 0.0 ], [ 51.871399890325392, 28.653939752275221, 0.0 ], [ 51.871747758944423, 28.65326996182452, 0.0 ], [ 51.87181836667272, 28.652234420268972, 0.0 ], [ 51.872197490776912, 28.65135369694358, 0.0 ], [ 51.872642461344341, 28.651337110836579, 0.0 ], [ 51.87359120586369, 28.650624910148348, 0.0 ], [ 51.87442388658242, 28.649895623410188, 0.0 ], [ 51.87519787715366, 28.649743495212071, 0.0 ], [ 51.875449747565114, 28.649404170363571, 0.0 ], [ 51.875991705215981, 28.649149975190142, 0.0 ], [ 51.876707566000682, 28.649082671168671, 0.0 ], [ 51.877945671595363, 28.649100682229829, 0.0 ], [ 51.878700216929651, 28.64905037351879, 0.0 ], [ 51.879249515093491, 28.649030082569151, 0.0 ], [ 51.880134279388507, 28.64909051903766, 0.0 ], [ 51.881019201281163, 28.64900162038019, 0.0 ], [ 51.882312905973492, 28.648524781749639, 0.0 ], [ 51.882926192458008, 28.647838348081379, 0.0 ], [ 51.883403154523691, 28.647331007267621, 0.0 ], [ 51.884356216134677, 28.647122697251781, 0.0 ], [ 51.885241393550373, 28.64673513927783, 0.0 ], [ 51.886024956213213, 28.645869662319249, 0.0 ], [ 51.887114161600849, 28.645601722250831, 0.0 ], [ 51.888951972548909, 28.645364215817271, 0.0 ], [ 51.890143167842787, 28.645185933767031, 0.0 ], [ 51.890892437253953, 28.6445294775612, 0.0 ], [ 51.891165464359787, 28.64369347752212, 0.0 ], [ 51.891949283074851, 28.642469627286449, 0.0 ], [ 51.892358215656692, 28.640779214673721, 0.0 ], [ 51.892958843967172, 28.640217360424391, 0.0 ], [ 51.892667747960523, 28.639191832202972, 0.0 ], [ 51.894012010999397, 28.638372553894339, 0.0 ], [ 51.895765674954767, 28.636989620519479, 0.0 ], [ 51.89816120988143, 28.636324818488099, 0.0 ], [ 51.899855800545552, 28.635659494589721, 0.0 ], [ 51.900732648272609, 28.634942337008798, 0.0 ], [ 51.902252053693651, 28.63422558052919, 0.0 ], [ 51.903712564978044, 28.634072705352359, 0.0 ], [ 51.904939389223443, 28.63397093349873, 0.0 ], [ 51.905407074797353, 28.633561074150311, 0.0 ], [ 51.90651686881067, 28.633715553743109, 0.0 ], [ 51.907335196764393, 28.63315208571295, 0.0 ], [ 51.908423769729957, 28.63353256077993, 0.0 ], [ 51.909137531408241, 28.633407707743139, 0.0 ], [ 51.910066218713247, 28.63223906760927, 0.0 ], [ 51.911089512885262, 28.631696836534111, 0.0 ], [ 51.91227868743529, 28.63192718247431, 0.0 ], [ 51.91299246891429, 28.63169793623193, 0.0 ], [ 51.91382509462079, 28.631573145122601, 0.0 ], [ 51.915061986541517, 28.63157384344688, 0.0 ], [ 51.915966167856979, 28.631156795953341, 0.0 ], [ 51.916894077009133, 28.630802391848238, 0.0 ], [ 51.91729836222332, 28.63090700192312, 0.0 ], [ 51.917797762207002, 28.631053417830081, 0.0 ], [ 51.917892683456429, 28.63136663287446, 0.0 ], [ 51.918392057092589, 28.631554802007251, 0.0 ], [ 51.919319596274491, 28.631722323217719, 0.0 ], [ 51.920389929538509, 28.631785527957401, 0.0 ], [ 51.920532830281552, 28.631514194083469, 0.0 ], [ 51.920374131166703, 28.631054599173741, 0.0 ], [ 51.92100425580832, 28.6304232713217, 0.0 ], [ 51.921562450316621, 28.62972874081024, 0.0 ], [ 51.921580462627063, 28.629697166920739, 0.0 ], [ 51.921904851987158, 28.62887618346344, 0.0 ], [ 51.922318990283131, 28.628355281246598, 0.0 ], [ 51.922679416774542, 28.62743956288227, 0.0 ], [ 51.922463970316429, 28.6267762120948, 0.0 ], [ 51.922464381867186, 28.626160342530302, 0.0 ], [ 51.922356989351627, 28.625339122475779, 0.0 ], [ 51.921943581583562, 28.624786200220161, 0.0 ], [ 51.921853949128547, 28.62431239848987, 0.0 ], [ 51.922393914491813, 28.623933667110411, 0.0 ], [ 51.92311368820436, 28.623697148575889, 0.0 ], [ 51.923957979777207, 28.623438908862159, 0.0 ], [ 51.925227237673838, 28.62351384322983, 0.0 ], [ 51.926623607503117, 28.623254585477969, 0.0 ], [ 51.927681659166772, 28.622698044113651, 0.0 ], [ 51.928951511244257, 28.621658801387539, 0.0 ], [ 51.93064406569669, 28.621213949436822, 0.0 ], [ 51.932209735203656, 28.62065759757991, 0.0 ], [ 51.934410139402097, 28.61980438732779, 0.0 ], [ 51.937855858732853, 28.620242329707668, 0.0 ], [ 51.937185795440357, 28.619506369558572, 0.0 ], [ 51.936627648015033, 28.61847617696937, 0.0 ], [ 51.937019390959676, 28.617299226391811, 0.0 ], [ 51.937668777996421, 28.616056561946628, 0.0 ], [ 51.938290673453679, 28.61564749045446, 0.0 ], [ 51.939503166571861, 28.615184066814798, 0.0 ], [ 51.941088909911898, 28.614147762550239, 0.0 ], [ 51.942861038209173, 28.61322067323708, 0.0 ], [ 51.943887178485483, 28.612266026616808, 0.0 ], [ 51.94531735057511, 28.611311520817932, 0.0 ], [ 51.946592032615747, 28.610493381140252, 0.0 ], [ 51.948177280556671, 28.610221048846132, 0.0 ], [ 51.950042267066252, 28.609948786173359, 0.0 ], [ 51.951502969358863, 28.610303954535642, 0.0 ], [ 51.951844954208852, 28.61008576943625, 0.0 ], [ 51.95293315461852, 28.609212934541329, 0.0 ], [ 51.954207760366067, 28.608585711973689, 0.0 ], [ 51.956246252186972, 28.608192627282889, 0.0 ], [ 51.958587141762429, 28.607931597293788, 0.0 ], [ 51.962120181272297, 28.605690615830909, 0.0 ], [ 51.965397565878121, 28.6034869667421, 0.0 ], [ 51.967780971081481, 28.60188091043112, 0.0 ], [ 51.969711506372192, 28.599940240066509, 0.0 ], [ 51.971859441489478, 28.599349416793292, 0.0 ], [ 51.973622372343463, 28.599771746777591, 0.0 ], [ 51.974359726931212, 28.59934965240566, 0.0 ], [ 51.976635532879818, 28.599490571419789, 0.0 ], [ 51.977597227266628, 28.598984065632681, 0.0 ], [ 51.979424371079233, 28.5981117740934, 0.0 ], [ 51.980802627877168, 28.598027450602569, 0.0 ], [ 51.982148941643878, 28.596789274376949, 0.0 ], [ 51.983559249598777, 28.596226524945848, 0.0 ], [ 51.98567462453299, 28.596311077945089, 0.0 ], [ 51.987886167287158, 28.596648898992552, 0.0 ], [ 51.990578551243701, 28.59715557816525, 0.0 ], [ 51.991924788706129, 28.59757777112964, 0.0 ], [ 51.992918434522842, 28.5972963709185, 0.0 ], [ 51.994649319636203, 28.596874266706159, 0.0 ], [ 51.996316088666951, 28.596086283865581, 0.0 ], [ 51.999018745899278, 28.595241834857021, 0.0 ], [ 52.001035059813191, 28.594866155434332, 0.0 ], [ 52.001187807235183, 28.594812496202351, 0.0 ], [ 52.0021653861819, 28.594490531689178, 0.0 ], [ 52.003387368469177, 28.594329488477499, 0.0 ], [ 52.003234575425282, 28.593900316752059, 0.0 ], [ 52.004212138316078, 28.593658817771448, 0.0 ], [ 52.006075607802522, 28.593229462681609, 0.0 ], [ 52.0077252492665, 28.59298787869303, 0.0 ], [ 52.009069370472282, 28.592585369803729, 0.0 ], [ 52.00937605788986, 28.592121716705979, 0.0 ], [ 52.009375941531857, 28.59142444948278, 0.0 ], [ 52.009986686659452, 28.590941653767491, 0.0 ], [ 52.010658530940582, 28.59059293975103, 0.0 ], [ 52.011269231758767, 28.589949239389728, 0.0 ], [ 52.011727367624538, 28.59005644882043, 0.0 ], [ 52.012246565869972, 28.59005637856195, 0.0 ], [ 52.01212430469559, 28.589573681386081, 0.0 ], [ 52.012154727581638, 28.588983696570999, 0.0 ], [ 52.01273494166162, 28.588688626541629, 0.0 ], [ 52.013620536837607, 28.58828624156672, 0.0 ], [ 52.014266669349027, 28.58812539170501, 0.0 ], [ 52.015396710811153, 28.58764245371713, 0.0 ], [ 52.016465633397637, 28.587186345820719, 0.0 ], [ 52.017626383047563, 28.587776104624439, 0.0 ], [ 52.018481798395513, 28.588794998713301, 0.0 ], [ 52.019550966319308, 28.58959929919191, 0.0 ], [ 52.020253309041053, 28.589062788514831, 0.0 ], [ 52.022177207021727, 28.588231013610638, 0.0 ], [ 52.022757469684493, 28.588177244500951, 0.0 ], [ 52.023826541987503, 28.588686517268592, 0.0 ], [ 52.025078740891423, 28.588793480053582, 0.0 ], [ 52.029445050439229, 28.58789719305328, 0.0 ], [ 52.032763408974098, 28.586780122515531, 0.0 ], [ 52.034998998109231, 28.585725369343091, 0.0 ], [ 52.035728307009506, 28.584939756948351, 0.0 ], [ 52.035821811807573, 28.583430971636819, 0.0 ], [ 52.035962565125331, 28.58233553990733, 0.0 ], [ 52.036662187123753, 28.58186332113133, 0.0 ], [ 52.037560105660752, 28.581256326657329, 0.0 ], [ 52.039148900649643, 28.580568195870939, 0.0 ], [ 52.040046850560309, 28.580021847795599, 0.0 ], [ 52.042217082672252, 28.579896847554679, 0.0 ], [ 52.045246966673183, 28.579994341514421, 0.0 ], [ 52.04822081368399, 28.580042543026639, 0.0 ], [ 52.049230755612193, 28.579943625177538, 0.0 ], [ 52.051025854133421, 28.579154590420359, 0.0 ], [ 52.054448764333223, 28.579103974001349, 0.0 ], [ 52.056767792558993, 28.578747564307228, 0.0 ], [ 52.059592919912014, 28.57823921265274, 0.0 ], [ 52.060929371109083, 28.57778496908853, 0.0 ], [ 52.061901029991347, 28.57701075634969, 0.0 ], [ 52.063176459096837, 28.576236390684539, 0.0 ], [ 52.064118093650293, 28.576049144013499, 0.0 ], [ 52.06530292916635, 28.57610187890403, 0.0 ], [ 52.066275247611067, 28.576341478000671, 0.0 ], [ 52.067156319135051, 28.576421045817249, 0.0 ], [ 52.067520487343877, 28.57588726074594, 0.0 ], [ 52.067793337026409, 28.575113413539508, 0.0 ], [ 52.06814366523777, 28.574345036464539, 0.0 ], [ 52.068569180061743, 28.573837282249951, 0.0 ], [ 52.069359564774182, 28.573142344563959, 0.0 ], [ 52.070910236453933, 28.572313415442849, 0.0 ], [ 52.073129998939592, 28.57153750931742, 0.0 ], [ 52.073799386773793, 28.57188432613664, 0.0 ], [ 52.074407677137472, 28.571883955285688, 0.0 ], [ 52.075684421132273, 28.571055185313959, 0.0 ], [ 52.0766873177338, 28.570119749685169, 0.0 ], [ 52.078055325593432, 28.56942446536976, 0.0 ], [ 52.079271570371773, 28.569129899527969, 0.0 ], [ 52.080062279163933, 28.569129394769011, 0.0 ], [ 52.081126666820822, 28.569101997498599, 0.0 ], [ 52.081917049366709, 28.568727560224531, 0.0 ], [ 52.082616281665011, 28.56846001364768, 0.0 ], [ 52.083619645875288, 28.568218968860911, 0.0 ], [ 52.084227588766723, 28.56789805675318, 0.0 ], [ 52.085109088015592, 28.567416702505241, 0.0 ], [ 52.08567023911754, 28.567023756155219, 0.0 ], [ 52.08621829754442, 28.56669588988105, 0.0 ], [ 52.087183345761161, 28.566637437847842, 0.0 ], [ 52.087775515833897, 28.56657923806452, 0.0 ], [ 52.087996889525037, 28.566153010158239, 0.0 ], [ 52.088425325897703, 28.565725865078171, 0.0 ], [ 52.089082321679747, 28.565147909870081, 0.0 ], [ 52.089453593074623, 28.564745915479978, 0.0 ], [ 52.089882197279863, 28.5645196369362, 0.0 ], [ 52.090939298893993, 28.56384096227157, 0.0 ], [ 52.092368111768849, 28.563262441548812, 0.0 ], [ 52.093825547543751, 28.56273410257991, 0.0 ], [ 52.095025939262499, 28.562457019704389, 0.0 ], [ 52.095912442650473, 28.562757646149919, 0.0 ], [ 52.09697025894571, 28.562832166935308, 0.0 ], [ 52.097627601546257, 28.56265590737172, 0.0 ], [ 52.097970149792232, 28.562153482129709, 0.0 ], [ 52.098341843546528, 28.56220341096374, 0.0 ], [ 52.098599798356837, 28.562856022814699, 0.0 ], [ 52.098886066037963, 28.563232423146921, 0.0 ], [ 52.099514756405881, 28.56298085263921, 0.0 ], [ 52.099922141037602, 28.56227627529471, 0.0 ], [ 52.100963907801237, 28.562144661816909, 0.0 ], [ 52.101856605908573, 28.561795288616779, 0.0 ], [ 52.103194743393232, 28.560399711724131, 0.0 ], [ 52.103789057294513, 28.559396973261549, 0.0 ], [ 52.104780988851132, 28.55913468041614, 0.0 ], [ 52.105971984221263, 28.559482260879118, 0.0 ], [ 52.107113093476137, 28.559568429210469, 0.0 ], [ 52.108154510150442, 28.559218933023718, 0.0 ], [ 52.108798711650302, 28.558564759512642, 0.0 ], [ 52.110038192249377, 28.55791007185859, 0.0 ], [ 52.111278185311967, 28.557734693162342, 0.0 ], [ 52.112368505439882, 28.556818692559251, 0.0 ], [ 52.111741412258333, 28.55622114538583, 0.0 ], [ 52.111298352358652, 28.555565886851362, 0.0 ], [ 52.111822674386723, 28.554739804739039, 0.0 ], [ 52.112652374121787, 28.555054750364821, 0.0 ], [ 52.113896839562493, 28.55544217624416, 0.0 ], [ 52.114974336538573, 28.554882709716409, 0.0 ], [ 52.115638157786222, 28.555173512724931, 0.0 ], [ 52.116660032937403, 28.554346978698788, 0.0 ], [ 52.118041599536923, 28.553787230342881, 0.0 ], [ 52.118482909564243, 28.552961223210151, 0.0 ], [ 52.118150613684882, 28.552500159954491, 0.0 ], [ 52.117430869218488, 28.55167521872189, 0.0 ], [ 52.117485136050163, 28.550825298715431, 0.0 ], [ 52.117097255992, 28.55009719470787, 0.0 ], [ 52.117815286467319, 28.549513775763309, 0.0 ], [ 52.119003692039591, 28.549294146729199, 0.0 ], [ 52.119555709818563, 28.54858946036261, 0.0 ], [ 52.120108641138572, 28.548637508965989, 0.0 ], [ 52.121214487023188, 28.548709317878171, 0.0 ], [ 52.122319597044317, 28.548174066613139, 0.0 ], [ 52.123459404744828, 28.547422628279339, 0.0 ], [ 52.12454509497195, 28.546976253589651, 0.0 ], [ 52.12573875418574, 28.54602091207127, 0.0 ], [ 52.12722335913719, 28.546178405835189, 0.0 ], [ 52.128526683497867, 28.546145257397111, 0.0 ], [ 52.128996898005042, 28.54579493588539, 0.0 ], [ 52.128380714618316, 28.545223117391391, 0.0 ], [ 52.127547390842032, 28.5447151270494, 0.0 ], [ 52.127691572301593, 28.544206135518241, 0.0 ], [ 52.128632541137883, 28.543950751374929, 0.0 ], [ 52.129971680307627, 28.543663153048779, 0.0 ], [ 52.131057048271423, 28.543121397842679, 0.0 ], [ 52.132034078849863, 28.542802366303931, 0.0 ], [ 52.132684319149497, 28.541752240212968, 0.0 ], [ 52.133552415819253, 28.54121071370589, 0.0 ], [ 52.134420369621132, 28.540573784938641, 0.0 ], [ 52.134274374314359, 28.53968351115871, 0.0 ], [ 52.134911114681032, 28.539192239035209, 0.0 ], [ 52.135374937768653, 28.539327517686409, 0.0 ], [ 52.136086054654832, 28.539476111005619, 0.0 ], [ 52.136982365637941, 28.539434429889582, 0.0 ], [ 52.13735273309301, 28.539040309867559, 0.0 ], [ 52.138155330746187, 28.538292735870449, 0.0 ], [ 52.13872604581843, 28.53750467978902, 0.0 ], [ 52.139282283703537, 28.5374226214212, 0.0 ], [ 52.139792959565327, 28.53791083010988, 0.0 ], [ 52.140457555735992, 28.537950841178219, 0.0 ], [ 52.141353606575919, 28.537732640643899, 0.0 ], [ 52.142080009568843, 28.537759001044879, 0.0 ], [ 52.142729105708398, 28.53775828869146, 0.0 ], [ 52.143145857808712, 28.537391256769681, 0.0 ], [ 52.143083065495958, 28.536712486792659, 0.0 ], [ 52.142556718921227, 28.53608853832581, 0.0 ], [ 52.14238619961823, 28.53572215415188, 0.0 ], [ 52.143049987496887, 28.53519192269486, 0.0 ], [ 52.144193181136252, 28.534878374532632, 0.0 ], [ 52.144996229490822, 28.534456579067641, 0.0 ], [ 52.145999912989453, 28.533830883634248, 0.0 ], [ 52.146417496096497, 28.534034061737991, 0.0 ], [ 52.146604134631851, 28.53484848076933, 0.0 ], [ 52.146549903276323, 28.535508382419369, 0.0 ], [ 52.14691030218772, 28.536244656631052, 0.0 ], [ 52.146672275040807, 28.53740262294097, 0.0 ], [ 52.145775135783524, 28.538403495186412, 0.0 ], [ 52.144797210185189, 28.54060747533136, 0.0 ], [ 52.14524187104012, 28.540763108674572, 0.0 ], [ 52.145731511444993, 28.541309100649521, 0.0 ], [ 52.145110496649792, 28.54220778477092, 0.0 ], [ 52.145111190223354, 28.542715309721871, 0.0 ], [ 52.144845801844959, 28.543652585595819, 0.0 ], [ 52.144758418612149, 28.544745797201472, 0.0 ], [ 52.142449169832673, 28.546114818017809, 0.0 ], [ 52.142272308538217, 28.546778668280378, 0.0 ], [ 52.142050357427571, 28.546974110104379, 0.0 ], [ 52.140229672154753, 28.54806919957197, 0.0 ], [ 52.140541747200551, 28.548771524906261, 0.0 ], [ 52.140230641459937, 28.54877186916816, 0.0 ], [ 52.139031158427237, 28.54912451911752, 0.0 ], [ 52.139476181065952, 28.54955343821484, 0.0 ], [ 52.140099581228952, 28.550411568132478, 0.0 ], [ 52.140944788486181, 28.550957158319111, 0.0 ], [ 52.140500505659013, 28.55107475663943, 0.0 ], [ 52.139700887976062, 28.55134888686451, 0.0 ], [ 52.139480409593389, 28.55259830006333, 0.0 ], [ 52.138814777679848, 28.553340710689831, 0.0 ], [ 52.138861794297533, 28.555175381042432, 0.0 ], [ 52.138952447550551, 28.556424462103848, 0.0 ], [ 52.138598868980573, 28.55783016795257, 0.0 ], [ 52.137223237351563, 28.559393094211629, 0.0 ], [ 52.135344586865152, 28.561938822174181, 0.0 ], [ 52.135748590558919, 28.56161281878634, 0.0 ], [ 52.136254811635183, 28.562085874396899, 0.0 ], [ 52.136964483261252, 28.563446663230319, 0.0 ], [ 52.137639377920323, 28.56403791516852, 0.0 ], [ 52.138617433465072, 28.56451044044147, 0.0 ], [ 52.13962897377543, 28.564834926810772, 0.0 ], [ 52.141045758649689, 28.565750912133161, 0.0 ], [ 52.141349700868652, 28.56619454340564, 0.0 ], [ 52.141619609147611, 28.566401428932551, 0.0 ], [ 52.141586281366763, 28.56666784535015, 0.0 ], [ 52.141721712067373, 28.567111660210699, 0.0 ], [ 52.141654929274509, 28.56755570146494, 0.0 ], [ 52.141722995424267, 28.568029191317549, 0.0 ], [ 52.142194748011342, 28.567969469575271, 0.0 ], [ 52.142868792715667, 28.567968715217901, 0.0 ], [ 52.143037636767772, 28.568205307184162, 0.0 ], [ 52.142971439037083, 28.569063719357739, 0.0 ], [ 52.143174194557091, 28.569448263988718, 0.0 ], [ 52.143579582178852, 28.570128560662749, 0.0 ], [ 52.143445186928872, 28.57042469459325, 0.0 ], [ 52.143243466517021, 28.57078010330331, 0.0 ], [ 52.14334507135576, 28.571135169292919, 0.0 ], [ 52.143042277601687, 28.571520294867909, 0.0 ], [ 52.143952516186317, 28.571696849244908, 0.0 ], [ 52.14385144753647, 28.571726563212241, 0.0 ], [ 52.143616144187312, 28.572170813409791, 0.0 ], [ 52.143616928368182, 28.57273319203054, 0.0 ], [ 52.143550506813533, 28.57344364893013, 0.0 ], [ 52.14385388509826, 28.57347290048407, 0.0 ], [ 52.144258704550779, 28.573738829581892, 0.0 ], [ 52.144899661367972, 28.574152482775229, 0.0 ], [ 52.145405093798153, 28.574063100570509, 0.0 ], [ 52.145843577303779, 28.574299389505491, 0.0 ], [ 52.146484157853472, 28.574446644528461, 0.0 ], [ 52.146540654921047, 28.57526749036677, 0.0 ], [ 52.147089558071407, 28.575804826848518, 0.0 ], [ 52.147735311045629, 28.57642698510271, 0.0 ], [ 52.147865459493929, 28.577219594110339, 0.0 ], [ 52.148059624444329, 28.577700688770971, 0.0 ], [ 52.148511720613151, 28.578181487961231, 0.0 ], [ 52.148835273558582, 28.57894555401597, 0.0 ], [ 52.149480904537867, 28.579482747623651, 0.0 ], [ 52.150158479744732, 28.579821713667041, 0.0 ], [ 52.150642992038811, 28.58041570846439, 0.0 ], [ 52.151093985036042, 28.580160374291911, 0.0 ], [ 52.151352170135098, 28.580329946518692, 0.0 ], [ 52.152062074264258, 28.580725486551739, 0.0 ], [ 52.152030348427701, 28.581065269434291, 0.0 ], [ 52.151805643379006, 28.581716714326362, 0.0 ], [ 52.151515879181503, 28.58206134300643, 0.0 ], [ 52.151645328421857, 28.582372650276831, 0.0 ], [ 52.151452351930757, 28.58268432713767, 0.0 ], [ 52.151194802700573, 28.58293944718632, 0.0 ], [ 52.151163125612072, 28.583307563265858, 0.0 ], [ 52.150937687147291, 28.58347770393457, 0.0 ], [ 52.150389948434423, 28.583733152440519, 0.0 ], [ 52.150358138341218, 28.58401632478677, 0.0 ], [ 52.150648887855724, 28.584384068086742, 0.0 ], [ 52.151068650960042, 28.584779973164981, 0.0 ], [ 52.151294827966836, 28.585091158352881, 0.0 ], [ 52.151843173491791, 28.585232090437412, 0.0 ], [ 52.152455873540411, 28.585288005439232, 0.0 ], [ 52.152714512447901, 28.585740711460499, 0.0 ], [ 52.152747668124547, 28.58633524067848, 0.0 ], [ 52.152458001894502, 28.586675330669571, 0.0 ], [ 52.152619564213353, 28.586901643002239, 0.0 ], [ 52.152974673175017, 28.587184353233869, 0.0 ], [ 52.152813934816677, 28.587495979010971, 0.0 ], [ 52.152749882579677, 28.58777917748036, 0.0 ], [ 52.153040419186887, 28.588005336233731, 0.0 ], [ 52.153105730408207, 28.588543193092221, 0.0 ], [ 52.15329992931796, 28.589024272870081, 0.0 ], [ 52.153687503627197, 28.589448498526519, 0.0 ], [ 52.154074905582839, 28.58975947406028, 0.0 ], [ 52.154364398848962, 28.589306137190839, 0.0 ], [ 52.154911529410938, 28.588654307570561, 0.0 ], [ 52.155169256472867, 28.58851243937157, 0.0 ], [ 52.155169562982209, 28.588710624489089, 0.0 ], [ 52.15529950172813, 28.589333336237139, 0.0 ], [ 52.155332315911743, 28.589701354647922, 0.0 ], [ 52.155494192199477, 28.590125842825412, 0.0 ], [ 52.155398032530613, 28.590494013994039, 0.0 ], [ 52.154721351096597, 28.59077794127689, 0.0 ], [ 52.155076471665389, 28.591060639053151, 0.0 ], [ 52.155463442094423, 28.5910884890734, 0.0 ], [ 52.15588292048735, 28.59128617020335, 0.0 ], [ 52.156334512239177, 28.591398876296932, 0.0 ], [ 52.15668915222664, 28.591370137699592, 0.0 ], [ 52.156593348225513, 28.591964806264219, 0.0 ], [ 52.156819854757963, 28.592474149779822, 0.0 ], [ 52.157401008600367, 28.592954754021029, 0.0 ], [ 52.158143436959172, 28.593463472987619, 0.0 ], [ 52.158563336246097, 28.593915958048079, 0.0 ], [ 52.158693123889464, 28.594425422036789, 0.0 ], [ 52.158935472054146, 28.594982662612399, 0.0 ], [ 52.159376271361289, 28.59551325436145, 0.0 ], [ 52.159175301934908, 28.59593195496053, 0.0 ], [ 52.158736050144007, 28.596367037480139, 0.0 ], [ 52.158974768078352, 28.596624261408738, 0.0 ], [ 52.159414458113197, 28.59646278332535, 0.0 ], [ 52.159616564444761, 28.596752237763731, 0.0 ], [ 52.159910402854003, 28.597089861603489, 0.0 ], [ 52.160498027208021, 28.597732913711699, 0.0 ], [ 52.160828553031969, 28.598086580148109, 0.0 ], [ 52.1619478497743, 28.598777244328161, 0.0 ], [ 52.162351647614862, 28.599098623869779, 0.0 ], [ 52.162701363666699, 28.59998336582979, 0.0 ], [ 52.162830927420544, 28.600755724828151, 0.0 ], [ 52.163253271084187, 28.601205832622231, 0.0 ], [ 52.164005943772452, 28.60188084475114, 0.0 ], [ 52.164630123832161, 28.60244335778221, 0.0 ], [ 52.165436963761067, 28.602603278619672, 0.0 ], [ 52.165803960914502, 28.602828134516649, 0.0 ], [ 52.165914771403202, 28.60332692440176, 0.0 ], [ 52.166290304254701, 28.604222836468619, 0.0 ], [ 52.16664820190114, 28.60494657105664, 0.0 ], [ 52.167206292672262, 28.605396029093232, 0.0 ], [ 52.167407978668159, 28.606022094781402, 0.0 ], [ 52.167454195645682, 28.607000665547499, 0.0 ], [ 52.167593486473557, 28.607316195172601, 0.0 ], [ 52.168171186560173, 28.607619489276761, 0.0 ], [ 52.168650333683061, 28.6081545578297, 0.0 ], [ 52.169063618469053, 28.608747623344279, 0.0 ], [ 52.16926220172985, 28.60915275270758, 0.0 ], [ 52.169394380555978, 28.6092973631233, 0.0 ], [ 52.170004353743892, 28.609166271024201, 0.0 ], [ 52.170186009703208, 28.609310816475048, 0.0 ], [ 52.17018662593312, 28.609672770194209, 0.0 ], [ 52.170253580448453, 28.610251812974649, 0.0 ], [ 52.170584413006637, 28.610830517925891, 0.0 ], [ 52.170799582238871, 28.61127907191652, 0.0 ], [ 52.170899358992408, 28.611756734701849, 0.0 ], [ 52.171224382171779, 28.61221151426609, 0.0 ], [ 52.171815741808921, 28.612518098104012, 0.0 ], [ 52.171991394091599, 28.612863650013502, 0.0 ], [ 52.172298480029312, 28.613285869973929, 0.0 ], [ 52.173021918035218, 28.614034114707501, 0.0 ], [ 52.173744478646917, 28.61426368189516, 0.0 ], [ 52.174685190759803, 28.614089537367288, 0.0 ], [ 52.17514489462566, 28.614165765841818, 0.0 ], [ 52.175473832228143, 28.614549537100949, 0.0 ], [ 52.17527757683272, 28.614953220518441, 0.0 ], [ 52.175125159387967, 28.615395267181398, 0.0 ], [ 52.174666323191857, 28.615818507714138, 0.0 ], [ 52.174097829701573, 28.616107417737449, 0.0 ], [ 52.173858074459517, 28.616664839988921, 0.0 ], [ 52.173398836248623, 28.616857549115899, 0.0 ], [ 52.172895896961442, 28.617088733991899, 0.0 ], [ 52.172677521217402, 28.617357968049109, 0.0 ], [ 52.173044008397952, 28.618043001919581, 0.0 ], [ 52.17357392608924, 28.618909451816489, 0.0 ], [ 52.173552487197583, 28.619796801785029, 0.0 ], [ 52.172951969415521, 28.621275603308192, 0.0 ], [ 52.172881351745772, 28.62222636986407, 0.0 ], [ 52.173460056462147, 28.62285936108367, 0.0 ], [ 52.174399592919471, 28.623365101098461, 0.0 ], [ 52.175555880762417, 28.623933915985571, 0.0 ], [ 52.17692969864008, 28.625009446595779, 0.0 ], [ 52.177694671615527, 28.62624313830645, 0.0 ], [ 52.178828296187341, 28.628163955645999, 0.0 ], [ 52.179819432252877, 28.62934077458517, 0.0 ], [ 52.178831072267549, 28.629838324640971, 0.0 ], [ 52.178054894522589, 28.630459574082099, 0.0 ], [ 52.177632306566281, 28.63126633755169, 0.0 ], [ 52.176432935762293, 28.632322232659401, 0.0 ], [ 52.175162512063373, 28.633130150035321, 0.0 ], [ 52.173892411108682, 28.634124060734099, 0.0 ], [ 52.172340946511412, 28.635862408379449, 0.0 ], [ 52.171424531234301, 28.637103784602591, 0.0 ], [ 52.170196746154943, 28.637916527420959, 0.0 ], [ 52.16879954473022, 28.638505251340849, 0.0 ], [ 52.167949118978441, 28.6388798217172, 0.0 ], [ 52.166551678309297, 28.63928177429791, 0.0 ], [ 52.16567115047485, 28.639816386013241, 0.0 ], [ 52.16503359725975, 28.640243975970488, 0.0 ], [ 52.164761137449197, 28.640911134848029, 0.0 ], [ 52.164762809161317, 28.641951340474218, 0.0 ], [ 52.164703487884907, 28.642858258386749, 0.0 ], [ 52.164574325374467, 28.643658460605639, 0.0 ], [ 52.163815830635528, 28.64453962713462, 0.0 ], [ 52.162418433595327, 28.64504816557773, 0.0 ], [ 52.159379569453733, 28.645425343076891, 0.0 ], [ 52.157646649203912, 28.64510740237392, 0.0 ], [ 52.15448685758691, 28.64575131129634, 0.0 ], [ 52.152907318961823, 28.64628659692125, 0.0 ], [ 52.150540097121073, 28.64795416680051, 0.0 ], [ 52.145635312746059, 28.651193239233219, 0.0 ], [ 52.140325673426958, 28.65485329565065, 0.0 ], [ 52.137369886297137, 28.65697197124485, 0.0 ], [ 52.134393563080422, 28.65947590322433, 0.0 ], [ 52.132445931894729, 28.661616595005171, 0.0 ], [ 52.130789585240777, 28.66264489675536, 0.0 ], [ 52.128256003684029, 28.66384516760947, 0.0 ], [ 52.12367725577672, 28.666843535397039, 0.0 ], [ 52.121632428564133, 28.668983730361852, 0.0 ], [ 52.116275282567827, 28.673008425339621, 0.0 ], [ 52.114717773556713, 28.674976788689928, 0.0 ], [ 52.113062782641279, 28.676945179915069, 0.0 ], [ 52.111602850965888, 28.67899885710262, 0.0 ], [ 52.109070696956337, 28.681138924046749, 0.0 ], [ 52.106051211896073, 28.683364823485199, 0.0 ], [ 52.104005865565973, 28.684991250753669, 0.0 ], [ 52.102155366043242, 28.68653197094805, 0.0 ], [ 52.101571564185619, 28.68755859429826, 0.0 ], [ 52.100892035364843, 28.69015004191624, 0.0 ], [ 52.100308567444593, 28.691604292480971, 0.0 ], [ 52.100115725225031, 28.693742323376409, 0.0 ], [ 52.101676741355227, 28.694938254676359, 0.0 ], [ 52.103919630702123, 28.69553499919628, 0.0 ], [ 52.104700188835807, 28.696132945380729, 0.0 ], [ 52.105774053814628, 28.697500270149419, 0.0 ], [ 52.106753413499739, 28.70160411888785, 0.0 ], [ 52.107245692527599, 28.705964921962771, 0.0 ], [ 52.107151992406457, 28.70938558292038, 0.0 ], [ 52.105887068110988, 28.71178103796079, 0.0 ], [ 52.105401583709309, 28.713055625212569, 0.0 ], [ 52.10706442877899, 28.718099957940058, 0.0 ], [ 52.107263801220029, 28.72229020121673, 0.0 ], [ 52.105705799590147, 28.724514984544982, 0.0 ], [ 52.104440525014802, 28.72691048293543, 0.0 ], [ 52.104637175742269, 28.728449575275921, 0.0 ], [ 52.105128226566592, 28.73169868998788, 0.0 ], [ 52.106597645123259, 28.737683433591251, 0.0 ], [ 52.107385700337993, 28.744609531526951, 0.0 ], [ 52.107387655906571, 28.7463198770185, 0.0 ], [ 52.106706911558561, 28.748116304183728, 0.0 ], [ 52.105149996948803, 28.75145280065675, 0.0 ], [ 52.10232706483098, 28.756757391417882, 0.0 ], [ 52.101646491993698, 28.75881054263348, 0.0 ], [ 52.102233070514053, 28.759921983926599, 0.0 ], [ 52.102887396151047, 28.761142063821879, 0.0 ], [ 52.102628904798401, 28.760961151288878, 0.0 ], [ 52.10149200006105, 28.760577199673541, 0.0 ], [ 52.098443592892266, 28.759945750333848, 0.0 ], [ 52.092064032911402, 28.759565821400209, 0.0 ], [ 52.089584697810047, 28.759499724987151, 0.0 ], [ 52.086153033056448, 28.759637803988259, 0.0 ], [ 52.0832860856598, 28.759707769692849, 0.0 ], [ 52.080884002906259, 28.759573576259289, 0.0 ], [ 52.08017452282845, 28.759323979067648, 0.0 ], [ 52.078651280014363, 28.759284628123311, 0.0 ], [ 52.077405192825729, 28.75948782994432, 0.0 ], [ 52.076020895978857, 28.760014799977089, 0.0 ], [ 52.075513774644413, 28.760824374100029, 0.0 ], [ 52.07477605942087, 28.761876847286189, 0.0 ], [ 52.074638217880327, 28.762726600202779, 0.0 ], [ 52.074546384358342, 28.763374016012872, 0.0 ], [ 52.073208009653747, 28.763536720103819, 0.0 ], [ 52.072838892899867, 28.76369879149301, 0.0 ], [ 52.072331727511468, 28.764427371906049, 0.0 ], [ 52.071824741013693, 28.765398689777751, 0.0 ], [ 52.070163314408987, 28.76556153670165, 0.0 ], [ 52.06877934998117, 28.766452427291469, 0.0 ], [ 52.068595608841513, 28.76766625166017, 0.0 ], [ 52.067765568391494, 28.768678151863121, 0.0 ], [ 52.065135500896552, 28.76965057867811, 0.0 ], [ 52.058260193604141, 28.772000590814439, 0.0 ], [ 52.056460686239419, 28.772810581077898, 0.0 ], [ 52.054383644840897, 28.77269018892158, 0.0 ], [ 52.049915551922503, 28.773582256082481, 0.0 ], [ 52.047653430988923, 28.773664120933059, 0.0 ], [ 52.043036471349282, 28.772411743066201, 0.0 ], [ 52.040774419228462, 28.771967559661711, 0.0 ], [ 52.03264987428657, 28.769542917008611, 0.0 ], [ 52.027064896085221, 28.768330832732101, 0.0 ], [ 52.024387997242393, 28.768169682728839, 0.0 ], [ 52.021341948661181, 28.768251286860579, 0.0 ], [ 52.019732748631192, 28.768539576160091, 0.0 ], [ 52.017343335365027, 28.767729471756809, 0.0 ], [ 52.01467159424864, 28.76754988801585, 0.0 ], [ 52.013335789175002, 28.767595176480668, 0.0 ], [ 52.012231241675352, 28.76788810339891, 0.0 ], [ 52.010330519738218, 28.76903679909843, 0.0 ], [ 52.008070113043921, 28.769847727467969, 0.0 ], [ 52.006965532073949, 28.769825342485579, 0.0 ], [ 52.005835176928272, 28.76917246820442, 0.0 ], [ 52.00439657129764, 28.768474570673849, 0.0 ], [ 52.002469951284603, 28.768181995932181, 0.0 ], [ 52.000697488179512, 28.768317208376502, 0.0 ], [ 51.999772702603828, 28.768294734767132, 0.0 ], [ 51.997306344598726, 28.768363422829889, 0.0 ], [ 51.995976939905198, 28.76854889217713, 0.0 ], [ 51.994466301702793, 28.767992865059782, 0.0 ], [ 51.992049363882622, 28.76809889136759, 0.0 ], [ 51.989874189275589, 28.768284299914789, 0.0 ], [ 51.988424133134792, 28.76780764405688, 0.0 ], [ 51.987155356896878, 28.7674368959288, 0.0 ], [ 51.984950132957977, 28.76696017707501, 0.0 ], [ 51.981657383290852, 28.767092399878919, 0.0 ], [ 51.980146887285741, 28.767754299379689, 0.0 ], [ 51.978485260797257, 28.768998729217302, 0.0 ], [ 51.977850784564673, 28.769687154173379, 0.0 ], [ 51.978062188744417, 28.770190302816339, 0.0 ], [ 51.977457985554992, 28.770296160120459, 0.0 ], [ 51.976461020139759, 28.77064029061744, 0.0 ], [ 51.975796303854189, 28.771328699085629, 0.0 ], [ 51.975463908712499, 28.771884745096141, 0.0 ], [ 51.974678276613723, 28.77289089809074, 0.0 ], [ 51.974345846934817, 28.77355286390539, 0.0 ], [ 51.973892517652942, 28.774479619889821, 0.0 ], [ 51.97328820544179, 28.774903231001371, 0.0 ], [ 51.972079763833811, 28.774664746654299, 0.0 ], [ 51.971172155630207, 28.774598817633329, 0.0 ], [ 51.970362863803103, 28.775059661336329, 0.0 ], [ 51.969715472259409, 28.775059528588638, 0.0 ], [ 51.968501643343352, 28.774704646163912, 0.0 ], [ 51.967399673371162, 28.774211063407769, 0.0 ], [ 51.966614759776682, 28.773806236890181, 0.0 ], [ 51.96559914359716, 28.772875231801191, 0.0 ], [ 51.964768147669247, 28.772308498659221, 0.0 ], [ 51.963059598619502, 28.77247012904817, 0.0 ], [ 51.959227195665306, 28.77242896400908, 0.0 ], [ 51.95659511317259, 28.773197348718181, 0.0 ], [ 51.954748069481113, 28.773723022410351, 0.0 ], [ 51.953639863253329, 28.774006030827969, 0.0 ], [ 51.953178173185947, 28.773965438495122, 0.0 ], [ 51.95239337242549, 28.773722405279049, 0.0 ], [ 51.951977584144771, 28.774369810704439, 0.0 ], [ 51.951192642745447, 28.77449099866578, 0.0 ], [ 51.95008456067103, 28.774490674533538, 0.0 ], [ 51.949022870627907, 28.773964246085271, 0.0 ], [ 51.947831737688112, 28.773731255266188, 0.0 ], [ 51.94695369841866, 28.7735534018205, 0.0 ], [ 51.946176568271383, 28.77423402940267, 0.0 ], [ 51.945568415703441, 28.774707478475101, 0.0 ], [ 51.945196503299613, 28.775536205892589, 0.0 ], [ 51.944858440364762, 28.77621692649759, 0.0 ], [ 51.944014089200252, 28.776275859927331, 0.0 ], [ 51.943169557531938, 28.776719593418239, 0.0 ], [ 51.942122398943333, 28.7771632468157, 0.0 ], [ 51.940814443339882, 28.777790626416611, 0.0 ], [ 51.939635873186802, 28.778258178715891, 0.0 ], [ 51.938475765062194, 28.778661169587121, 0.0 ], [ 51.937849548205349, 28.77912889217798, 0.0 ], [ 51.937094709127862, 28.779128600329472, 0.0 ], [ 51.936026975344042, 28.778982949293841, 0.0 ], [ 51.934480461193047, 28.779062999618368, 0.0 ], [ 51.933872815180862, 28.77925638095747, 0.0 ], [ 51.933375728882822, 28.77927230653745, 0.0 ], [ 51.932823512672513, 28.779110706173721, 0.0 ], [ 51.931350713388092, 28.77907778667635, 0.0 ], [ 51.929615716256208, 28.77922215553841, 0.0 ], [ 51.926632415320242, 28.780253544107879, 0.0 ], [ 51.923778343110513, 28.780865344411939, 0.0 ], [ 51.921108849090558, 28.78081558136866, 0.0 ], [ 51.919783384934412, 28.780685797169909, 0.0 ], [ 51.919047155153777, 28.780411088999259, 0.0 ], [ 51.918734637008662, 28.779749333524201, 0.0 ], [ 51.918394522258261, 28.779170511893689, 0.0 ], [ 51.917768128338757, 28.77864833736048, 0.0 ], [ 51.91704765429462, 28.77823597360786, 0.0 ], [ 51.915857050123613, 28.777933219339399, 0.0 ], [ 51.914822949966897, 28.777905194833959, 0.0 ], [ 51.911406263774253, 28.779249054730808, 0.0 ], [ 51.908365318396143, 28.781004973685679, 0.0 ], [ 51.907048895348339, 28.78141612825328, 0.0 ], [ 51.905983556970099, 28.781333068929019, 0.0 ], [ 51.904667517414488, 28.78127730443703, 0.0 ], [ 51.901928929443862, 28.78160509333981, 0.0 ], [ 51.899328185662839, 28.781411103276, 0.0 ], [ 51.897792584194733, 28.78157483956057, 0.0 ], [ 51.896633341837472, 28.781381784195879, 0.0 ], [ 51.895348310607652, 28.781682988607169, 0.0 ], [ 51.891870204244917, 28.781543158378259, 0.0 ], [ 51.890522479793283, 28.781844270757169, 0.0 ], [ 51.888108895390623, 28.78255653154504, 0.0 ] ] ] } },
{ "type": "Feature", "properties": { "Name": "منطقه شکار ممنوع توت سياه", "description": null, "timestamp": null, "begin": null, "end": null, "altitudeMode": null, "tessellate": -1, "extrude": 0, "visibility": -1, "drawOrder": null, "icon": null }, "geometry": { "type": "Polygon", "coordinates": [ [ [ 53.841158763589803, 30.35562284598797, 0.0 ], [ 53.84021417966472, 30.356108071811452, 0.0 ], [ 53.839607797362632, 30.356335195253418, 0.0 ], [ 53.839039062198751, 30.356157165764671, 0.0 ], [ 53.838474421640001, 30.355573733208772, 0.0 ], [ 53.838446418588482, 30.35502329391889, 0.0 ], [ 53.837645425238591, 30.35458287936223, 0.0 ], [ 53.834966105933532, 30.35404142360888, 0.0 ], [ 53.834603722597507, 30.353372620449139, 0.0 ], [ 53.834510386822402, 30.352647927344101, 0.0 ], [ 53.834820905176237, 30.351810442951109, 0.0 ], [ 53.834424384923281, 30.351199295546259, 0.0 ], [ 53.833657569908922, 30.350701183958041, 0.0 ], [ 53.832703217229437, 30.350451126816729, 0.0 ], [ 53.831488646160402, 30.350091483509271, 0.0 ], [ 53.829984305225771, 30.349188067742759, 0.0 ], [ 53.829880050752323, 30.34855014040021, 0.0 ], [ 53.829887503359288, 30.347817495756939, 0.0 ], [ 53.830447324053047, 30.347216472855251, 0.0 ], [ 53.830491035002829, 30.346547824984619, 0.0 ], [ 53.830460926547033, 30.34587862089607, 0.0 ], [ 53.830836828559498, 30.34521249876066, 0.0 ], [ 53.83080607085072, 30.34460700612787, 0.0 ], [ 53.830556773007672, 30.34371315907681, 0.0 ], [ 53.830676571641888, 30.34282211340069, 0.0 ], [ 53.830315261294437, 30.342054844629491, 0.0 ], [ 53.829917698104524, 30.341223590038211, 0.0 ], [ 53.829777201285182, 30.340521706644651, 0.0 ], [ 53.82935062267422, 30.33891806114697, 0.0 ], [ 53.828216233926007, 30.337953769491168, 0.0 ], [ 53.82781838001663, 30.337154354476539, 0.0 ], [ 53.826568761028419, 30.336635162642459, 0.0 ], [ 53.825326323851961, 30.335415195816019, 0.0 ], [ 53.824047336054328, 30.334163086249831, 0.0 ], [ 53.822795480512703, 30.333866832133349, 0.0 ], [ 53.822170043397733, 30.333670920672379, 0.0 ], [ 53.821219321033126, 30.332803549705361, 0.0 ], [ 53.819734116572242, 30.331899341285389, 0.0 ], [ 53.818279379198948, 30.331297987094139, 0.0 ], [ 53.817567550493813, 30.33099742447979, 0.0 ], [ 53.817386888013317, 30.33043263426595, 0.0 ], [ 53.817646910641301, 30.329334646625341, 0.0 ], [ 53.81793716758574, 30.328317388493129, 0.0 ], [ 53.818133615920061, 30.32735307802497, 0.0 ], [ 53.818516255990531, 30.326417027725618, 0.0 ], [ 53.818652733856098, 30.32523764406341, 0.0 ], [ 53.818754256415943, 30.324433585460511, 0.0 ], [ 53.81929638935496, 30.323096350353829, 0.0 ], [ 53.818871221325303, 30.32212727977868, 0.0 ], [ 53.818352543488459, 30.32118431005502, 0.0 ], [ 53.818427928681388, 30.3198971287107, 0.0 ], [ 53.818531352190419, 30.318905266032079, 0.0 ], [ 53.818468005650288, 30.317083830326609, 0.0 ], [ 53.818821933801722, 30.315997420798912, 0.0 ], [ 53.818777952284449, 30.315235095917249, 0.0 ], [ 53.818949583227713, 30.31371244140102, 0.0 ], [ 53.818853200357623, 30.31299456617699, 0.0 ], [ 53.818802212617108, 30.312904537027539, 0.0 ], [ 53.818920490552003, 30.311515990324281, 0.0 ], [ 53.819403101030062, 30.310040602423349, 0.0 ], [ 53.820097967985191, 30.30811867475326, 0.0 ], [ 53.821108864577468, 30.305751024732619, 0.0 ], [ 53.82228942905904, 30.302294477736151, 0.0 ], [ 53.821992354454892, 30.300902751956929, 0.0 ], [ 53.822054023340677, 30.299961972753511, 0.0 ], [ 53.822328434553867, 30.298529794978609, 0.0 ], [ 53.822088334454669, 30.296645549104401, 0.0 ], [ 53.822412290131759, 30.295437897025671, 0.0 ], [ 53.822432615210182, 30.293466044147969, 0.0 ], [ 53.822703466115762, 30.29208352314641, 0.0 ], [ 53.823649553431331, 30.29097004227318, 0.0 ], [ 53.825370054509463, 30.290265827443768, 0.0 ], [ 53.828344526608603, 30.288764285848231, 0.0 ], [ 53.829963244754012, 30.287835245105342, 0.0 ], [ 53.829299533499487, 30.286754581181789, 0.0 ], [ 53.829219618606267, 30.284423405053179, 0.0 ], [ 53.829242551956277, 30.282182687879491, 0.0 ], [ 53.829168049924462, 30.279313826899191, 0.0 ], [ 53.828977367403773, 30.27765415900096, 0.0 ], [ 53.829005886237027, 30.274783258569538, 0.0 ], [ 53.830786003132431, 30.27305100441945, 0.0 ], [ 53.833027809604687, 30.27176985861233, 0.0 ], [ 53.833235565046422, 30.271726663070229, 0.0 ], [ 53.834851223441902, 30.27084364996011, 0.0 ], [ 53.836427237075412, 30.268751919455909, 0.0 ], [ 53.836480417882292, 30.268618050065179, 0.0 ], [ 53.838053570710102, 30.266794876323399, 0.0 ], [ 53.839360755963412, 30.26564105274732, 0.0 ], [ 53.840666982049228, 30.264576735635082, 0.0 ], [ 53.84223492466046, 30.26324585049338, 0.0 ], [ 53.842821576160638, 30.262031436729551, 0.0 ], [ 53.842886497571797, 30.260733916831349, 0.0 ], [ 53.843526318398453, 30.25894837416303, 0.0 ], [ 53.844373786670921, 30.257119663665719, 0.0 ], [ 53.845472157657881, 30.256098461547289, 0.0 ], [ 53.846211410418249, 30.25471654997467, 0.0 ], [ 53.846847461201087, 30.25328912811948, 0.0 ], [ 53.847483032563787, 30.251906468736291, 0.0 ], [ 53.848274888693183, 30.250435471162302, 0.0 ], [ 53.851606469967159, 30.248849099584799, 0.0 ], [ 53.854827806453677, 30.24746111132076, 0.0 ], [ 53.857170041826372, 30.245303225514721, 0.0 ], [ 53.859456716862773, 30.24374205882096, 0.0 ], [ 53.860801027592068, 30.242600465922941, 0.0 ], [ 53.86158920084533, 30.24277683033786, 0.0 ], [ 53.861782453418357, 30.24320470770607, 0.0 ], [ 53.862567674387442, 30.24367956523022, 0.0 ], [ 53.863551195066499, 30.244070573140188, 0.0 ], [ 53.864384935385843, 30.244631062367411, 0.0 ], [ 53.865512344440717, 30.245449563323511, 0.0 ], [ 53.866852302009178, 30.244734355234439, 0.0 ], [ 53.868543598085807, 30.243424676817039, 0.0 ], [ 53.87170311814215, 30.243405011359819, 0.0 ], [ 53.873037087567987, 30.24328676078796, 0.0 ], [ 53.874232918632003, 30.242144039998369, 0.0 ], [ 53.87518937403496, 30.24023199785951, 0.0 ], [ 53.876321690064103, 30.238689666439331, 0.0 ], [ 53.877613315488759, 30.237846004418849, 0.0 ], [ 53.878113934951479, 30.23712459577499, 0.0 ], [ 53.878470606551772, 30.235975687028759, 0.0 ], [ 53.879571315112827, 30.234448340218421, 0.0 ], [ 53.880372957087147, 30.233217384755381, 0.0 ], [ 53.882060875338922, 30.232206044453431, 0.0 ], [ 53.882955811860022, 30.231530160385478, 0.0 ], [ 53.88464037590547, 30.230859945959448, 0.0 ], [ 53.888148513863719, 30.230458646101859, 0.0 ], [ 53.889386007301653, 30.230083697642261, 0.0 ], [ 53.891266307434158, 30.229585394758381, 0.0 ], [ 53.892995709574009, 30.2293845055388, 0.0 ], [ 53.89496502436657, 30.22991026548986, 0.0 ], [ 53.896389871379512, 30.230602723435439, 0.0 ], [ 53.897618144550677, 30.23120849173576, 0.0 ], [ 53.899441572641237, 30.231519959759378, 0.0 ], [ 53.903375158398283, 30.231676032940239, 0.0 ], [ 53.904319999653083, 30.230957605503178, 0.0 ], [ 53.905858781835391, 30.23007274196825, 0.0 ], [ 53.906747321662714, 30.23007894029514, 0.0 ], [ 53.90817842581437, 30.230131560286541, 0.0 ], [ 53.910201816903133, 30.23018828678936, 0.0 ], [ 53.912430163846651, 30.22943613913684, 0.0 ], [ 53.914013579357842, 30.22902067073208, 0.0 ], [ 53.914761481596983, 30.228215599317149, 0.0 ], [ 53.916302204095757, 30.227074867428239, 0.0 ], [ 53.918395978379117, 30.225484030604481, 0.0 ], [ 53.92017896904035, 30.22485649814913, 0.0 ], [ 53.922611445189567, 30.223380457225321, 0.0 ], [ 53.925828254232442, 30.222464210501389, 0.0 ], [ 53.928749904789242, 30.221417996660271, 0.0 ], [ 53.93063385525879, 30.22049263684174, 0.0 ], [ 53.933749882883639, 30.219746226201082, 0.0 ], [ 53.937018089904328, 30.218531718598239, 0.0 ], [ 53.9391492725847, 30.217522693069139, 0.0 ], [ 53.941879086499739, 30.215792742560701, 0.0 ], [ 53.945002406472113, 30.21419331501717, 0.0 ], [ 53.94886735657731, 30.212428185471641, 0.0 ], [ 53.950688246826928, 30.211212980382012, 0.0 ], [ 53.951487024025752, 30.21019469952261, 0.0 ], [ 53.952336642450653, 30.209006184896339, 0.0 ], [ 53.953431793093543, 30.207947260132979, 0.0 ], [ 53.956256180703811, 30.20664391796619, 0.0 ], [ 53.958980969956642, 30.205425206071549, 0.0 ], [ 53.960661577242263, 30.205095134486971, 0.0 ], [ 53.962782460385682, 30.20519439583623, 0.0 ], [ 53.963675093429814, 30.204688532156041, 0.0 ], [ 53.965007648748731, 30.204654647555682, 0.0 ], [ 53.966344319483511, 30.204151690163581, 0.0 ], [ 53.968078679535367, 30.203310175461262, 0.0 ], [ 53.969861983548341, 30.202511608191909, 0.0 ], [ 53.971693122856252, 30.201883909873029, 0.0 ], [ 53.972985973450307, 30.20074095133641, 0.0 ], [ 53.975563117919499, 30.199435749262431, 0.0 ], [ 53.97701172248216, 30.197398220250761, 0.0 ], [ 53.978013300953918, 30.19569892172926, 0.0 ], [ 53.979408111263893, 30.194172710445191, 0.0 ], [ 53.981054426661217, 30.192731636795699, 0.0 ], [ 53.982844147951312, 30.191165309681811, 0.0 ], [ 53.984340374777616, 30.189298545178911, 0.0 ], [ 53.98524635077613, 30.187214736371612, 0.0 ], [ 53.986297786534749, 30.185430374198869, 0.0 ], [ 53.987644888016987, 30.183690528229292, 0.0 ], [ 53.989154632443856, 30.18024581695898, 0.0 ], [ 53.991217054183537, 30.175652966556228, 0.0 ], [ 53.991867038210458, 30.172496512693382, 0.0 ], [ 53.992540892620973, 30.1744924050662, 0.0 ], [ 53.993771814913032, 30.17868245562471, 0.0 ], [ 53.993945626428442, 30.187977377913239, 0.0 ], [ 53.993973332988851, 30.194665405914019, 0.0 ], [ 53.995012412317507, 30.202461931547031, 0.0 ], [ 53.995829413091741, 30.21650396383054, 0.0 ], [ 53.99604179697738, 30.228663309018419, 0.0 ], [ 53.996924757335208, 30.230744247108738, 0.0 ], [ 53.997974211954499, 30.234434538543699, 0.0 ], [ 53.997421396680778, 30.235883759547939, 0.0 ], [ 53.995485233344681, 30.237583636993978, 0.0 ], [ 53.994571232959537, 30.239134265200182, 0.0 ], [ 53.993339740950617, 30.242706134849509, 0.0 ], [ 53.993202855130967, 30.244676659738619, 0.0 ], [ 53.99390099494002, 30.247326915320929, 0.0 ], [ 53.993039964340362, 30.24970787958711, 0.0 ], [ 53.992998586963871, 30.254584345974529, 0.0 ], [ 53.992982761568683, 30.256451981564751, 0.0 ], [ 53.991060513645117, 30.269196044835621, 0.0 ], [ 53.989669281107908, 30.278458799919211, 0.0 ], [ 53.98891653510934, 30.280837011503401, 0.0 ], [ 53.987641358104817, 30.28260583676937, 0.0 ], [ 53.985184104821542, 30.28509229348326, 0.0 ], [ 53.982092289633663, 30.288118453239282, 0.0 ], [ 53.979763766305311, 30.290530184081192, 0.0 ], [ 53.977284422319912, 30.292931278336891, 0.0 ], [ 53.972421340765223, 30.29466847344494, 0.0 ], [ 53.968923445828572, 30.296473084744729, 0.0 ], [ 53.96431884265845, 30.299920526622579, 0.0 ], [ 53.958569961767878, 30.305121873595748, 0.0 ], [ 53.95657232499935, 30.30706595089849, 0.0 ], [ 53.954750658680403, 30.30858993822055, 0.0 ], [ 53.953070957518477, 30.31028825791822, 0.0 ], [ 53.951239155226787, 30.31295180221246, 0.0 ], [ 53.950226984893241, 30.313812188872738, 0.0 ], [ 53.948042377342503, 30.31419395256432, 0.0 ], [ 53.946524804202312, 30.314415614480019, 0.0 ], [ 53.945663754681583, 30.314791975967601, 0.0 ], [ 53.944937577480331, 30.31555131433247, 0.0 ], [ 53.943488704100901, 30.316687879581458, 0.0 ], [ 53.942429078593321, 30.317612091927838, 0.0 ], [ 53.940475822953417, 30.319461562903921, 0.0 ], [ 53.939390062102589, 30.320218378354308, 0.0 ], [ 53.938195603055597, 30.32075952829825, 0.0 ], [ 53.936529371355377, 30.321464621892801, 0.0 ], [ 53.935194645099777, 30.322219702085611, 0.0 ], [ 53.93394006072527, 30.32328574586154, 0.0 ], [ 53.931956640324231, 30.324899961048899, 0.0 ], [ 53.930258493477133, 30.32603471101665, 0.0 ], [ 53.929203701251133, 30.32640962001474, 0.0 ], [ 53.926673024798383, 30.32782514111603, 0.0 ], [ 53.922504931536643, 30.329656511480589, 0.0 ], [ 53.921363450199472, 30.33041284016679, 0.0 ], [ 53.918671068820302, 30.331325599836919, 0.0 ], [ 53.917311646813779, 30.331985686267512, 0.0 ], [ 53.914972102418808, 30.333272540517509, 0.0 ], [ 53.91237337571058, 30.335371698149991, 0.0 ], [ 53.90851588279665, 30.337570504034279, 0.0 ], [ 53.906424066057539, 30.339292843168511, 0.0 ], [ 53.902875560323849, 30.34209038662792, 0.0 ], [ 53.899199763911987, 30.34504961423152, 0.0 ], [ 53.898348185583153, 30.34290094801521, 0.0 ], [ 53.896478546315741, 30.341321931968771, 0.0 ], [ 53.894249088834911, 30.340884684872002, 0.0 ], [ 53.89307417299441, 30.339671897086159, 0.0 ], [ 53.892169197360701, 30.339424621663269, 0.0 ], [ 53.88882281575836, 30.339039648717389, 0.0 ], [ 53.88658968720101, 30.339023827432939, 0.0 ], [ 53.885398705974652, 30.339497158759439, 0.0 ], [ 53.884422337756646, 30.33942998872466, 0.0 ], [ 53.877745069294832, 30.34390840965284, 0.0 ], [ 53.873282291695602, 30.346863324239859, 0.0 ], [ 53.870193243916063, 30.348552567396649, 0.0 ], [ 53.86538321443615, 30.351235955692019, 0.0 ], [ 53.86475472466968, 30.351869021672378, 0.0 ], [ 53.862218993349039, 30.352655906404951, 0.0 ], [ 53.858856925026537, 30.35440995909385, 0.0 ], [ 53.858121002272398, 30.354102484455019, 0.0 ], [ 53.857969429235077, 30.353698627550219, 0.0 ], [ 53.857429293237153, 30.353258347206591, 0.0 ], [ 53.857045384685883, 30.35275209456934, 0.0 ], [ 53.856973592462282, 30.35214745886784, 0.0 ], [ 53.856684098510712, 30.35152051733683, 0.0 ], [ 53.856004937358577, 30.352249860101409, 0.0 ], [ 53.855547792263692, 30.35269044364162, 0.0 ], [ 53.854680684883789, 30.35296818280149, 0.0 ], [ 53.853526037217307, 30.35319051512792, 0.0 ], [ 53.852599529952798, 30.35323694471634, 0.0 ], [ 53.851696272811843, 30.353017178894639, 0.0 ], [ 53.850838441085742, 30.352371568714279, 0.0 ], [ 53.850450862040567, 30.352031309696478, 0.0 ], [ 53.850137472347129, 30.351709159001238, 0.0 ], [ 53.849519585944648, 30.351757867162899, 0.0 ], [ 53.847972677138038, 30.35210157074745, 0.0 ], [ 53.846422779665147, 30.35274709242173, 0.0 ], [ 53.846233663283279, 30.353136347834589, 0.0 ], [ 53.845775975786182, 30.35363014429759, 0.0 ], [ 53.845402380484522, 30.353946989907499, 0.0 ], [ 53.844942377822882, 30.35467159869523, 0.0 ], [ 53.844505804916302, 30.355112264230009, 0.0 ], [ 53.843974911798107, 30.354699892620548, 0.0 ], [ 53.843215707860153, 30.354653628378959, 0.0 ], [ 53.842135153686222, 30.355311609348469, 0.0 ], [ 53.841158763589803, 30.35562284598797, 0.0 ] ] ] } },
{ "type": "Feature", "properties": { "Name": "منطقه شکار ممنوع مهارلو", "description": null, "timestamp": null, "begin": null, "end": null, "altitudeMode": null, "tessellate": -1, "extrude": 0, "visibility": -1, "drawOrder": null, "icon": null }, "geometry": { "type": "Polygon", "coordinates": [ [ [ 52.792779404333039, 29.532147330019729, 0.0 ], [ 52.791697437249923, 29.533018492790848, 0.0 ], [ 52.790940503041639, 29.533463881374701, 0.0 ], [ 52.789934175327161, 29.533729221265759, 0.0 ], [ 52.789297073777007, 29.534111734914561, 0.0 ], [ 52.788143399458889, 29.535085719361209, 0.0 ], [ 52.786327761168778, 29.536318055867259, 0.0 ], [ 52.784771844182401, 29.53688775145336, 0.0 ], [ 52.783110119450832, 29.53748035651159, 0.0 ], [ 52.78184606777306, 29.537845523043199, 0.0 ], [ 52.779272355995843, 29.53913132274203, 0.0 ], [ 52.775652908640929, 29.540713732991509, 0.0 ], [ 52.773203589506622, 29.541673099526282, 0.0 ], [ 52.770514049672371, 29.543426818652119, 0.0 ], [ 52.763825482388782, 29.544939208666861, 0.0 ], [ 52.758111424019667, 29.54618273389141, 0.0 ], [ 52.748207133352587, 29.549604567435932, 0.0 ], [ 52.744269159549177, 29.55236667278869, 0.0 ], [ 52.740758086687052, 29.553695064081008, 0.0 ], [ 52.739606525593452, 29.554847766867439, 0.0 ], [ 52.737939590970427, 29.554482399148721, 0.0 ], [ 52.736158671100938, 29.553924903743638, 0.0 ], [ 52.734602446862553, 29.553558046061081, 0.0 ], [ 52.732373863977273, 29.552715950828379, 0.0 ], [ 52.726468495078272, 29.543984208877738, 0.0 ], [ 52.722519337020259, 29.539582748979459, 0.0 ], [ 52.71917626018498, 29.538270871846901, 0.0 ], [ 52.717898959452711, 29.53771218720431, 0.0 ], [ 52.713354481479783, 29.534377330735779, 0.0 ], [ 52.709076787253579, 29.533377719865381, 0.0 ], [ 52.703949619546663, 29.526720536774949, 0.0 ], [ 52.704341733143771, 29.525645813932471, 0.0 ], [ 52.698898482996952, 29.524457120239589, 0.0 ], [ 52.701731807047608, 29.521807292936771, 0.0 ], [ 52.703909190193357, 29.519649815929132, 0.0 ], [ 52.699797303514131, 29.518637673612648, 0.0 ], [ 52.692436125365496, 29.513785206600762, 0.0 ], [ 52.690494266308903, 29.511593152076621, 0.0 ], [ 52.694664830092272, 29.509507262287531, 0.0 ], [ 52.693455640255117, 29.50825466146858, 0.0 ], [ 52.686858996430502, 29.505928146289708, 0.0 ], [ 52.684786337504249, 29.504097951557821, 0.0 ], [ 52.684549713098498, 29.503719275585091, 0.0 ], [ 52.67777718135433, 29.50200934124177, 0.0 ], [ 52.673345940041159, 29.500013100909971, 0.0 ], [ 52.668630931988368, 29.497631964035619, 0.0 ], [ 52.663821429886042, 29.496240035632081, 0.0 ], [ 52.657130116784273, 29.494572928843379, 0.0 ], [ 52.663019095721289, 29.492265302393619, 0.0 ], [ 52.666978126111573, 29.491523323138139, 0.0 ], [ 52.671218116661592, 29.490153627607629, 0.0 ], [ 52.674193445007333, 29.490216553086569, 0.0 ], [ 52.675860993347982, 29.489901604331621, 0.0 ], [ 52.675542312131881, 29.48693536566584, 0.0 ], [ 52.674681776975113, 29.485733863122672, 0.0 ], [ 52.683106143394049, 29.47974289684764, 0.0 ], [ 52.681662147360541, 29.47805054044294, 0.0 ], [ 52.68172450375863, 29.476469161512782, 0.0 ], [ 52.678150052112798, 29.474384690265609, 0.0 ], [ 52.677583827800042, 29.473683671361201, 0.0 ], [ 52.677041789222258, 29.470482727448069, 0.0 ], [ 52.677467384484451, 29.469288414862248, 0.0 ], [ 52.680161339351187, 29.46950441486349, 0.0 ], [ 52.681925562870873, 29.469112111425311, 0.0 ], [ 52.685929288009291, 29.46748682679128, 0.0 ], [ 52.688089810306842, 29.465001270788619, 0.0 ], [ 52.691874837972968, 29.459771128054118, 0.0 ], [ 52.689795837290482, 29.458003746821429, 0.0 ], [ 52.691667921429072, 29.456451915499791, 0.0 ], [ 52.693394778482713, 29.4553005285022, 0.0 ], [ 52.694626866897593, 29.454041407438911, 0.0 ], [ 52.694676317466119, 29.450362366310689, 0.0 ], [ 52.699205211499873, 29.450640577477071, 0.0 ], [ 52.700678178003919, 29.450766209562929, 0.0 ], [ 52.701745273661963, 29.45051488674385, 0.0 ], [ 52.702827469331631, 29.450511601974231, 0.0 ], [ 52.704226948376252, 29.45064188486727, 0.0 ], [ 52.705344211162327, 29.450842782199679, 0.0 ], [ 52.708258269300693, 29.45121827769885, 0.0 ], [ 52.710444277899938, 29.451249807500421, 0.0 ], [ 52.712147530310048, 29.450748850297259, 0.0 ], [ 52.71346051114471, 29.450583629416759, 0.0 ], [ 52.716592900514833, 29.450791201136891, 0.0 ], [ 52.72448640311319, 29.44830226368499, 0.0 ], [ 52.734589189309972, 29.44479551330684, 0.0 ], [ 52.742196754685992, 29.444533506885321, 0.0 ], [ 52.743567361761457, 29.443571027684261, 0.0 ], [ 52.744996637089471, 29.44295504066103, 0.0 ], [ 52.750118098520247, 29.441441126159951, 0.0 ], [ 52.75457669443049, 29.44064088355621, 0.0 ], [ 52.760397660482781, 29.438747215036859, 0.0 ], [ 52.762908199675827, 29.43889866784847, 0.0 ], [ 52.765107634759019, 29.43931885686872, 0.0 ], [ 52.766954300825041, 29.439775136189208, 0.0 ], [ 52.768083152588872, 29.439561028279648, 0.0 ], [ 52.769272727903036, 29.439000929296331, 0.0 ], [ 52.770640626339237, 29.43831002766947, 0.0 ], [ 52.771101700010163, 29.437707213117228, 0.0 ], [ 52.772058626095422, 29.436147066080711, 0.0 ], [ 52.772485369524013, 29.435191248937159, 0.0 ], [ 52.772725912851868, 29.433413390206521, 0.0 ], [ 52.772429454610467, 29.4306340438742, 0.0 ], [ 52.773043632892552, 29.429731362158229, 0.0 ], [ 52.774739355463552, 29.426918074729809, 0.0 ], [ 52.780469711886163, 29.41879461208141, 0.0 ], [ 52.783790325633653, 29.416090471416378, 0.0 ], [ 52.788673813190577, 29.412319932171119, 0.0 ], [ 52.792070200248858, 29.410589798252978, 0.0 ], [ 52.794270802164512, 29.408268938080219, 0.0 ], [ 52.795765037712208, 29.401966405503469, 0.0 ], [ 52.797233433031337, 29.39928909514817, 0.0 ], [ 52.800592610423152, 29.39301142809682, 0.0 ], [ 52.807368507673772, 29.38044587976038, 0.0 ], [ 52.812833652395533, 29.370655133942659, 0.0 ], [ 52.81818773876843, 29.36095705770542, 0.0 ], [ 52.82109265543636, 29.356994400976429, 0.0 ], [ 52.8244444498485, 29.352255475161112, 0.0 ], [ 52.834914039589741, 29.337632933672179, 0.0 ], [ 52.840418691527688, 29.325636895577109, 0.0 ], [ 52.841168525706841, 29.325024984885552, 0.0 ], [ 52.842491675046972, 29.323945187972949, 0.0 ], [ 52.849642460800737, 29.32397219256131, 0.0 ], [ 52.855272594988492, 29.323538073495691, 0.0 ], [ 52.857366617713261, 29.323454858362471, 0.0 ], [ 52.859503480034192, 29.323162365606571, 0.0 ], [ 52.866364339035677, 29.321844401021149, 0.0 ], [ 52.867713991605221, 29.321641138007092, 0.0 ], [ 52.869166558983679, 29.321050724905721, 0.0 ], [ 52.88657809123071, 29.313275202822481, 0.0 ], [ 52.914820687461066, 29.29246751258346, 0.0 ], [ 52.91902878246573, 29.289313621088649, 0.0 ], [ 52.92203151994056, 29.28709360528838, 0.0 ], [ 52.925332731000907, 29.28518057833621, 0.0 ], [ 52.929706263837843, 29.282583459226281, 0.0 ], [ 52.934605871045953, 29.280756346641091, 0.0 ], [ 52.940226216454427, 29.279751604704281, 0.0 ], [ 52.948045795986673, 29.27979151850095, 0.0 ], [ 52.953619094379263, 29.280096221404619, 0.0 ], [ 52.953664538417947, 29.288432078856481, 0.0 ], [ 52.952979914833932, 29.29409901396097, 0.0 ], [ 52.952976269356782, 29.299855229271142, 0.0 ], [ 52.952376448617578, 29.304627719026371, 0.0 ], [ 52.951916216348117, 29.310192116491649, 0.0 ], [ 52.951395071493373, 29.318986613465832, 0.0 ], [ 52.944786962687502, 29.325495478947499, 0.0 ], [ 52.941421547965163, 29.327451598546759, 0.0 ], [ 52.938484540050489, 29.329918154959159, 0.0 ], [ 52.936554180122862, 29.331014694782379, 0.0 ], [ 52.930073689088033, 29.333421743516471, 0.0 ], [ 52.918726594415588, 29.341911327876531, 0.0 ], [ 52.913855224562049, 29.343454780933019, 0.0 ], [ 52.906582895266368, 29.348721286941672, 0.0 ], [ 52.899941438581962, 29.353689536268259, 0.0 ], [ 52.898152620907702, 29.355885841535471, 0.0 ], [ 52.896538260906063, 29.359637451565462, 0.0 ], [ 52.89548612456273, 29.36606488213312, 0.0 ], [ 52.896161111487523, 29.36860856036817, 0.0 ], [ 52.897101021740227, 29.369252284821389, 0.0 ], [ 52.89677510579488, 29.371431521079518, 0.0 ], [ 52.896195190902247, 29.3727237630657, 0.0 ], [ 52.893241406023961, 29.376070997651041, 0.0 ], [ 52.890273892251848, 29.378927142489641, 0.0 ], [ 52.887216934542558, 29.381193184199791, 0.0 ], [ 52.886457984202657, 29.382828806536601, 0.0 ], [ 52.885932794136387, 29.384445561949871, 0.0 ], [ 52.88552505277687, 29.385983800482901, 0.0 ], [ 52.884461562279213, 29.38815210591634, 0.0 ], [ 52.884828625341157, 29.38954386673182, 0.0 ], [ 52.886711329913837, 29.39040284490725, 0.0 ], [ 52.889028447116708, 29.390924063540261, 0.0 ], [ 52.890038350667503, 29.39262455634643, 0.0 ], [ 52.889715314655589, 29.394464254353199, 0.0 ], [ 52.889440907679848, 29.397065313913419, 0.0 ], [ 52.888952781918803, 29.399438759927499, 0.0 ], [ 52.889401918087138, 29.402363789683552, 0.0 ], [ 52.88930985186785, 29.40421693097009, 0.0 ], [ 52.891719151355773, 29.40777370962509, 0.0 ], [ 52.894077561643861, 29.40938461734671, 0.0 ], [ 52.894622034686719, 29.410468479732192, 0.0 ], [ 52.893689813708697, 29.411726454842551, 0.0 ], [ 52.893549178839677, 29.41291246038557, 0.0 ], [ 52.893196821511921, 29.41503130147915, 0.0 ], [ 52.892089339336749, 29.41547812087207, 0.0 ], [ 52.890718333549927, 29.415408862600199, 0.0 ], [ 52.889172409850403, 29.415484708951631, 0.0 ], [ 52.887775130563647, 29.41653218884937, 0.0 ], [ 52.886163356305467, 29.41729463607053, 0.0 ], [ 52.88494346897879, 29.41870576896871, 0.0 ], [ 52.883855408139368, 29.419532878215119, 0.0 ], [ 52.882692466775843, 29.419842984493609, 0.0 ], [ 52.881967580376703, 29.42095997690598, 0.0 ], [ 52.88228576390474, 29.421464690897459, 0.0 ], [ 52.881813235417518, 29.42215779463622, 0.0 ], [ 52.881293515309373, 29.42323230394463, 0.0 ], [ 52.880448526192609, 29.423583620602042, 0.0 ], [ 52.87913560841907, 29.42609029068338, 0.0 ], [ 52.878882195347337, 29.427047265676791, 0.0 ], [ 52.878915961556018, 29.428372164898558, 0.0 ], [ 52.882238536459312, 29.431628291147469, 0.0 ], [ 52.883164236289247, 29.432748293764, 0.0 ], [ 52.883167309590988, 29.43330012904827, 0.0 ], [ 52.883044365878973, 29.433545699455198, 0.0 ], [ 52.883519439127276, 29.434362613726591, 0.0 ], [ 52.883721468476367, 29.434805379265342, 0.0 ], [ 52.883707668112912, 29.434935358175661, 0.0 ], [ 52.88370585873794, 29.435302327411499, 0.0 ], [ 52.883851629934583, 29.435689430856151, 0.0 ], [ 52.883455379652432, 29.436527161377629, 0.0 ], [ 52.883481847702662, 29.436935380849292, 0.0 ], [ 52.883533184375217, 29.437486449939851, 0.0 ], [ 52.883662530108417, 29.43791386433449, 0.0 ], [ 52.883672804162948, 29.438271520521639, 0.0 ], [ 52.88287255647915, 29.439170688285198, 0.0 ], [ 52.882533973624867, 29.439908705863971, 0.0 ], [ 52.882182534332053, 29.440618307442151, 0.0 ], [ 52.8821491395057, 29.441009293481411, 0.0 ], [ 52.882630586146973, 29.441388800304541, 0.0 ], [ 52.882759681299987, 29.442287835278488, 0.0 ], [ 52.88282498406226, 29.442733924571751, 0.0 ], [ 52.883035978069771, 29.44348304383961, 0.0 ], [ 52.883233990808527, 29.443796788877918, 0.0 ], [ 52.883479874266733, 29.444128962988781, 0.0 ], [ 52.884007758194301, 29.444942369014949, 0.0 ], [ 52.884352211129553, 29.445057855157039, 0.0 ], [ 52.885874129458557, 29.445611312024859, 0.0 ], [ 52.886966177718087, 29.446246731046131, 0.0 ], [ 52.887616491142012, 29.448013113304679, 0.0 ], [ 52.888261591464037, 29.449600069024552, 0.0 ], [ 52.887878999978277, 29.45010178074164, 0.0 ], [ 52.887954159958312, 29.450473003979791, 0.0 ], [ 52.887615755352222, 29.451433883497788, 0.0 ], [ 52.887824213276303, 29.45214107979163, 0.0 ], [ 52.888437148237443, 29.45250798934557, 0.0 ], [ 52.890245051567568, 29.45310110655144, 0.0 ], [ 52.891904307521237, 29.45328507871978, 0.0 ], [ 52.894847935109802, 29.453653306945132, 0.0 ], [ 52.89585349554288, 29.454103855620101, 0.0 ], [ 52.897190843879478, 29.45501729971134, 0.0 ], [ 52.900186628269793, 29.457399173629089, 0.0 ], [ 52.903925269927171, 29.460397086267019, 0.0 ], [ 52.905253955630073, 29.461355552378858, 0.0 ], [ 52.90654976227286, 29.46220429233701, 0.0 ], [ 52.907938863490763, 29.463508878869501, 0.0 ], [ 52.909270904321993, 29.46497484238839, 0.0 ], [ 52.909787814807892, 29.465249586549369, 0.0 ], [ 52.911756799753292, 29.466635750116779, 0.0 ], [ 52.912811588317069, 29.467796155298931, 0.0 ], [ 52.914024885655706, 29.469405610732569, 0.0 ], [ 52.914617542200112, 29.4702809754261, 0.0 ], [ 52.914648378149977, 29.470840661798789, 0.0 ], [ 52.914522269788257, 29.4714594038639, 0.0 ], [ 52.91371837874533, 29.471788393859701, 0.0 ], [ 52.910000195570902, 29.476715211893289, 0.0 ], [ 52.907853118796169, 29.479381589181049, 0.0 ], [ 52.905040015510167, 29.48161602391697, 0.0 ], [ 52.903092621842369, 29.482885627995039, 0.0 ], [ 52.900662925558287, 29.485055777466719, 0.0 ], [ 52.896694869254787, 29.487628226786519, 0.0 ], [ 52.895987547892823, 29.488593892413981, 0.0 ], [ 52.891789056654467, 29.490358158342769, 0.0 ], [ 52.88888788751747, 29.49101602374401, 0.0 ], [ 52.886732922579213, 29.49262818414482, 0.0 ], [ 52.886665165421213, 29.4932749895009, 0.0 ], [ 52.886266600721562, 29.493971586209931, 0.0 ], [ 52.885100342261481, 29.49475468796134, 0.0 ], [ 52.884304134207191, 29.495836712967652, 0.0 ], [ 52.882867238336857, 29.49718403877905, 0.0 ], [ 52.881297229094727, 29.498337177637929, 0.0 ], [ 52.87960487048376, 29.499116031405329, 0.0 ], [ 52.878798292892441, 29.500115877221511, 0.0 ], [ 52.879560789294217, 29.500832185326509, 0.0 ], [ 52.879277615172711, 29.501120612155599, 0.0 ], [ 52.876307194787209, 29.503551103899792, 0.0 ], [ 52.875539606183011, 29.5048016357314, 0.0 ], [ 52.874933475875181, 29.505533569639159, 0.0 ], [ 52.873719632944862, 29.506045285953078, 0.0 ], [ 52.872805199924429, 29.505992222575269, 0.0 ], [ 52.86981778608844, 29.506103273622429, 0.0 ], [ 52.868155658519584, 29.50660294434223, 0.0 ], [ 52.86542095557045, 29.507486195795732, 0.0 ], [ 52.863753662596167, 29.507802281828791, 0.0 ], [ 52.861938179975049, 29.509125243692409, 0.0 ], [ 52.860537265488389, 29.510087253975531, 0.0 ], [ 52.859272913563913, 29.51076059866649, 0.0 ], [ 52.857985803595867, 29.510874042013491, 0.0 ], [ 52.85541890344647, 29.510834144114899, 0.0 ], [ 52.853480670237182, 29.510956396052631, 0.0 ], [ 52.851436304855881, 29.51212125293878, 0.0 ], [ 52.842564272568488, 29.517187399912402, 0.0 ], [ 52.840821371103019, 29.517742010177869, 0.0 ], [ 52.837476779031519, 29.51874549633887, 0.0 ], [ 52.829546383991783, 29.521208425536781, 0.0 ], [ 52.826263781596353, 29.522644458930941, 0.0 ], [ 52.821881255742497, 29.525117436743631, 0.0 ], [ 52.820584828128467, 29.525733970522381, 0.0 ], [ 52.819855116358632, 29.525634145947731, 0.0 ], [ 52.819110695058143, 29.524698652270569, 0.0 ], [ 52.818068618290617, 29.524041280834648, 0.0 ], [ 52.81647060544158, 29.524192341731791, 0.0 ], [ 52.815946071680202, 29.524441829590689, 0.0 ], [ 52.815002779563898, 29.524993938810312, 0.0 ], [ 52.814256617350921, 29.525518057444401, 0.0 ], [ 52.813632508011402, 29.525792138897138, 0.0 ], [ 52.811819135142052, 29.525918486214699, 0.0 ], [ 52.80936313615107, 29.52582362973763, 0.0 ], [ 52.806829088757873, 29.52628661576686, 0.0 ], [ 52.803821394072479, 29.5270420420424, 0.0 ], [ 52.801313205584378, 29.52791186093523, 0.0 ], [ 52.799528745447603, 29.528452362730189, 0.0 ], [ 52.798945308190582, 29.5288854265468, 0.0 ], [ 52.797374403355882, 29.530002271667069, 0.0 ], [ 52.796296337132752, 29.53066061665108, 0.0 ], [ 52.795395100361937, 29.530946359365728, 0.0 ], [ 52.794412505186507, 29.530951781343429, 0.0 ], [ 52.793862459049549, 29.531348181686141, 0.0 ], [ 52.792779404333039, 29.532147330019729, 0.0 ] ] ] } },
{ "type": "Feature", "properties": { "Name": "منطقه شکار ممنوع روشن کوه", "description": null, "timestamp": null, "begin": null, "end": null, "altitudeMode": null, "tessellate": -1, "extrude": 0, "visibility": -1, "drawOrder": null, "icon": null }, "geometry": { "type": "Polygon", "coordinates": [ [ [ 53.775282579822317, 29.936359893343042, 0.0 ], [ 53.776193447872537, 29.934486815943739, 0.0 ], [ 53.777431845841747, 29.931635746576699, 0.0 ], [ 53.778290764380642, 29.929719612665892, 0.0 ], [ 53.779771536726393, 29.927606731277638, 0.0 ], [ 53.781259795593328, 29.925145854707509, 0.0 ], [ 53.782740127272973, 29.922402634779178, 0.0 ], [ 53.783525689108153, 29.920216472029711, 0.0 ], [ 53.783951920623032, 29.919218730709591, 0.0 ], [ 53.785360825342053, 29.917409232356711, 0.0 ], [ 53.78654675233453, 29.915745682402239, 0.0 ], [ 53.787237714773923, 29.914940081449011, 0.0 ], [ 53.787679472373739, 29.914501343053121, 0.0 ], [ 53.789036028743851, 29.913144909807919, 0.0 ], [ 53.790393335288613, 29.911816697441509, 0.0 ], [ 53.791275532267363, 29.910894029589102, 0.0 ], [ 53.792406629321057, 29.91075706895127, 0.0 ], [ 53.793157593774197, 29.909780671403219, 0.0 ], [ 53.794351980671749, 29.908427625394548, 0.0 ], [ 53.794884672315021, 29.907647942857171, 0.0 ], [ 53.796148556971147, 29.90646290547463, 0.0 ], [ 53.79769063725454, 29.904791710759579, 0.0 ], [ 53.798696796016088, 29.90366862042648, 0.0 ], [ 53.799950315154902, 29.902116526378119, 0.0 ], [ 53.800891615601877, 29.900994798878951, 0.0 ], [ 53.801545217140543, 29.90002042787243, 0.0 ], [ 53.802829469978647, 29.898411157818298, 0.0 ], [ 53.803307603872973, 29.898118495685932, 0.0 ], [ 53.804786257588482, 29.897663300610411, 0.0 ], [ 53.80668929394178, 29.89731205121544, 0.0 ], [ 53.807039384806721, 29.8970786017845, 0.0 ], [ 53.807249234051262, 29.896400214351669, 0.0 ], [ 53.807906478063032, 29.894806151999951, 0.0 ], [ 53.808746231095512, 29.893463046904131, 0.0 ], [ 53.808900170496607, 29.892695220302269, 0.0 ], [ 53.809279368163082, 29.89161677389362, 0.0 ], [ 53.810074920089413, 29.890784302819458, 0.0 ], [ 53.811333835294938, 29.889789037674849, 0.0 ], [ 53.812060881994618, 29.8886012274378, 0.0 ], [ 53.812745198372937, 29.887974992836259, 0.0 ], [ 53.813367280856191, 29.886799610091568, 0.0 ], [ 53.814400881573327, 29.88611494460266, 0.0 ], [ 53.815599806685107, 29.885069953428388, 0.0 ], [ 53.816221324043411, 29.884292133946371, 0.0 ], [ 53.816798707754458, 29.884024951896279, 0.0 ], [ 53.817202157426813, 29.883812454254599, 0.0 ], [ 53.817597004961513, 29.88329432032036, 0.0 ], [ 53.816754286091552, 29.882445840526419, 0.0 ], [ 53.816272328750273, 29.881946438723151, 0.0 ], [ 53.815824480379597, 29.880579820127981, 0.0 ], [ 53.815601861115219, 29.8789025728348, 0.0 ], [ 53.81581418442012, 29.878133493518089, 0.0 ], [ 53.816146271856113, 29.877463794680189, 0.0 ], [ 53.816129084509612, 29.876852525706791, 0.0 ], [ 53.816749119421807, 29.876023767466439, 0.0 ], [ 53.816677777241807, 29.875566563159619, 0.0 ], [ 53.816304162561217, 29.874759027053159, 0.0 ], [ 53.815576997569757, 29.873857097958549, 0.0 ], [ 53.81479855470451, 29.87321110774662, 0.0 ], [ 53.814789966536011, 29.8729054722657, 0.0 ], [ 53.815248963004677, 29.872589856391748, 0.0 ], [ 53.81624114813998, 29.872517703545171, 0.0 ], [ 53.816723054864028, 29.873017109068741, 0.0 ], [ 53.817072311885489, 29.872958679685251, 0.0 ], [ 53.817345928803533, 29.872290228354402, 0.0 ], [ 53.816953702772558, 29.870820483432759, 0.0 ], [ 53.817334181339888, 29.869792961608649, 0.0 ], [ 53.817847304506287, 29.869323272523939, 0.0 ], [ 53.817887125260981, 29.868659815140191, 0.0 ], [ 53.817928235234533, 29.86804220209709, 0.0 ], [ 53.818600918997618, 29.86700843410911, 0.0 ], [ 53.820299774383777, 29.86503527082747, 0.0 ], [ 53.821203318399313, 29.863894615794798, 0.0 ], [ 53.821791682211341, 29.861945181471189, 0.0 ], [ 53.823463129063192, 29.859004145125411, 0.0 ], [ 53.824191268955531, 29.857867226665238, 0.0 ], [ 53.824153953533582, 29.856542813184468, 0.0 ], [ 53.824530008855419, 29.855362460541809, 0.0 ], [ 53.82553306917454, 29.853608012916741, 0.0 ], [ 53.826037459227152, 29.852832665354711, 0.0 ], [ 53.826587351027172, 29.851597613953722, 0.0 ], [ 53.827075924481733, 29.850261935511149, 0.0 ], [ 53.827215319353463, 29.848984707413749, 0.0 ], [ 53.827659662417084, 29.84815457422236, 0.0 ], [ 53.829027566939217, 29.846901981896981, 0.0 ], [ 53.830919885506418, 29.8455871576943, 0.0 ], [ 53.831717789903102, 29.84485646351574, 0.0 ], [ 53.833021413841692, 29.843401334208011, 0.0 ], [ 53.834031414698643, 29.84190153006849, 0.0 ], [ 53.83527221951158, 29.84029482201305, 0.0 ], [ 53.836179705992862, 29.83930690154218, 0.0 ], [ 53.836786396490297, 29.838019624360051, 0.0 ], [ 53.838068245407122, 29.835800377145048, 0.0 ], [ 53.838677776077013, 29.834614971236981, 0.0 ], [ 53.838932424832649, 29.833284286821119, 0.0 ], [ 53.838943286492857, 29.831602060290649, 0.0 ], [ 53.839690572625997, 29.829088480347139, 0.0 ], [ 53.840121904378591, 29.82780496326221, 0.0 ], [ 53.840878489756783, 29.82768674400322, 0.0 ], [ 53.841710802119849, 29.82817852289411, 0.0 ], [ 53.842540236700309, 29.82856842043309, 0.0 ], [ 53.843111459306002, 29.828097393007461, 0.0 ], [ 53.843205210008797, 29.827279863484261, 0.0 ], [ 53.843576298937549, 29.826732499752211, 0.0 ], [ 53.847294989912193, 29.826652341543781, 0.0 ], [ 53.852561959665877, 29.824434137056279, 0.0 ], [ 53.857115207010999, 29.82188043262904, 0.0 ], [ 53.857891756733288, 29.820899066547359, 0.0 ], [ 53.858449830700167, 29.819308618304142, 0.0 ], [ 53.865600965522432, 29.812664774539162, 0.0 ], [ 53.873534958007824, 29.805302053595671, 0.0 ], [ 53.886306004579737, 29.799742611281012, 0.0 ], [ 53.893142831295577, 29.79914014524546, 0.0 ], [ 53.901253700682538, 29.799505679456889, 0.0 ], [ 53.904932679197771, 29.799578745613012, 0.0 ], [ 53.907804971881191, 29.79961004216684, 0.0 ], [ 53.910512097118371, 29.799550412612501, 0.0 ], [ 53.913824666203162, 29.799681811015301, 0.0 ], [ 53.916320723896177, 29.79980786828364, 0.0 ], [ 53.916025137124642, 29.80035784498363, 0.0 ], [ 53.917115411879642, 29.80120029006396, 0.0 ], [ 53.919281891261413, 29.80164451915719, 0.0 ], [ 53.920104278325098, 29.801354614457829, 0.0 ], [ 53.921283039853613, 29.80106091796354, 0.0 ], [ 53.923209911333622, 29.801014186041531, 0.0 ], [ 53.924852007937112, 29.800343807549851, 0.0 ], [ 53.925897747237109, 29.800592367999879, 0.0 ], [ 53.927047275988727, 29.800838618739508, 0.0 ], [ 53.92858828436664, 29.801332807287039, 0.0 ], [ 53.930497417476637, 29.80032433168325, 0.0 ], [ 53.932098059066149, 29.79823578854214, 0.0 ], [ 53.931906858842943, 29.796428546513269, 0.0 ], [ 53.931542090224553, 29.793417498120728, 0.0 ], [ 53.931503363116512, 29.792089933318159, 0.0 ], [ 53.932820098172982, 29.789766153978452, 0.0 ], [ 53.936584076753952, 29.79064865791522, 0.0 ], [ 53.939510871484252, 29.791308153122099, 0.0 ], [ 53.941171229824498, 29.791271194130879, 0.0 ], [ 53.942898734911282, 29.793527256981889, 0.0 ], [ 53.944044556898533, 29.79483013952207, 0.0 ], [ 53.944686881534892, 29.793125109848219, 0.0 ], [ 53.944612619863882, 29.790590697115661, 0.0 ], [ 53.943534516240263, 29.786871003234548, 0.0 ], [ 53.944134395562322, 29.783717739670969, 0.0 ], [ 53.945039223136348, 29.781523798418899, 0.0 ], [ 53.946348444243682, 29.778958538764201, 0.0 ], [ 53.946660917586669, 29.775449379159099, 0.0 ], [ 53.95519543975913, 29.773809603450051, 0.0 ], [ 53.967581084562781, 29.766648469285471, 0.0 ], [ 53.998714345121769, 29.757009278665461, 0.0 ], [ 54.002946428468022, 29.759690733860658, 0.0 ], [ 54.010240827899622, 29.758317185666922, 0.0 ], [ 54.016712002398592, 29.755451853072689, 0.0 ], [ 54.017661735977143, 29.75472371445181, 0.0 ], [ 54.020106326747069, 29.752548506519631, 0.0 ], [ 54.022165367050768, 29.751017884745501, 0.0 ], [ 54.023064136033561, 29.748595374843429, 0.0 ], [ 54.027277662946616, 29.746026356125071, 0.0 ], [ 54.02831450119352, 29.745508090251811, 0.0 ], [ 54.030290578647787, 29.745533458123781, 0.0 ], [ 54.032078872647908, 29.745775040553319, 0.0 ], [ 54.0341098730634, 29.746011027604698, 0.0 ], [ 54.035408525629002, 29.74612250848714, 0.0 ], [ 54.036622020530892, 29.74609464168384, 0.0 ], [ 54.037049944448469, 29.74686191193689, 0.0 ], [ 54.038020746355087, 29.746839606834889, 0.0 ], [ 54.039815468770342, 29.74729286938997, 0.0 ], [ 54.041297266141299, 29.748106532789631, 0.0 ], [ 54.042280877173162, 29.748507772992848, 0.0 ], [ 54.04431621271091, 29.748884789315291, 0.0 ], [ 54.046760340828612, 29.749393643560399, 0.0 ], [ 54.048872331119099, 29.74962753124202, 0.0 ], [ 54.051062232911129, 29.7497606841665, 0.0 ], [ 54.053676775114937, 29.75054805320611, 0.0 ], [ 54.054428456759283, 29.751307780216369, 0.0 ], [ 54.055523049641693, 29.752695378683178, 0.0 ], [ 54.056945579959788, 29.754216672932401, 0.0 ], [ 54.057205449387133, 29.754775820635459, 0.0 ], [ 54.056066347114538, 29.75459022690243, 0.0 ], [ 54.055357491850813, 29.755242416758669, 0.0 ], [ 54.054670054992052, 29.75660055600606, 0.0 ], [ 54.055023685842087, 29.757581409266511, 0.0 ], [ 54.055890645459229, 29.75946877472607, 0.0 ], [ 54.055618462917373, 29.76117054041292, 0.0 ], [ 54.054688262499639, 29.762534292321721, 0.0 ], [ 54.054805614167783, 29.76373254042166, 0.0 ], [ 54.055182861701148, 29.76548993597234, 0.0 ], [ 54.054823898322049, 29.76784556425018, 0.0 ], [ 54.054103342233383, 29.76919079239774, 0.0 ], [ 54.05436663857806, 29.771592745483851, 0.0 ], [ 54.053045144871227, 29.771955429013779, 0.0 ], [ 54.051458444556019, 29.772988511167959, 0.0 ], [ 54.051133376970327, 29.774822807662339, 0.0 ], [ 54.051964817055349, 29.777128609326141, 0.0 ], [ 54.053004176060533, 29.780010849521052, 0.0 ], [ 54.054041081744131, 29.782810097836681, 0.0 ], [ 54.053253026867011, 29.785070278627561, 0.0 ], [ 54.051651018671507, 29.785605511228319, 0.0 ], [ 54.049403248024142, 29.786819920034802, 0.0 ], [ 54.047718641293713, 29.787772193521619, 0.0 ], [ 54.045488372377761, 29.789567388134309, 0.0 ], [ 54.044179175388862, 29.790344890677609, 0.0 ], [ 54.04391137783157, 29.790932314808948, 0.0 ], [ 54.043280639637942, 29.792109353976681, 0.0 ], [ 54.041633560005813, 29.79430623160745, 0.0 ], [ 54.039023998058767, 29.79615988438972, 0.0 ], [ 54.036057355541843, 29.798802239759031, 0.0 ], [ 54.034094512984673, 29.80000985765, 0.0 ], [ 54.032161679129622, 29.802213196556799, 0.0 ], [ 54.031535748101703, 29.803556149479469, 0.0 ], [ 54.029577763150037, 29.804929668745, 0.0 ], [ 54.028213124995041, 29.807036883247481, 0.0 ], [ 54.032004051277333, 29.809607052145509, 0.0 ], [ 54.033431298659409, 29.809574269921381, 0.0 ], [ 54.035123929676359, 29.808871083016388, 0.0 ], [ 54.036796460414308, 29.807504047200009, 0.0 ], [ 54.040083916053582, 29.806016786188781, 0.0 ], [ 54.042192202503642, 29.80646644615177, 0.0 ], [ 54.044450551061757, 29.80558403695785, 0.0 ], [ 54.046643917980077, 29.8056995201459, 0.0 ], [ 54.048426483857313, 29.80482802274658, 0.0 ], [ 54.052602719583312, 29.804399402468949, 0.0 ], [ 54.055259152216891, 29.80408885968442, 0.0 ], [ 54.057722753091802, 29.803699693960532, 0.0 ], [ 54.060509680076862, 29.804548519311179, 0.0 ], [ 54.062327508534068, 29.804838514334371, 0.0 ], [ 54.059570204833662, 29.811213111328961, 0.0 ], [ 54.053630651654103, 29.824333492020418, 0.0 ], [ 54.056765677055253, 29.828459349044248, 0.0 ], [ 54.06078320826181, 29.831908650146829, 0.0 ], [ 54.062120548765272, 29.831352826036088, 0.0 ], [ 54.064209722759017, 29.83077953610832, 0.0 ], [ 54.065697394875933, 29.830220186765239, 0.0 ], [ 54.067652186071953, 29.83017476472823, 0.0 ], [ 54.069903697543182, 29.82999121271963, 0.0 ], [ 54.07232162368836, 29.83032854662596, 0.0 ], [ 54.073951569562283, 29.829503395098861, 0.0 ], [ 54.074853767683237, 29.829482378759351, 0.0 ], [ 54.075812235401202, 29.831296836740009, 0.0 ], [ 54.075856450821853, 29.83273899981565, 0.0 ], [ 54.077131805974489, 29.835070855239969, 0.0 ], [ 54.076801330410127, 29.839014538837048, 0.0 ], [ 54.075792895464822, 29.840481240489261, 0.0 ], [ 54.073040074994211, 29.843956565857312, 0.0 ], [ 54.069637326475338, 29.845872570054489, 0.0 ], [ 54.068620696577909, 29.8470770160874, 0.0 ], [ 54.066274541352662, 29.84909956049907, 0.0 ], [ 54.06348910916595, 29.851525869015848, 0.0 ], [ 54.059326948700672, 29.855204220532549, 0.0 ], [ 54.056248352221481, 29.857899588948769, 0.0 ], [ 54.054535322764963, 29.86095687665836, 0.0 ], [ 54.053261473789583, 29.863610377857569, 0.0 ], [ 54.052553308857561, 29.865069973630462, 0.0 ], [ 54.050661683980543, 29.867212950248931, 0.0 ], [ 54.047720960420001, 29.869511352814481, 0.0 ], [ 54.042705883649219, 29.872907182435789, 0.0 ], [ 54.040505062231553, 29.874794759422741, 0.0 ], [ 54.037296381152508, 29.877505850967161, 0.0 ], [ 54.033589597370828, 29.879186593984521, 0.0 ], [ 54.031714689102671, 29.880909096838838, 0.0 ], [ 54.02342326481444, 29.885213985059131, 0.0 ], [ 54.018220765434137, 29.888440060484012, 0.0 ], [ 54.014345897690951, 29.89096383642924, 0.0 ], [ 54.013248415311942, 29.89292022723048, 0.0 ], [ 54.011557924552797, 29.894386343714942, 0.0 ], [ 54.010374528796447, 29.89348971044139, 0.0 ], [ 54.009165924472867, 29.89175394355313, 0.0 ], [ 54.005541791327559, 29.893012204115031, 0.0 ], [ 54.002320393018778, 29.894848984589551, 0.0 ], [ 53.999917828705279, 29.895071627761851, 0.0 ], [ 53.996512001259767, 29.893973515663919, 0.0 ], [ 53.993197524335251, 29.89270529723472, 0.0 ], [ 53.991023847655079, 29.891234773656659, 0.0 ], [ 53.990156341180672, 29.890582691036951, 0.0 ], [ 53.98878651559442, 29.88859846373229, 0.0 ], [ 53.985487761786587, 29.883970854033929, 0.0 ], [ 53.983895026205403, 29.88226031962466, 0.0 ], [ 53.981335971637911, 29.879160905716571, 0.0 ], [ 53.97853201369616, 29.87559672889525, 0.0 ], [ 53.977948891386923, 29.874132008452751, 0.0 ], [ 53.976243516803727, 29.871214725234399, 0.0 ], [ 53.976672053706579, 29.869553088965979, 0.0 ], [ 53.97675539103605, 29.863313052519342, 0.0 ], [ 53.977743785246091, 29.86040198320698, 0.0 ], [ 53.978266033492382, 29.856876838350921, 0.0 ], [ 53.97889399253566, 29.853895825803669, 0.0 ], [ 53.979194048791257, 29.851937185792728, 0.0 ], [ 53.980294982300713, 29.84980430692536, 0.0 ], [ 53.980117355112696, 29.846841485294689, 0.0 ], [ 53.9792793996548, 29.845767363947541, 0.0 ], [ 53.978398312434301, 29.846255704187911, 0.0 ], [ 53.976245942631593, 29.848140865921501, 0.0 ], [ 53.973115234804773, 29.849507312737199, 0.0 ], [ 53.970832284865438, 29.849385957788229, 0.0 ], [ 53.968833662767459, 29.848826210009712, 0.0 ], [ 53.967480378339062, 29.849979737026931, 0.0 ], [ 53.966101521227131, 29.850269916757849, 0.0 ], [ 53.964585849586904, 29.85263654298549, 0.0 ], [ 53.958029122069128, 29.85546185000554, 0.0 ], [ 53.955177222754941, 29.856216898512422, 0.0 ], [ 53.952505564440202, 29.856363112471961, 0.0 ], [ 53.952246574226528, 29.857664781392732, 0.0 ], [ 53.955700702254333, 29.860524739046991, 0.0 ], [ 53.956239240499649, 29.86198132230928, 0.0 ], [ 53.956409610485693, 29.864396460174689, 0.0 ], [ 53.955650298780817, 29.865536564223738, 0.0 ], [ 53.956475844252438, 29.866641148283801, 0.0 ], [ 53.958197376118179, 29.868397575190802, 0.0 ], [ 53.95677603866757, 29.870424524114512, 0.0 ], [ 53.954329990525729, 29.874234782782722, 0.0 ], [ 53.950696772223161, 29.878893077628781, 0.0 ], [ 53.948222677827893, 29.881765004883238, 0.0 ], [ 53.945337788788713, 29.884411353823062, 0.0 ], [ 53.944609616900159, 29.88712684916381, 0.0 ], [ 53.943325798051291, 29.889267959368581, 0.0 ], [ 53.939512178542309, 29.89240435907449, 0.0 ], [ 53.935253236184607, 29.894142276504891, 0.0 ], [ 53.934004020685521, 29.89287914634183, 0.0 ], [ 53.93381785562535, 29.891122914333732, 0.0 ], [ 53.932703293229537, 29.889856772117739, 0.0 ], [ 53.931636003110214, 29.888345930920948, 0.0 ], [ 53.921036930193083, 29.89848817838098, 0.0 ], [ 53.911948843013953, 29.900191469772871, 0.0 ], [ 53.909175710785291, 29.90265623094264, 0.0 ], [ 53.907850174044839, 29.904803588135021, 0.0 ], [ 53.906952638665302, 29.906550921241379, 0.0 ], [ 53.893760457947998, 29.90947012365406, 0.0 ], [ 53.89075787241827, 29.909986687004441, 0.0 ], [ 53.871257618819563, 29.93286374332855, 0.0 ], [ 53.865434784697413, 29.93941255487492, 0.0 ], [ 53.860261130854028, 29.942454359706449, 0.0 ], [ 53.858810923191307, 29.943011628232739, 0.0 ], [ 53.854697322337557, 29.943927089211801, 0.0 ], [ 53.852473462158478, 29.944576169905829, 0.0 ], [ 53.849909078547782, 29.945382807925409, 0.0 ], [ 53.848075395594421, 29.94489669648507, 0.0 ], [ 53.844278580375843, 29.944828531852568, 0.0 ], [ 53.843778513735423, 29.945440227164859, 0.0 ], [ 53.841731196937999, 29.946235542295209, 0.0 ], [ 53.840617058580108, 29.946484915636699, 0.0 ], [ 53.838561157462962, 29.946979919998089, 0.0 ], [ 53.835367621833619, 29.94689849626992, 0.0 ], [ 53.832044160243647, 29.9486224828409, 0.0 ], [ 53.828903726351363, 29.950417570125961, 0.0 ], [ 53.826333507057399, 29.954078157949059, 0.0 ], [ 53.822164698043892, 29.956120504463129, 0.0 ], [ 53.81308186361003, 29.958267814173379, 0.0 ], [ 53.811361928601983, 29.95845477777134, 0.0 ], [ 53.809723969041912, 29.95848974420473, 0.0 ], [ 53.802223799322142, 29.958649594100049, 0.0 ], [ 53.798239230513403, 29.958058322966149, 0.0 ], [ 53.7867443277962, 29.95417088080622, 0.0 ], [ 53.78612621943843, 29.953658164880299, 0.0 ], [ 53.786092705148732, 29.952457055561261, 0.0 ], [ 53.786160058492868, 29.95177960668358, 0.0 ], [ 53.785239387558022, 29.949695899126041, 0.0 ], [ 53.785086343114457, 29.948079551726959, 0.0 ], [ 53.785105013313043, 29.946931521448839, 0.0 ], [ 53.782322955980462, 29.945313014276351, 0.0 ], [ 53.780510767780633, 29.943938810653819, 0.0 ], [ 53.778660246444431, 29.943006788068828, 0.0 ], [ 53.77785225134636, 29.943112113333338, 0.0 ], [ 53.776939268276692, 29.943087227387949, 0.0 ], [ 53.775712560575677, 29.942715826842349, 0.0 ], [ 53.774679045851563, 29.941987496829409, 0.0 ], [ 53.774678398310407, 29.941985436022371, 0.0 ], [ 53.774492406184962, 29.940755234491132, 0.0 ], [ 53.774293053376972, 29.93989724553149, 0.0 ], [ 53.774216314193367, 29.939415050529679, 0.0 ], [ 53.774248343928789, 29.939137509818949, 0.0 ], [ 53.774677988050549, 29.93786555402685, 0.0 ], [ 53.774828772333528, 29.937354848849829, 0.0 ], [ 53.775282579822317, 29.936359893343042, 0.0 ] ] ] } },
{ "type": "Feature", "properties": { "Name": "منطقه شکار ممنوع کوه گورم", "description": null, "timestamp": null, "begin": null, "end": null, "altitudeMode": null, "tessellate": -1, "extrude": 0, "visibility": -1, "drawOrder": null, "icon": null }, "geometry": { "type": "MultiPolygon", "coordinates": [ [ [ [ 53.2403812458695, 28.784485856282451, 0.0 ], [ 53.240341270710239, 28.78450523603497, 0.0 ], [ 53.240241711016907, 28.784537775975831, 0.0 ], [ 53.240193518145212, 28.784549211477259, 0.0 ], [ 53.240296781979303, 28.784504972838949, 0.0 ], [ 53.2403812458695, 28.784485856282451, 0.0 ] ] ], [ [ [ 53.238574493609619, 28.784894777922041, 0.0 ], [ 53.238089595515781, 28.784839498615579, 0.0 ], [ 53.237952752666317, 28.784861076388349, 0.0 ], [ 53.237753661205893, 28.78491525215647, 0.0 ], [ 53.237554570544333, 28.78496942762478, 0.0 ], [ 53.237430141953581, 28.785001925707402, 0.0 ], [ 53.237255900225378, 28.785067040154519, 0.0 ], [ 53.237094208604013, 28.7850776785275, 0.0 ], [ 53.236950100086922, 28.785077444611769, 0.0 ], [ 53.23332764620914, 28.784352194556678, 0.0 ], [ 53.232996117329591, 28.784362592457619, 0.0 ], [ 53.232884210255108, 28.784351506921649, 0.0 ], [ 53.232734970195153, 28.784351259500848, 0.0 ], [ 53.232585731147999, 28.784351011898028, 0.0 ], [ 53.232461364590861, 28.784350805748129, 0.0 ], [ 53.232287299626272, 28.784328716925, 0.0 ], [ 53.232162935124236, 28.784328510464668, 0.0 ], [ 53.232026087192338, 28.78435008232529, 0.0 ], [ 53.231889286906437, 28.784349854757, 0.0 ], [ 53.231715177353983, 28.7843495653354, 0.0 ], [ 53.231578331318012, 28.784371136714562, 0.0 ], [ 53.231491231267547, 28.78439279063646, 0.0 ], [ 53.231341995138102, 28.78439254161006, 0.0 ], [ 53.231192760040607, 28.784392293303561, 0.0 ], [ 53.230993710075417, 28.784424659990091, 0.0 ], [ 53.230732410273873, 28.784489621372249, 0.0 ], [ 53.230520879222077, 28.784543764758741, 0.0 ], [ 53.230408837250977, 28.784598075842851, 0.0 ], [ 53.230222060273888, 28.78470675811052, 0.0 ], [ 53.230035378096893, 28.784771843335129, 0.0 ], [ 53.22979904564972, 28.7847932464108, 0.0 ], [ 53.229537748134732, 28.784858205499351, 0.0 ], [ 53.229363572368563, 28.784890612852109, 0.0 ], [ 53.229226753204557, 28.784901282181529, 0.0 ], [ 53.229002762492073, 28.784966303593659, 0.0 ], [ 53.228915664395529, 28.78498795675856, 0.0 ], [ 53.228716616483659, 28.785020321017839, 0.0 ], [ 53.228604669769332, 28.785031032926121, 0.0 ], [ 53.228492721982562, 28.7850417438577, 0.0 ], [ 53.228331006592001, 28.785063271405761, 0.0 ], [ 53.228156807813882, 28.785106576871179, 0.0 ], [ 53.228057296775233, 28.785117309540929, 0.0 ], [ 53.227895628651382, 28.785117037259852, 0.0 ], [ 53.227746325576319, 28.785149485002979, 0.0 ], [ 53.227572198256198, 28.78516009164499, 0.0 ], [ 53.227422966935983, 28.785159840947291, 0.0 ], [ 53.227273735585619, 28.785159589182559, 0.0 ], [ 53.227112044027507, 28.78517021652284, 0.0 ], [ 53.226987612322418, 28.785202706049191, 0.0 ], [ 53.226875616392483, 28.78523521588901, 0.0 ], [ 53.226726217236561, 28.785311260288911, 0.0 ], [ 53.226626584804173, 28.7853764893744, 0.0 ], [ 53.226489644566463, 28.785441656122241, 0.0 ], [ 53.226365235710453, 28.785463245442891, 0.0 ], [ 53.226203445757093, 28.785517470430229, 0.0 ], [ 53.226041704556032, 28.78554989677988, 0.0 ], [ 53.225954627671797, 28.785560649349591, 0.0 ], [ 53.225830315458353, 28.78553864129757, 0.0 ], [ 53.225755916287611, 28.785440419322661, 0.0 ], [ 53.225706437019888, 28.785320440823408, 0.0 ], [ 53.225619554282801, 28.785243997566599, 0.0 ], [ 53.225520259301888, 28.785156634033871, 0.0 ], [ 53.225371122914332, 28.785112784194151, 0.0 ], [ 53.225234447035483, 28.785058055076679, 0.0 ], [ 53.225135103433772, 28.784992490597109, 0.0 ], [ 53.225023324100263, 28.78492690453924, 0.0 ], [ 53.224874212817816, 28.78487215533675, 0.0 ], [ 53.224762409171518, 28.784817468731031, 0.0 ], [ 53.224613297141232, 28.784762719240248, 0.0 ], [ 53.224489057905572, 28.784708010855152, 0.0 ], [ 53.224389690444752, 28.784653345467451, 0.0 ], [ 53.224315292252427, 28.78455512349645, 0.0 ], [ 53.224216022635382, 28.784456860129971, 0.0 ], [ 53.224154012245158, 28.784380458988551, 0.0 ], [ 53.224067178731659, 28.78428221707491, 0.0 ], [ 53.223955472815177, 28.784183931911141, 0.0 ], [ 53.223868566581089, 28.78411838800324, 0.0 ], [ 53.223781707811803, 28.78403104468266, 0.0 ], [ 53.22373225628192, 28.783900167387181, 0.0 ], [ 53.223670343440588, 28.783780169046238, 0.0 ], [ 53.223595995036398, 28.783660149029551, 0.0 ], [ 53.223546519211318, 28.783540171331101, 0.0 ], [ 53.22350945341465, 28.78343111406376, 0.0 ], [ 53.223397747929667, 28.783332828365179, 0.0 ], [ 53.22331091398199, 28.78323458589794, 0.0 ], [ 53.223224104966661, 28.78312544366829, 0.0 ], [ 53.223149610932197, 28.783070819685229, 0.0 ], [ 53.223050315977538, 28.782983454150258, 0.0 ], [ 53.22302568757258, 28.782874418378771, 0.0 ], [ 53.223007584493473, 28.782794271051799, 0.0 ], [ 53.222787713172522, 28.78079401138945, 0.0 ], [ 53.222762688353022, 28.780741126932401, 0.0 ], [ 53.222739018815687, 28.780717324338578, 0.0 ], [ 53.222718765799669, 28.78068164589406, 0.0 ], [ 53.222708678614303, 28.78064598504583, 0.0 ], [ 53.222701993668579, 28.780604389964211, 0.0 ], [ 53.222702073311432, 28.780568745796032, 0.0 ], [ 53.222705561840783, 28.780524197950101, 0.0 ], [ 53.222709003891062, 28.780500441633752, 0.0 ], [ 53.222877569600499, 28.779604722766109, 0.0 ], [ 53.222983370614728, 28.779042512535579, 0.0 ], [ 53.223027425209658, 28.779042588385028, 0.0 ], [ 53.223074895208711, 28.77903078838445, 0.0 ], [ 53.22310203287914, 28.779018954130319, 0.0 ], [ 53.223129176128147, 28.779004148638599, 0.0 ], [ 53.223163078303052, 28.778998266172689, 0.0 ], [ 53.223200355084067, 28.77899832996086, 0.0 ], [ 53.223224004429078, 28.779031043536431, 0.0 ], [ 53.223329427535013, 28.778876501784762, 0.0 ], [ 53.223379241867903, 28.778852357159931, 0.0 ], [ 53.223434585511249, 28.778828221611409, 0.0 ], [ 53.223478903027789, 28.778789529216841, 0.0 ], [ 53.223495511747792, 28.778779865883749, 0.0 ], [ 53.223550854869387, 28.77875889452195, 0.0 ], [ 53.223550876573469, 28.778749202094399, 0.0 ], [ 53.223550994961613, 28.778695895563139, 0.0 ], [ 53.223528997040077, 28.778642550852329, 0.0 ], [ 53.223506999142622, 28.77858920613636, 0.0 ], [ 53.223496059944992, 28.778535881402931, 0.0 ], [ 53.223479580569048, 28.77848739288741, 0.0 ], [ 53.223435414202413, 28.77845824009799, 0.0 ], [ 53.223424464181079, 28.77840976066744, 0.0 ], [ 53.223446708751112, 28.77835164703437, 0.0 ], [ 53.223468931564767, 28.778303224925128, 0.0 ], [ 53.223513259714721, 28.778259686315131, 0.0 ], [ 53.223540979219173, 28.77822581193055, 0.0 ], [ 53.223541085771622, 28.77817735252826, 0.0 ], [ 53.223513560733132, 28.778123998680041, 0.0 ], [ 53.223480451099981, 28.77809486591768, 0.0 ], [ 53.223469490249869, 28.778051232701959, 0.0 ], [ 53.223458551146649, 28.77799790795742, 0.0 ], [ 53.223431014318749, 28.777949400317681, 0.0 ], [ 53.22338686996482, 28.777910556871419, 0.0 ], [ 53.223364862497569, 28.777862059214449, 0.0 ], [ 53.223348383328421, 28.77781357157123, 0.0 ], [ 53.223309768343093, 28.777774737194068, 0.0 ], [ 53.223254523064902, 28.777755258533311, 0.0 ], [ 53.223199288677442, 28.77773093363345, 0.0 ], [ 53.223160673777002, 28.777692099208501, 0.0 ], [ 53.223138698084327, 28.777629063777109, 0.0 ], [ 53.223105623410689, 28.777585393127769, 0.0 ], [ 53.223055906531123, 28.777565924406851, 0.0 ], [ 53.223039428563212, 28.777517435794771, 0.0 ], [ 53.223067191600478, 28.77746417844703, 0.0 ], [ 53.223061792940797, 28.77740601744993, 0.0 ], [ 53.223061900764669, 28.77735755801363, 0.0 ], [ 53.223056490214297, 28.777304243247869, 0.0 ], [ 53.22305105891617, 28.777260619994379, 0.0 ], [ 53.223067688181452, 28.77724126430801, 0.0 ], [ 53.222991835938487, 28.777107619932121, 0.0 ], [ 53.222953209448157, 28.77707363166088, 0.0 ], [ 53.22289245713862, 28.777044451274701, 0.0 ], [ 53.222875990252042, 28.776991117315891, 0.0 ], [ 53.222865072370887, 28.776928100978299, 0.0 ], [ 53.222854144638973, 28.776869930838519, 0.0 ], [ 53.222843195120433, 28.77682145222839, 0.0 ], [ 53.222804580703972, 28.77678261767106, 0.0 ], [ 53.222743786027443, 28.776772821154822, 0.0 ], [ 53.222688476975847, 28.77678241770753, 0.0 ], [ 53.222638716933368, 28.77678233277307, 0.0 ], [ 53.222561379222903, 28.776753123889961, 0.0 ], [ 53.222472843245747, 28.776786892970168, 0.0 ], [ 53.222411995037042, 28.77680132647356, 0.0 ], [ 53.222340034742949, 28.776839970030199, 0.0 ], [ 53.222284747460122, 28.776839874886949, 0.0 ], [ 53.222218402714937, 28.77683976050476, 0.0 ], [ 53.222157586195877, 28.77683965616027, 0.0 ], [ 53.22210234262792, 28.776820176969689, 0.0 ], [ 53.221997349941937, 28.776795766365911, 0.0 ], [ 53.221953152946348, 28.776781152565022, 0.0 ], [ 53.221881334717423, 28.776756798643941, 0.0 ], [ 53.221831619461433, 28.776737329418911, 0.0 ], [ 53.221781926103652, 28.776708167735439, 0.0 ], [ 53.221715657044037, 28.776674131384539, 0.0 ], [ 53.221654863541332, 28.776664335253638, 0.0 ], [ 53.221605159315438, 28.776640019720212, 0.0 ], [ 53.221538869471672, 28.776615675700089, 0.0 ], [ 53.221455992977042, 28.776591302283091, 0.0 ], [ 53.221362070079458, 28.776562065108241, 0.0 ], [ 53.221354505084989, 28.776559499928251, 0.0 ], [ 53.220705289839387, 28.776056949855619, 0.0 ], [ 53.220603537146722, 28.775998307200769, 0.0 ], [ 53.220103891381669, 28.775710349134261, 0.0 ], [ 53.220060887255009, 28.775681962809649, 0.0 ], [ 53.219990955756423, 28.775658248995089, 0.0 ], [ 53.219942535938223, 28.77564400889683, 0.0 ], [ 53.219899511578227, 28.775625059597459, 0.0 ], [ 53.219851123790527, 28.7755966642689, 0.0 ], [ 53.219791981220702, 28.775563531113949, 0.0 ], [ 53.219727433600013, 28.775539826090849, 0.0 ], [ 53.219668258063891, 28.775520848993761, 0.0 ], [ 53.21957675004829, 28.77551597156469, 0.0 ], [ 53.219549844001207, 28.77551120599967, 0.0 ], [ 53.219490690895412, 28.775482791705361, 0.0 ], [ 53.219457722021367, 28.775477478858431, 0.0 ], [ 53.218687844868427, 28.775797541769411, 0.0 ], [ 53.218574482959717, 28.775934183354931, 0.0 ], [ 53.21852069113757, 28.7759152147399, 0.0 ], [ 53.218472316313459, 28.775882099868209, 0.0 ], [ 53.21837011862435, 28.775844173291372, 0.0 ], [ 53.218359352098439, 28.77584415438805, 0.0 ], [ 53.218278505019889, 28.775886480486161, 0.0 ], [ 53.218235394925031, 28.775905279066968, 0.0 ], [ 53.218170741013452, 28.775928758803609, 0.0 ], [ 53.218111512788482, 28.775933373318178, 0.0 ], [ 53.218052295311132, 28.775933269704939, 0.0 ], [ 53.217987748815531, 28.77590956382496, 0.0 ], [ 53.217933959162643, 28.775890595837819, 0.0 ], [ 53.217880179228658, 28.775866907938461, 0.0 ], [ 53.21782101557028, 28.775843211904441, 0.0 ], [ 53.217772597952411, 28.775828970982761, 0.0 ], [ 53.217718807332048, 28.77581000202008, 0.0 ], [ 53.217675773524931, 28.775795770982011, 0.0 ], [ 53.217616534582064, 28.77580510428167, 0.0 ], [ 53.217551869812723, 28.775833302731559, 0.0 ], [ 53.217508738052643, 28.775861538195009, 0.0 ], [ 53.217465649355631, 28.775870899427961, 0.0 ], [ 53.217411784374391, 28.775884960657621, 0.0 ], [ 53.21735795069268, 28.775884866670161, 0.0 ], [ 53.217298733201133, 28.775884761822748, 0.0 ], [ 53.216161289515931, 28.775487278874909, 0.0 ], [ 53.21608126330419, 28.775487138770981, 0.0 ], [ 53.215993233650629, 28.77548698470542, 0.0 ], [ 53.215905156298938, 28.77550787392558, 0.0 ], [ 53.215817078908351, 28.77552876309009, 0.0 ], [ 53.21569692538003, 28.775577652443339, 0.0 ], [ 53.215640875202368, 28.775591582810801, 0.0 ], [ 53.215552798682367, 28.77561247089055, 0.0 ], [ 53.215440713814672, 28.77563331704367, 0.0 ], [ 53.215328596663781, 28.77566819110886, 0.0 ], [ 53.215192472128336, 28.77570302315371, 0.0 ], [ 53.215120369062859, 28.775737967804609, 0.0 ], [ 53.214928113768373, 28.775821800185799, 0.0 ], [ 53.214880099079309, 28.77582171531769, 0.0 ], [ 53.214743991828399, 28.775849531546971, 0.0 ], [ 53.214647896785998, 28.775877419499238, 0.0 ], [ 53.214567758598271, 28.775926376966879, 0.0 ], [ 53.214471550747867, 28.776003363271371, 0.0 ], [ 53.214399414842767, 28.776052334666751, 0.0 ], [ 53.214319244056092, 28.776115320910371, 0.0 ], [ 53.214263096260673, 28.776171334758569, 0.0 ], [ 53.214206966139479, 28.776220335007231, 0.0 ], [ 53.214086765934169, 28.776290262708461, 0.0 ], [ 53.213958565140722, 28.77636017713111, 0.0 ], [ 53.213942512064932, 28.776381191493321, 0.0 ], [ 53.213886380636062, 28.776430190736338, 0.0 ], [ 53.213814228443958, 28.776486175393611, 0.0 ], [ 53.213742142071602, 28.77651410397446, 0.0 ], [ 53.213614022379147, 28.77654894670064, 0.0 ], [ 53.213573994103612, 28.776555889000939, 0.0 ], [ 53.213501842693731, 28.776611874389179, 0.0 ], [ 53.213429722621783, 28.776653829941178, 0.0 ], [ 53.213349519293523, 28.776730842756461, 0.0 ], [ 53.213277449366849, 28.776751756637051, 0.0 ], [ 53.213253622040341, 28.776674558008679, 0.0 ], [ 53.21317367963816, 28.776639344777511, 0.0 ], [ 53.213069648937953, 28.776639158781329, 0.0 ], [ 53.212941610686542, 28.776638930384991, 0.0 ], [ 53.212877625123767, 28.776624787655201, 0.0 ], [ 53.212781677828097, 28.776589545056918, 0.0 ], [ 53.212717724866941, 28.776561373326849, 0.0 ], [ 53.212645785219657, 28.776526173888691, 0.0 ], [ 53.21256585993207, 28.776483946711451, 0.0 ], [ 53.21247791638455, 28.776448717997191, 0.0 ], [ 53.212438051091517, 28.776385518951511, 0.0 ], [ 53.212422210157598, 28.77631534874299, 0.0 ], [ 53.212278086189279, 28.776350161013902, 0.0 ], [ 53.212335006474241, 28.776294931088859, 0.0 ], [ 53.212172612709772, 28.776422507448221, 0.0 ], [ 53.212042671250458, 28.776535935010561, 0.0 ], [ 53.211912630527742, 28.776691984300971, 0.0 ], [ 53.21189602164408, 28.776862443117508, 0.0 ], [ 53.211895654630737, 28.777018723859939, 0.0 ], [ 53.211862836781179, 28.777189154063489, 0.0 ], [ 53.211765180955709, 28.777359468030699, 0.0 ], [ 53.211716253870492, 28.77748724593004, 0.0 ], [ 53.211634807577177, 28.77765758842855, 0.0 ], [ 53.211585880234921, 28.77778536719363, 0.0 ], [ 53.211536918713122, 28.777927352640798, 0.0 ], [ 53.21142311977497, 28.778069222589181, 0.0 ], [ 53.211260792404509, 28.77816838099503, 0.0 ], [ 53.21109869738698, 28.778168088826661, 0.0 ], [ 53.210855555860512, 28.778167650192131, 0.0 ], [ 53.210563787010742, 28.778167123055081, 0.0 ], [ 53.210434112159533, 28.778166887563451, 0.0 ], [ 53.210142210376112, 28.77822318897374, 0.0 ], [ 53.209834132382511, 28.77826525333478, 0.0 ], [ 53.209753085765968, 28.778265106405229, 0.0 ], [ 53.209639319260603, 28.77839276556335, 0.0 ], [ 53.209428396448423, 28.778477626763141, 0.0 ], [ 53.209298553488473, 28.778548428196061, 0.0 ], [ 53.20915260326101, 28.77857657776865, 0.0 ], [ 53.209006483016552, 28.778675763421258, 0.0 ], [ 53.20892503344102, 28.778846103611219, 0.0 ], [ 53.208843717166147, 28.778959614272569, 0.0 ], [ 53.208713874220642, 28.779030415175431, 0.0 ], [ 53.208519091707551, 28.779143719226852, 0.0 ], [ 53.20834051805349, 28.77925705293546, 0.0 ], [ 53.208048511348551, 28.779355971941609, 0.0 ], [ 53.207999747417858, 28.779412713429561, 0.0 ], [ 53.207918429723122, 28.779526224504899, 0.0 ], [ 53.207820834448057, 28.779668120789221, 0.0 ], [ 53.207707131166032, 28.779767365099509, 0.0 ], [ 53.207609568952812, 28.77989505455108, 0.0 ], [ 53.20759302000927, 28.780037099766279, 0.0 ], [ 53.207527843735889, 28.780179054952679, 0.0 ], [ 53.207527470576913, 28.78033533777149, 0.0 ], [ 53.207591970937358, 28.780477531144481, 0.0 ], [ 53.207607807414888, 28.780633843945619, 0.0 ], [ 53.207567542019987, 28.780874206014911, 0.0 ], [ 53.207507108351479, 28.780856426160089, 0.0 ], [ 53.207446643548842, 28.780851898344039, 0.0 ], [ 53.207401287154717, 28.780851815255421, 0.0 ], [ 53.207345851903852, 28.78085171377656, 0.0 ], [ 53.207280336752703, 28.780851593009839, 0.0 ], [ 53.207209781668972, 28.78085146347798, 0.0 ], [ 53.207164425269568, 28.78085138030967, 0.0 ], [ 53.207108947362897, 28.780868946672591, 0.0 ], [ 53.207093713076873, 28.780917506570649, 0.0 ], [ 53.20711375636126, 28.780966131270201, 0.0 ], [ 53.20713882818999, 28.78101918237483, 0.0 ], [ 53.207163910454021, 28.78106781671822, 0.0 ], [ 53.207183964211197, 28.781112024648181, 0.0 ], [ 53.207209047525623, 28.781160658061442, 0.0 ], [ 53.207229111727081, 28.781200449227601, 0.0 ], [ 53.207254204466082, 28.78124466589173, 0.0 ], [ 53.207279276440701, 28.78129771696074, 0.0 ], [ 53.207299351061792, 28.78133308955444, 0.0 ], [ 53.207329452657717, 28.781390566995888, 0.0 ], [ 53.207349484731921, 28.781443608417419, 0.0 ], [ 53.207349358992623, 28.781496613092511, 0.0 ], [ 53.207354313771653, 28.781531958591678, 0.0 ], [ 53.207369306929529, 28.781584990362131, 0.0 ], [ 53.20737927155777, 28.781633596634059, 0.0 ], [ 53.207399334882531, 28.781673386878602, 0.0 ], [ 53.207419388851527, 28.781717593856278, 0.0 ], [ 53.20744446101876, 28.781770643978451, 0.0 ], [ 53.207484651133427, 28.78182372209427, 0.0 ], [ 53.207487719951352, 28.78190050784184, 0.0 ], [ 53.207511917952438, 28.781986097965792, 0.0 ], [ 53.207552433316579, 28.782050330843841, 0.0 ], [ 53.207592880723212, 28.78214307907518, 0.0 ], [ 53.207625262138187, 28.78220729695931, 0.0 ], [ 53.207698227164222, 28.7823072331894, 0.0 ], [ 53.207779478043363, 28.78234302544967, 0.0 ], [ 53.207877098518182, 28.782336074965841, 0.0 ], [ 53.20796656816831, 28.78233623763084, 0.0 ], [ 53.208056037833593, 28.782336401138451, 0.0 ], [ 53.208178041718106, 28.78233662343683, 0.0 ], [ 53.208275627728263, 28.782343930804739, 0.0 ], [ 53.208348795844593, 28.782358321490509, 0.0 ], [ 53.208438147650767, 28.7824083854759, 0.0 ], [ 53.208478713803331, 28.782451231754351, 0.0 ], [ 53.208592482641762, 28.782494212232411, 0.0 ], [ 53.208665549834102, 28.78255137530628, 0.0 ], [ 53.208722299940682, 28.782629894805581, 0.0 ], [ 53.208779032452917, 28.78271554335096, 0.0 ], [ 53.208835781715052, 28.782794062808019, 0.0 ], [ 53.208933267202823, 28.78284414133298, 0.0 ], [ 53.209006369152227, 28.782887046965989, 0.0 ], [ 53.209095720706387, 28.78293711138932, 0.0 ], [ 53.209168789504119, 28.782994274138691, 0.0 ], [ 53.209274375180762, 28.783058625392499, 0.0 ], [ 53.209339377565122, 28.783087258741151, 0.0 ], [ 53.209420680440502, 28.783101663663039, 0.0 ], [ 53.209526300624262, 28.783151757478581, 0.0 ], [ 53.209591252283907, 28.783201776979279, 0.0 ], [ 53.209639970990942, 28.783237509530959, 0.0 ], [ 53.209696772024138, 28.78329464319248, 0.0 ], [ 53.209721005386967, 28.783365974678759, 0.0 ], [ 53.209769656822807, 28.78343022250877, 0.0 ], [ 53.209834575607161, 28.783494499982918, 0.0 ], [ 53.209826240331857, 28.783580030233878, 0.0 ], [ 53.209645678666718, 28.78366531724085, 0.0 ], [ 53.209575608803213, 28.783787503634422, 0.0 ], [ 53.209505431637972, 28.783955555605321, 0.0 ], [ 53.209470178724743, 28.784108383205972, 0.0 ], [ 53.209469708024457, 28.784307139683168, 0.0 ], [ 53.209504273096456, 28.784444803421781, 0.0 ], [ 53.209137531537223, 28.784612317689842, 0.0 ], [ 53.209102568721903, 28.784642831434919, 0.0 ], [ 53.209032391326893, 28.784810883195789, 0.0 ], [ 53.208944841612961, 28.784948324783581, 0.0 ], [ 53.208804956569253, 28.78508567164846, 0.0 ], [ 53.208630218532058, 28.785207664551159, 0.0 ], [ 53.208472996879202, 28.785299112371519, 0.0 ], [ 53.208350774410931, 28.785344756107271, 0.0 ], [ 53.208210926291493, 28.78546681203456, 0.0 ], [ 53.208123231050457, 28.785665408243709, 0.0 ], [ 53.208070570479677, 28.78580291292419, 0.0 ], [ 53.207965502705918, 28.785970898789611, 0.0 ], [ 53.207808390160018, 28.786016477530669, 0.0 ], [ 53.207616243199837, 28.786123148372429, 0.0 ], [ 53.207406542284893, 28.786275654077819, 0.0 ], [ 53.207354026855278, 28.78635200160172, 0.0 ], [ 53.207231585510577, 28.7864893775184, 0.0 ], [ 53.207143962423913, 28.786657395167911, 0.0 ], [ 53.207003931283069, 28.78685589453654, 0.0 ], [ 53.206899007433819, 28.786962724559331, 0.0 ], [ 53.206759121127838, 28.787100068588281, 0.0 ], [ 53.206584417869699, 28.787206770495992, 0.0 ], [ 53.20637475076434, 28.787343985297628, 0.0 ], [ 53.206200119661197, 28.787420107824911, 0.0 ], [ 53.206095158946773, 28.787542226734651, 0.0 ], [ 53.205955307344823, 28.787664281457818, 0.0 ], [ 53.205763085384682, 28.78780152878053, 0.0 ], [ 53.205623268587502, 28.787908293746959, 0.0 ], [ 53.205431082344333, 28.78803025207603, 0.0 ], [ 53.205326266592941, 28.788091214396939, 0.0 ], [ 53.20516904172613, 28.788182658655831, 0.0 ], [ 53.205063931456003, 28.788365934746452, 0.0 ], [ 53.204906779291044, 28.788426800694729, 0.0 ], [ 53.204714443443002, 28.788609915989142, 0.0 ], [ 53.204627033952271, 28.788686199973512, 0.0 ], [ 53.204480748899321, 28.788768236446408, 0.0 ], [ 53.204175163554332, 28.78903672580471, 0.0 ], [ 53.204135893654801, 28.789049548509372, 0.0 ], [ 53.204096612791759, 28.78906666977046, 0.0 ], [ 53.204003337666293, 28.78910088632832, 0.0 ], [ 53.203959173528432, 28.78910940118179, 0.0 ], [ 53.203910104252103, 28.789117907685451, 0.0 ], [ 53.203841394488073, 28.789134974314479, 0.0 ], [ 53.203811913901291, 28.789156412528001, 0.0 ], [ 53.203797084997348, 28.789203668933752, 0.0 ], [ 53.203782266042133, 28.789246627689032, 0.0 ], [ 53.203757616856237, 28.7892981641582, 0.0 ], [ 53.203713307247007, 28.789366858755091, 0.0 ], [ 53.203688678935222, 28.78940979899685, 0.0 ], [ 53.203664051609003, 28.789452738316271, 0.0 ], [ 53.203605037362237, 28.789517107479028, 0.0 ], [ 53.203570599636841, 28.789560028288179, 0.0 ], [ 53.203526321722151, 28.789615828047751, 0.0 ], [ 53.203486989734323, 28.789654441019731, 0.0 ], [ 53.20348172472513, 28.789661330042041, 0.0 ], [ 53.202514335653653, 28.790271620677871, 0.0 ], [ 53.202405582387733, 28.79038127177763, 0.0 ], [ 53.202366280728597, 28.790406989681362, 0.0 ], [ 53.202307327169692, 28.790445566082951, 0.0 ], [ 53.202272950678832, 28.79046269614684, 0.0 ], [ 53.202223828517702, 28.790492693978099, 0.0 ], [ 53.202145287083461, 28.790518338320389, 0.0 ], [ 53.202101132169219, 28.790522554050391, 0.0 ], [ 53.202022653831193, 28.790522407850421, 0.0 ], [ 53.201968699503979, 28.790522306360401, 0.0 ], [ 53.201914746199193, 28.790522204832101, 0.0 ], [ 53.201855886668028, 28.79052209489204, 0.0 ], [ 53.20179212394369, 28.790521974679841, 0.0 ], [ 53.201723454992013, 28.79052184604258, 0.0 ], [ 53.201654797087521, 28.79051741879853, 0.0 ], [ 53.201595938575259, 28.790517308728209, 0.0 ], [ 53.201542016377587, 28.79050431136811, 0.0 ], [ 53.201463570179492, 28.790491269142208, 0.0 ], [ 53.201399806437557, 28.79049114876026, 0.0 ], [ 53.201336053775222, 28.790486730677639, 0.0 ], [ 53.201287005710597, 28.79048663912695, 0.0 ], [ 53.20121836894338, 28.79047361452983, 0.0 ], [ 53.20117913027822, 28.790473540718398, 0.0 ], [ 53.201120271776588, 28.790473430439171, 0.0 ], [ 53.201071223693951, 28.790473337907748, 0.0 ], [ 53.201012355137202, 28.79047752613787, 0.0 ], [ 53.200953496609522, 28.79047741488403, 0.0 ], [ 53.200879903365689, 28.790485874472459, 0.0 ], [ 53.200830824068937, 28.79049867754118, 0.0 ], [ 53.200776828470232, 28.79051577072013, 0.0 ], [ 53.200722832833591, 28.79053286297642, 0.0 ], [ 53.20068351054185, 28.79056717752902, 0.0 ], [ 53.20064910351774, 28.79059720286692, 0.0 ], [ 53.200624473636772, 28.79064014172387, 0.0 ], [ 53.200580246061492, 28.79067444779837, 0.0 ], [ 53.200511536679862, 28.79069151277908, 0.0 ], [ 53.200437910942433, 28.79071286694036, 0.0 ], [ 53.200398640918522, 28.7907256885963, 0.0 ], [ 53.200364233758719, 28.790755713868119, 0.0 ], [ 53.200334740870588, 28.790781449954711, 0.0 ], [ 53.200295438517173, 28.790807167289369, 0.0 ], [ 53.200226707802813, 28.790832829264509, 0.0 ], [ 53.200138347029387, 28.79086275226723, 0.0 ], [ 53.20011382289443, 28.790862706281128, 0.0 ], [ 53.200059838088933, 28.790875500613812, 0.0 ], [ 53.199996053901707, 28.790883977599641, 0.0 ], [ 53.199937163825382, 28.790896762508851, 0.0 ], [ 53.199873369513668, 28.790909537996558, 0.0 ], [ 53.199824320191183, 28.790909445941399, 0.0 ], [ 53.199760504625992, 28.79093081851131, 0.0 ], [ 53.1997212232978, 28.790947938554211, 0.0 ], [ 53.199657375318459, 28.790982206788261, 0.0 ], [ 53.199603390383807, 28.790995000944399, 0.0 ], [ 53.199564151491522, 28.79099492667369, 0.0 ], [ 53.199505292668192, 28.790994816607569, 0.0 ], [ 53.199461148525877, 28.790994732913639, 0.0 ], [ 53.199426899920091, 28.790960280356391, 0.0 ], [ 53.199446667618773, 28.790900137120321, 0.0 ], [ 53.199481127700999, 28.79084861833341, 0.0 ], [ 53.199520451534582, 28.79081430408888, 0.0 ], [ 53.199559775342273, 28.790779989834078, 0.0 ], [ 53.19960402457879, 28.79073708784076, 0.0 ], [ 53.199648273779182, 28.79069418583466, 0.0 ], [ 53.199707216360828, 28.790659908226349, 0.0 ], [ 53.199756318132998, 28.79063850750175, 0.0 ], [ 53.199795630671019, 28.79060849176086, 0.0 ], [ 53.199825165080298, 28.790565561534532, 0.0 ], [ 53.199864477571332, 28.790535545775811, 0.0 ], [ 53.199898917156347, 28.790492624916858, 0.0 ], [ 53.199943123719827, 28.79046691799503, 0.0 ], [ 53.199982426026132, 28.79044119986208, 0.0 ], [ 53.200036441942707, 28.790415510780822, 0.0 ], [ 53.200075786635651, 28.790372599257289, 0.0 ], [ 53.200110214967957, 28.790333976926199, 0.0 ], [ 53.200124908370171, 28.79034260129222, 0.0 ], [ 53.200075647372167, 28.790216258720211, 0.0 ], [ 53.200022883638432, 28.79018013392761, 0.0 ], [ 53.199987775612144, 28.790128602990102, 0.0 ], [ 53.199987875751077, 28.790087431871179, 0.0 ], [ 53.199952754988502, 28.790041046751721, 0.0 ], [ 53.19987641454545, 28.790040902339591, 0.0 ], [ 53.199817690433001, 28.790040791998699, 0.0 ], [ 53.199753056853353, 28.790056108335939, 0.0 ], [ 53.199676679051628, 28.790071403092039, 0.0 ], [ 53.199612071035531, 28.79007642770117, 0.0 ], [ 53.199535680404509, 28.790096869112769, 0.0 ], [ 53.199453430410571, 28.790112152061759, 0.0 ], [ 53.199388759359223, 28.790142908414222, 0.0 ], [ 53.199341717407172, 28.790168551277219, 0.0 ], [ 53.199282919418373, 28.790199318355619, 0.0 ], [ 53.19921832409544, 28.79019919604718, 0.0 ], [ 53.199130239271412, 28.790199028725699, 0.0 ], [ 53.1990597718342, 28.790198895542002, 0.0 ], [ 53.198995163689567, 28.79020391986144, 0.0 ], [ 53.198918773827373, 28.79022436001625, 0.0 ], [ 53.19886005163162, 28.790224249230629, 0.0 ], [ 53.198801328391468, 28.790224137534182, 0.0 ], [ 53.198736810040089, 28.790193136387401, 0.0 ], [ 53.198660559315513, 28.790156966849519, 0.0 ], [ 53.198637209025343, 28.790100312231161, 0.0 ], [ 53.198666709785769, 28.79004375766889, 0.0 ], [ 53.198666874642342, 28.789976854647609, 0.0 ], [ 53.198637614787003, 28.789935627592559, 0.0 ], [ 53.198567072481083, 28.78996637181876, 0.0 ], [ 53.198514095075303, 28.790017735435882, 0.0 ], [ 53.198472926087163, 28.79004338971658, 0.0 ], [ 53.198402408340158, 28.79006384130868, 0.0 ], [ 53.198343711932793, 28.79005343772225, 0.0 ], [ 53.198290925164308, 28.79002760475268, 0.0 ], [ 53.198267576127357, 28.789970950040281, 0.0 ], [ 53.19825594560546, 28.789924610472621, 0.0 ], [ 53.198256097877533, 28.789862854173428, 0.0 ], [ 53.198273854612019, 28.78980627801015, 0.0 ], [ 53.198297508093148, 28.789739419225121, 0.0 ], [ 53.198303520604, 28.789682820482788, 0.0 ], [ 53.198315378466127, 28.789636526067131, 0.0 ], [ 53.198333147968597, 28.789574802259349, 0.0 ], [ 53.198339121890243, 28.789533642824448, 0.0 ], [ 53.198327517118017, 28.789477010687261, 0.0 ], [ 53.198298257563522, 28.789435784442968, 0.0 ], [ 53.19829830898874, 28.789415198396579, 0.0 ], [ 53.198198919610142, 28.7894413938029, 0.0 ], [ 53.198132036898528, 28.789482235915958, 0.0 ], [ 53.198065183003663, 28.789511372424879, 0.0 ], [ 53.197984959298473, 28.789546335997361, 0.0 ], [ 53.197938183170614, 28.78955795192222, 0.0 ], [ 53.197864724264697, 28.78955781267085, 0.0 ], [ 53.197777951344847, 28.789540090239448, 0.0 ], [ 53.197717921056423, 28.78951071176267, 0.0 ], [ 53.197657876370883, 28.789487187398141, 0.0 ], [ 53.197604537769067, 28.789451969626679, 0.0 ], [ 53.197551243628489, 28.789399193901211, 0.0 ], [ 53.197497906149337, 28.789363976968041, 0.0 ], [ 53.197417884984318, 28.789317002968989, 0.0 ], [ 53.197351176787322, 28.789287613026911, 0.0 ], [ 53.197284410669681, 28.789281632402709, 0.0 ], [ 53.197217673543051, 28.7892639470682, 0.0 ], [ 53.197204491075738, 28.78919369009428, 0.0 ], [ 53.197204664927789, 28.789123458423479, 0.0 ], [ 53.197184805363122, 28.7890531883241, 0.0 ], [ 53.197144867941589, 28.789000438622288, 0.0 ], [ 53.197084881635433, 28.788953502818011, 0.0 ], [ 53.196991417690398, 28.788941619057191, 0.0 ], [ 53.196911252030972, 28.78895317172929, 0.0 ], [ 53.196877774284907, 28.788988223777078, 0.0 ], [ 53.196837545845213, 28.789052527100232, 0.0 ], [ 53.196804009996278, 28.789110989393428, 0.0 ], [ 53.196757133347234, 28.789163573974601, 0.0 ], [ 53.196690265739662, 28.789198563038489, 0.0 ], [ 53.196590021794677, 28.78922763496859, 0.0 ], [ 53.196529918363517, 28.78922752035923, 0.0 ], [ 53.196449782494028, 28.789227367171119, 0.0 ], [ 53.196362967429494, 28.78922720080724, 0.0 ], [ 53.196302893061173, 28.78921538051242, 0.0 ], [ 53.196249570593928, 28.789174309813699, 0.0 ], [ 53.196243037868967, 28.78911577144482, 0.0 ], [ 53.196263233279112, 28.789051429713719, 0.0 ], [ 53.196303447557057, 28.788992979786102, 0.0 ], [ 53.196310242011137, 28.7889461714981, 0.0 ], [ 53.196297103820122, 28.788858356470971, 0.0 ], [ 53.19627049305393, 28.788817336577321, 0.0 ], [ 53.19621049269125, 28.788776253599909, 0.0 ], [ 53.196090346563693, 28.788752612782361, 0.0 ], [ 53.196083668424997, 28.78875259962205, 0.0 ], [ 53.195996766417373, 28.788787549761551, 0.0 ], [ 53.195936619541342, 28.788804992803801, 0.0 ], [ 53.195856395561883, 28.788839955122999, 0.0 ], [ 53.195809590329269, 28.7888632758944, 0.0 ], [ 53.195749414239792, 28.788892424445091, 0.0 ], [ 53.195695873552587, 28.788939143162739, 0.0 ], [ 53.195692469717379, 28.788946552910762, 0.0 ], [ 53.195314475058957, 28.789236898855091, 0.0 ], [ 53.19521801813751, 28.789201599076669, 0.0 ], [ 53.195157987664963, 28.789172219426678, 0.0 ], [ 53.195077950963977, 28.78913109725373, 0.0 ], [ 53.194997885088483, 28.78910167971976, 0.0 ], [ 53.194911098286461, 28.789089807741721, 0.0 ], [ 53.194837638555477, 28.789089665938668, 0.0 ], [ 53.194750821506688, 28.78908949946619, 0.0 ], [ 53.194643970983272, 28.789089293230958, 0.0 ], [ 53.194590516457687, 28.789100895676011, 0.0 ], [ 53.194463587548682, 28.789118210245149, 0.0 ], [ 53.194356634464441, 28.789158972918059, 0.0 ], [ 53.194283160026231, 28.789164684064659, 0.0 ], [ 53.19419631561469, 28.78917622190006, 0.0 ], [ 53.194129475343807, 28.789199504160869, 0.0 ], [ 53.194075976704411, 28.78922866435293, 0.0 ], [ 53.194029113241577, 28.78927539571443, 0.0 ], [ 53.193948916504688, 28.789298651369631, 0.0 ], [ 53.193868735432993, 28.78931605461419, 0.0 ], [ 53.193775168632357, 28.7893451377684, 0.0 ], [ 53.193741763062128, 28.789350925553091, 0.0 ], [ 53.193694914061489, 28.789391803558189, 0.0 ], [ 53.193654698135262, 28.789450252791919, 0.0 ], [ 53.193641179211319, 28.78951460659685, 0.0 ], [ 53.193574339591962, 28.789537887681231, 0.0 ], [ 53.193400502937848, 28.789619489526231, 0.0 ], [ 53.193313687416321, 28.789619321217259, 0.0 ], [ 53.193266941073922, 28.789619230836038, 0.0 ], [ 53.193173447362071, 28.789619050041662, 0.0 ], [ 53.193120022831593, 28.789618947209721, 0.0 ], [ 53.193046563687702, 28.78961880443461, 0.0 ], [ 53.192973119288943, 28.78961281017088, 0.0 ], [ 53.192913075443492, 28.78958928273828, 0.0 ], [ 53.192839631049239, 28.78958328749837, 0.0 ], [ 53.192719499278297, 28.789553791338779, 0.0 ], [ 53.192666118989038, 28.789536130368809, 0.0 ], [ 53.192626094071898, 28.789518495150091, 0.0 ], [ 53.192552752965113, 28.789471531483329, 0.0 ], [ 53.192492636564609, 28.789477267401271, 0.0 ], [ 53.192479131653741, 28.789535767874259, 0.0 ], [ 53.192492311040922, 28.789606025475681, 0.0 ], [ 53.19252549454631, 28.78968802779621, 0.0 ], [ 53.192545321676889, 28.789770003441198, 0.0 ], [ 53.192545129975748, 28.789846087620319, 0.0 ], [ 53.192544952024853, 28.789916320365698, 0.0 ], [ 53.192544834050032, 28.789963140981879, 0.0 ], [ 53.192544686611733, 28.79002166810459, 0.0 ], [ 53.192544508649519, 28.790091899946368, 0.0 ], [ 53.192517589304693, 28.79017378585355, 0.0 ], [ 53.192497451383559, 28.790214715923799, 0.0 ], [ 53.192490596192741, 28.790284935317739, 0.0 ], [ 53.192490447712267, 28.790343462456111, 0.0 ], [ 53.192443552522818, 28.79040189894636, 0.0 ], [ 53.192370078063952, 28.790407609086088, 0.0 ], [ 53.192329875781397, 28.790460205626012, 0.0 ], [ 53.192260200095816, 28.79054372698052, 0.0 ], [ 53.192260011259123, 28.790617362357001, 0.0 ], [ 53.192203684090387, 28.790739979621421, 0.0 ], [ 53.192119287044427, 28.790887087351582, 0.0 ], [ 53.192048955649092, 28.791009676648411, 0.0 ], [ 53.191978500132826, 28.791181355835519, 0.0 ], [ 53.191936176286923, 28.79130399823319, 0.0 ], [ 53.1918937583171, 28.79146345740126, 0.0 ], [ 53.191851372245956, 28.791610643386299, 0.0 ], [ 53.191836994103973, 28.791757883437182, 0.0 ], [ 53.191794670889202, 28.791880523981739, 0.0 ], [ 53.191752378618673, 28.791990893163732, 0.0 ], [ 53.191710055227681, 28.792113533688219, 0.0 ], [ 53.191639663556707, 28.792260663673218, 0.0 ], [ 53.191625409180347, 28.792358813788731, 0.0 ], [ 53.191569083431972, 28.79248142628985, 0.0 ], [ 53.19149875342714, 28.792604011707819, 0.0 ], [ 53.191442395325844, 28.79273889553685, 0.0 ], [ 53.191386007062142, 28.792886051586351, 0.0 ], [ 53.191301611274419, 28.79303315253669, 0.0 ], [ 53.191231375871688, 28.79311892104219, 0.0 ], [ 53.191161077162832, 28.793229233143212, 0.0 ], [ 53.1910628340625, 28.793314946459891, 0.0 ], [ 53.190964466395528, 28.793449747838469, 0.0 ], [ 53.190880227191762, 28.793535488152759, 0.0 ], [ 53.190823869867423, 28.793670369939019, 0.0 ], [ 53.19075354027084, 28.793792953201478, 0.0 ], [ 53.190669176080412, 28.793927780632021, 0.0 ], [ 53.190626821631056, 28.794062690413568, 0.0 ], [ 53.190584499223959, 28.79418532700868, 0.0 ], [ 53.190458124471263, 28.79432007192667, 0.0 ], [ 53.190415770645608, 28.794454981641309, 0.0 ], [ 53.190261450937001, 28.794565127517568, 0.0 ], [ 53.190219221492342, 28.794650949049331, 0.0 ], [ 53.190162863820213, 28.794785830600421, 0.0 ], [ 53.190050554663387, 28.794896057860338, 0.0 ], [ 53.189938338923653, 28.79496947006006, 0.0 ], [ 53.189909987647852, 28.79510440597738, 0.0 ], [ 53.189797678934319, 28.795214633940059, 0.0 ], [ 53.189657455695979, 28.79528799054744, 0.0 ], [ 53.189461323604448, 28.795376809384209, 0.0 ], [ 53.189437811635123, 28.795410976245311, 0.0 ], [ 53.189320479500431, 28.795492857547849, 0.0 ], [ 53.189289088998152, 28.7955543799455, 0.0 ], [ 53.189328025504452, 28.79559551256661, 0.0 ], [ 53.189374717175582, 28.79565718854434, 0.0 ], [ 53.189476154632573, 28.7956847584889, 0.0 ], [ 53.189546307202797, 28.795732794069821, 0.0 ], [ 53.189624232805862, 28.795794531673849, 0.0 ], [ 53.189686507141467, 28.795869922744789, 0.0 ], [ 53.189748799334673, 28.795938472493511, 0.0 ], [ 53.1898033530628, 28.79597963579576, 0.0 ], [ 53.189850046213671, 28.796041311564771, 0.0 ], [ 53.189881088073349, 28.796116641756289, 0.0 ], [ 53.189919991640437, 28.796171460328299, 0.0 ], [ 53.189919817457607, 28.796239886678361, 0.0 ], [ 53.189865019454707, 28.796294521231921, 0.0 ], [ 53.189779058408277, 28.796321722641331, 0.0 ], [ 53.189716521728563, 28.796348970727362, 0.0 ], [ 53.189669479823593, 28.79642414763218, 0.0 ], [ 53.189606856385872, 28.7964856092937, 0.0 ], [ 53.189559954277563, 28.796506045072409, 0.0 ], [ 53.189481801468887, 28.796533262184091, 0.0 ], [ 53.189403578610381, 28.7965878498016, 0.0 ], [ 53.189333303183943, 28.796587711284801, 0.0 ], [ 53.189239603300571, 28.79658752682839, 0.0 ], [ 53.189114670451268, 28.796587280479049, 0.0 ], [ 53.189221684835182, 28.796607345279671, 0.0 ], [ 53.189015309414629, 28.796606947373562, 0.0 ], [ 53.188826016337451, 28.796651794276549, 0.0 ], [ 53.188636723080982, 28.796696640922349, 0.0 ], [ 53.188430233095751, 28.796741453065948, 0.0 ], [ 53.18827529711227, 28.79680143436951, 0.0 ], [ 53.188086123899097, 28.796801068324712, 0.0 ], [ 53.187845241297673, 28.796845810996839, 0.0 ], [ 53.187621557090552, 28.796890587565329, 0.0 ], [ 53.187414914841121, 28.79699567764149, 0.0 ], [ 53.18727710024659, 28.797085831016378, 0.0 ], [ 53.187190720749989, 28.797236366069161, 0.0 ], [ 53.187086987750838, 28.79744714800335, 0.0 ], [ 53.186966175651953, 28.797612684438189, 0.0 ], [ 53.186862795993079, 28.797687832289451, 0.0 ], [ 53.18663895868427, 28.797792884081002, 0.0 ], [ 53.186501224881511, 28.797852894199991, 0.0 ], [ 53.186329018886212, 28.797942975861119, 0.0 ], [ 53.186173970583731, 28.798048161270149, 0.0 ], [ 53.186053316554641, 28.79815341377342, 0.0 ], [ 53.185898151216712, 28.798303808089258, 0.0 ], [ 53.185794694448553, 28.798409093120831, 0.0 ], [ 53.185605331950747, 28.798484068980748, 0.0 ], [ 53.185433244794552, 28.7985289385134, 0.0 ], [ 53.185295395600797, 28.798634153935261, 0.0 ], [ 53.185174742009117, 28.798739403890892, 0.0 ], [ 53.184968223507227, 28.798799273876259, 0.0 ], [ 53.184796058591502, 28.798874281496211, 0.0 ], [ 53.184658287269031, 28.79894935652441, 0.0 ], [ 53.184537516656562, 28.79909981426167, 0.0 ], [ 53.184416745685539, 28.79925027100434, 0.0 ], [ 53.184261739600053, 28.799340381238739, 0.0 ], [ 53.184175282882947, 28.79952104529621, 0.0 ], [ 53.184020237089541, 28.799626223822742, 0.0 ], [ 53.183934095482492, 28.79968633035816, 0.0 ], [ 53.183761970465852, 28.799746265469519, 0.0 ], [ 53.183520782872122, 28.799911548931721, 0.0 ], [ 53.182589153922542, 28.80106409146045, 0.0 ], [ 53.182537522772819, 28.801079058748702, 0.0 ], [ 53.182365353323682, 28.801154065324731, 0.0 ], [ 53.182227537952528, 28.801244211161571, 0.0 ], [ 53.18214119541588, 28.801379671178172, 0.0 ], [ 53.182157996602847, 28.801530408875738, 0.0 ], [ 53.182226389034682, 28.801681249768549, 0.0 ], [ 53.182243151110526, 28.801847056891059, 0.0 ], [ 53.182259913257532, 28.802012864004819, 0.0 ], [ 53.182362779688773, 28.802133632252541, 0.0 ], [ 53.18246556680559, 28.802284540222459, 0.0 ], [ 53.18251668314587, 28.8024654848567, 0.0 ], [ 53.182499011469233, 28.802646290542882, 0.0 ], [ 53.182498655093632, 28.802781920128169, 0.0 ], [ 53.182429471078983, 28.802932481119761, 0.0 ], [ 53.182343088210203, 28.803083007134891, 0.0 ], [ 53.182170917379302, 28.803158009985619, 0.0 ], [ 53.182067457302871, 28.803263291562359, 0.0 ], [ 53.182118652113822, 28.803414093829229, 0.0 ], [ 53.182118612799471, 28.803429163277919, 0.0 ], [ 53.18228971531542, 28.80376104469531, 0.0 ], [ 53.182254885633853, 28.803926742312498, 0.0 ], [ 53.182237292960927, 28.804077405448378, 0.0 ], [ 53.182219699209313, 28.804228067696179, 0.0 ], [ 53.18221926398909, 28.80439383435894, 0.0 ], [ 53.182322132831452, 28.804514598867129, 0.0 ], [ 53.182407685248322, 28.80468053849129, 0.0 ], [ 53.182476157729369, 28.80480123297686, 0.0 ], [ 53.18259614474038, 28.804952171982869, 0.0 ], [ 53.182664461796108, 28.80513314499709, 0.0 ], [ 53.182698382087722, 28.805314049079879, 0.0 ], [ 53.182732422184714, 28.805449744790511, 0.0 ], [ 53.182766304538632, 28.805645717357319, 0.0 ], [ 53.182834660582863, 28.8058116208061, 0.0 ], [ 53.18290301685969, 28.805977524204842, 0.0 ], [ 53.182988571510542, 28.806143462411459, 0.0 ], [ 53.183056928279342, 28.806309365699839, 0.0 ], [ 53.183125246140747, 28.806490338373049, 0.0 ], [ 53.183210802615257, 28.806656275467031, 0.0 ], [ 53.183296397482529, 28.80680714397392, 0.0 ], [ 53.183416428226231, 28.806943011671098, 0.0 ], [ 53.183416034262287, 28.807093707841201, 0.0 ], [ 53.183364047403707, 28.807244299587069, 0.0 ], [ 53.183157396837892, 28.807349372328581, 0.0 ], [ 53.183054051320553, 28.80740944376441, 0.0 ], [ 53.182898836482252, 28.80757489751015, 0.0 ], [ 53.182812413757233, 28.807740490595108, 0.0 ], [ 53.182674553243871, 28.807845700340991, 0.0 ], [ 53.182519613715542, 28.80790566761905, 0.0 ], [ 53.18234743631556, 28.80798066924428, 0.0 ], [ 53.182140822483838, 28.80807067111116, 0.0 ], [ 53.18205435786853, 28.80825133324122, 0.0 ], [ 53.181933694415662, 28.808356577254798, 0.0 ], [ 53.181761555160691, 28.808416509650488, 0.0 ], [ 53.181589376334742, 28.80849151037684, 0.0 ], [ 53.181348484899218, 28.808536233600801, 0.0 ], [ 53.181199308213493, 28.808625023100671, 0.0 ], [ 53.181113066891207, 28.808715276353588, 0.0 ], [ 53.180888904047677, 28.808925820006859, 0.0 ], [ 53.180768424744429, 28.80895572142979, 0.0 ], [ 53.180527225995007, 28.80910594521664, 0.0 ], [ 53.180406626876362, 28.809181057403709, 0.0 ], [ 53.180268626255227, 28.80933148616073, 0.0 ], [ 53.180182184865792, 28.809497087055959, 0.0 ], [ 53.180112942985467, 28.8096627230839, 0.0 ], [ 53.180078140989792, 28.80981335637178, 0.0 ], [ 53.17995726078167, 28.809993957126132, 0.0 ], [ 53.179853781890372, 28.810099240259099, 0.0 ], [ 53.179733184166402, 28.810174349165401, 0.0 ], [ 53.179646824512382, 28.810309806299149, 0.0 ], [ 53.179457309031513, 28.81042998599694, 0.0 ], [ 53.17930231385953, 28.81050502308948, 0.0 ], [ 53.179009603155343, 28.810624992250279, 0.0 ], [ 53.178957925025841, 28.810655027919321, 0.0 ], [ 53.178751212165572, 28.810775168608082, 0.0 ], [ 53.178647775060888, 28.81086537867937, 0.0 ], [ 53.178527018542503, 28.811000763497439, 0.0 ], [ 53.178440660704702, 28.8111362171915, 0.0 ], [ 53.178354342433103, 28.81125660137916, 0.0 ], [ 53.178250745354738, 28.811407089930299, 0.0 ], [ 53.178129947872172, 28.811557542101429, 0.0 ], [ 53.178026391020872, 28.811692960126621, 0.0 ], [ 53.177871358117642, 28.811783062391068, 0.0 ], [ 53.177630489880713, 28.811812710996762, 0.0 ], [ 53.177492737398651, 28.81187270847423, 0.0 ], [ 53.177303265537503, 28.811977809473369, 0.0 ], [ 53.177148151634732, 28.812098048992549, 0.0 ], [ 53.176975880219558, 28.81220318418119, 0.0 ], [ 53.176683135050062, 28.812338211603151, 0.0 ], [ 53.176579860774879, 28.81236813865419, 0.0 ], [ 53.176338914613538, 28.812427922118399, 0.0 ], [ 53.176201121438872, 28.812502986909792, 0.0 ], [ 53.175994533112501, 28.812577910589091, 0.0 ], [ 53.175890975480151, 28.81271332440177, 0.0 ], [ 53.175770097865353, 28.812893910858559, 0.0 ], [ 53.175700897127058, 28.81304446457257, 0.0 ], [ 53.175648895565203, 28.813195053990711, 0.0 ], [ 53.175579614156028, 28.813375746609982, 0.0 ], [ 53.175527611241662, 28.813526335107209, 0.0 ], [ 53.175475610258047, 28.813676924458239, 0.0 ], [ 53.175423526731493, 28.813857652781149, 0.0 ], [ 53.175371605834073, 28.81397810314779, 0.0 ], [ 53.175250685778018, 28.814173758711341, 0.0 ], [ 53.175095570328807, 28.81429399426337, 0.0 ], [ 53.174940576312707, 28.814369023002989, 0.0 ], [ 53.174785378673008, 28.8145193981088, 0.0 ], [ 53.174681940527243, 28.8146096017655, 0.0 ], [ 53.174492628110457, 28.81465441845782, 0.0 ], [ 53.174251840759801, 28.814653919614859, 0.0 ], [ 53.174079727661947, 28.81469877163623, 0.0 ], [ 53.174010524439431, 28.814849324622749, 0.0 ], [ 53.173958479319779, 28.815014983917148, 0.0 ], [ 53.173872156819108, 28.815135361944421, 0.0 ], [ 53.173665563537867, 28.815210281460331, 0.0 ], [ 53.173443390564728, 28.81528761260569, 0.0 ], [ 53.173434307111982, 28.815287592925319, 0.0 ], [ 53.173210578093872, 28.815332340670789, 0.0 ], [ 53.173089928876102, 28.815422511846229, 0.0 ], [ 53.172968990767721, 28.815618172153709, 0.0 ], [ 53.172916815012293, 28.81582904333515, 0.0 ], [ 53.172761683198651, 28.815949281140579, 0.0 ], [ 53.172606674729032, 28.816024308467529, 0.0 ], [ 53.172417389090228, 28.816054054895648, 0.0 ], [ 53.172176463116863, 28.816098763025849, 0.0 ], [ 53.172021456015067, 28.816173789679741, 0.0 ], [ 53.172020962186892, 28.816354627353331, 0.0 ], [ 53.171951750955621, 28.816505182237542, 0.0 ], [ 53.171813821006637, 28.816625452453561, 0.0 ], [ 53.171658608365938, 28.816775826251849, 0.0 ], [ 53.171520678747768, 28.81689609618407, 0.0 ], [ 53.171434389599867, 28.817001404303529, 0.0 ], [ 53.171296337219303, 28.817166883436609, 0.0 ], [ 53.171244325527233, 28.817317472453858, 0.0 ], [ 53.171226714911263, 28.817468133057218, 0.0 ], [ 53.171157421352532, 28.81764882479219, 0.0 ], [ 53.171053891354589, 28.817769165929569, 0.0 ], [ 53.17095027957064, 28.817919646903771, 0.0 ], [ 53.170829467273549, 28.81807009060714, 0.0 ], [ 53.170760420599287, 28.818160364214052, 0.0 ], [ 53.170605455311822, 28.81822031714395, 0.0 ], [ 53.170536202112963, 28.818385939104459, 0.0 ], [ 53.170484026478753, 28.818596806794929, 0.0 ], [ 53.170328730390992, 28.818777316435479, 0.0 ], [ 53.170225241296258, 28.818882587490279, 0.0 ], [ 53.170035916861693, 28.818927397544101, 0.0 ], [ 53.169846715013662, 28.81892699701314, 0.0 ], [ 53.169674797491247, 28.818896494511328, 0.0 ], [ 53.169519996389937, 28.81889616730275, 0.0 ], [ 53.169330795593439, 28.81889576693009, 0.0 ], [ 53.169175996515477, 28.81889543929346, 0.0 ], [ 53.168952396017048, 28.818894966257009, 0.0 ], [ 53.168728797543551, 28.818894492816639, 0.0 ], [ 53.168487998685663, 28.818893982411801, 0.0 ], [ 53.16831600022698, 28.818893618077158, 0.0 ], [ 53.168040677027221, 28.818938243101151, 0.0 ], [ 53.167868512556701, 28.81899815630543, 0.0 ], [ 53.167661864627647, 28.819088136758278, 0.0 ], [ 53.167455132730133, 28.819208255076489, 0.0 ], [ 53.167231576798727, 28.819192710530679, 0.0 ], [ 53.167059827777798, 28.819101926516499, 0.0 ], [ 53.166905279439149, 28.81901117906315, 0.0 ], [ 53.166716374036113, 28.818905288216818, 0.0 ], [ 53.166596184589238, 28.81882968446423, 0.0 ], [ 53.166441720913909, 28.818708797349998, 0.0 ], [ 53.166287217166591, 28.81860297955599, 0.0 ], [ 53.16609827063013, 28.818512159121781, 0.0 ], [ 53.165943725000041, 28.818421411353441, 0.0 ], [ 53.165823620709247, 28.818315667753762, 0.0 ], [ 53.165789808649663, 28.818104619303799, 0.0 ], [ 53.165652714443233, 28.817923490834978, 0.0 ], [ 53.165549852808702, 28.817802714361001, 0.0 ], [ 53.165412633651059, 28.817666794243319, 0.0 ], [ 53.165189291242413, 28.81757589835842, 0.0 ], [ 53.165000264177692, 28.817515215315989, 0.0 ], [ 53.164880245217041, 28.8173793316613, 0.0 ], [ 53.164777637150081, 28.817168137187789, 0.0 ], [ 53.164709090984779, 28.817077572377102, 0.0 ], [ 53.164657997277153, 28.816896627291548, 0.0 ], [ 53.164641218358263, 28.81674589461856, 0.0 ], [ 53.164624523945847, 28.816565022819059, 0.0 ], [ 53.164590587915498, 28.816399183448869, 0.0 ], [ 53.164418845729948, 28.81630839657101, 0.0 ], [ 53.164195252311167, 28.816307916217848, 0.0 ], [ 53.164040456694678, 28.81630758338158, 0.0 ], [ 53.163851262161323, 28.816307176839459, 0.0 ], [ 53.163731076683071, 28.816231569350951, 0.0 ], [ 53.163697224871001, 28.816035590565431, 0.0 ], [ 53.163663162893677, 28.81591495867211, 0.0 ], [ 53.163577460521083, 28.81580928637668, 0.0 ], [ 53.163491083123652, 28.815944727074658, 0.0 ], [ 53.163404621767931, 28.816110308652821, 0.0 ], [ 53.163232329965588, 28.816215424589458, 0.0 ], [ 53.163094648463868, 28.816245267106599, 0.0 ], [ 53.162888082036233, 28.816305100223619, 0.0 ], [ 53.162818987297733, 28.816410438751081, 0.0 ], [ 53.162715407412783, 28.81654584259821, 0.0 ], [ 53.16268864100082, 28.816576951745908, 0.0 ], [ 53.161888581362277, 28.81698107833358, 0.0 ], [ 53.161794921637537, 28.817241623297871, 0.0 ], [ 53.161794453283747, 28.817407387752588, 0.0 ], [ 53.161742429571532, 28.817557971996941, 0.0 ], [ 53.161673121251567, 28.81773865789355, 0.0 ], [ 53.161741451710178, 28.81790457135212, 0.0 ], [ 53.161844608048213, 28.817919864813899, 0.0 ], [ 53.161802734677117, 28.818179073707249, 0.0 ], [ 53.161713685754279, 28.818308385535371, 0.0 ], [ 53.161565661249817, 28.818385768093808, 0.0 ], [ 53.161461940734611, 28.81847619582156, 0.0 ], [ 53.161417233204567, 28.818605602731068, 0.0 ], [ 53.161416865619209, 28.818735104033351, 0.0 ], [ 53.161342560363337, 28.818877395034448, 0.0 ], [ 53.161268364219843, 28.81898083589773, 0.0 ], [ 53.161208765464913, 28.819149058995301, 0.0 ], [ 53.161208435452487, 28.81926560934247, 0.0 ], [ 53.161222812334167, 28.819408090944432, 0.0 ], [ 53.161178140910408, 28.819524545048989, 0.0 ], [ 53.161030005899988, 28.819640774502648, 0.0 ], [ 53.160778408965193, 28.819756778047822, 0.0 ], [ 53.160689542673417, 28.819821335472952, 0.0 ], [ 53.16057093192596, 28.819950577854382, 0.0 ], [ 53.160540930530551, 28.82010591134021, 0.0 ], [ 53.160525782362747, 28.820235377801929, 0.0 ], [ 53.160525342065633, 28.820390775576222, 0.0 ], [ 53.160510121133072, 28.820546140298902, 0.0 ], [ 53.160450668838592, 28.82066256024455, 0.0 ], [ 53.160273303100332, 28.82066217426042, 0.0 ], [ 53.160066118654527, 28.820752372150299, 0.0 ], [ 53.159962471400071, 28.820816895140531, 0.0 ], [ 53.159843933544259, 28.82092023596195, 0.0 ], [ 53.159754882931502, 28.821049539434998, 0.0 ], [ 53.159665868038203, 28.821165892828361, 0.0 ], [ 53.159547145633127, 28.821333981836109, 0.0 ], [ 53.15945816828345, 28.821437385048981, 0.0 ], [ 53.159324921406672, 28.821514792231049, 0.0 ], [ 53.159206419130001, 28.821605181606628, 0.0 ], [ 53.159058060809983, 28.821799103952451, 0.0 ], [ 53.15901357120957, 28.821850805432071, 0.0 ], [ 53.158924481776261, 28.821993058486481, 0.0 ], [ 53.158820648276858, 28.82212232822004, 0.0 ], [ 53.158672435822311, 28.822264450919018, 0.0 ], [ 53.158465136426983, 28.822393494004348, 0.0 ], [ 53.15833188759629, 28.822470901200319, 0.0 ], [ 53.158169040556558, 28.82256119173293, 0.0 ], [ 53.158065426452623, 28.822612764269898, 0.0 ], [ 53.157976372242857, 28.8227420658292, 0.0 ], [ 53.15790209779307, 28.82287140067395, 0.0 ], [ 53.157812893446717, 28.823052501477701, 0.0 ], [ 53.15776817961784, 28.823181901125182, 0.0 ], [ 53.157767698296823, 28.823350247296379, 0.0 ], [ 53.157796926808501, 28.823466859013021, 0.0 ], [ 53.157855717572637, 28.823583536454262, 0.0 ], [ 53.157958776405707, 28.823726209396551, 0.0 ], [ 53.158032421896657, 28.823817019954632, 0.0 ], [ 53.158091175973418, 28.82394664551088, 0.0 ], [ 53.158090878884472, 28.824050243217648, 0.0 ], [ 53.158031199250907, 28.824244360794498, 0.0 ], [ 53.157971704097427, 28.824373728109801, 0.0 ], [ 53.157853232641379, 28.8244511682786, 0.0 ], [ 53.157808406924282, 28.824619419002509, 0.0 ], [ 53.157748910301052, 28.824748787157102, 0.0 ], [ 53.157718977110811, 28.824878221021411, 0.0 ], [ 53.157511741857611, 28.824981367399811, 0.0 ], [ 53.157348998918643, 28.825032810649152, 0.0 ], [ 53.157171361784172, 28.825123071414328, 0.0 ], [ 53.157141501262387, 28.825226605994882, 0.0 ], [ 53.157096634884098, 28.825407808434569, 0.0 ], [ 53.157081591801067, 28.825498425450661, 0.0 ], [ 53.156992492878359, 28.825640682036418, 0.0 ], [ 53.156829709335227, 28.825705075713369, 0.0 ], [ 53.156593092205263, 28.82574340824052, 0.0 ], [ 53.156519184225928, 28.82574324644958, 0.0 ], [ 53.156386148631341, 28.825742955323769, 0.0 ], [ 53.156238032878477, 28.82584623197129, 0.0 ], [ 53.156178530671561, 28.82597560320793, 0.0 ], [ 53.156178118821252, 28.826118054786299, 0.0 ], [ 53.156059601630297, 28.826208447285591, 0.0 ], [ 53.155986030661353, 28.82609173375187, 0.0 ], [ 53.155823730838691, 28.82598777638939, 0.0 ], [ 53.155277441387049, 28.825766424633589, 0.0 ], [ 53.154944006783772, 28.825672617370071, 0.0 ], [ 53.1548272727767, 28.825690944384618, 0.0 ], [ 53.154752834883212, 28.825755828873799, 0.0 ], [ 53.154604066088062, 28.82584842675308, 0.0 ], [ 53.154529681598852, 28.825894726086968, 0.0 ], [ 53.154510223983962, 28.825897779817559, 0.0 ], [ 53.151145163393593, 28.82618454114904, 0.0 ], [ 53.150964332950011, 28.826100508659511, 0.0 ], [ 53.150869001758863, 28.826053830146659, 0.0 ], [ 53.150773670631082, 28.826007150659581, 0.0 ], [ 53.15062516630568, 28.826006817201161, 0.0 ], [ 53.150466055886, 28.826006458689658, 0.0 ], [ 53.150349430245463, 28.82598760990393, 0.0 ], [ 53.150243465140001, 28.82595020084068, 0.0 ], [ 53.150031346583717, 28.825940429763129, 0.0 ], [ 53.149882845354007, 28.82594009453085, 0.0 ], [ 53.149787380571652, 28.825939879255419, 0.0 ], [ 53.149660093518122, 28.825939592728488, 0.0 ], [ 53.149522200375053, 28.825939281117279, 0.0 ], [ 53.149394832467109, 28.825966871507529, 0.0 ], [ 53.14920379464143, 28.82600361126908, 0.0 ], [ 53.149108002111653, 28.826114908775128, 0.0 ], [ 53.149086651350693, 28.82616132379944, 0.0 ], [ 53.149043949812381, 28.826254155644008, 0.0 ], [ 53.148884596061912, 28.82633743041313, 0.0 ], [ 53.148820898605237, 28.82635587092696, 0.0 ], [ 53.148767835625897, 28.826365044321211, 0.0 ], [ 53.148598094135522, 28.826373952463388, 0.0 ], [ 53.148481415647453, 28.82637368803271, 0.0 ], [ 53.148364737153059, 28.826373423501039, 0.0 ], [ 53.148216238279787, 28.826373087317918, 0.0 ], [ 53.148131381188229, 28.82637289502026, 0.0 ], [ 53.148014703699282, 28.826372630169161, 0.0 ], [ 53.147855596637477, 28.82637226944199, 0.0 ], [ 53.147728284571663, 28.82638127317043, 0.0 ], [ 53.147664641738018, 28.826381128947521, 0.0 ], [ 53.147558571356313, 28.82638088789162, 0.0 ], [ 53.147441893826112, 28.826380622545081, 0.0 ], [ 53.147335823451982, 28.826380382215799, 0.0 ], [ 53.147229753054162, 28.826380140901069, 0.0 ], [ 53.147091861234962, 28.82637982770337, 0.0 ], [ 53.146985789800922, 28.826379586212902, 0.0 ], [ 53.146858506136589, 28.826379297003079, 0.0 ], [ 53.146752434691173, 28.826379055328921, 0.0 ], [ 53.146625149988907, 28.826378765914949, 0.0 ], [ 53.146519217236822, 28.826332060802969, 0.0 ], [ 53.146402678460497, 28.826285331296749, 0.0 ], [ 53.14632864893084, 28.82621082078067, 0.0 ], [ 53.146286497006727, 28.826117797084962, 0.0 ], [ 53.14621255139857, 28.826015408347988, 0.0 ], [ 53.146074854065162, 28.825950045698061, 0.0 ], [ 53.145937072062353, 28.825912560161029, 0.0 ], [ 53.145809787878079, 28.825912269947089, 0.0 ], [ 53.145703717877211, 28.825912027406272, 0.0 ], [ 53.145587039760201, 28.825911761344582, 0.0 ], [ 53.145480942124927, 28.82592081164201, 0.0 ], [ 53.145364236351732, 28.8259298384021, 0.0 ], [ 53.145258109981029, 28.82594818065494, 0.0 ], [ 53.145141376473092, 28.825966499337749, 0.0 ], [ 53.145035416047662, 28.825929086031898, 0.0 ], [ 53.144918959318787, 28.825854477969688, 0.0 ], [ 53.14480241966227, 28.82580774704364, 0.0 ], [ 53.144675162207577, 28.825798162750321, 0.0 ], [ 53.144674968300727, 28.825863212067379, 0.0 ], [ 53.144317416893607, 28.825695651076131, 0.0 ], [ 53.144185296544222, 28.82564706408418, 0.0 ], [ 53.144075162425437, 28.825617841374651, 0.0 ], [ 53.143976165469773, 28.825550017959209, 0.0 ], [ 53.143821973862202, 28.825511037012021, 0.0 ], [ 53.143711754369392, 28.825510783048131, 0.0 ], [ 53.14359062802216, 28.82547187812872, 0.0 ], [ 53.14349148872251, 28.825452335797092, 0.0 ], [ 53.143392407650083, 28.825413482771729, 0.0 ], [ 53.14328233314405, 28.82536494604657, 0.0 ], [ 53.143183309379033, 28.825306779547919, 0.0 ], [ 53.143006959927021, 28.825306373007319, 0.0 ], [ 53.142874697572552, 28.825306067954529, 0.0 ], [ 53.142797544353421, 28.825305889724302, 0.0 ], [ 53.142687239134112, 28.825334603982188, 0.0 ], [ 53.142554976723559, 28.825334298617541, 0.0 ], [ 53.142433736358093, 28.8253340192596, 0.0 ], [ 53.142323518002527, 28.825333764134321, 0.0 ], [ 53.14220227762415, 28.825333484568191, 0.0 ], [ 53.142070016226882, 28.825333179613249, 0.0 ], [ 53.141959826561887, 28.825323268431411, 0.0 ], [ 53.141882819894732, 28.825274808126249, 0.0 ], [ 53.141794907157923, 28.82518769762639, 0.0 ], [ 53.141751081636258, 28.825100690053048, 0.0 ], [ 53.141696292626143, 28.82499434292118, 0.0 ], [ 53.141652497021987, 28.824897678625621, 0.0 ], [ 53.141641824935093, 28.82478177869756, 0.0 ], [ 53.141631123113029, 28.824675534543289, 0.0 ], [ 53.141531957174372, 28.824665649160931, 0.0 ], [ 53.141443549326802, 28.824742694573541, 0.0 ], [ 53.141388148808467, 28.824839130152789, 0.0 ], [ 53.14115637044253, 28.824944813383709, 0.0 ], [ 53.141035072872377, 28.824963845173539, 0.0 ], [ 53.140891671590254, 28.825002138597249, 0.0 ], [ 53.140770344082007, 28.825030827739951, 0.0 ], [ 53.140649015457548, 28.82505951589113, 0.0 ], [ 53.140538797315287, 28.8250592601931, 0.0 ], [ 53.140406680393291, 28.825010672950309, 0.0 ], [ 53.14027456459263, 28.82496208465297, 0.0 ], [ 53.140153442068502, 28.824923179214782, 0.0 ], [ 53.140021325457809, 28.824874590672952, 0.0 ], [ 53.139889297721183, 28.824797034654338, 0.0 ], [ 53.139801328174862, 28.82472923610009, 0.0 ], [ 53.139680262859443, 28.82467101688324, 0.0 ], [ 53.139581183792131, 28.824632161840899, 0.0 ], [ 53.139471052873311, 28.824602937931289, 0.0 ], [ 53.139349957912209, 28.824554375089939, 0.0 ], [ 53.139239886046269, 28.8245058376177, 0.0 ], [ 53.139140953123743, 28.8244187006453, 0.0 ], [ 53.139086108171547, 28.824331666553729, 0.0 ], [ 53.139009161481013, 28.824263893845561, 0.0 ], [ 53.138910169981138, 28.824196069146339, 0.0 ], [ 53.138822229540366, 28.824118614128579, 0.0 ], [ 53.138756363083999, 28.824031553437852, 0.0 ], [ 53.138701635727202, 28.823905894233452, 0.0 ], [ 53.138690821002797, 28.823838275481851, 0.0 ], [ 53.138591800061683, 28.823780106305851, 0.0 ], [ 53.138536954898392, 28.823693071957798, 0.0 ], [ 53.13851520551129, 28.82359645848474, 0.0 ], [ 53.138471441469662, 28.823490137190209, 0.0 ], [ 53.138372421000987, 28.823431968728489, 0.0 ], [ 53.138262289573383, 28.82340274287283, 0.0 ], [ 53.138163239200992, 28.82335423004179, 0.0 ], [ 53.138131080169437, 28.8233547434141, 0.0 ], [ 53.137653398141303, 28.82318604006969, 0.0 ], [ 53.134745963831158, 28.823899700876179, 0.0 ], [ 53.133245634986586, 28.824267945171229, 0.0 ], [ 53.128986123969931, 28.824335243214769, 0.0 ], [ 53.12663629901887, 28.82234738983427, 0.0 ], [ 53.125376187204502, 28.821421612985489, 0.0 ], [ 53.123121267332792, 28.81965914962008, 0.0 ], [ 53.122013888955678, 28.81651940166541, 0.0 ], [ 53.121135821363602, 28.813671075256231, 0.0 ], [ 53.120631837357671, 28.810771471744459, 0.0 ], [ 53.120530198182998, 28.809428999662121, 0.0 ], [ 53.121541483498802, 28.807410867835632, 0.0 ], [ 53.122764014573583, 28.805787836366999, 0.0 ], [ 53.12291355470294, 28.80504410205047, 0.0 ], [ 53.123844990699432, 28.8040333721937, 0.0 ], [ 53.124102083898677, 28.8020296121909, 0.0 ], [ 53.126594797220477, 28.800154554699748, 0.0 ], [ 53.124610325612437, 28.801186927869299, 0.0 ], [ 53.127878990890842, 28.799249194628509, 0.0 ], [ 53.130048992845452, 28.79805245905143, 0.0 ], [ 53.133361355237298, 28.795107750949558, 0.0 ], [ 53.134237357681002, 28.794546693302099, 0.0 ], [ 53.13519668136577, 28.793741698279138, 0.0 ], [ 53.136050761480483, 28.79302499902683, 0.0 ], [ 53.135888427766382, 28.792336785745469, 0.0 ], [ 53.136759882762533, 28.791273966722759, 0.0 ], [ 53.137396698477303, 28.790946057055059, 0.0 ], [ 53.138426594184537, 28.790886969752009, 0.0 ], [ 53.139644868832853, 28.790408716020309, 0.0 ], [ 53.139993504343799, 28.78960885543334, 0.0 ], [ 53.141726162262543, 28.787548890351349, 0.0 ], [ 53.143070683839412, 28.786601637011589, 0.0 ], [ 53.143762089482713, 28.786114511994061, 0.0 ], [ 53.144690066343223, 28.78600142722307, 0.0 ], [ 53.144309351131469, 28.785581308129, 0.0 ], [ 53.143999014495627, 28.784963379345459, 0.0 ], [ 53.144098915771131, 28.78444353048566, 0.0 ], [ 53.143627860526159, 28.783976605867132, 0.0 ], [ 53.143275073532983, 28.783458201510051, 0.0 ], [ 53.142803572295847, 28.783146555868719, 0.0 ], [ 53.142213972811653, 28.782834635879599, 0.0 ], [ 53.141624535696486, 28.782470959107219, 0.0 ], [ 53.141035261877917, 28.782055526401908, 0.0 ], [ 53.14050504674799, 28.78164023284036, 0.0 ], [ 53.14021104171551, 28.781225492235979, 0.0 ], [ 53.139976244258953, 28.78075913464712, 0.0 ], [ 53.139564459579077, 28.780240609540389, 0.0 ], [ 53.138914917035329, 28.780239089293381, 0.0 ], [ 53.138324425524083, 28.780237705327, 0.0 ], [ 53.137734564320439, 28.78002929799057, 0.0 ], [ 53.137263278584641, 28.779665899215338, 0.0 ], [ 53.136673899836879, 28.779302223695002, 0.0 ], [ 53.135966114666282, 28.77904177801809, 0.0 ], [ 53.135317222154399, 28.77883322518041, 0.0 ], [ 53.134786906901169, 28.77846968419902, 0.0 ], [ 53.134079132633943, 28.778209232545372, 0.0 ], [ 53.133489137588079, 28.778052567745121, 0.0 ], [ 53.132663275219187, 28.777791830426661, 0.0 ], [ 53.132132651577038, 28.777531792090841, 0.0 ], [ 53.132134421811521, 28.776962489190691, 0.0 ], [ 53.132018258795711, 28.776341151963269, 0.0 ], [ 53.132019867219057, 28.775823605923168, 0.0 ], [ 53.1320217965255, 28.77520255136514, 0.0 ], [ 53.132023404289257, 28.774685006163772, 0.0 ], [ 53.131670900937998, 28.77411486187922, 0.0 ], [ 53.131199503798868, 28.773803206903001, 0.0 ], [ 53.13043336669795, 28.773335576639919, 0.0 ], [ 53.130079579490939, 28.773179463744508, 0.0 ], [ 53.129548494088127, 28.773074676579611, 0.0 ], [ 53.128723965260669, 28.772399874230409, 0.0 ], [ 53.128898994037783, 28.773073112976601, 0.0 ], [ 53.127635956727573, 28.77171199403249, 0.0 ], [ 53.127381889926333, 28.771424036912819, 0.0 ], [ 53.12723699085187, 28.771168277698131, 0.0 ], [ 53.127019450116322, 28.770848490847492, 0.0 ], [ 53.126728874109183, 28.770592374466229, 0.0 ], [ 53.126401091015957, 28.770591564713399, 0.0 ], [ 53.125999973207392, 28.770750195024249, 0.0 ], [ 53.125780560187039, 28.771036973194541, 0.0 ], [ 53.12563408672316, 28.77129200805182, 0.0 ], [ 53.125341534073087, 28.771674380594519, 0.0 ], [ 53.125267899650417, 28.77192959869102, 0.0 ], [ 53.12457531756889, 28.772119429338179, 0.0 ], [ 53.124320376541519, 28.772118795941811, 0.0 ], [ 53.12399269623571, 28.77208605669297, 0.0 ], [ 53.123665518322269, 28.771893693216349, 0.0 ], [ 53.123119626476033, 28.771764636588038, 0.0 ], [ 53.122864691290779, 28.771764002119721, 0.0 ], [ 53.122464080589012, 28.771763005901299, 0.0 ], [ 53.122100191716783, 28.771666326155572, 0.0 ], [ 53.121736509489963, 28.77150579860627, 0.0 ], [ 53.121081684777629, 28.771280697781489, 0.0 ], [ 53.120790540522613, 28.77121612491656, 0.0 ], [ 53.120426969788561, 28.771023674213229, 0.0 ], [ 53.120209072676452, 28.770831587317559, 0.0 ], [ 53.119918342419339, 28.77063931971016, 0.0 ], [ 53.119481534761533, 28.77057438400611, 0.0 ], [ 53.119044319312493, 28.770637141401028, 0.0 ], [ 53.118716355874326, 28.770700171150612, 0.0 ], [ 53.118351974427107, 28.77076310909834, 0.0 ], [ 53.1179510722652, 28.770857879735001, 0.0 ], [ 53.117586380427667, 28.77101658824186, 0.0 ], [ 53.117185373635138, 28.771143282382511, 0.0 ], [ 53.116894653818761, 28.77095101243907, 0.0 ], [ 53.116421537799837, 28.770854057692439, 0.0 ], [ 53.115838544941411, 28.77094837061599, 0.0 ], [ 53.115401325117027, 28.77101112361758, 0.0 ], [ 53.115037254820123, 28.77097828815387, 0.0 ], [ 53.114710229293259, 28.7707540018583, 0.0 ], [ 53.114273848796721, 28.770561365876091, 0.0 ], [ 53.114210777352049, 28.770542760858451, 0.0 ], [ 53.112311427142899, 28.769311425414521, 0.0 ], [ 53.111147883038598, 28.768765803932649, 0.0 ], [ 53.110529357104241, 28.768550595553609, 0.0 ], [ 53.110056457672833, 28.76838978144038, 0.0 ], [ 53.109547031461823, 28.7682608007688, 0.0 ], [ 53.108928781875811, 28.768003843816601, 0.0 ], [ 53.108928458494489, 28.768003701791852, 0.0 ], [ 53.108710594926421, 28.76790751977542, 0.0 ], [ 53.108565353366252, 28.767779453284572, 0.0 ], [ 53.108311397658341, 28.767491489470569, 0.0 ], [ 53.107911769339417, 28.767203158674288, 0.0 ], [ 53.10780337963913, 28.766947487895589, 0.0 ], [ 53.107768152850397, 28.76659622897575, 0.0 ], [ 53.107660304856232, 28.766180940261499, 0.0 ], [ 53.107515498991248, 28.765925181467111, 0.0 ], [ 53.107407327877297, 28.76560566742997, 0.0 ], [ 53.107335574356007, 28.765286247348619, 0.0 ], [ 53.107191093947662, 28.764934720294271, 0.0 ], [ 53.107009872531549, 28.76467887296975, 0.0 ], [ 53.106573619704719, 28.764454301403848, 0.0 ], [ 53.106246729643502, 28.764198083791001, 0.0 ], [ 53.106065725711218, 28.763878389497041, 0.0 ], [ 53.106139536511812, 28.76359126757448, 0.0 ], [ 53.106250411661037, 28.76311270255643, 0.0 ], [ 53.106251169665612, 28.762889243633829, 0.0 ], [ 53.106215834057927, 28.762569925162481, 0.0 ], [ 53.106071679186023, 28.76212263765829, 0.0 ], [ 53.106036558560852, 28.761739476261191, 0.0 ], [ 53.106001329737673, 28.761388237151159, 0.0 ], [ 53.105929791386153, 28.76100498478911, 0.0 ], [ 53.105749004814513, 28.760621452247111, 0.0 ], [ 53.105385704879133, 28.76036514083189, 0.0 ], [ 53.105095344694163, 28.760077092886039, 0.0 ], [ 53.105060223742569, 28.759693933691668, 0.0 ], [ 53.10506130123575, 28.759374713054299, 0.0 ], [ 53.10506248664268, 28.759023570065139, 0.0 ], [ 53.104954315316512, 28.758704067687141, 0.0 ], [ 53.105028330215163, 28.758353113433159, 0.0 ], [ 53.105138545400493, 28.75806609771109, 0.0 ], [ 53.105358111705307, 28.757747442069299, 0.0 ], [ 53.105832044700762, 28.757589054039968, 0.0 ], [ 53.106159778712772, 28.757589898907788, 0.0 ], [ 53.106634344948198, 28.757239978883309, 0.0 ], [ 53.106889778171009, 28.757081027121998, 0.0 ], [ 53.107181730800612, 28.75689024689818, 0.0 ], [ 53.107473893629532, 28.75663562241883, 0.0 ], [ 53.107657663670238, 28.756125344676139, 0.0 ], [ 53.107695245511593, 28.755774300780221, 0.0 ], [ 53.107767541173367, 28.755934096064511, 0.0 ], [ 53.108170496978062, 28.755112203833079, 0.0 ], [ 53.108390065688347, 28.754793499444951, 0.0 ], [ 53.108573000337657, 28.75453855634273, 0.0 ], [ 53.10875593313493, 28.754283614849928, 0.0 ], [ 53.109012444999202, 28.753805386581782, 0.0 ], [ 53.109122437368811, 28.753582191100609, 0.0 ], [ 53.109196232041981, 28.753295056217059, 0.0 ], [ 53.109197414692801, 28.75294389181262, 0.0 ], [ 53.10919881083872, 28.752528881881439, 0.0 ], [ 53.10920009942172, 28.752145798759098, 0.0 ], [ 53.109274318009632, 28.751730978254908, 0.0 ], [ 53.109457663339391, 28.751348360494319, 0.0 ], [ 53.109676988806022, 28.7510935282363, 0.0 ], [ 53.109969668354097, 28.750679267868129, 0.0 ], [ 53.110152150741463, 28.75055203685972, 0.0 ], [ 53.110553097322438, 28.750425357782259, 0.0 ], [ 53.110990026543519, 28.750426461034909, 0.0 ], [ 53.111499774792769, 28.75042774581139, 0.0 ], [ 53.111936700793869, 28.750428847851691, 0.0 ], [ 53.1123013325724, 28.750270152034279, 0.0 ], [ 53.11248433401844, 28.74998331042913, 0.0 ], [ 53.112776669109167, 28.749664822472919, 0.0 ], [ 53.113068473404937, 28.749505945275249, 0.0 ], [ 53.113469610796081, 28.749315420812959, 0.0 ], [ 53.113797821111369, 28.749156635805139, 0.0 ], [ 53.113799394962058, 28.748677809375149, 0.0 ], [ 53.113800339562573, 28.748390514581558, 0.0 ], [ 53.113801702843027, 28.747975534415641, 0.0 ], [ 53.113802542182782, 28.74772016365467, 0.0 ], [ 53.113803904636811, 28.74730518527133, 0.0 ], [ 53.113805058381189, 28.74695405135099, 0.0 ], [ 53.113806105721409, 28.746634838788491, 0.0 ], [ 53.113952786566799, 28.74631599337194, 0.0 ], [ 53.114281296909837, 28.74606144909988, 0.0 ], [ 53.11435348522221, 28.746253158705631, 0.0 ], [ 53.114822405335353, 28.745925948267249, 0.0 ], [ 53.114938794322761, 28.745835761795199, 0.0 ], [ 53.115068008400719, 28.745768226980019, 0.0 ], [ 53.115126998989169, 28.74573739509901, 0.0 ], [ 53.115197221283353, 28.745700692065359, 0.0 ], [ 53.11532639678812, 28.74564446702129, 0.0 ], [ 53.115416912163042, 28.745576835725728, 0.0 ], [ 53.115597534499969, 28.745565976473429, 0.0 ], [ 53.115816926261523, 28.74553259579821, 0.0 ], [ 53.116049290853653, 28.74547662830949, 0.0 ], [ 53.11620415057498, 28.745454394912919, 0.0 ], [ 53.116281654149418, 28.74542066044954, 0.0 ], [ 53.116372057378157, 28.745386957594871, 0.0 ], [ 53.116501340031462, 28.745296804290529, 0.0 ], [ 53.116591963554377, 28.74519524595927, 0.0 ], [ 53.116656861700321, 28.74507100436773, 0.0 ], [ 53.116695963452237, 28.744946698559168, 0.0 ], [ 53.116747999803231, 28.744811116216731, 0.0 ], [ 53.116812934640983, 28.74467556639005, 0.0 ], [ 53.116877870344112, 28.744540016522361, 0.0 ], [ 53.116942767825343, 28.74441577662515, 0.0 ], [ 53.117007701189422, 28.744280227641429, 0.0 ], [ 53.117059626755669, 28.744178573322309, 0.0 ], [ 53.117124486797813, 28.74406564333351, 0.0 ], [ 53.117189346688193, 28.743952712417091, 0.0 ], [ 53.117267030895647, 28.74386243212145, 0.0 ], [ 53.11739619892073, 28.743806208029749, 0.0 ], [ 53.117525403801316, 28.74373867474598, 0.0 ], [ 53.117654607504861, 28.743671142264699, 0.0 ], [ 53.117796526679669, 28.74366018654824, 0.0 ], [ 53.117951307319423, 28.743660571284519, 0.0 ], [ 53.118118986444721, 28.743660989158421, 0.0 ], [ 53.118209275734927, 28.743661213309281, 0.0 ], [ 53.118325324055682, 28.7436728121769, 0.0 ], [ 53.118467096542268, 28.743707092024628, 0.0 ], [ 53.118583073183842, 28.743741307871701, 0.0 ], [ 53.11873774431902, 28.74377561979248, 0.0 ], [ 53.118866728102986, 28.743775939664818, 0.0 ], [ 53.118995931924317, 28.74370840592729, 0.0 ], [ 53.119099447081801, 28.743606880269731, 0.0 ], [ 53.119164195116127, 28.743527877512349, 0.0 ], [ 53.119241876233843, 28.743437596196848, 0.0 ], [ 53.119319558261772, 28.74334731572851, 0.0 ], [ 53.119320069508213, 28.74318898886257, 0.0 ], [ 53.119307571937391, 28.743064556891479, 0.0 ], [ 53.119295001799777, 28.742962743033619, 0.0 ], [ 53.119295512115251, 28.7428044170756, 0.0 ], [ 53.119218158781308, 28.74279291595634, 0.0 ], [ 53.119341298545777, 28.74257804980391, 0.0 ], [ 53.119392317961591, 28.742445105495829, 0.0 ], [ 53.119455947588953, 28.742323282703811, 0.0 ], [ 53.119519470754767, 28.74223472654317, 0.0 ], [ 53.119583173358158, 28.74209072499248, 0.0 ], [ 53.119621437545582, 28.7419910164834, 0.0 ], [ 53.119659807949709, 28.74185804131092, 0.0 ], [ 53.11968546070451, 28.741747212191839, 0.0 ], [ 53.119685925953029, 28.741603053001651, 0.0 ], [ 53.119711684911238, 28.741458957222392, 0.0 ], [ 53.11975088781444, 28.741348360373749, 0.0 ], [ 53.120223338197412, 28.73967482985066, 0.0 ], [ 53.120431616248823, 28.739536887790049, 0.0 ], [ 53.120553849978357, 28.739430312348581, 0.0 ], [ 53.120721878080872, 28.739297130361301, 0.0 ], [ 53.120828703561173, 28.739243956220051, 0.0 ], [ 53.120935742586177, 28.739123982499571, 0.0 ], [ 53.121027545133941, 28.739003971736171, 0.0 ], [ 53.121028015735533, 28.7388570153541, 0.0 ], [ 53.121074108310331, 28.738736891861191, 0.0 ], [ 53.121150759838422, 28.738590124804041, 0.0 ], [ 53.121410282801421, 28.73761026565402, 0.0 ], [ 53.121798074190977, 28.737413584705859, 0.0 ], [ 53.121935628555278, 28.73728032216777, 0.0 ], [ 53.122042666413847, 28.737160345872709, 0.0 ], [ 53.122149747253893, 28.737027010319551, 0.0 ], [ 53.122241548676442, 28.73690699612705, 0.0 ], [ 53.122257297902152, 28.73674671743689, 0.0 ], [ 53.122257769031009, 28.736599761063498, 0.0 ], [ 53.122258239148998, 28.736452804703259, 0.0 ], [ 53.122289138798791, 28.736319283012239, 0.0 ], [ 53.122365788066091, 28.736172515382229, 0.0 ], [ 53.122488102362823, 28.736039218277671, 0.0 ], [ 53.122640716321051, 28.735959435026668, 0.0 ], [ 53.122823885842763, 28.735853007770061, 0.0 ], [ 53.122930706738451, 28.735799831278651, 0.0 ], [ 53.123052975774662, 28.735679894717169, 0.0 ], [ 53.123175201447211, 28.735573318139959, 0.0 ], [ 53.123236570187103, 28.73543987342077, 0.0 ], [ 53.123191288908849, 28.735306166934372, 0.0 ], [ 53.123130943485549, 28.735118985149889, 0.0 ], [ 53.123162011142838, 28.734932028439701, 0.0 ], [ 53.123253807752633, 28.73481201912557, 0.0 ], [ 53.123467401799402, 28.734719025616599, 0.0 ], [ 53.123635247682358, 28.734639279914159, 0.0 ], [ 53.123863991605837, 28.734573043566069, 0.0 ], [ 53.12404698650171, 28.734520053317159, 0.0 ], [ 53.124275519092372, 28.734520612110099, 0.0 ], [ 53.124519286213982, 28.734521208045241, 0.0 ], [ 53.124686834589347, 28.734534977040461, 0.0 ], [ 53.124915281360927, 28.73456225309112, 0.0 ], [ 53.125082871666997, 28.734562662434961, 0.0 ], [ 53.12526569856238, 28.734563108983121, 0.0 ], [ 53.125494104728162, 28.73460374408068, 0.0 ], [ 53.125707192987001, 28.734671061493689, 0.0 ], [ 53.125889851019338, 28.734724944715008, 0.0 ], [ 53.126042081785222, 28.734765393826351, 0.0 ], [ 53.126270406282892, 28.734832747650628, 0.0 ], [ 53.126392292149561, 28.73483304427252, 0.0 ], [ 53.126514179032831, 28.734833340768301, 0.0 ], [ 53.126651426431877, 28.73479359609167, 0.0 ], [ 53.126788843280572, 28.734700413759541, 0.0 ], [ 53.126941368580688, 28.734647345996279, 0.0 ], [ 53.127063466235668, 28.73458084535153, 0.0 ], [ 53.127246296059951, 28.734581289168389, 0.0 ], [ 53.127413890321741, 28.734581696455521, 0.0 ], [ 53.127581486599283, 28.734582102600399, 0.0 ], [ 53.127779554008669, 28.73458258373029, 0.0 ], [ 53.127871430845808, 28.734435850538699, 0.0 ], [ 53.127856613265322, 28.734302219283151, 0.0 ], [ 53.12781136621242, 28.734155153699, 0.0 ], [ 53.127750841321799, 28.73402141189753, 0.0 ], [ 53.127690317618523, 28.7338876700423, 0.0 ], [ 53.127584002650401, 28.733780535853619, 0.0 ], [ 53.127416870854681, 28.733633176295339, 0.0 ], [ 53.127295363628079, 28.73351264639804, 0.0 ], [ 53.127158537100222, 28.733418798356379, 0.0 ], [ 53.126960852521393, 28.73329808380635, 0.0 ], [ 53.126839178665278, 28.7332309909442, 0.0 ], [ 53.126656688508852, 28.733123673216809, 0.0 ], [ 53.126534973383187, 28.733069940107651, 0.0 ], [ 53.126413723051812, 28.73286925344696, 0.0 ], [ 53.1263683547282, 28.73276226734874, 0.0 ], [ 53.126292768210682, 28.732575051649121, 0.0 ], [ 53.126262509278362, 28.73250818119331, 0.0 ], [ 53.126171773411663, 28.732294209732402, 0.0 ], [ 53.126080868955214, 28.73213367572707, 0.0 ], [ 53.125944005619502, 28.732053186308661, 0.0 ], [ 53.125791906284903, 28.73197266027066, 0.0 ], [ 53.125670447759383, 28.731838770383561, 0.0 ], [ 53.125594780669267, 28.73167827336697, 0.0 ], [ 53.12551911380605, 28.731517775390341, 0.0 ], [ 53.125504344755591, 28.731370784438688, 0.0 ], [ 53.125550388639446, 28.73126402068069, 0.0 ], [ 53.125657458337081, 28.731130684608271, 0.0 ], [ 53.125749335543368, 28.73098395279321, 0.0 ], [ 53.125841127918989, 28.730863939254021, 0.0 ], [ 53.125932920071428, 28.730743924759441, 0.0 ], [ 53.125994283797489, 28.730610477210909, 0.0 ], [ 53.125994793050488, 28.730450162706759, 0.0 ], [ 53.125995301276873, 28.73028984731328, 0.0 ], [ 53.125949978445099, 28.730169499962908, 0.0 ], [ 53.126026620533253, 28.730022727897609, 0.0 ], [ 53.126118051356727, 28.729937039632649, 0.0 ], [ 53.126118977565547, 28.7296461950611, 0.0 ], [ 53.126120179627613, 28.72926810038205, 0.0 ], [ 53.126121103958141, 28.728977258522541, 0.0 ], [ 53.126055972527368, 28.728599005304389, 0.0 ], [ 53.12599074763812, 28.728249836316071, 0.0 ], [ 53.125925615309747, 28.72787158568697, 0.0 ], [ 53.12586057556188, 28.72746425070391, 0.0 ], [ 53.125861221842513, 28.727260664328949, 0.0 ], [ 53.126061142242868, 28.7269703090919, 0.0 ], [ 53.126393633610427, 28.72670936021127, 0.0 ], [ 53.126626439128529, 28.726506337222851, 0.0 ], [ 53.126660432820508, 28.7262446651307, 0.0 ], [ 53.126860436936497, 28.725925228290201, 0.0 ], [ 53.127060072942193, 28.725722125572549, 0.0 ], [ 53.127126038278462, 28.725325048838339, 0.0 ], [ 53.127127687854014, 28.725315117468771, 0.0 ], [ 53.127129062769917, 28.724878866062209, 0.0 ], [ 53.127063648990372, 28.724587870615959, 0.0 ], [ 53.127031125795632, 28.724384206125201, 0.0 ], [ 53.12709837125071, 28.724093532425169, 0.0 ], [ 53.127265203029822, 28.72377401702164, 0.0 ], [ 53.127431941128229, 28.72348358393582, 0.0 ], [ 53.127731063006863, 28.723280722934259, 0.0 ], [ 53.127864634048812, 28.722990209555029, 0.0 ], [ 53.12799811286488, 28.722728779436348, 0.0 ], [ 53.128131864510678, 28.72238009823144, 0.0 ], [ 53.128232177195962, 28.722118587268639, 0.0 ], [ 53.128564910186, 28.721770385876919, 0.0 ], [ 53.128497215997342, 28.722206479569358, 0.0 ], [ 53.129201882553289, 28.721361192943661, 0.0 ], [ 53.129202898806057, 28.72104124967494, 0.0 ], [ 53.129303226700927, 28.720779715220051, 0.0 ], [ 53.129536121980593, 28.72054758276543, 0.0 ], [ 53.129802363501902, 28.720257359017001, 0.0 ], [ 53.129969015401301, 28.719995986553489, 0.0 ], [ 53.130102592506987, 28.71970545127429, 0.0 ], [ 53.130136766275491, 28.71938559557185, 0.0 ], [ 53.13040281452416, 28.719153548465322, 0.0 ], [ 53.130668768744769, 28.718950586970951, 0.0 ], [ 53.130868575186682, 28.718689298257399, 0.0 ], [ 53.130969253147768, 28.71831143768393, 0.0 ], [ 53.130970073144603, 28.71804967853749, 0.0 ], [ 53.130970985001788, 28.717758836022099, 0.0 ], [ 53.131137621361262, 28.71749747335879, 0.0 ], [ 53.131138531866569, 28.717206632665022, 0.0 ], [ 53.131205950031543, 28.716857782571928, 0.0 ], [ 53.131372673224313, 28.716567339088218, 0.0 ], [ 53.131572557370667, 28.716276974469359, 0.0 ], [ 53.131639880050862, 28.715957211220481, 0.0 ], [ 53.131707293034687, 28.715608365505801, 0.0 ], [ 53.13190699144134, 28.715376170819241, 0.0 ], [ 53.132139851471322, 28.715144054773742, 0.0 ], [ 53.132273403187007, 28.714853535160529, 0.0 ], [ 53.132473096934987, 28.714621340689199, 0.0 ], [ 53.132772093819867, 28.714447550749401, 0.0 ], [ 53.132971875006113, 28.714186273215351, 0.0 ], [ 53.133204726060271, 28.713954158330761, 0.0 ], [ 53.133270599121147, 28.714099732249121, 0.0 ], [ 53.133501771830851, 28.713565242472612, 0.0 ], [ 53.133535863200059, 28.71327444315234, 0.0 ], [ 53.133835191159797, 28.71301334506887, 0.0 ], [ 53.134266900809152, 28.7128398171707, 0.0 ], [ 53.134565667428873, 28.71275324486281, 0.0 ], [ 53.135163191981832, 28.71258010206164, 0.0 ], [ 53.135362639289383, 28.71243512793437, 0.0 ], [ 53.135562174585623, 28.712261067547789, 0.0 ], [ 53.135828310848687, 28.711999903011829, 0.0 ], [ 53.1360280235007, 28.711767672712281, 0.0 ], [ 53.136393553897491, 28.71153582710021, 0.0 ], [ 53.136626151681128, 28.711390934714519, 0.0 ], [ 53.136991311425213, 28.711275434461761, 0.0 ], [ 53.137356648529376, 28.711101763093399, 0.0 ], [ 53.137687917906192, 28.711218871462041, 0.0 ], [ 53.137721898649637, 28.711223919472889, 0.0 ], [ 53.137886805031947, 28.711248417317361, 0.0 ], [ 53.138086500501842, 28.711016191661891, 0.0 ], [ 53.138385681220313, 28.710784198037061, 0.0 ], [ 53.138717841005203, 28.7106104522579, 0.0 ], [ 53.139049640967578, 28.710553046937481, 0.0 ], [ 53.13938126034094, 28.71055381188938, 0.0 ], [ 53.139746040584789, 28.710554653134139, 0.0 ], [ 53.139802396953087, 28.710566421449379, 0.0 ], [ 53.141833532900321, 28.711112078822101, 0.0 ], [ 53.142198308568027, 28.71111291614692, 0.0 ], [ 53.142563082146502, 28.711113753421209, 0.0 ], [ 53.142961015705353, 28.711114666937149, 0.0 ], [ 53.143259815977601, 28.710999010614952, 0.0 ], [ 53.143559052586447, 28.710737930473439, 0.0 ], [ 53.143824950186989, 28.710534944567641, 0.0 ], [ 53.143958465571181, 28.710244401680932, 0.0 ], [ 53.14422435915241, 28.710041416919129, 0.0 ], [ 53.144391032477323, 28.709750951510529, 0.0 ], [ 53.144524630610753, 28.709431327720651, 0.0 ], [ 53.144525361952262, 28.709186473511458, 0.0 ], [ 53.145395192697173, 28.706612165120209, 0.0 ], [ 53.145762360951451, 28.705798662236109, 0.0 ], [ 53.145895859858861, 28.705508131477622, 0.0 ], [ 53.145995946487893, 28.70530216494878, 0.0 ], [ 53.146062437418323, 28.705244147193021, 0.0 ], [ 53.146029968813757, 28.705011396227128, 0.0 ], [ 53.14596486051429, 28.704604065076119, 0.0 ], [ 53.145866163656798, 28.7043420803329, 0.0 ], [ 53.145734307527668, 28.70408001976061, 0.0 ], [ 53.145668943448122, 28.70375994416942, 0.0 ], [ 53.145669327942791, 28.70363071163035, 0.0 ], [ 53.145669524669628, 28.703564334012508, 0.0 ], [ 53.14566989395955, 28.703440021916862, 0.0 ], [ 53.145671018494014, 28.703061932356469, 0.0 ], [ 53.145671970197967, 28.702742011861659, 0.0 ], [ 53.145739236432391, 28.702422242938361, 0.0 ], [ 53.145905887833507, 28.702131786257169, 0.0 ], [ 53.146138853485922, 28.701841481702338, 0.0 ], [ 53.146438045993477, 28.701580411249399, 0.0 ], [ 53.146703906707927, 28.701377432822291, 0.0 ], [ 53.146903710732772, 28.701087052469049, 0.0 ], [ 53.147169741492199, 28.70082590597314, 0.0 ], [ 53.147568484970037, 28.700535978253829, 0.0 ], [ 53.147834083568391, 28.700420247327031, 0.0 ], [ 53.148165653342701, 28.70042100079899, 0.0 ], [ 53.14853063630364, 28.70033457822586, 0.0 ], [ 53.148862548243891, 28.700218995583, 0.0 ], [ 53.149293931833377, 28.700103637906071, 0.0 ], [ 53.149658829719087, 28.700046296395811, 0.0 ], [ 53.1499243417325, 28.699959644641989, 0.0 ], [ 53.150189939093607, 28.699843910145852, 0.0 ], [ 53.150422890834022, 28.699553598966791, 0.0 ], [ 53.150490310515657, 28.699175663966379, 0.0 ], [ 53.15049133306551, 28.69882666272451, 0.0 ], [ 53.150591739759712, 28.698506968596021, 0.0 ], [ 53.150658990085972, 28.69818719976676, 0.0 ], [ 53.150825455358742, 28.697954904138189, 0.0 ], [ 53.151025672714113, 28.69751909733623, 0.0 ], [ 53.151093006820012, 28.697170242502761, 0.0 ], [ 53.151093858627831, 28.696879406621829, 0.0 ], [ 53.151028483431219, 28.696559337560171, 0.0 ], [ 53.15096319432881, 28.696210184380998, 0.0 ], [ 53.150963962019837, 28.69594843067533, 0.0 ], [ 53.151097610697917, 28.695599720434089, 0.0 ], [ 53.151131620676523, 28.695308955420149, 0.0 ], [ 53.151198786336472, 28.69501826405137, 0.0 ], [ 53.151398662127193, 28.694698782166139, 0.0 ], [ 53.15159828233044, 28.694466552149841, 0.0 ], [ 53.151897198543701, 28.694292710468279, 0.0 ], [ 53.152262172954153, 28.6942062679598, 0.0 ], [ 53.152594077415991, 28.694090666222579, 0.0 ], [ 53.152925982105081, 28.693975062789359, 0.0 ], [ 53.153357102363131, 28.693946930937269, 0.0 ], [ 53.153688754974432, 28.693918577696429, 0.0 ], [ 53.154053820254077, 28.693803042723559, 0.0 ], [ 53.154683804176543, 28.69380442630489, 0.0 ], [ 53.154949063532428, 28.693805008318652, 0.0 ], [ 53.155280976537192, 28.69368939457987, 0.0 ], [ 53.155513758445011, 28.693457221782719, 0.0 ], [ 53.1557467963828, 28.693137790268, 0.0 ], [ 53.156045725787628, 28.692963927832551, 0.0 ], [ 53.156410887209333, 28.692819293494608, 0.0 ], [ 53.156643502506839, 28.69264528322369, 0.0 ], [ 53.156710668521548, 28.69235456979332, 0.0 ], [ 53.157009942175002, 28.692064355761079, 0.0 ], [ 53.157342035270233, 28.6918905555385, 0.0 ], [ 53.157607813763804, 28.691716608562601, 0.0 ], [ 53.157840519504283, 28.691513503270819, 0.0 ], [ 53.158007078616698, 28.69125208026178, 0.0 ], [ 53.15824012735569, 28.690932623897329, 0.0 ], [ 53.158351707656848, 28.691138619619331, 0.0 ], [ 53.158810450126182, 28.690680995516839, 0.0 ], [ 53.159008131644207, 28.690108154456251, 0.0 ], [ 53.159009776350537, 28.689534893995511, 0.0 ], [ 53.159468663988882, 28.689019955734359, 0.0 ], [ 53.159992396371571, 28.688677138416509, 0.0 ], [ 53.160255566860492, 28.68804713313672, 0.0 ], [ 53.160257199700759, 28.68747388919817, 0.0 ], [ 53.159669935868472, 28.687185992666269, 0.0 ], [ 53.159214179365577, 28.68661176139274, 0.0 ], [ 53.158757936501807, 28.686209501961262, 0.0 ], [ 53.15835040689619, 28.685895091297589, 0.0 ], [ 53.158236355485748, 28.685807100207821, 0.0 ], [ 53.157976801828113, 28.685175977537622, 0.0 ], [ 53.157651252268593, 28.684774005063311, 0.0 ], [ 53.158384286077492, 28.68413630899596, 0.0 ], [ 53.159051958589963, 28.683888352968768, 0.0 ], [ 53.159651157179667, 28.683582161075769, 0.0 ], [ 53.160859286249618, 28.683444221876979, 0.0 ], [ 53.16226064102959, 28.682887902448179, 0.0 ], [ 53.163394188379257, 28.68239517672076, 0.0 ], [ 53.164017826260157, 28.681969924328779, 0.0 ], [ 53.164747842685941, 28.681483640028191, 0.0 ], [ 53.165820213240899, 28.681288503899101, 0.0 ], [ 53.166952504878267, 28.680736444083038, 0.0 ], [ 53.167554102894307, 28.680548831111562, 0.0 ], [ 53.16821561967383, 28.68000430074208, 0.0 ], [ 53.169483605965482, 28.679509372629472, 0.0 ], [ 53.170205018704138, 28.678607918272629, 0.0 ], [ 53.171136730742099, 28.67811836724167, 0.0 ], [ 53.171532886902767, 28.677756056181799, 0.0 ], [ 53.172727458660688, 28.6769656474142, 0.0 ], [ 53.173926913101383, 28.676412453604399, 0.0 ], [ 53.175524938698231, 28.67561554036029, 0.0 ], [ 53.177380888134408, 28.674280528780692, 0.0 ], [ 53.178367500140062, 28.67319679026723, 0.0 ], [ 53.179689091295813, 28.67204832525978, 0.0 ], [ 53.180808919950607, 28.670903099486011, 0.0 ], [ 53.1815831976174, 28.670890621914712, 0.0 ], [ 53.181683099426223, 28.670889011546748, 0.0 ], [ 53.181688823639249, 28.67075346187594, 0.0 ], [ 53.181728222195787, 28.669820423958502, 0.0 ], [ 53.181836901444584, 28.66857283408001, 0.0 ], [ 53.182701224792119, 28.668084293477321, 0.0 ], [ 53.183290422958933, 28.66730355865441, 0.0 ], [ 53.184078875995873, 28.666400955090278, 0.0 ], [ 53.184540955156557, 28.665978219735042, 0.0 ], [ 53.185136281069703, 28.665494006685819, 0.0 ], [ 53.185660668200207, 28.664832959199948, 0.0 ], [ 53.186248594655211, 28.663992907100312, 0.0 ], [ 53.18672859738929, 28.663206919682271, 0.0 ], [ 53.18683404989126, 28.663034242211751, 0.0 ], [ 53.187755688254647, 28.66207014223286, 0.0 ], [ 53.188333725931173, 28.660755637544529, 0.0 ], [ 53.189120856852057, 28.659793703516371, 0.0 ], [ 53.189643959004407, 28.65907333682971, 0.0 ], [ 53.190301526780118, 28.65835079376269, 0.0 ], [ 53.190326408588703, 28.657336715683421, 0.0 ], [ 53.190337932611627, 28.656867067201642, 0.0 ], [ 53.190656842185902, 28.656031350228339, 0.0 ], [ 53.190578509089129, 28.655498687426071, 0.0 ], [ 53.190428006724837, 28.654033459541289, 0.0 ], [ 53.191111900907842, 28.653197610894871, 0.0 ], [ 53.192176530894422, 28.652685509076161, 0.0 ], [ 53.193045626674042, 28.65176417494969, 0.0 ], [ 53.193908549704631, 28.65128511876976, 0.0 ], [ 53.194480224888501, 28.650486502723709, 0.0 ], [ 53.195065897437239, 28.64999939651026, 0.0 ], [ 53.195822994770502, 28.64987543354421, 0.0 ], [ 53.195904535838359, 28.649862081941311, 0.0 ], [ 53.196367580655448, 28.64964837752375, 0.0 ], [ 53.197334381898472, 28.648931628039179, 0.0 ], [ 53.197747245704058, 28.648553776328178, 0.0 ], [ 53.198433627985068, 28.64784157063184, 0.0 ], [ 53.199257617535899, 28.647003410456019, 0.0 ], [ 53.199762212448157, 28.646541584691189, 0.0 ], [ 53.199699129837818, 28.64575906749819, 0.0 ], [ 53.200236678466553, 28.644636880322519, 0.0 ], [ 53.200264262935463, 28.64457796875833, 0.0 ], [ 53.200684197865527, 28.643681110483769, 0.0 ], [ 53.201800807507837, 28.641188617936731, 0.0 ], [ 53.203206358532043, 28.63910380898454, 0.0 ], [ 53.209129716490047, 28.638471221434319, 0.0 ], [ 53.210637136264737, 28.639023971513868, 0.0 ], [ 53.21069903057645, 28.639057317330131, 0.0 ], [ 53.212197356067328, 28.639864515008071, 0.0 ], [ 53.213125025510386, 28.64174634898772, 0.0 ], [ 53.214916358194102, 28.642459365617299, 0.0 ], [ 53.216336469512278, 28.643302148273719, 0.0 ], [ 53.219140302460303, 28.64325623502096, 0.0 ], [ 53.219997080842703, 28.643984491189691, 0.0 ], [ 53.220741298975142, 28.643807334843849, 0.0 ], [ 53.221098637713382, 28.643017938359669, 0.0 ], [ 53.221765702873249, 28.64139868465567, 0.0 ], [ 53.221119996086877, 28.63959477068024, 0.0 ], [ 53.220586874087552, 28.638696258852299, 0.0 ], [ 53.220710559445138, 28.637910693286539, 0.0 ], [ 53.220132459375172, 28.63709539447332, 0.0 ], [ 53.220308083706243, 28.636556410797269, 0.0 ], [ 53.221385421999337, 28.63666246401867, 0.0 ], [ 53.222318742277082, 28.637638634555518, 0.0 ], [ 53.22449130761963, 28.63804548540536, 0.0 ], [ 53.225954538928313, 28.638319479521041, 0.0 ], [ 53.227050186158849, 28.639291197406958, 0.0 ], [ 53.227795227319213, 28.639155228759851, 0.0 ], [ 53.228090410791523, 28.639851431380968, 0.0 ], [ 53.228978256407792, 28.639836822782559, 0.0 ], [ 53.229880053274933, 28.640481796445201, 0.0 ], [ 53.23165662409626, 28.640493773389871, 0.0 ], [ 53.23260167899312, 28.640973061788639, 0.0 ], [ 53.23480930430604, 28.641472753414639, 0.0 ], [ 53.23561943939437, 28.642201677691141, 0.0 ], [ 53.240677014211123, 28.64042731933365, 0.0 ], [ 53.241891079807012, 28.640365989915392, 0.0 ], [ 53.242345209818851, 28.639739895873099, 0.0 ], [ 53.24318017682954, 28.6394374005103, 0.0 ], [ 53.244298138410329, 28.639253926301642, 0.0 ], [ 53.246181481553528, 28.637696885159411, 0.0 ], [ 53.24752162777169, 28.636973601751048, 0.0 ], [ 53.248915516568793, 28.63657932008314, 0.0 ], [ 53.250333243140332, 28.635112431560721, 0.0 ], [ 53.249464910964448, 28.633848464966459, 0.0 ], [ 53.249261301948813, 28.633068317381159, 0.0 ], [ 53.249775276905957, 28.633059781497082, 0.0 ], [ 53.250000983907043, 28.632684887587249, 0.0 ], [ 53.250907320688029, 28.631350202769578, 0.0 ], [ 53.252163590824111, 28.631081892684549, 0.0 ], [ 53.254475113688393, 28.629888770487629, 0.0 ], [ 53.255528591581708, 28.62888151474106, 0.0 ], [ 53.256179184943889, 28.628705728340581, 0.0 ], [ 53.258178556804367, 28.628218794622398, 0.0 ], [ 53.261791085583397, 28.626673955229791, 0.0 ], [ 53.26258358696564, 28.626578245476271, 0.0 ], [ 53.264116553146799, 28.626140253406369, 0.0 ], [ 53.267987410602601, 28.624879603779121, 0.0 ], [ 53.268725189276083, 28.624413632243328, 0.0 ], [ 53.269360835510092, 28.62368131939057, 0.0 ], [ 53.270253407616551, 28.62388735335746, 0.0 ], [ 53.273048183513822, 28.625022384554729, 0.0 ], [ 53.274828686808618, 28.62553553624095, 0.0 ], [ 53.275926097645268, 28.626287073198981, 0.0 ], [ 53.276357896612012, 28.62618190777097, 0.0 ], [ 53.276759504209792, 28.626217692196558, 0.0 ], [ 53.276960276535711, 28.626253210560961, 0.0 ], [ 53.277241442268362, 28.62625358043665, 0.0 ], [ 53.277522604874363, 28.626253948877849, 0.0 ], [ 53.277623020523279, 28.62625408050836, 0.0 ], [ 53.277843933104307, 28.62625437040538, 0.0 ], [ 53.278125092576332, 28.626254738548539, 0.0 ], [ 53.278466499935398, 28.626255184545219, 0.0 ], [ 53.278526747880669, 28.626255263857939, 0.0 ], [ 53.278928398993919, 28.626255787142231, 0.0 ], [ 53.279048893812323, 28.626255944444839, 0.0 ], [ 53.27930996571326, 28.626256284451149, 0.0 ], [ 53.279631163190672, 28.626327210862168, 0.0 ], [ 53.279851948432402, 28.62639800563765, 0.0 ], [ 53.280052681620347, 28.62645114741931, 0.0 ], [ 53.280253472861389, 28.626469034911789, 0.0 ], [ 53.280494398887598, 28.626504601101431, 0.0 ], [ 53.28079548142118, 28.626593125284408, 0.0 ], [ 53.281016294637887, 28.62664629113457, 0.0 ], [ 53.281237078282381, 28.626717084510819, 0.0 ], [ 53.281357570415373, 28.626717239780088, 0.0 ], [ 53.281658621369537, 28.626823389009981, 0.0 ], [ 53.281859323368039, 28.62689415595672, 0.0 ], [ 53.282220738942712, 28.626929873756399, 0.0 ], [ 53.282461691936021, 28.626947809428628, 0.0 ], [ 53.28270267452239, 28.626948117684091, 0.0 ], [ 53.2829235156889, 28.626983654296499, 0.0 ], [ 53.283264730546151, 28.627089852921991, 0.0 ], [ 53.283405244508337, 28.627125286357298, 0.0 ], [ 53.283686243312317, 28.62721377974724, 0.0 ], [ 53.283927138369457, 28.627266967603511, 0.0 ], [ 53.284248447178221, 28.627267375917981, 0.0 ], [ 53.284469347863769, 28.62726765690941, 0.0 ], [ 53.284730411343318, 28.627267988295088, 0.0 ], [ 53.284971393390762, 28.627268294291, 0.0 ], [ 53.285192206629247, 28.627321454980368, 0.0 ], [ 53.285533252203187, 28.62753341209579, 0.0 ], [ 53.285733840680777, 28.627674682701361, 0.0 ], [ 53.286014959562593, 28.6276926650409, 0.0 ], [ 53.28631618891346, 28.6276930454301, 0.0 ], [ 53.286537091292288, 28.627693323880958, 0.0 ], [ 53.286858405106599, 28.627693728562811, 0.0 ], [ 53.287139639206373, 28.62764119989011, 0.0 ], [ 53.287320378494393, 28.627641427938929, 0.0 ], [ 53.287541338097398, 28.627606450883839, 0.0 ], [ 53.287802434802657, 28.627589151097361, 0.0 ], [ 53.288003257408882, 28.627589402667649, 0.0 ], [ 53.28826432636869, 28.62758972981155, 0.0 ], [ 53.288465148946621, 28.62758998159843, 0.0 ], [ 53.288726219888652, 28.627590307816881, 0.0 ], [ 53.288947154369637, 28.627572956255971, 0.0 ], [ 53.28916822995987, 28.627467467943131, 0.0 ], [ 53.289218747967809, 28.62742325100881, 0.0 ], [ 53.289349223501347, 28.62730904832814, 0.0 ], [ 53.289670543883723, 28.62730944806686, 0.0 ], [ 53.289564869030059, 28.627399353720978, 0.0 ], [ 53.290679779738063, 28.627172344769271, 0.0 ], [ 53.290896710340292, 28.627121850322439, 0.0 ], [ 53.291012363238913, 28.62712199038452, 0.0 ], [ 53.291243687801582, 28.627109579696409, 0.0 ], [ 53.291417184867448, 28.62709710016448, 0.0 ], [ 53.291576205198027, 28.62709729113924, 0.0 ], [ 53.291778594043798, 28.627097534102852, 0.0 ], [ 53.29205334308859, 28.627047108983689, 0.0 ], [ 53.29219796565004, 28.62700921601428, 0.0 ], [ 53.292357084375922, 28.626945963371359, 0.0 ], [ 53.292501685967693, 28.62692075973143, 0.0 ], [ 53.29266080333322, 28.626857506766079, 0.0 ], [ 53.292892199430099, 28.626794340337831, 0.0 ], [ 53.29305129468419, 28.626743776590839, 0.0 ], [ 53.293210389773733, 28.62669321266527, 0.0 ], [ 53.293383939450052, 28.62664266640785, 0.0 ], [ 53.293542953837743, 28.62664285609964, 0.0 ], [ 53.293745334483553, 28.62664309809734, 0.0 ], [ 53.293991081354278, 28.62664339130448, 0.0 ], [ 53.294179005182897, 28.626643615808259, 0.0 ], [ 53.294352474249209, 28.626643822309308, 0.0 ], [ 53.294569308530377, 28.626644080834112, 0.0 ], [ 53.294757231280421, 28.626644304552361, 0.0 ], [ 53.294945154012147, 28.626644528009731, 0.0 ], [ 53.295118620984702, 28.626644734465419, 0.0 ], [ 53.295176442964667, 28.626644803240371, 0.0 ], [ 53.295364365655473, 28.626645026115689, 0.0 ], [ 53.295508881376861, 28.626670574253652, 0.0 ], [ 53.295696744090691, 28.6267088627995, 0.0 ], [ 53.295812349481913, 28.62673437722508, 0.0 ], [ 53.296057975579167, 28.626810799840548, 0.0 ], [ 53.29615910611188, 28.626848985112499, 0.0 ], [ 53.29637584138225, 28.626912684246658, 0.0 ], [ 53.296549230781373, 28.626963642734498, 0.0 ], [ 53.296693746137251, 28.626989190484331, 0.0 ], [ 53.296881669330247, 28.626989413021921, 0.0 ], [ 53.297011788506254, 28.626976877767881, 0.0 ], [ 53.297185351523773, 28.62691363899798, 0.0 ], [ 53.297329965583863, 28.626875743470709, 0.0 ], [ 53.297489034276403, 28.626837865201541, 0.0 ], [ 53.297662577662138, 28.62678731453461, 0.0 ], [ 53.297792735608482, 28.62674940206217, 0.0 ], [ 53.298009722062559, 28.626648148293881, 0.0 ], [ 53.298154315381836, 28.62662294152517, 0.0 ], [ 53.298327859081368, 28.626572390926938, 0.0 ], [ 53.298472510146539, 28.626509116864391, 0.0 ], [ 53.298674925937107, 28.626483976886249, 0.0 ], [ 53.298848393343746, 28.626484179461809, 0.0 ], [ 53.299050771129629, 28.62648441628501, 0.0 ], [ 53.299195327107583, 28.626484584865199, 0.0 ], [ 53.299368871008987, 28.626434032955661, 0.0 ], [ 53.299527977914678, 28.626370775886201, 0.0 ], [ 53.299730452658331, 28.626307569188441, 0.0 ], [ 53.299846135665227, 28.62628232631641, 0.0 ], [ 53.300019661090943, 28.62624446226236, 0.0 ], [ 53.300236515776263, 28.62623202483735, 0.0 ], [ 53.30036661771728, 28.62623217595279, 0.0 ], [ 53.300511232553028, 28.626194277992219, 0.0 ], [ 53.300583511841232, 28.626194362409009, 0.0 ], [ 53.30127557300132, 28.62620786719091, 0.0 ], [ 53.30136233060886, 28.626195277643941, 0.0 ], [ 53.301550322015899, 28.626157424847761, 0.0 ], [ 53.301723836993247, 28.626132243551758, 0.0 ], [ 53.301868400420837, 28.62613240736216, 0.0 ], [ 53.302056350305982, 28.62611993216732, 0.0 ], [ 53.302172038500878, 28.626094685442649, 0.0 ], [ 53.30233109347347, 28.626069487458391, 0.0 ], [ 53.302504566976552, 28.626069683462131, 0.0 ], [ 53.302649128233519, 28.62606984738024, 0.0 ], [ 53.302808145082608, 28.62607002706963, 0.0 ], [ 53.302996073121932, 28.626070238384791, 0.0 ], [ 53.303169581381653, 28.626045057171481, 0.0 ], [ 53.303357582953893, 28.62599451429136, 0.0 ], [ 53.303502216526162, 28.625943921825499, 0.0 ], [ 53.303675741750403, 28.625906051351709, 0.0 ], [ 53.303878216707467, 28.6258428358645, 0.0 ], [ 53.304037340996217, 28.62576688319475, 0.0 ], [ 53.304181990181291, 28.625703603231798, 0.0 ], [ 53.304370006822587, 28.625640371299468, 0.0 ], [ 53.304557947105202, 28.62562789283696, 0.0 ], [ 53.304688028717493, 28.62564072759826, 0.0 ], [ 53.304875895033028, 28.625679003273131, 0.0 ], [ 53.305049287712521, 28.62572995072842, 0.0 ], [ 53.305338286610052, 28.625806404171762, 0.0 ], [ 53.305482785679573, 28.625844630210452, 0.0 ], [ 53.305627285885492, 28.625882856973249, 0.0 ], [ 53.305872935901142, 28.625946572827559, 0.0 ], [ 53.306046364565923, 28.62597214260769, 0.0 ], [ 53.306205373824163, 28.625972318436329, 0.0 ], [ 53.306407749814447, 28.62597254341448, 0.0 ], [ 53.306595670183519, 28.62597275076585, 0.0 ], [ 53.306754661426012, 28.62598561547771, 0.0 ], [ 53.30701485759478, 28.625985902487251, 0.0 ], [ 53.30713046420918, 28.62601140713836, 0.0 ], [ 53.307274982020701, 28.62603694348855, 0.0 ], [ 53.307405026394449, 28.626075151967289, 0.0 ], [ 53.307564035732312, 28.626075327994851, 0.0 ], [ 53.307751990904087, 28.62605015741039, 0.0 ], [ 53.307939983724957, 28.625999610200211, 0.0 ], [ 53.308099047409257, 28.62596171973609, 0.0 ], [ 53.308315877698149, 28.625961957239859, 0.0 ], [ 53.308532709004297, 28.62596219528081, 0.0 ], [ 53.308720629161343, 28.62596240058506, 0.0 ], [ 53.30885072811698, 28.62596254269803, 0.0 ], [ 53.309024192702438, 28.62596273229968, 0.0 ], [ 53.309284390583123, 28.625963016718849, 0.0 ], [ 53.309385579427833, 28.62596312692709, 0.0 ], [ 53.309515678338073, 28.62596326840092, 0.0 ], [ 53.309761421619513, 28.625963535773529, 0.0 ], [ 53.309862610458659, 28.62596364652709, 0.0 ], [ 53.310036076996511, 28.625963834797052, 0.0 ], [ 53.310195070391842, 28.625976695409989, 0.0 ], [ 53.310325100065832, 28.626027591398572, 0.0 ], [ 53.310469549278153, 28.626103878679942, 0.0 ], [ 53.310527160083311, 28.626256204122161, 0.0 ], [ 53.310599244201661, 28.626395856920169, 0.0 ], [ 53.310685801659467, 28.62652283704978, 0.0 ], [ 53.310772342855117, 28.626662505690629, 0.0 ], [ 53.310815551291228, 28.626776750093772, 0.0 ], [ 53.310800919680261, 28.62690362102289, 0.0 ], [ 53.310771832352273, 28.627030475982309, 0.0 ], [ 53.310713815038362, 28.627169988509639, 0.0 ], [ 53.310699148297779, 28.62732223752819, 0.0 ], [ 53.310698954767631, 28.627461813019039, 0.0 ], [ 53.310698691268293, 28.627652143797171, 0.0 ], [ 53.310698554015758, 28.627751397810339, 0.0 ], [ 53.310698392816057, 28.62786785266562, 0.0 ], [ 53.310698270369087, 28.62795667464507, 0.0 ], [ 53.310698112933792, 28.628070873816078, 0.0 ], [ 53.310697955527061, 28.628185073887199, 0.0 ], [ 53.310784656669213, 28.628210545935939, 0.0 ], [ 53.310889070899897, 28.62842643177715, 0.0 ], [ 53.310990396363373, 28.628337713971089, 0.0 ], [ 53.311135127101679, 28.628223663019881, 0.0 ], [ 53.311352069083703, 28.628160445772441, 0.0 ], [ 53.311511092378353, 28.628160612281089, 0.0 ], [ 53.311641220376927, 28.628148060103559, 0.0 ], [ 53.311800368181501, 28.62805940339446, 0.0 ], [ 53.311916127932527, 28.627983391250361, 0.0 ], [ 53.312060800102927, 28.62790740884623, 0.0 ], [ 53.312219820930679, 28.627907575480901, 0.0 ], [ 53.312378947526447, 28.627831608578969, 0.0 ], [ 53.312537984467802, 28.627819086279729, 0.0 ], [ 53.312740372460397, 28.627819298723239, 0.0 ], [ 53.31289942652316, 28.627794086519231, 0.0 ], [ 53.313044093607829, 28.627718104991558, 0.0 ], [ 53.313188707872953, 28.627680189979952, 0.0 ], [ 53.31333332202361, 28.627642274819699, 0.0 ], [ 53.313492338273782, 28.627642440954091, 0.0 ], [ 53.313665810245482, 28.627642621655379, 0.0 ], [ 53.313810370734139, 28.627642772662469, 0.0 ], [ 53.313998332635272, 28.627617591427011, 0.0 ], [ 53.314200750151613, 28.62759242463256, 0.0 ], [ 53.314287485574013, 28.627592515470059, 0.0 ], [ 53.314460973435011, 28.627580007504879, 0.0 ], [ 53.31457667239826, 28.627542061761769, 0.0 ], [ 53.314692423356597, 28.62746605019661, 0.0 ], [ 53.314851558240562, 28.627377394765691, 0.0 ], [ 53.314981660540766, 28.6273775299486, 0.0 ], [ 53.315169584597683, 28.627377725217631, 0.0 ], [ 53.315328563374912, 28.627403268205882, 0.0 ], [ 53.315458509225913, 28.627517600082729, 0.0 ], [ 53.315574016573507, 28.627619229606481, 0.0 ], [ 53.315718401852841, 28.62774626701583, 0.0 ], [ 53.315776138360697, 28.627809770686799, 0.0 ], [ 53.315920592605217, 28.62788605178288, 0.0 ], [ 53.316065150206192, 28.62788620131694, 0.0 ], [ 53.316135055914692, 28.627876049503911, 0.0 ], [ 53.317042305574383, 28.62745438257442, 0.0 ], [ 53.317077645862469, 28.627443143333242, 0.0 ], [ 53.317178954805627, 28.6273544277255, 0.0 ], [ 53.317338101919191, 28.62725308278662, 0.0 ], [ 53.317453848384361, 28.62717706992705, 0.0 ], [ 53.317280363827003, 28.627189579831249, 0.0 ], [ 53.317340994516996, 28.627175913038752, 0.0 ], [ 53.317946112864661, 28.626593901666411, 0.0 ], [ 53.318018374389467, 28.626271946135731, 0.0 ], [ 53.318220857414772, 28.626196018382331, 0.0 ], [ 53.318293222021119, 28.62613264784515, 0.0 ], [ 53.318423441657558, 28.626043958122668, 0.0 ], [ 53.318553644521693, 28.625967957734812, 0.0 ], [ 53.318654936261282, 28.625891927865119, 0.0 ], [ 53.318799559100633, 28.625841319520209, 0.0 ], [ 53.318973144276256, 28.62575267376635, 0.0 ], [ 53.319074518040921, 28.625613200892939, 0.0 ], [ 53.319132474828209, 28.625511751052009, 0.0 ], [ 53.319204904392947, 28.625397625908761, 0.0 ], [ 53.319255696421138, 28.62531759435042, 0.0 ], [ 53.319277332804788, 28.625283501653431, 0.0 ], [ 53.319393194082878, 28.62511866747397, 0.0 ], [ 53.319509037525073, 28.62496652177169, 0.0 ], [ 53.319552486843222, 28.624903123294381, 0.0 ], [ 53.319639353432862, 28.624801702467959, 0.0 ], [ 53.319740723472577, 28.624662231922009, 0.0 ], [ 53.319827622547159, 28.624535433913081, 0.0 ], [ 53.319928992077408, 28.62439596234838, 0.0 ], [ 53.320030312148702, 28.624294557240191, 0.0 ], [ 53.320175112409359, 28.624104375460821, 0.0 ], [ 53.320247537964633, 28.623990252599629, 0.0 ], [ 53.320334418555603, 28.62387614468015, 0.0 ], [ 53.320406875502279, 28.62373664469159, 0.0 ], [ 53.320493755704632, 28.623622535786101, 0.0 ], [ 53.320595073490637, 28.623521130336311, 0.0 ], [ 53.320768665604199, 28.623419796800029, 0.0 ], [ 53.320942175852117, 28.6233819057319, 0.0 ], [ 53.321086725862173, 28.623382050277119, 0.0 ], [ 53.321202349384961, 28.623394854338368, 0.0 ], [ 53.321317840797882, 28.623509165686961, 0.0 ], [ 53.321433365991368, 28.623598100743639, 0.0 ], [ 53.32160667845595, 28.623712469424682, 0.0 ], [ 53.321765552342242, 28.623814135414829, 0.0 ], [ 53.321924459913447, 28.623890424128142, 0.0 ], [ 53.322068912539763, 28.623966698756991, 0.0 ], [ 53.322198828416823, 28.624106401088891, 0.0 ], [ 53.322285412309952, 28.624220683735562, 0.0 ], [ 53.322297329329238, 28.62423866146003, 0.0 ], [ 53.322386403243847, 28.62437304573178, 0.0 ], [ 53.322487442805482, 28.624487342066491, 0.0 ], [ 53.322588433282263, 28.62463970389237, 0.0 ], [ 53.32264609243839, 28.624766646202669, 0.0 ], [ 53.322674872290612, 28.624868182931579, 0.0 ], [ 53.322732514596979, 28.625007813724949, 0.0 ], [ 53.322833474909331, 28.625185554131338, 0.0 ], [ 53.322920060453832, 28.625299837166342, 0.0 ], [ 53.322977752521588, 28.62540140314772, 0.0 ], [ 53.323093186087092, 28.625566468545671, 0.0 ], [ 53.323179757271923, 28.625693440773961, 0.0 ], [ 53.323280752100423, 28.625845804604509, 0.0 ], [ 53.323396218690952, 28.625985495357721, 0.0 ], [ 53.323497231146149, 28.626125171358559, 0.0 ], [ 53.323583820310667, 28.626239455637009, 0.0 ], [ 53.323713696467017, 28.62641722708425, 0.0 ], [ 53.323771407966603, 28.62650610498952, 0.0 ], [ 53.32387243843327, 28.626633093920258, 0.0 ], [ 53.32395904437648, 28.62673469029696, 0.0 ], [ 53.324031148282927, 28.62687433936248, 0.0 ], [ 53.324059933320243, 28.626975879212569, 0.0 ], [ 53.324132053452431, 28.627102840598091, 0.0 ], [ 53.324189734010318, 28.627217097991871, 0.0 ], [ 53.324300642575011, 28.627292990900749, 0.0 ], [ 53.324669830404957, 28.62763815673355, 0.0 ], [ 53.324921587905173, 28.627736657405809, 0.0 ], [ 53.32525749954219, 28.627687841322551, 0.0 ], [ 53.325453695164619, 28.627466933901079, 0.0 ], [ 53.325649826177333, 28.627295158907451, 0.0 ], [ 53.325957933191873, 28.62709892394593, 0.0 ], [ 53.32618201552684, 28.626951741596262, 0.0 ], [ 53.326406126960968, 28.626779994871651, 0.0 ], [ 53.326350530898097, 28.62648515874886, 0.0 ], [ 53.326294839853396, 28.626264019310302, 0.0 ], [ 53.325987180821713, 28.62611633794408, 0.0 ], [ 53.325903599058599, 28.625821476806941, 0.0 ], [ 53.325847595440699, 28.625845988658732, 0.0 ], [ 53.32601607713729, 28.625403977506959, 0.0 ], [ 53.326324171164217, 28.625207750260788, 0.0 ], [ 53.32666012425161, 28.625109808674711, 0.0 ], [ 53.32696796592824, 28.62511009980355, 0.0 ], [ 53.327359916750837, 28.624987646133309, 0.0 ], [ 53.327583892111818, 28.624914162205808, 0.0 ], [ 53.327752049388756, 28.624717803509419, 0.0 ], [ 53.327696447188842, 28.624422975297499, 0.0 ], [ 53.327696784649213, 28.62415276624645, 0.0 ], [ 53.327697152647843, 28.623857992236239, 0.0 ], [ 53.32780945856593, 28.623563324021131, 0.0 ], [ 53.327977581017493, 28.623391532845812, 0.0 ], [ 53.328257427722463, 28.623391797043389, 0.0 ], [ 53.328593212391809, 28.62341667773218, 0.0 ], [ 53.328900951000968, 28.62349065967835, 0.0 ], [ 53.329264628250563, 28.62358925857848, 0.0 ], [ 53.32948835339657, 28.623712289429939, 0.0 ], [ 53.329739942715712, 28.62393360449342, 0.0 ], [ 53.329991623981698, 28.624081225151681, 0.0 ], [ 53.330131306642343, 28.624277870492289, 0.0 ], [ 53.330355003353127, 28.62442546558831, 0.0 ], [ 53.330522642306207, 28.62464670102424, 0.0 ], [ 53.330718356382953, 28.624794270686419, 0.0 ], [ 53.330690669235658, 28.624548599632039, 0.0 ], [ 53.33066298330175, 28.624302929440649, 0.0 ], [ 53.330663339926247, 28.62400815686366, 0.0 ], [ 53.330579744518367, 28.623713307360241, 0.0 ], [ 53.330496089929113, 28.623467586691589, 0.0 ], [ 53.330356437721242, 28.623246378570769, 0.0 ], [ 53.330384749073367, 28.622976198331109, 0.0 ], [ 53.330580906336529, 28.622755302840051, 0.0 ], [ 53.33086086501077, 28.62265730580452, 0.0 ], [ 53.331140763692652, 28.62260843713273, 0.0 ], [ 53.33139276666985, 28.622485849504692, 0.0 ], [ 53.331616843940232, 28.622314107999909, 0.0 ], [ 53.33198051597919, 28.62241269976062, 0.0 ], [ 53.332120288213659, 28.62253564922387, 0.0 ], [ 53.332315883392269, 28.62278147085393, 0.0 ], [ 53.332623589692552, 28.622880010142019, 0.0 ], [ 53.332875241654463, 28.623052190272769, 0.0 ], [ 53.333070867824652, 28.62327344757869, 0.0 ], [ 53.333350476864602, 28.62347021671691, 0.0 ], [ 53.333602074185457, 28.623691525057438, 0.0 ], [ 53.333825804126683, 28.623814550236489, 0.0 ], [ 53.334077433316438, 28.624011294499851, 0.0 ], [ 53.334245166968408, 28.624158833027838, 0.0 ], [ 53.334552939777772, 28.62420824141498, 0.0 ], [ 53.334748631411657, 28.62438036979761, 0.0 ], [ 53.334860285681813, 28.624626116368781, 0.0 ], [ 53.335111948516229, 28.624798295401529, 0.0 ], [ 53.335363812005369, 28.624798523631728, 0.0 ], [ 53.335671617737432, 28.624823366260799, 0.0 ], [ 53.335979368525607, 28.624897337817998, 0.0 ], [ 53.336259219138491, 28.624897589732772, 0.0 ], [ 53.336567055688221, 28.624897866335189, 0.0 ], [ 53.336706674504853, 28.625168203840449, 0.0 ], [ 53.336454611311652, 28.625339930154261, 0.0 ], [ 53.336370430608412, 28.625536372830791, 0.0 ], [ 53.336286334980102, 28.625659120980838, 0.0 ], [ 53.33690209848988, 28.625585981328499, 0.0 ], [ 53.337070012332987, 28.625586131476471, 0.0 ], [ 53.337349867715858, 28.625586382780931, 0.0 ], [ 53.337629807490217, 28.625512939071939, 0.0 ], [ 53.33790974683501, 28.625439494805949, 0.0 ], [ 53.338245740897577, 28.625292405418161, 0.0 ], [ 53.338553776899801, 28.62512072468185, 0.0 ], [ 53.339085645965987, 28.624998372775892, 0.0 ], [ 53.338525599430326, 28.625292655168462, 0.0 ], [ 53.3399217489996, 28.624949977064841, 0.0 ], [ 53.340173736613778, 28.624851930644859, 0.0 ], [ 53.340425722688657, 28.62475388289754, 0.0 ], [ 53.340817524730042, 28.624754213155839, 0.0 ], [ 53.341069396412472, 28.624754425205619, 0.0 ], [ 53.341377238734097, 28.6247546835544, 0.0 ], [ 53.341713064823153, 28.624754965442911, 0.0 ], [ 53.342076902788151, 28.624730704988469, 0.0 ], [ 53.342300894672512, 28.624632633451341, 0.0 ], [ 53.342664811924287, 28.62453467812589, 0.0 ], [ 53.342916677737733, 28.6245348877592, 0.0 ], [ 53.343308468271793, 28.62453521373736, 0.0 ], [ 53.343672271927304, 28.624535514802059, 0.0 ], [ 53.343924135580203, 28.62453572349796, 0.0 ], [ 53.344231915402069, 28.62458510679021, 0.0 ], [ 53.344567705747522, 28.62460994829522, 0.0 ], [ 53.34481954192875, 28.624634719149029, 0.0 ], [ 53.345127321308212, 28.624684101283052, 0.0 ], [ 53.345407141471092, 28.624708894554409, 0.0 ], [ 53.345714867677088, 28.624807404753049, 0.0 ], [ 53.346050762605159, 28.624733985532419, 0.0 ], [ 53.346358749657341, 28.62458684997517, 0.0 ], [ 53.346890612143312, 28.62443989559026, 0.0 ], [ 53.347002601745743, 28.624390856993202, 0.0 ], [ 53.347282368466658, 28.624464777602679, 0.0 ], [ 53.347590326987138, 28.62434220406659, 0.0 ], [ 53.347842315581531, 28.624219585764159, 0.0 ], [ 53.348094404464497, 28.623998709255961, 0.0 ], [ 53.348234582176978, 28.623753178829411, 0.0 ], [ 53.348402716964912, 28.623532234936231, 0.0 ], [ 53.348542943694063, 28.623237576728361, 0.0 ], [ 53.348711026878512, 28.623065761848071, 0.0 ], [ 53.349102981294791, 28.62289412606529, 0.0 ], [ 53.34927096205557, 28.622820566503488, 0.0 ], [ 53.349606771435667, 28.622820833837199, 0.0 ], [ 53.349858602829663, 28.62284559822654, 0.0 ], [ 53.350110335189527, 28.622968618914019, 0.0 ], [ 53.350278040620552, 28.623165265632839, 0.0 ], [ 53.350389753849541, 28.623386432751499, 0.0 ], [ 53.350585395599381, 28.623632230721238, 0.0 ], [ 53.350977080975987, 28.623730797764971, 0.0 ], [ 53.351228918799627, 28.62375556028708, 0.0 ], [ 53.351536750503563, 28.62375580212111, 0.0 ], [ 53.351928538481182, 28.623756109596521, 0.0 ], [ 53.352180402281832, 28.62375630659346, 0.0 ], [ 53.35251631912633, 28.623658310661209, 0.0 ], [ 53.352796194700332, 28.6236339638582, 0.0 ], [ 53.353132016306127, 28.623634224823039, 0.0 ], [ 53.353579780389872, 28.623634571144059, 0.0 ], [ 53.353887620563412, 28.62363480839463, 0.0 ], [ 53.35422344710183, 28.623635067464718, 0.0 ], [ 53.354643232749439, 28.623635390311669, 0.0 ], [ 53.354895175502207, 28.623561888390281, 0.0 ], [ 53.355147142991129, 28.6234638214185, 0.0 ], [ 53.355147167088333, 28.62343925683485, 0.0 ], [ 53.356069628187562, 28.623341702309311, 0.0 ], [ 53.356601369354379, 28.623342091217019, 0.0 ], [ 53.356741300675871, 28.623342193175819, 0.0 ], [ 53.357217134866843, 28.62326884477763, 0.0 ], [ 53.357441093407587, 28.623195313568861, 0.0 ], [ 53.357748983606648, 28.623146406612261, 0.0 ], [ 53.358140899181478, 28.623023866955361, 0.0 ], [ 53.358672783794027, 28.62285229816219, 0.0 ], [ 53.358952705311921, 28.622778806089439, 0.0 ], [ 53.359176585766292, 28.622778965838449, 0.0 ], [ 53.35948444344772, 28.62275462150642, 0.0 ], [ 53.359820283937943, 28.622730297010559, 0.0 ], [ 53.360072215067099, 28.622656783167191, 0.0 ], [ 53.36032407709849, 28.622656962424639, 0.0 ], [ 53.360715860002493, 28.62265723927726, 0.0 ], [ 53.360995682143908, 28.622682001228711, 0.0 ], [ 53.361219512683093, 28.622731287592462, 0.0 ], [ 53.361639255027612, 28.62275614650547, 0.0 ], [ 53.361947081992327, 28.622756362131032, 0.0 ], [ 53.362338973057931, 28.62263381459606, 0.0 ], [ 53.362478960025783, 28.622560219198451, 0.0 ], [ 53.362786828896432, 28.622511304016669, 0.0 ], [ 53.363178605657339, 28.622511575666248, 0.0 ], [ 53.363402477908593, 28.622511730387959, 0.0 ], [ 53.363654355149727, 28.622487340006408, 0.0 ], [ 53.36373857023716, 28.622192628221509, 0.0 ], [ 53.364046545495817, 28.622020890671489, 0.0 ], [ 53.364326362110774, 28.622045645865111, 0.0 ], [ 53.364718134784162, 28.62204591409834, 0.0 ], [ 53.365025955063587, 28.62204612291578, 0.0 ], [ 53.365361760071913, 28.622046350390779, 0.0 ], [ 53.365753510854667, 28.622071179170341, 0.0 ], [ 53.366089252099641, 28.6221450972368, 0.0 ], [ 53.366452956060833, 28.622243598024131, 0.0 ], [ 53.366760694047812, 28.622342060531238, 0.0 ], [ 53.367124315928933, 28.622538816197199, 0.0 ], [ 53.367320098541128, 28.622661767524718, 0.0 ], [ 53.367683849661553, 28.622711136858658, 0.0 ], [ 53.367935706697622, 28.622711302919541, 0.0 ], [ 53.36835547006433, 28.62271157921781, 0.0 ], [ 53.368635312957032, 28.622711763583411, 0.0 ], [ 53.368999046806827, 28.622785694583332, 0.0 ], [ 53.369278850191932, 28.62283500545848, 0.0 ], [ 53.369642586858717, 28.622908935542529, 0.0 ], [ 53.369950377771829, 28.62295826340856, 0.0 ], [ 53.370258128819913, 28.623056721104561, 0.0 ], [ 53.370509951451183, 28.623106012777619, 0.0 ], [ 53.370761635144028, 28.623327254507959, 0.0 ], [ 53.370873334223823, 28.623622100614369, 0.0 ], [ 53.370984996297082, 28.623966077065571, 0.0 ], [ 53.371068793031512, 28.624162648187351, 0.0 ], [ 53.371320542548588, 28.624310199133291, 0.0 ], [ 53.37160036003845, 28.624359508343652, 0.0 ], [ 53.371908163074977, 28.624408835828859, 0.0 ], [ 53.372159880233021, 28.62460551640233, 0.0 ], [ 53.372299556395618, 28.624924949424368, 0.0 ], [ 53.37243929459715, 28.625170689189339, 0.0 ], [ 53.372635006694281, 28.625416466139409, 0.0 ], [ 53.372827119452658, 28.625549539364851, 0.0 ], [ 53.372988078358873, 28.625526365705142, 0.0 ], [ 53.373237191601099, 28.625490481566441, 0.0 ], [ 53.373377339304419, 28.625220354970349, 0.0 ], [ 53.373601320929232, 28.6250976671299, 0.0 ], [ 53.373881370330167, 28.62485219064272, 0.0 ], [ 53.3741612200144, 28.624852359605612, 0.0 ], [ 53.374441030525922, 28.624901657526959, 0.0 ], [ 53.374776789487953, 28.62497555305573, 0.0 ], [ 53.375224431377482, 28.62512320978038, 0.0 ], [ 53.37547623614239, 28.62519705345883, 0.0 ], [ 53.375644126501683, 28.625221719190129, 0.0 ], [ 53.375923974869643, 28.62522188538826, 0.0 ], [ 53.376259850499878, 28.625148391363631, 0.0 ], [ 53.376539792965922, 28.62502573487663, 0.0 ], [ 53.376735780725262, 28.624903027863962, 0.0 ], [ 53.377099732696223, 28.62470672652789, 0.0 ], [ 53.377295737090023, 28.624559455412911, 0.0 ], [ 53.377631663921342, 28.624412266270479, 0.0 ], [ 53.377883617543702, 28.62428959222019, 0.0 ], [ 53.378163554677968, 28.624166934429191, 0.0 ], [ 53.378443398871831, 28.624167097405788, 0.0 ], [ 53.378751208574563, 28.624191841541009, 0.0 ], [ 53.379031016731957, 28.62424113179528, 0.0 ], [ 53.379338791845747, 28.624315003042721, 0.0 ], [ 53.37959061640472, 28.624364277458032, 0.0 ], [ 53.379898411533553, 28.62441358402662, 0.0 ], [ 53.380290126015836, 28.624512066171778, 0.0 ], [ 53.380597939933509, 28.62453680686923, 0.0 ], [ 53.380877788880369, 28.62453696738854, 0.0 ], [ 53.381213607134448, 28.62453715853373, 0.0 ], [ 53.381409502433193, 28.624537268874821, 0.0 ], [ 53.381829277192942, 28.624537507343909, 0.0 ], [ 53.382221068699153, 28.624537727746201, 0.0 ], [ 53.381969150665867, 28.624611279456641, 0.0 ], [ 53.382752754830747, 28.624587155829591, 0.0 ], [ 53.384096162483743, 28.62444051559627, 0.0 ], [ 53.384431992155257, 28.624440701264749, 0.0 ], [ 53.38459990797962, 28.6244407933176, 0.0 ], [ 53.38507567131203, 28.62444105477346, 0.0 ], [ 53.385215519787202, 28.62456395613194, 0.0 ], [ 53.386086788669033, 28.624318040282098, 0.0 ], [ 53.386382555801937, 28.624169909673078, 0.0 ], [ 53.386805063804132, 28.623984773914401, 0.0 ], [ 53.386931516711471, 28.624392643028759, 0.0 ], [ 53.387875953083942, 28.623467976572599, 0.0 ], [ 53.387788716284312, 28.623186549965862, 0.0 ], [ 53.387759762282563, 28.622905153433909, 0.0 ], [ 53.387759933546839, 28.622649351996309, 0.0 ], [ 53.387760154937432, 28.622316810408329, 0.0 ], [ 53.387643777726844, 28.622035369413659, 0.0 ], [ 53.387469066169253, 28.621830639079889, 0.0 ], [ 53.387148597724682, 28.621702573529049, 0.0 ], [ 53.386798988204383, 28.621574491885081, 0.0 ], [ 53.386682595109377, 28.621318629943119, 0.0 ], [ 53.386682784554402, 28.621037248260091, 0.0 ], [ 53.386682957753337, 28.620781446622502, 0.0 ], [ 53.3866831982739, 28.62042332471189, 0.0 ], [ 53.386683363588183, 28.62017783467827, 0.0 ], [ 53.386683370562316, 28.62016752307126, 0.0 ], [ 53.386683592854908, 28.61983498032464, 0.0 ], [ 53.386683781554161, 28.619553597701799, 0.0 ], [ 53.386684003971482, 28.61922105402596, 0.0 ], [ 53.38680068678206, 28.619042053090009, 0.0 ], [ 53.387150340455712, 28.619093396838579, 0.0 ], [ 53.387470887583923, 28.619093563443428, 0.0 ], [ 53.387791433633097, 28.61909372930732, 0.0 ], [ 53.388082838523722, 28.61909387936176, 0.0 ], [ 53.388694788234019, 28.61909419253173, 0.0 ], [ 53.388869630649133, 28.61909428021751, 0.0 ], [ 53.389306736673937, 28.619094501149661, 0.0 ], [ 53.389569000242084, 28.619094633211791, 0.0 ], [ 53.389947824956323, 28.61909482167431, 0.0 ], [ 53.390384929677339, 28.61909503824112, 0.0 ], [ 53.390705555004033, 28.61896729442255, 0.0 ], [ 53.390997006941127, 28.618890696383161, 0.0 ], [ 53.391463333531163, 28.618763022061248, 0.0 ], [ 53.391725644311343, 28.61868640726194, 0.0 ], [ 53.391987955697708, 28.618609791958239, 0.0 ], [ 53.392191969923303, 28.618558728711211, 0.0 ], [ 53.39277477720649, 28.618559004878581, 0.0 ], [ 53.393066180767057, 28.618559141570358, 0.0 ], [ 53.393328445476563, 28.618559264570688, 0.0 ], [ 53.393765553220327, 28.618559467540251, 0.0 ], [ 53.394115240356811, 28.618559628701291, 0.0 ], [ 53.394377505894461, 28.618559747847421, 0.0 ], [ 53.39466891328356, 28.6185598810169, 0.0 ], [ 53.395076883929072, 28.61856006513047, 0.0 ], [ 53.395630561649298, 28.618560312520689, 0.0 ], [ 53.396009395339597, 28.618560480311, 0.0 ], [ 53.396446513632867, 28.618560672621321, 0.0 ], [ 53.396621361517212, 28.618560748417892, 0.0 ], [ 53.396912775676093, 28.618560875728729, 0.0 ], [ 53.397291616229737, 28.618561038902332, 0.0 ], [ 53.397612174104353, 28.618561175926359, 0.0 ], [ 53.397903592170017, 28.61856130013005, 0.0 ], [ 53.398224152980923, 28.618561434748809, 0.0 ], [ 53.398661328316848, 28.618484875414492, 0.0 ], [ 53.399215077000918, 28.618408361622912, 0.0 ], [ 53.399420094712767, 28.618408446296382, 0.0 ], [ 53.401200789198313, 28.618097669407518, 0.0 ], [ 53.401403136009257, 28.618023756275381, 0.0 ], [ 53.401571755664527, 28.617964628932999, 0.0 ], [ 53.401740383798952, 28.617890703092549, 0.0 ], [ 53.401942728781997, 28.617816790118169, 0.0 ], [ 53.402128198722117, 28.61777246827825, 0.0 ], [ 53.402279981668663, 28.61766893560549, 0.0 ], [ 53.402549798537713, 28.617521053613441, 0.0 ], [ 53.402752164657173, 28.61740274107483, 0.0 ], [ 53.40290393897088, 28.61731400784176, 0.0 ], [ 53.403055720463179, 28.617210474377909, 0.0 ], [ 53.403224383426291, 28.61706255005512, 0.0 ], [ 53.403359275115989, 28.617018206159731, 0.0 ], [ 53.403544765120628, 28.616929484985761, 0.0 ], [ 53.403763964183291, 28.616855575370849, 0.0 ], [ 53.403983163937284, 28.61678166540047, 0.0 ], [ 53.404236080080153, 28.61670776850746, 0.0 ], [ 53.404286656180247, 28.61670778859547, 0.0 ], [ 53.404539563591143, 28.616648689436101, 0.0 ], [ 53.40484306319216, 28.616560011349389, 0.0 ], [ 53.405112837406328, 28.616486118594839, 0.0 ], [ 53.405332036299917, 28.616412205619461, 0.0 ], [ 53.405534369472022, 28.616353085816652, 0.0 ], [ 53.405618684260489, 28.616308719224961, 0.0 ], [ 53.405837890460603, 28.6162200054004, 0.0 ], [ 53.405972796952341, 28.6161460588667, 0.0 ], [ 53.406107717360833, 28.616042514811451, 0.0 ], [ 53.406310072353151, 28.615938993728228, 0.0 ], [ 53.406546138386553, 28.61585028433116, 0.0 ], [ 53.40681592829516, 28.615746786368991, 0.0 ], [ 53.406697829383667, 28.61592433686566, 0.0 ], [ 53.408164839343577, 28.61533287987324, 0.0 ], [ 53.40838402129193, 28.61530335676288, 0.0 ], [ 53.408721223467317, 28.615259073615171, 0.0 ], [ 53.408836495176367, 28.615333056603632, 0.0 ], [ 53.4089713687002, 28.61534790816253, 0.0 ], [ 53.409139943737493, 28.615407171795891, 0.0 ], [ 53.409257866965874, 28.615629214616661, 0.0 ], [ 53.409257803079463, 28.61577721213494, 0.0 ], [ 53.4092577645673, 28.615866011369629, 0.0 ], [ 53.409156521423547, 28.61605836988111, 0.0 ], [ 53.409132202733417, 28.616086808792609, 0.0 ], [ 53.409004702671233, 28.616235910096361, 0.0 ], [ 53.408886596409687, 28.616428263304801, 0.0 ], [ 53.408869664074921, 28.616591053890051, 0.0 ], [ 53.408869598704207, 28.616739050538069, 0.0 ], [ 53.408936972877612, 28.616887072465101, 0.0 ], [ 53.409004334017077, 28.61706469349339, 0.0 ], [ 53.409105415267973, 28.617242326607411, 0.0 ], [ 53.409206510028291, 28.617390359575172, 0.0 ], [ 53.409375017725772, 28.61759761488425, 0.0 ], [ 53.409425570960522, 28.617656831251779, 0.0 ], [ 53.409577211414323, 28.617878878471309, 0.0 ], [ 53.40974569154173, 28.618145329730559, 0.0 ], [ 53.409779384670138, 28.618204539963919, 0.0 ], [ 53.409880470744213, 28.618367369679952, 0.0 ], [ 53.409998416762519, 28.61853020525114, 0.0 ], [ 53.410065796128357, 28.618663424672789, 0.0 ], [ 53.410183735321141, 28.618841059167469, 0.0 ], [ 53.410251107667683, 28.618989076691019, 0.0 ], [ 53.410335333530483, 28.619151900082151, 0.0 ], [ 53.410470104873653, 28.619388737540401, 0.0 ], [ 53.410655449846537, 28.619640391513659, 0.0 ], [ 53.410807094046902, 28.619847634405069, 0.0 ], [ 53.410908186663491, 28.619995663178909, 0.0 ], [ 53.411059865459897, 28.620128909277501, 0.0 ], [ 53.411194689999789, 28.620247349412882, 0.0 ], [ 53.4112958231755, 28.620306580504469, 0.0 ], [ 53.411531794131278, 28.620454652175031, 0.0 ], [ 53.411700352894307, 28.620543504115201, 0.0 ], [ 53.411818338335877, 28.620617540530318, 0.0 ], [ 53.412037488689343, 28.62067680915505, 0.0 ], [ 53.412138568486441, 28.620854435076499, 0.0 ], [ 53.412189080947613, 28.621002446665479, 0.0 ], [ 53.412155287402847, 28.621165231754009, 0.0 ], [ 53.412037222217819, 28.62126879027133, 0.0 ], [ 53.411936008681913, 28.62138715531318, 0.0 ], [ 53.411986480225252, 28.621623966088851, 0.0 ], [ 53.41205387351976, 28.621727585171399, 0.0 ], [ 53.412205573646382, 28.62181643067148, 0.0 ], [ 53.412340412904847, 28.621905272180189, 0.0 ], [ 53.412559592509972, 28.62190534069271, 0.0 ], [ 53.412745051844929, 28.621905398601339, 0.0 ], [ 53.412981090528447, 28.62190547292785, 0.0 ], [ 53.413166548817983, 28.621905531179049, 0.0 ], [ 53.413419445526912, 28.62190561030156, 0.0 ], [ 53.413604903770633, 28.62190566795217, 0.0 ], [ 53.413790359950767, 28.621905725385059, 0.0 ], [ 53.414178133414033, 28.621905845772361, 0.0 ], [ 53.414363589534197, 28.62190590241989, 0.0 ], [ 53.41461648406964, 28.621905981146082, 0.0 ], [ 53.414936815907417, 28.62190607888553, 0.0 ], [ 53.415240288621902, 28.621906171484898, 0.0 ], [ 53.415324586095053, 28.621906197846862, 0.0 ], [ 53.415560620388248, 28.621906269551818, 0.0 ], [ 53.415796653648542, 28.621906341765289, 0.0 ], [ 53.416049517041763, 28.621980415848519, 0.0 ], [ 53.416234954454787, 28.62202487072766, 0.0 ], [ 53.41643724559691, 28.622084130431599, 0.0 ], [ 53.416588969587842, 28.622113775501042, 0.0 ], [ 53.416757548319097, 28.622158225421941, 0.0 ], [ 53.416892363282329, 28.622321061898489, 0.0 ], [ 53.416909148547496, 28.622513462750941, 0.0 ], [ 53.416875366209418, 28.622676250306611, 0.0 ], [ 53.416875297807422, 28.622853847935222, 0.0 ], [ 53.416925814675423, 28.623016661679699, 0.0 ], [ 53.417026922412127, 28.623149890623779, 0.0 ], [ 53.417212364315439, 28.623194345775701, 0.0 ], [ 53.417414633497202, 28.62332760622353, 0.0 ], [ 53.417600103550683, 28.623298061993712, 0.0 ], [ 53.417768735443772, 28.623209312801279, 0.0 ], [ 53.417920507787663, 28.62312055847643, 0.0 ], [ 53.418089177029273, 28.622928210237131, 0.0 ], [ 53.41815664856459, 28.62283943112579, 0.0 ], [ 53.41824099597433, 28.622706257964168, 0.0 ], [ 53.41830848927907, 28.622558280830429, 0.0 ], [ 53.418342267308013, 28.622395493086341, 0.0 ], [ 53.418392894935103, 28.62226231098315, 0.0 ], [ 53.418460386762497, 28.622114333813041, 0.0 ], [ 53.418544781333118, 28.621847965576009, 0.0 ], [ 53.418696582368298, 28.62167041542175, 0.0 ], [ 53.418730221403493, 28.62189241965746, 0.0 ], [ 53.418814745996819, 28.621353398593921, 0.0 ], [ 53.418882241825777, 28.621190617724299, 0.0 ], [ 53.418966597415903, 28.621027842543921, 0.0 ], [ 53.418966654233891, 28.620865042366301, 0.0 ], [ 53.418966695583173, 28.620746642890801, 0.0 ], [ 53.418983658882063, 28.620450650812948, 0.0 ], [ 53.418983727170442, 28.620258253440841, 0.0 ], [ 53.41898377894158, 28.62011025588922, 0.0 ], [ 53.419000700836349, 28.619932663281009, 0.0 ], [ 53.419000763010366, 28.6197550676556, 0.0 ], [ 53.419017675579802, 28.61960707670023, 0.0 ], [ 53.419034587095588, 28.61945908576093, 0.0 ], [ 53.419118956879508, 28.6192519161477, 0.0 ], [ 53.419152716512713, 28.619133529898779, 0.0 ], [ 53.419203357371501, 28.61895595048728, 0.0 ], [ 53.419321481712693, 28.618645195340509, 0.0 ], [ 53.419405881334143, 28.61834923229863, 0.0 ], [ 53.419422803585739, 28.61817164414645, 0.0 ], [ 53.419456589395089, 28.617979262657592, 0.0 ], [ 53.41949038125756, 28.61777208120839, 0.0 ], [ 53.419557864076531, 28.617638907210679, 0.0 ], [ 53.419659117684994, 28.617357748748368, 0.0 ], [ 53.41970975811752, 28.617180170993191, 0.0 ], [ 53.419777250562433, 28.617017398848471, 0.0 ], [ 53.419844744839082, 28.616854625740711, 0.0 ], [ 53.419878514337107, 28.61670664218547, 0.0 ], [ 53.419878540868453, 28.616632646099649, 0.0 ], [ 53.42003032870663, 28.616469896632179, 0.0 ], [ 53.420114665232752, 28.61635152616104, 0.0 ], [ 53.420215870835293, 28.61620356138533, 0.0 ], [ 53.420333950413891, 28.61601120324427, 0.0 ], [ 53.420384569064602, 28.615892822335638, 0.0 ], [ 53.420452046708832, 28.615774446992631, 0.0 ], [ 53.420553247305811, 28.615641280124539, 0.0 ], [ 53.420738746793347, 28.61549333742748, 0.0 ], [ 53.420890497901617, 28.615434180321429, 0.0 ], [ 53.421059106814887, 28.615375027679288, 0.0 ], [ 53.421261456271132, 28.61525668694911, 0.0 ], [ 53.421328954183181, 28.61507911150272, 0.0 ], [ 53.421379604832502, 28.61487193337906, 0.0 ], [ 53.421379672721592, 28.614679541481291, 0.0 ], [ 53.421430301468867, 28.614531560381, 0.0 ], [ 53.42153152330242, 28.614339193130188, 0.0 ], [ 53.421649588961202, 28.614191228336569, 0.0 ], [ 53.421750789635666, 28.61405805886924, 0.0 ], [ 53.421852001781858, 28.613895289455009, 0.0 ], [ 53.421953202935107, 28.613762118943509, 0.0 ], [ 53.422088128088397, 28.613614155598022, 0.0 ], [ 53.422155601678121, 28.61351057491267, 0.0 ], [ 53.422232665136292, 28.613409165803439, 0.0 ], [ 53.422252539610682, 28.61338301365851, 0.0 ], [ 53.421599810667708, 28.61200086556665, 0.0 ], [ 53.42151559530798, 28.611793647121971, 0.0 ], [ 53.421520215242253, 28.611796352389021, 0.0 ], [ 53.421169398022819, 28.610894953229149, 0.0 ], [ 53.421338002797803, 28.610835802399311, 0.0 ], [ 53.42155718810946, 28.61076186519043, 0.0 ], [ 53.421759507929558, 28.610702723952169, 0.0 ], [ 53.422046108979622, 28.61067320314249, 0.0 ], [ 53.422248426238077, 28.610614060334441, 0.0 ], [ 53.422535029587102, 28.610569739525982, 0.0 ], [ 53.422754185501468, 28.610569798344891, 0.0 ], [ 53.422990206995017, 28.610540261415469, 0.0 ], [ 53.423209366474183, 28.610525520502289, 0.0 ], [ 53.423344230119397, 28.610525555542541, 0.0 ], [ 53.423715103557598, 28.610525651238039, 0.0 ], [ 53.423951114351233, 28.610525711597919, 0.0 ], [ 53.424203981271702, 28.610525775844039, 0.0 ], [ 53.424473706355691, 28.610525843845409, 0.0 ], [ 53.424743430355669, 28.610525910425871, 0.0 ], [ 53.42492886882529, 28.610511156625329, 0.0 ], [ 53.425198605975233, 28.610466824397761, 0.0 ], [ 53.425502074657757, 28.610363302089269, 0.0 ], [ 53.425771819758552, 28.61028936896037, 0.0 ], [ 53.425872973211042, 28.610259794505851, 0.0 ], [ 53.426075269056312, 28.610245042324529, 0.0 ], [ 53.426361874719078, 28.610156312215949, 0.0 ], [ 53.426631599647308, 28.610141575237709, 0.0 ], [ 53.426833890872601, 28.61014162093036, 0.0 ], [ 53.426968755844193, 28.61012685163665, 0.0 ], [ 53.427289075441763, 28.610038126582111, 0.0 ], [ 53.427525101996977, 28.609964180512488, 0.0 ], [ 53.427609394426568, 28.609949399899431, 0.0 ], [ 53.427879141704047, 28.609860661018431, 0.0 ], [ 53.428132022424492, 28.609801516705499, 0.0 ], [ 53.428418622862083, 28.609727579550139, 0.0 ], [ 53.42855349192903, 28.60969800882863, 0.0 ], [ 53.42872208477327, 28.609638844742442, 0.0 ], [ 53.428958112302723, 28.609564895328891, 0.0 ], [ 53.429143568571853, 28.609490934512699, 0.0 ], [ 53.429463864083253, 28.609490998277732, 0.0 ], [ 53.429565009891583, 28.609491017261821, 0.0 ], [ 53.429784160537409, 28.609491060364949, 0.0 ], [ 53.429935881274261, 28.609491088868101, 0.0 ], [ 53.430104458956237, 28.609491120756001, 0.0 ], [ 53.430289911472542, 28.60943195736677, 0.0 ], [ 53.430424799322871, 28.60934318439935, 0.0 ], [ 53.430559686920603, 28.609254410408479, 0.0 ], [ 53.430762010594087, 28.60915084845918, 0.0 ], [ 53.431031738159383, 28.60915089716794, 0.0 ], [ 53.430778836338973, 28.609269249930449, 0.0 ], [ 53.431415891264862, 28.609086827748559, 0.0 ], [ 53.432123976919492, 28.609027777507109, 0.0 ], [ 53.432376860938703, 28.609013029237818, 0.0 ], [ 53.43269719559374, 28.608909496156269, 0.0 ], [ 53.432933226232663, 28.608850345123201, 0.0 ], [ 53.433202969955211, 28.608805998929132, 0.0 ], [ 53.433422140141772, 28.608746843953089, 0.0 ], [ 53.433927926041662, 28.608539746346789, 0.0 ], [ 53.434214596162938, 28.608125409287801, 0.0 ], [ 53.434298894254042, 28.608081025857189, 0.0 ], [ 53.434433774839228, 28.607992253734938, 0.0 ], [ 53.434636086925273, 28.607903492533751, 0.0 ], [ 53.434703546653402, 28.607755508030699, 0.0 ], [ 53.434821573936183, 28.607637131144081, 0.0 ], [ 53.434905891870372, 28.607489148607261, 0.0 ], [ 53.435007068188263, 28.607326369187199, 0.0 ], [ 53.435023957407999, 28.607163574085881, 0.0 ], [ 53.435023988017882, 28.60700077515266, 0.0 ], [ 53.435024018626429, 28.60683797531409, 0.0 ], [ 53.435007185632067, 28.606704772174648, 0.0 ], [ 53.435007218310133, 28.60652717071547, 0.0 ], [ 53.435057819254972, 28.606379179530009, 0.0 ], [ 53.435158989229294, 28.60624599607846, 0.0 ], [ 53.435310723130328, 28.60615722439897, 0.0 ], [ 53.435479313141443, 28.606083253448048, 0.0 ], [ 53.43573216219302, 28.606157301165489, 0.0 ], [ 53.43590073422623, 28.606172131336219, 0.0 ], [ 53.436069306290698, 28.606186961294242, 0.0 ], [ 53.436170423666972, 28.60633497995493, 0.0 ], [ 53.436237829336491, 28.606468192203561, 0.0 ], [ 53.436136660575293, 28.606601375485681, 0.0 ], [ 53.436018631135262, 28.606749354797088, 0.0 ], [ 53.435720368690482, 28.606827855824481, 0.0 ], [ 53.435833165408887, 28.60692692138776, 0.0 ], [ 53.435816278498422, 28.607089717400591, 0.0 ], [ 53.435782535900223, 28.60723770985912, 0.0 ], [ 53.436220833448481, 28.607222986183, 0.0 ], [ 53.436338804734461, 28.60738580456314, 0.0 ], [ 53.436439924465688, 28.607519018620518, 0.0 ], [ 53.436541050169183, 28.60762263386227, 0.0 ], [ 53.436726466020168, 28.607711461987439, 0.0 ], [ 53.436827590123137, 28.607815076119159, 0.0 ], [ 53.436894992749899, 28.60796308324252, 0.0 ], [ 53.436894964805091, 28.60811107952151, 0.0 ], [ 53.436894937877511, 28.60825907487736, 0.0 ], [ 53.436844329320607, 28.60845145973968, 0.0 ], [ 53.436827449173087, 28.608569853691922, 0.0 ], [ 53.436894842911357, 28.60876225660277, 0.0 ], [ 53.436962242483197, 28.608925060750249, 0.0 ], [ 53.437113943262261, 28.609013881025462, 0.0 ], [ 53.437299341551793, 28.609191502552068, 0.0 ], [ 53.43736674474745, 28.609339505730741, 0.0 ], [ 53.437467856510452, 28.60951711283888, 0.0 ], [ 53.437619548441788, 28.60965032919119, 0.0 ], [ 53.437855531110912, 28.609768758451668, 0.0 ], [ 53.438007232770033, 28.609857575811461, 0.0 ], [ 53.438209519568218, 28.609872405236739, 0.0 ], [ 53.438378091453551, 28.609887227535729, 0.0 ], [ 53.43858038085142, 28.60988725661004, 0.0 ], [ 53.438816385101973, 28.60988728939661, 0.0 ], [ 53.439035532385446, 28.60988731933486, 0.0 ], [ 53.43922096477381, 28.609887345013121, 0.0 ], [ 53.439338969797838, 28.609872561106499, 0.0 ], [ 53.439507553835128, 28.609813386684621, 0.0 ], [ 53.439676136289329, 28.609769010924829, 0.0 ], [ 53.439928998035469, 28.609769043226191, 0.0 ], [ 53.440333575686488, 28.609783893499209, 0.0 ], [ 53.440502140707189, 28.609843111564739, 0.0 ], [ 53.440687556050428, 28.609946728253011, 0.0 ], [ 53.440788692754438, 28.610005937911541, 0.0 ], [ 53.44099097324208, 28.610065158841181, 0.0 ], [ 53.441142684269792, 28.61010957499786, 0.0 ], [ 53.441378691715371, 28.610109602330869, 0.0 ], [ 53.441665271988597, 28.610109634648499, 0.0 ], [ 53.441918137328273, 28.61010966313016, 0.0 ], [ 53.442052999977598, 28.610109677745751, 0.0 ], [ 53.442255292399047, 28.610109699444749, 0.0 ], [ 53.442423870942378, 28.610109717719691, 0.0 ], [ 53.442659880237372, 28.61010974188088, 0.0 ], [ 53.44281160180735, 28.610109757687439, 0.0 ], [ 53.442980180275931, 28.610109774367899, 0.0 ], [ 53.443182469979803, 28.610154192976449, 0.0 ], [ 53.443384759831993, 28.610198611272171, 0.0 ], [ 53.443603914298649, 28.610198631844352, 0.0 ], [ 53.443907356996732, 28.610228259687691, 0.0 ], [ 53.444025360172283, 28.610257869066441, 0.0 ], [ 53.444328797178969, 28.61034669308734, 0.0 ], [ 53.444189574390897, 28.610296071023999, 0.0 ], [ 53.444740226949101, 28.610324434249961, 0.0 ], [ 53.444824411928117, 28.61036139609039, 0.0 ], [ 53.444950695582143, 28.61035217067128, 0.0 ], [ 53.445119072493313, 28.610342948864972, 0.0 ], [ 53.445182215757129, 28.610324479103252, 0.0 ], [ 53.445297975573148, 28.61030601345767, 0.0 ], [ 53.445445307540211, 28.61026907467528, 0.0 ], [ 53.445571588350738, 28.610269087270812, 0.0 ], [ 53.445729442868398, 28.61024138717902, 0.0 ], [ 53.445824160325117, 28.610167489836378, 0.0 ], [ 53.445982019574707, 28.610075122335569, 0.0 ], [ 53.446034636585217, 28.61006588855771, 0.0 ], [ 53.446224058460402, 28.610038190982682, 0.0 ], [ 53.446297722012183, 28.610028959698539, 0.0 ], [ 53.446424001430181, 28.610028970633191, 0.0 ], [ 53.446529234295923, 28.610028980707529, 0.0 ], [ 53.446666035966871, 28.610028992708369, 0.0 ], [ 53.446760744484017, 28.610029000455778, 0.0 ], [ 53.446918596129379, 28.609982822894601, 0.0 ], [ 53.447023830292842, 28.609955116066889, 0.0 ], [ 53.44715011188179, 28.609908935438732, 0.0 ], [ 53.447234300862057, 28.609871989247338, 0.0 ], [ 53.44738162921557, 28.60981657231558, 0.0 ], [ 53.447486863066693, 28.6097888651449, 0.0 ], [ 53.447644712542612, 28.609751925332009, 0.0 ], [ 53.447823605501739, 28.609733462096269, 0.0 ], [ 53.447897267201718, 28.609733467614859, 0.0 ], [ 53.448044590592367, 28.609733478531769, 0.0 ], [ 53.448128774514359, 28.609733485100389, 0.0 ], [ 53.448255051380322, 28.609733493483919, 0.0 ], [ 53.448381327236099, 28.609733502670021, 0.0 ], [ 53.448518127334623, 28.609733511939559, 0.0 ], [ 53.448644403171251, 28.609733520880251, 0.0 ], [ 53.448770678977702, 28.609733528801389, 0.0 ], [ 53.448886432590079, 28.609733537297881, 0.0 ], [ 53.448991662925721, 28.609733543709631, 0.0 ], [ 53.449128461933277, 28.60973355147917, 0.0 ], [ 53.44925473772539, 28.609733559850682, 0.0 ], [ 53.449402060979743, 28.60973356838873, 0.0 ], [ 53.44948624481497, 28.609733573211471, 0.0 ], [ 53.449675658706063, 28.609742822387769, 0.0 ], [ 53.449780887510492, 28.609761304352489, 0.0 ], [ 53.449865071132081, 28.609770547462968, 0.0 ], [ 53.449991343798608, 28.609816745997769, 0.0 ], [ 53.450107094726967, 28.609844466346381, 0.0 ], [ 53.450285983790486, 28.609890666861642, 0.0 ], [ 53.450380689386058, 28.60991838588291, 0.0 ], [ 53.450528008925822, 28.609964584938179, 0.0 ], [ 53.450601669154381, 28.609992302751738, 0.0 ], [ 53.450738466770972, 28.610029262069471, 0.0 ], [ 53.45083317374052, 28.610047742221351, 0.0 ], [ 53.450938404271412, 28.610047747100971, 0.0 ], [ 53.451054156665641, 28.610075466589961, 0.0 ], [ 53.451169909012869, 28.610112424493419, 0.0 ], [ 53.451317232349723, 28.61014014556282, 0.0 ], [ 53.451485601168322, 28.61017710497471, 0.0 ], [ 53.451569785040157, 28.610204823123599, 0.0 ], [ 53.45168553875569, 28.610232542033089, 0.0 ], [ 53.451822339134438, 28.610251024050051, 0.0 ], [ 53.452022277979559, 28.61031569818341, 0.0 ], [ 53.452106464195907, 28.61031570131167, 0.0 ], [ 53.452123229895662, 28.610318377883079, 0.0 ], [ 53.453436150231553, 28.610320208357411, 0.0 ], [ 53.453572955843228, 28.61032021418443, 0.0 ], [ 53.453699237165111, 28.610320220079078, 0.0 ], [ 53.453814995200553, 28.610320225150499, 0.0 ], [ 53.454025464696102, 28.610320233619081, 0.0 ], [ 53.454109651882412, 28.61032023728675, 0.0 ], [ 53.454204362172902, 28.61031100307731, 0.0 ], [ 53.454330643571993, 28.61026481586466, 0.0 ], [ 53.454446400733772, 28.610227865499969, 0.0 ], [ 53.454625297771187, 28.610209395915071, 0.0 ], [ 53.454751578221163, 28.61018168444059, 0.0 ], [ 53.454888381174207, 28.610126257984209, 0.0 ], [ 53.455014659651212, 28.6101077857099, 0.0 ], [ 53.455172508271303, 28.610107790317411, 0.0 ], [ 53.45536192659641, 28.610107795603579, 0.0 ], [ 53.455509251917988, 28.610107798329359, 0.0 ], [ 53.455582913573117, 28.610107800552509, 0.0 ], [ 53.45570919255983, 28.610080088225828, 0.0 ], [ 53.455867040233763, 28.61002466105462, 0.0 ], [ 53.456045934056121, 28.610024663961092, 0.0 ], [ 53.456109072396472, 28.610024665366851, 0.0 ], [ 53.456266919749112, 28.61002466782281, 0.0 ], [ 53.456414242886602, 28.61005238509436, 0.0 ], [ 53.456540520006882, 28.610089340601782, 0.0 ], [ 53.456645750989722, 28.610107818019049, 0.0 ], [ 53.456793074601947, 28.61019096492257, 0.0 ], [ 53.456866736793224, 28.61022791860513, 0.0 ], [ 53.456971967340287, 28.610255634261101, 0.0 ], [ 53.457119290309279, 28.610292588335462, 0.0 ], [ 53.457224521835933, 28.610338780756031, 0.0 ], [ 53.457350798331511, 28.61039421066905, 0.0 ], [ 53.457456030167599, 28.610421925911709, 0.0 ], [ 53.45760335350181, 28.610458879433949, 0.0 ], [ 53.457803292119948, 28.610514308165911, 0.0 ], [ 53.457845385119199, 28.610532784915041, 0.0 ], [ 53.458118986333083, 28.610615927748739, 0.0 ], [ 53.458213694768133, 28.61063440442901, 0.0 ], [ 53.458403111712137, 28.610689831853261, 0.0 ], [ 53.458529389649371, 28.61073602210524, 0.0 ], [ 53.458550435736797, 28.610745260371079, 0.0 ], [ 53.458697760533532, 28.610828402361811, 0.0 ], [ 53.458813515573681, 28.610893068975709, 0.0 ], [ 53.458918748463319, 28.610957735158038, 0.0 ], [ 53.459076597744811, 28.611050115476321, 0.0 ], [ 53.45918183094404, 28.61111478143334, 0.0 ], [ 53.45929758657676, 28.611179447593528, 0.0 ], [ 53.459371250673541, 28.61125335193374, 0.0 ], [ 53.459455437584268, 28.611318018017229, 0.0 ], [ 53.459581717701312, 28.611364207191031, 0.0 ], [ 53.459697474282152, 28.611391919039932, 0.0 ], [ 53.459792184615772, 28.611410393634181, 0.0 ], [ 53.459886895602061, 28.611465821170938, 0.0 ], [ 53.459971083301511, 28.61154896295556, 0.0 ], [ 53.460086842237828, 28.61160438985511, 0.0 ], [ 53.460181552845548, 28.611650578697098, 0.0 ], [ 53.460297311219108, 28.61166905240151, 0.0 ], [ 53.460465685487961, 28.611622856682821, 0.0 ], [ 53.460665631860138, 28.611604374854348, 0.0 ], [ 53.460791914116712, 28.611604370432332, 0.0 ], [ 53.460855055252033, 28.611604368628051, 0.0 ], [ 53.461253270108998, 28.611632063646329, 0.0 ], [ 53.461326938271093, 28.611650539526838, 0.0 ], [ 53.461484795945182, 28.61168748949796, 0.0 ], [ 53.461579514387907, 28.61177987136443, 0.0 ], [ 53.461726850040712, 28.611863012388259, 0.0 ], [ 53.461895230506038, 28.611899961951149, 0.0 ], [ 53.462074133573878, 28.611927671993289, 0.0 ], [ 53.462221466288433, 28.611973859519772, 0.0 ], [ 53.462389848282413, 28.612066236542599, 0.0 ], [ 53.462421419480833, 28.61206623570471, 0.0 ], [ 53.462526658677312, 28.61213089971146, 0.0 ], [ 53.46266346741173, 28.61217708672692, 0.0 ], [ 53.462779225749848, 28.6121863215971, 0.0 ], [ 53.462916030955412, 28.612186316068851, 0.0 ], [ 53.463063358688821, 28.612167834359798, 0.0 ], [ 53.463126498258958, 28.612140117908751, 0.0 ], [ 53.463242252783282, 28.612093921645819, 0.0 ], [ 53.463379055025896, 28.612047726078561, 0.0 ], [ 53.463463238218473, 28.61199229313333, 0.0 ], [ 53.463547422317212, 28.611946098589382, 0.0 ], [ 53.46365265308966, 28.61189990386217, 0.0 ], [ 53.463736836022612, 28.611835232295508, 0.0 ], [ 53.463821017853029, 28.611761323136719, 0.0 ], [ 53.463915718842479, 28.611631984929531, 0.0 ], [ 53.463968332441922, 28.6115857913104, 0.0 ], [ 53.464063032026132, 28.611437975204652, 0.0 ], [ 53.464115642360902, 28.611354829536982, 0.0 ], [ 53.464189298139019, 28.61125320582973, 0.0 ], [ 53.46423138388986, 28.611151582419879, 0.0 ], [ 53.464336606030017, 28.611003766052342, 0.0 ], [ 53.464389214825552, 28.610902142488971, 0.0 ], [ 53.464494439855471, 28.610809755846319, 0.0 ], [ 53.464641757641679, 28.61071736588092, 0.0 ], [ 53.46471541815221, 28.610698885301289, 0.0 ], [ 53.464820649394497, 28.61068040421307, 0.0 ], [ 53.465020588750853, 28.610671155544281, 0.0 ], [ 53.465115295733341, 28.61066191287761, 0.0 ], [ 53.465241573510447, 28.610661906233918, 0.0 ], [ 53.465430989637277, 28.61066189560599, 0.0 ], [ 53.465515174452882, 28.610661890398671, 0.0 ], [ 53.465651975418673, 28.610661882264459, 0.0 ], [ 53.465725637026928, 28.610661878945749, 0.0 ], [ 53.46586243678545, 28.610652632161091, 0.0 ], [ 53.466009758359696, 28.610624908103649, 0.0 ], [ 53.466093941550973, 28.610597188093241, 0.0 ], [ 53.466188642655197, 28.610514037122169, 0.0 ], [ 53.466220204002262, 28.610412413457809, 0.0 ], [ 53.466220195715209, 28.610310791468699, 0.0 ], [ 53.466241232199053, 28.610181453615311, 0.0 ], [ 53.466251748704948, 28.610107546711639, 0.0 ], [ 53.466272786708331, 28.61000592239731, 0.0 ], [ 53.466346440639413, 28.609913533414169, 0.0 ], [ 53.466430621724548, 28.609867336342241, 0.0 ], [ 53.466514802272563, 28.60980266141263, 0.0 ], [ 53.466609513911052, 28.609858085050949, 0.0 ], [ 53.466672658961521, 28.609941226618179, 0.0 ], [ 53.466735806399001, 28.610033606564151, 0.0 ], [ 53.466798950123717, 28.610098270270779, 0.0 ], [ 53.466872617108677, 28.610162933635049, 0.0 ], [ 53.466956810179227, 28.610255311052398, 0.0 ], [ 53.466998909622248, 28.610347691511961, 0.0 ], [ 53.467051534646941, 28.61044930914067, 0.0 ], [ 53.467104149352807, 28.610440067276961, 0.0 ], [ 53.467260750855942, 28.61077913623463, 0.0 ], [ 53.467334428068547, 28.610880756546159, 0.0 ], [ 53.467387054949327, 28.610954663129611, 0.0 ], [ 53.467450203796673, 28.61101932909715, 0.0 ], [ 53.467534403282102, 28.611111709585892, 0.0 ], [ 53.467639649786527, 28.611213326809839, 0.0 ], [ 53.467786988956107, 28.611296464607811, 0.0 ], [ 53.467881709843127, 28.611379605149182, 0.0 ], [ 53.467934336282063, 28.611453508789349, 0.0 ], [ 53.468008008397668, 28.611527411614691, 0.0 ], [ 53.468092206699239, 28.611619789928891, 0.0 ], [ 53.468155357115933, 28.611702931494399, 0.0 ], [ 53.468229032355282, 28.611795310122151, 0.0 ], [ 53.468302703879452, 28.611869211873181, 0.0 ], [ 53.468450037703981, 28.611915393379999, 0.0 ], [ 53.468555275806487, 28.611952339023109, 0.0 ], [ 53.468660512130711, 28.611970808620839, 0.0 ], [ 53.468797320371557, 28.612007750885329, 0.0 ], [ 53.468913082026432, 28.612044695767079, 0.0 ], [ 53.469070937613068, 28.612090875222219, 0.0 ], [ 53.469155126836192, 28.61211858295481, 0.0 ], [ 53.469312982138412, 28.612155523678052, 0.0 ], [ 53.469481360359502, 28.612201701239179, 0.0 ], [ 53.469597123418758, 28.61225712147402, 0.0 ], [ 53.469691839320603, 28.61230330425067, 0.0 ], [ 53.469754982631862, 28.61234025200336, 0.0 ], [ 53.469891792704651, 28.61239566907026, 0.0 ], [ 53.469997029651637, 28.612432612665199, 0.0 ], [ 53.470102266135527, 28.612460318644239, 0.0 ], [ 53.470196981398402, 28.612506501060011, 0.0 ], [ 53.470344315844329, 28.6125711545873, 0.0 ], [ 53.470481125467202, 28.612626571038088, 0.0 ], [ 53.47064950381079, 28.612672746182682, 0.0 ], [ 53.470775785815881, 28.612691210163661, 0.0 ], [ 53.470881017786823, 28.612691200283521, 0.0 ], [ 53.470975727364241, 28.612691190945789, 0.0 ], [ 53.471228288560717, 28.612700403814539, 0.0 ], [ 53.471323000471628, 28.612718871063549, 0.0 ], [ 53.471428235800524, 28.612737336664839, 0.0 ], [ 53.47156504203646, 28.612765036739109, 0.0 ], [ 53.471659760527473, 28.61282969399786, 0.0 ], [ 53.471722913016791, 28.612922069422169, 0.0 ], [ 53.471796591467772, 28.61303292002367, 0.0 ], [ 53.471859745609088, 28.613143771306941, 0.0 ], [ 53.471891327409502, 28.613226911247509, 0.0 ], [ 53.471912386537497, 28.613319291218499, 0.0 ], [ 53.471965017514961, 28.613430143149738, 0.0 ], [ 53.472007127188263, 28.613540996644879, 0.0 ], [ 53.472059755193939, 28.61362413418577, 0.0 ], [ 53.472101861541113, 28.613716510837062, 0.0 ], [ 53.472143966225808, 28.61379964997148, 0.0 ], [ 53.472143982209701, 28.613910508158028, 0.0 ], [ 53.472091378811577, 28.61401213344358, 0.0 ], [ 53.472028246820187, 28.614076806710599, 0.0 ], [ 53.472080875163869, 28.614159945121639, 0.0 ], [ 53.47208088932986, 28.614261564005421, 0.0 ], [ 53.472112474210732, 28.614363180668189, 0.0 ], [ 53.472144057392363, 28.61445555891931, 0.0 ], [ 53.472186164222073, 28.614547936410968, 0.0 ], [ 53.472249331931167, 28.614732692829019, 0.0 ], [ 53.472312485424517, 28.614815829436449, 0.0 ], [ 53.472346633361198, 28.614967508714152, 0.0 ], [ 53.472506302191121, 28.615047579473931, 0.0 ], [ 53.472563326303948, 28.615077605783451, 0.0 ], [ 53.472722983250492, 28.615077589057591, 0.0 ], [ 53.472894045630397, 28.615087581283358, 0.0 ], [ 53.473019489759402, 28.615087567023568, 0.0 ], [ 53.473156336790069, 28.615087552011008, 0.0 ], [ 53.473338800495533, 28.615087531459888, 0.0 ], [ 53.473452839660133, 28.615087518389469, 0.0 ], [ 53.473589686656098, 28.615087502938952, 0.0 ], [ 53.473703726394788, 28.615097500345769, 0.0 ], [ 53.473886188015094, 28.615097479093169, 0.0 ], [ 53.474034437874273, 28.61509746159145, 0.0 ], [ 53.474159879908562, 28.61509744721339, 0.0 ], [ 53.474319533649023, 28.615097427756989, 0.0 ], [ 53.474376536388512, 28.614997311905672, 0.0 ], [ 53.4744563468115, 28.61489719360813, 0.0 ], [ 53.474547568411452, 28.614847127846399, 0.0 ], [ 53.474650194835249, 28.614797061230501, 0.0 ], [ 53.474752813275479, 28.614706951002379, 0.0 ], [ 53.474821219949163, 28.614616843990451, 0.0 ], [ 53.474866812258888, 28.61447668608897, 0.0 ], [ 53.474946613872888, 28.614336523109021, 0.0 ], [ 53.47502642920491, 28.61427644810421, 0.0 ], [ 53.475140453394843, 28.61419634656162, 0.0 ], [ 53.475231670551828, 28.614126259067131, 0.0 ], [ 53.475265864355819, 28.614026145460642, 0.0 ], [ 53.475243040949813, 28.613936049346229, 0.0 ], [ 53.475197405847723, 28.613815924661349, 0.0 ], [ 53.475140375805907, 28.61374585498509, 0.0 ], [ 53.475003524068917, 28.613695817636192, 0.0 ], [ 53.474957889316713, 28.61357569103988, 0.0 ], [ 53.474946471764198, 28.613495604715428, 0.0 ], [ 53.47488943691156, 28.6133955020121, 0.0 ], [ 53.474832397716952, 28.61327537706223, 0.0 ], [ 53.47478676337505, 28.61315525037827, 0.0 ], [ 53.474820954600617, 28.613045124413489, 0.0 ], [ 53.47490076147573, 28.612934992573599, 0.0 ], [ 53.47493494838983, 28.612794833670829, 0.0 ], [ 53.474934931163517, 28.612694722503441, 0.0 ], [ 53.474934912212689, 28.612584599766951, 0.0 ], [ 53.474934895002249, 28.61248448859676, 0.0 ], [ 53.474969084153173, 28.612364350137849, 0.0 ], [ 53.475014677871201, 28.61224421086181, 0.0 ], [ 53.475083090788303, 28.61219414644431, 0.0 ], [ 53.475162929874507, 28.612274226151818, 0.0 ], [ 53.475265575286372, 28.612354303292541, 0.0 ], [ 53.47537961488981, 28.612374311010459, 0.0 ], [ 53.475516471390463, 28.612454382757971, 0.0 ], [ 53.475607707457243, 28.612494415074082, 0.0 ], [ 53.475698949763867, 28.612574492694769, 0.0 ], [ 53.47566475576204, 28.61267460819802, 0.0 ], [ 53.475664771877192, 28.612764707759549, 0.0 ], [ 53.475744612591072, 28.612854796841859, 0.0 ], [ 53.475813049802767, 28.612944888536848, 0.0 ], [ 53.475813070434228, 28.61306502008679, 0.0 ], [ 53.475813090320962, 28.61317514185782, 0.0 ], [ 53.47582451107214, 28.61327525031454, 0.0 ], [ 53.475870150264491, 28.613415398791449, 0.0 ], [ 53.475904384011557, 28.613545536559361, 0.0 ], [ 53.475938610577153, 28.613635630774411, 0.0 ], [ 53.475995647337392, 28.613745743640081, 0.0 ], [ 53.476018475770317, 28.61386587158551, 0.0 ], [ 53.476018500367807, 28.614006024421808, 0.0 ], [ 53.476052729037711, 28.614106129244721, 0.0 ], [ 53.476086959590738, 28.614216243808951, 0.0 ], [ 53.476132591194833, 28.614316346819709, 0.0 ], [ 53.476201031551582, 28.614416446172829, 0.0 ], [ 53.476337893015099, 28.614516536410651, 0.0 ], [ 53.47640633079466, 28.614606624099441, 0.0 ], [ 53.476440561935057, 28.614716739435931, 0.0 ], [ 53.476440581528593, 28.614826858455391, 0.0 ], [ 53.476474816543544, 28.614956995081069, 0.0 ], [ 53.476543258535933, 28.61506710487895, 0.0 ], [ 53.476588892859567, 28.615177217426229, 0.0 ], [ 53.476588918332553, 28.615317369289262, 0.0 ], [ 53.476588938130838, 28.61542748829034, 0.0 ], [ 53.476588957938311, 28.615537607289738, 0.0 ], [ 53.476600377941452, 28.6156277040342, 0.0 ], [ 53.47664601363428, 28.61573781651666, 0.0 ], [ 53.47668024633915, 28.615857941506128, 0.0 ], [ 53.476725880325617, 28.615958043295951, 0.0 ], [ 53.476794317562302, 28.61603812094442, 0.0 ], [ 53.476760127539087, 28.616158256180661, 0.0 ], [ 53.47672593654017, 28.616268379840012, 0.0 ], [ 53.476725958491102, 28.616388510370498, 0.0 ], [ 53.47673738449452, 28.61650863903095, 0.0 ], [ 53.476783020802209, 28.61661875232376, 0.0 ], [ 53.476851460472538, 28.61670884055647, 0.0 ], [ 53.47694271331634, 28.616818947152989, 0.0 ], [ 53.477022551518722, 28.61687900144733, 0.0 ], [ 53.477136601158172, 28.61692904021346, 0.0 ], [ 53.477262050016307, 28.616959054784971, 0.0 ], [ 53.47741030815871, 28.616989066263908, 0.0 ], [ 53.477535754187151, 28.6169990592639, 0.0 ], [ 53.477615601905669, 28.617099157539879, 0.0 ], [ 53.477695443714317, 28.617169222023421, 0.0 ], [ 53.477726062921683, 28.617186615610631, 0.0 ], [ 53.477859185976513, 28.617417749390871, 0.0 ], [ 53.477891054715549, 28.61747370937535, 0.0 ], [ 53.477916548058033, 28.617524073298188, 0.0 ], [ 53.477954790404077, 28.617596821894089, 0.0 ], [ 53.477973909061859, 28.61765837675274, 0.0 ], [ 53.477999404406212, 28.617697548975929, 0.0 ], [ 53.478037645268053, 28.617764701296512, 0.0 ], [ 53.478063139781788, 28.617815065162389, 0.0 ], [ 53.478114132391241, 28.617871026242639, 0.0 ], [ 53.478158747822711, 28.617943773675631, 0.0 ], [ 53.478190614584513, 28.618016521521501, 0.0 ], [ 53.478196986420677, 28.618055691645448, 0.0 ], [ 53.478228854972159, 28.6181060561638, 0.0 ], [ 53.478254347490932, 28.618184397769529, 0.0 ], [ 53.478286214819633, 28.618251549302901, 0.0 ], [ 53.478324458373471, 28.61830191356038, 0.0 ], [ 53.478362701355287, 28.61834668154442, 0.0 ], [ 53.478394568376707, 28.618419428420349, 0.0 ], [ 53.478426437121399, 28.61846979197535, 0.0 ], [ 53.47849017888079, 28.61851456168549, 0.0 ], [ 53.478547548856717, 28.618531352001149, 0.0 ], [ 53.478604916211708, 28.618570526519299, 0.0 ], [ 53.47864953557707, 28.618598508033092, 0.0 ], [ 53.47873240085471, 28.61864887406707, 0.0 ], [ 53.478713275458162, 28.618671255406209, 0.0 ], [ 53.478884561096713, 28.618761541208091, 0.0 ], [ 53.478954682588288, 28.618772738128762, 0.0 ], [ 53.47900567861069, 28.618823104298109, 0.0 ], [ 53.479043922642717, 28.61889025802585, 0.0 ], [ 53.479088545342407, 28.618918240223849, 0.0 ], [ 53.479165040104782, 28.61894062842482, 0.0 ], [ 53.479254286207322, 28.618957422435081, 0.0 ], [ 53.479311657590372, 28.618974214188469, 0.0 ], [ 53.479381778499643, 28.618996601622261, 0.0 ], [ 53.479451898787097, 28.619013393663661, 0.0 ], [ 53.479528393986797, 28.61904697327827, 0.0 ], [ 53.479585764378797, 28.619080551928491, 0.0 ], [ 53.479655881939031, 28.61914211044261, 0.0 ], [ 53.47969412787613, 28.61918687975799, 0.0 ], [ 53.479751495966291, 28.619259628636669, 0.0 ], [ 53.479789741613487, 28.619309992388921, 0.0 ], [ 53.47982161031014, 28.619377144371288, 0.0 ], [ 53.479866230686767, 28.619433104963932, 0.0 ], [ 53.479917223703701, 28.619494661536969, 0.0 ], [ 53.480000093977068, 28.619500261920411, 0.0 ], [ 53.480082964571373, 28.619500265980321, 0.0 ], [ 53.480191333043997, 28.619500272337199, 0.0 ], [ 53.48024870576922, 28.619500274849781, 0.0 ], [ 53.480376197186679, 28.619517068907172, 0.0 ], [ 53.480439942643713, 28.619539455205381, 0.0 ], [ 53.480529185996822, 28.619561842853201, 0.0 ], [ 53.480618429074987, 28.619589825808362, 0.0 ], [ 53.48068854886764, 28.619606616288241, 0.0 ], [ 53.480765042344231, 28.619629002666869, 0.0 ], [ 53.480867034759868, 28.619651390297818, 0.0 ], [ 53.480962652977247, 28.619679373559809, 0.0 ], [ 53.481026397329437, 28.619707354953569, 0.0 ], [ 53.48110926510509, 28.619746528667481, 0.0 ], [ 53.481153886130002, 28.61976331764437, 0.0 ], [ 53.481262253206282, 28.619796897128928, 0.0 ], [ 53.481332372945772, 28.6198192826261, 0.0 ], [ 53.481402492222323, 28.619830477372069, 0.0 ], [ 53.481459863297317, 28.6198472663777, 0.0 ], [ 53.481536357081907, 28.61986965229881, 0.0 ], [ 53.481600101939257, 28.619892038039989, 0.0 ], [ 53.481663847282668, 28.619903231215979, 0.0 ], [ 53.481746716144492, 28.619925617518749, 0.0 ], [ 53.481810461073458, 28.619948003155859, 0.0 ], [ 53.481880579748008, 28.619975983738151, 0.0 ], [ 53.481982571780627, 28.620020753751039, 0.0 ], [ 53.482065440120891, 28.62005992684082, 0.0 ], [ 53.482097313076132, 28.62005992750397, 0.0 ], [ 53.482173807328181, 28.620076716781409, 0.0 ], [ 53.482243927855009, 28.620087911056359, 0.0 ], [ 53.482314047961211, 28.620110296019281, 0.0 ], [ 53.482371418497891, 28.620121489275849, 0.0 ], [ 53.482435163846567, 28.620138278338629, 0.0 ], [ 53.482505283835181, 28.620166259461641, 0.0 ], [ 53.482562654648653, 28.62019983496414, 0.0 ], [ 53.482639148326633, 28.620239008118858, 0.0 ], [ 53.482643580511983, 28.620241130035179, 0.0 ], [ 53.482709268235439, 28.620272584489548, 0.0 ], [ 53.482804887394273, 28.620300565481109, 0.0 ], [ 53.482862259093778, 28.620311758501021, 0.0 ], [ 53.482926004985657, 28.620317356599291, 0.0 ], [ 53.482989945286839, 28.620317357551439, 0.0 ], [ 53.483002501038911, 28.620317357485099, 0.0 ], [ 53.483053500462162, 28.620272593655368, 0.0 ], [ 53.483117246961719, 28.62025580751941, 0.0 ], [ 53.483193743857179, 28.62026140544442, 0.0 ], [ 53.483187370302062, 28.620211044068821, 0.0 ], [ 53.483189546957668, 28.620213165809009, 0.0 ], [ 53.483497084340108, 28.62042896631743, 0.0 ], [ 53.484446795008807, 28.621095372468339, 0.0 ], [ 53.484525292425062, 28.62108634007522, 0.0 ], [ 53.484646606921032, 28.621072379515802, 0.0 ], [ 53.484689424034009, 28.621067452282691, 0.0 ], [ 53.484739376967667, 28.621061703081981, 0.0 ], [ 53.484819745068691, 28.62106519823514, 0.0 ], [ 53.484930529357712, 28.621077936765889, 0.0 ], [ 53.485050319266023, 28.621102381862201, 0.0 ], [ 53.485080735451717, 28.621111624350849, 0.0 ], [ 53.485171046150747, 28.621133090673499, 0.0 ], [ 53.48523714158636, 28.621138227743469, 0.0 ], [ 53.485324645563061, 28.62114090061127, 0.0 ], [ 53.485414020381612, 28.621156102023999, 0.0 ], [ 53.485493453641261, 28.621153332912218, 0.0 ], [ 53.485597100173727, 28.621166892016259, 0.0 ], [ 53.485655124856478, 28.621166585218191, 0.0 ], [ 53.485727420220407, 28.62116463710716, 0.0 ], [ 53.485802523412119, 28.621181480467229, 0.0 ], [ 53.485886633366199, 28.621210031262869, 0.0 ], [ 53.485971679317757, 28.621244845837939, 0.0 ], [ 53.486066319228868, 28.621246698003439, 0.0 ], [ 53.486141421497351, 28.621263541187041, 0.0 ], [ 53.486227054635208, 28.62125368577988, 0.0 ], [ 53.486319823593128, 28.62124300918375, 0.0 ], [ 53.486376911289653, 28.621236438261821, 0.0 ], [ 53.486476816046363, 28.621224940420898, 0.0 ], [ 53.486562167265497, 28.621227547341821, 0.0 ], [ 53.487178250870031, 28.621254504845972, 0.0 ], [ 53.488449407289522, 28.62131011756976, 0.0 ], [ 53.48849725377201, 28.621387443571638, 0.0 ], [ 53.488493274266723, 28.62145799165717, 0.0 ], [ 53.488475023092867, 28.621530182242399, 0.0 ], [ 53.488467675298743, 28.62155924573641, 0.0 ], [ 53.48845677291974, 28.62160237280721, 0.0 ], [ 53.488471738735242, 28.621560205899399, 0.0 ], [ 53.488487424567602, 28.621516011187751, 0.0 ], [ 53.48847962502974, 28.62156207019796, 0.0 ], [ 53.488414156714498, 28.621948686575351, 0.0 ], [ 53.488361745336739, 28.621986580193791, 0.0 ], [ 53.488343493029113, 28.622058772589771, 0.0 ], [ 53.488354720309943, 28.622133943811981, 0.0 ], [ 53.488364077393477, 28.622196585574521, 0.0 ], [ 53.488381506507267, 28.622264670797101, 0.0 ], [ 53.488391798736387, 28.622333577283051, 0.0 ], [ 53.488402092004513, 28.62240248374799, 0.0 ], [ 53.488422327492749, 28.62248936041853, 0.0 ], [ 53.488430748546321, 28.622545738362241, 0.0 ], [ 53.488452856357107, 28.622645143538289, 0.0 ], [ 53.48850070150327, 28.622722470426819, 0.0 ], [ 53.488556618769607, 28.622805239839511, 0.0 ], [ 53.488552989460914, 28.622926723276819, 0.0 ], [ 53.488526428131657, 28.623089076476418, 0.0 ], [ 53.488522098585058, 28.623108690991231, 0.0 ], [ 53.488473430198738, 28.623171639919502, 0.0 ], [ 53.488424761734557, 28.623234587931549, 0.0 ], [ 53.488352813126973, 28.623287472971569, 0.0 ], [ 53.488287065262689, 28.623333271100702, 0.0 ], [ 53.488237460496677, 28.623389955248321, 0.0 ], [ 53.48817978461912, 28.62344119679604, 0.0 ], [ 53.488107835724122, 28.62349408081888, 0.0 ], [ 53.488049223616997, 28.623539058508658, 0.0 ], [ 53.487994354884677, 28.623609092336189, 0.0 ], [ 53.487962766223987, 28.623689189170602, 0.0 ], [ 53.487931177540723, 28.62376928690157, 0.0 ], [ 53.487904852557769, 28.623836033973362, 0.0 ], [ 53.487894672797253, 28.623913667088409, 0.0 ], [ 53.487846940788543, 28.62398287872092, 0.0 ], [ 53.487826816637877, 28.624042540725171, 0.0 ], [ 53.487801428678267, 28.62411555247682, 0.0 ], [ 53.487772646028603, 28.62421444165291, 0.0 ], [ 53.487751587743723, 28.62426783980057, 0.0 ], [ 53.487732749375581, 28.62438470008394, 0.0 ], [ 53.48772444064943, 28.624474860833409, 0.0 ], [ 53.487719524547977, 28.624539144193001, 0.0 ], [ 53.48769167886099, 28.624644297150901, 0.0 ], [ 53.487681498890083, 28.62472192935429, 0.0 ], [ 53.487651780924359, 28.624814554683422, 0.0 ], [ 53.487640665836032, 28.624885923054268, 0.0 ], [ 53.487618083874167, 28.62497772715863, 0.0 ], [ 53.487606968754342, 28.625049095527601, 0.0 ], [ 53.487602052581963, 28.625113378884119, 0.0 ], [ 53.487562392084428, 28.625188033043418, 0.0 ], [ 53.487511265622601, 28.625283122000958, 0.0 ], [ 53.487482133808399, 28.625331077541141, 0.0 ], [ 53.487441537054757, 28.625399467860191, 0.0 ], [ 53.487400939228912, 28.625467858188468, 0.0 ], [ 53.487366543395481, 28.62552916254598, 0.0 ], [ 53.486555520043602, 28.626550749169951, 0.0 ], [ 53.486398685442737, 28.626663140596719, 0.0 ], [ 53.486397711213399, 28.626745154370049, 0.0 ], [ 53.486401962219993, 28.626866550895009, 0.0 ], [ 53.486513631771672, 28.626963397536549, 0.0 ], [ 53.48661165111659, 28.62706181455696, 0.0 ], [ 53.486719740482968, 28.627134695262999, 0.0 ], [ 53.48685983233193, 28.62714295222975, 0.0 ], [ 53.486969711742859, 28.627227815141921, 0.0 ], [ 53.48707780047031, 28.62730069465151, 0.0 ], [ 53.487217892539618, 28.627308951232049, 0.0 ], [ 53.487356193729113, 28.627305224370431, 0.0 ], [ 53.487508145319993, 28.627299926792968, 0.0 ], [ 53.487618023319612, 28.627384788270341, 0.0 ], [ 53.487761694224261, 28.627417007306018, 0.0 ], [ 53.487901784359629, 28.627425261399669, 0.0 ], [ 53.488047244289767, 28.627469462542368, 0.0 ], [ 53.488179053918181, 28.6275152350679, 0.0 ], [ 53.488299002131427, 28.627574559625089, 0.0 ], [ 53.488357856098403, 28.627689667903201, 0.0 ], [ 53.488377547775492, 28.62782147146287, 0.0 ], [ 53.488393659553957, 28.627929310234101, 0.0 ], [ 53.488411560336701, 28.628049131408162, 0.0 ], [ 53.488359417639579, 28.628164825363779, 0.0 ], [ 53.48822290747345, 28.628180536574991, 0.0 ], [ 53.488076326612763, 28.628221782180841, 0.0 ], [ 53.487960628599708, 28.628283850238049, 0.0 ], [ 53.487995760413973, 28.62842606382991, 0.0 ], [ 53.488078336827193, 28.62851406522465, 0.0 ], [ 53.488186424532657, 28.62858694195997, 0.0 ], [ 53.488282651792353, 28.628673371653811, 0.0 ], [ 53.487989270649052, 28.628475563130099, 0.0 ], [ 53.489546991646243, 28.629845292638748, 0.0 ], [ 53.489708567233542, 28.62988011422253, 0.0 ], [ 53.489826194332849, 28.629971375672639, 0.0 ], [ 53.489903226209883, 28.630069335885619, 0.0 ], [ 53.489944752613319, 28.630197748750849, 0.0 ], [ 53.489975292732993, 28.63034027160872, 0.0 ], [ 53.489993107751971, 28.63042340948634, 0.0 ], [ 53.490007569666162, 28.630556287666, 0.0 ], [ 53.490078703577119, 28.630692109791951, 0.0 ], [ 53.490168459499053, 28.630849452075712, 0.0 ], [ 53.490309796800837, 28.63098598344936, 0.0 ], [ 53.490418857435877, 28.630906500566919, 0.0 ], [ 53.490527917925441, 28.630827018507709, 0.0 ], [ 53.490806991111683, 28.63075636743012, 0.0 ], [ 53.490919525850572, 28.630823870503729, 0.0 ], [ 53.490972038067142, 28.630938171094559, 0.0 ], [ 53.491038081248988, 28.631050237095518, 0.0 ], [ 53.491180223797073, 28.631125149914588, 0.0 ], [ 53.491313923811973, 28.631226049132209, 0.0 ], [ 53.491399394511767, 28.631298018280209, 0.0 ], [ 53.491491693385363, 28.63146723331284, 0.0 ], [ 53.491506962119992, 28.631538492724211, 0.0 ], [ 53.491527321123762, 28.631633504052051, 0.0 ], [ 53.491576480981578, 28.631797541936528, 0.0 ], [ 53.491612107983087, 28.63196381264969, 0.0 ], [ 53.491653633163388, 28.63209222034904, 0.0 ], [ 53.491708688405872, 28.632218393410241, 0.0 ], [ 53.491785717518319, 28.632316347915989, 0.0 ], [ 53.491908307208838, 28.63223463102749, 0.0 ], [ 53.491993654944203, 28.632109875058742, 0.0 ], [ 53.492033318199638, 28.63196806757426, 0.0 ], [ 53.492064539786632, 28.631852245758878, 0.0 ], [ 53.492220087401421, 28.63172819901429, 0.0 ], [ 53.49236048908854, 28.631729616581069, 0.0 ], [ 53.492470476966737, 28.631785241005979, 0.0 ], [ 53.49256103630745, 28.631880961262858, 0.0 ], [ 53.492665127749717, 28.63197444670061, 0.0 ], [ 53.492765866533787, 28.632117672351949, 0.0 ], [ 53.492815833516019, 28.632220092106589, 0.0 ], [ 53.492879330551368, 28.63232027800392, 0.0 ], [ 53.492904779565428, 28.632439041812869, 0.0 ], [ 53.492984352641507, 28.632548870170002, 0.0 ], [ 53.493104519977187, 28.632651998632049, 0.0 ], [ 53.493265280593818, 28.63274842530042, 0.0 ], [ 53.493385447384462, 28.632851552596161, 0.0 ], [ 53.493476007458291, 28.632947271235778, 0.0 ], [ 53.493528518394527, 28.63306156614987, 0.0 ], [ 53.493559057133027, 28.633204081611819, 0.0 ], [ 53.493570975074512, 28.633325078262839, 0.0 ], [ 53.493566817050819, 28.633436432475332, 0.0 ], [ 53.493497547325113, 28.63357083088777, 0.0 ], [ 53.493441808585317, 28.633702996258702, 0.0 ], [ 53.493394511058987, 28.633809174969159, 0.0 ], [ 53.49333622718386, 28.633929463942781, 0.0 ], [ 53.49328892948602, 28.634035643527788, 0.0 ], [ 53.493314377479862, 28.63415440721587, 0.0 ], [ 53.493347461280507, 28.634308799068862, 0.0 ], [ 53.493329770817454, 28.63442238720787, 0.0 ], [ 53.493330701425357, 28.634557495065451, 0.0 ], [ 53.493280049862193, 28.634713414066361, 0.0 ], [ 53.493235296756602, 28.63483147091414, 0.0 ], [ 53.493195631330863, 28.63497327962147, 0.0 ], [ 53.493166953274333, 28.63510097983831, 0.0 ], [ 53.49320003629002, 28.635255373525151, 0.0 ], [ 53.493233118397868, 28.635409767213499, 0.0 ], [ 53.493261111772327, 28.63554040904074, 0.0 ], [ 53.49329164915919, 28.63568292723679, 0.0 ], [ 53.493317097744622, 28.63580169267691, 0.0 ], [ 53.493347635310137, 28.63594421084597, 0.0 ], [ 53.49341032584239, 28.636106015659202, 0.0 ], [ 53.493492446531683, 28.636227722540578, 0.0 ], [ 53.493596540322741, 28.636321208750228, 0.0 ], [ 53.493668481325862, 28.636395410090739, 0.0 ], [ 53.493824157313121, 28.6364680838834, 0.0 ], [ 53.494004352413683, 28.63652441313651, 0.0 ], [ 53.494176912425402, 28.636545112225591, 0.0 ], [ 53.494363003975408, 28.636563577962889, 0.0 ], [ 53.494489879437907, 28.636567225162469, 0.0 ], [ 53.494646362993343, 28.636578282258149, 0.0 ], [ 53.494859517545073, 28.636592279185489, 0.0 ], [ 53.495032077771583, 28.636612978068289, 0.0 ], [ 53.495136628268433, 28.636620365008909, 0.0 ], [ 53.496093824850433, 28.636991049778189, 0.0 ], [ 53.496524661552073, 28.63721711518938, 0.0 ], [ 53.496717111176743, 28.63729546251961, 0.0 ], [ 53.496792099830188, 28.637294094401192, 0.0 ], [ 53.496927678683583, 28.63728272352607, 0.0 ], [ 53.497118568463677, 28.63729525711479, 0.0 ], [ 53.49724658723418, 28.637307157188641, 0.0 ], [ 53.497376885879177, 28.63732969328295, 0.0 ], [ 53.497477668157302, 28.637390136426479, 0.0 ], [ 53.497585290144862, 28.63748248609847, 0.0 ], [ 53.497692912299406, 28.637574834770181, 0.0 ], [ 53.497817930294161, 28.637631276955229, 0.0 ], [ 53.497967184729127, 28.63768371737304, 0.0 ], [ 53.498070966654588, 28.637699617391021, 0.0 ], [ 53.49820810260303, 28.637754057467902, 0.0 ], [ 53.498396709191702, 28.637755953143841, 0.0 ], [ 53.49847769473017, 28.637665500619288, 0.0 ], [ 53.498511547728583, 28.637804765990172, 0.0 ], [ 53.498484528708232, 28.63794913755914, 0.0 ], [ 53.498569481085397, 28.638075024491702, 0.0 ], [ 53.498679792716267, 28.63818400395779, 0.0 ], [ 53.498762112445711, 28.63829760474469, 0.0 ], [ 53.49885579433883, 28.6383966096775, 0.0 ], [ 53.49894074645853, 28.638522493633008, 0.0 ], [ 53.499003802422337, 28.63861383573493, 0.0 ], [ 53.499086120771402, 28.638727434509789, 0.0 ], [ 53.49912298719947, 28.638899412953041, 0.0 ], [ 53.499140590370587, 28.639049133798078, 0.0 ], [ 53.499127567126152, 28.639191191992889, 0.0 ], [ 53.499086550454763, 28.639337871714059, 0.0 ], [ 53.499070893994798, 28.639467644825871, 0.0 ], [ 53.498996617455518, 28.639594377693591, 0.0 ], [ 53.498905711392077, 28.639711137087389, 0.0 ], [ 53.498795541651432, 28.63980563881119, 0.0 ], [ 53.498677471434789, 28.63986328791588, 0.0 ], [ 53.498545404818707, 28.639923248530241, 0.0 ], [ 53.498410704965792, 28.639970923929429, 0.0 ], [ 53.498250643362823, 28.640035504785931, 0.0 ], [ 53.498163199257817, 28.640100816302159, 0.0 ], [ 53.498116913857629, 28.640222926534928, 0.0 ], [ 53.498064531094833, 28.64038420001782, 0.0 ], [ 53.497937037339867, 28.640735935761871, 0.0 ], [ 53.497876755021771, 28.640860356582991, 0.0 ], [ 53.497821737575613, 28.641009344912991, 0.0 ], [ 53.497752722515827, 28.641160644780101, 0.0 ], [ 53.497743992085688, 28.641187523825771, 0.0 ], [ 53.497742328293143, 28.641314985374851, 0.0 ], [ 53.497731934058002, 28.641469325967471, 0.0 ], [ 53.497744267825837, 28.641594476860561, 0.0 ], [ 53.497759234676998, 28.64173191195383, 0.0 ], [ 53.497757570946888, 28.64185937349319, 0.0 ], [ 53.49772708067546, 28.642055188003521, 0.0 ], [ 53.497706154221007, 28.6421603917657, 0.0 ], [ 53.497662498569312, 28.642294786141331, 0.0 ], [ 53.497646837125423, 28.642424559229841, 0.0 ], [ 53.497572552918868, 28.64255129157694, 0.0 ], [ 53.497445745344912, 28.64263581981746, 0.0 ], [ 53.497327668221473, 28.64269346982535, 0.0 ], [ 53.497190327240318, 28.64272886281217, 0.0 ], [ 53.497069616859669, 28.642774228391389, 0.0 ], [ 53.49696207028758, 28.642881015003141, 0.0 ], [ 53.496988399160657, 28.643003855440728, 0.0 ], [ 53.497084715928104, 28.643115142013681, 0.0 ], [ 53.497257118416272, 28.64317571132257, 0.0 ], [ 53.497368264919992, 28.643220955384461, 0.0 ], [ 53.497566028138792, 28.643264617946912, 0.0 ], [ 53.498071036717022, 28.64352464805755, 0.0 ], [ 53.498204078077592, 28.64360443240728, 0.0 ], [ 53.498362482070362, 28.643667310967039, 0.0 ], [ 53.498490258448633, 28.643722526626568, 0.0 ], [ 53.498601403953032, 28.643767769641141, 0.0 ], [ 53.498709084627492, 28.64386446001976, 0.0 ], [ 53.498848223945281, 28.643905080409301, 0.0 ], [ 53.498981266358967, 28.64398486482613, 0.0 ], [ 53.499097678857922, 28.644054674827871, 0.0 ], [ 53.499252616281858, 28.644168999776578, 0.0 ], [ 53.499369029176819, 28.644238810421161, 0.0 ], [ 53.499488073507422, 28.644320905143779, 0.0 ], [ 53.499646477214682, 28.644383782117369, 0.0 ], [ 53.499800445393092, 28.64435835991511, 0.0 ], [ 53.499946514355727, 28.644296085108071, 0.0 ], [ 53.500059321737169, 28.64421386458956, 0.0 ], [ 53.500214119283036, 28.644124710372552, 0.0 ], [ 53.50035228638891, 28.644025583687611, 0.0 ], [ 53.500424763236431, 28.64382283521412, 0.0 ], [ 53.500398430126417, 28.643699995720301, 0.0 ], [ 53.500303916188777, 28.643664726505911, 0.0 ], [ 53.500152582563963, 28.643702433348039, 0.0 ], [ 53.500017879933182, 28.643750112362941, 0.0 ], [ 53.499870011434538, 28.64373637142327, 0.0 ], [ 53.499838412321608, 28.64358896439305, 0.0 ], [ 53.499837441072209, 28.643449218849199, 0.0 ], [ 53.499906454289309, 28.643297918057701, 0.0 ], [ 53.49998336734312, 28.643183468762341, 0.0 ], [ 53.500188883409997, 28.643060503767071, 0.0 ], [ 53.500312220833827, 28.643027420598631, 0.0 ], [ 53.500458285664351, 28.642965147202752, 0.0 ], [ 53.500615713515622, 28.642888278597031, 0.0 ], [ 53.500756510081828, 28.6428014366711, 0.0 ], [ 53.500899940891259, 28.642726879613171, 0.0 ], [ 53.501046003877157, 28.64266460474483, 0.0 ], [ 53.501203429812087, 28.642587736427359, 0.0 ], [ 53.501330228943843, 28.642503205851298, 0.0 ], [ 53.501454394376459, 28.64240639106383, 0.0 ], [ 53.501603920131643, 28.642292670892349, 0.0 ], [ 53.501719354556542, 28.642222734239919, 0.0 ], [ 53.501916135195877, 28.642126647925739, 0.0 ], [ 53.502025474414957, 28.64209587435608, 0.0 ], [ 53.502188165829942, 28.642043572260551, 0.0 ], [ 53.502342126741397, 28.642018148366919, 0.0 ], [ 53.50246809470822, 28.641997347446289, 0.0 ], [ 53.502684138803389, 28.641923515293058, 0.0 ], [ 53.502841561303192, 28.64184664522395, 0.0 ], [ 53.503026978372453, 28.641765151698909, 0.0 ], [ 53.503153774965831, 28.641680619557061, 0.0 ], [ 53.503347091477629, 28.641635976921791, 0.0 ], [ 53.503557038886129, 28.641601306825599, 0.0 ], [ 53.503697003379322, 28.64157819265694, 0.0 ], [ 53.503873690381873, 28.64152357737164, 0.0 ], [ 53.504064373485861, 28.641466649687239, 0.0 ], [ 53.504247156073973, 28.64137287053083, 0.0 ], [ 53.504351227142692, 28.641317527085771, 0.0 ], [ 53.504455298097938, 28.64126218356704, 0.0 ], [ 53.50461881710747, 28.641146148092972, 0.0 ], [ 53.504759609868877, 28.641059302293218, 0.0 ], [ 53.504909131967267, 28.640945576947921, 0.0 ], [ 53.50503856184784, 28.640873326262199, 0.0 ], [ 53.50517852798356, 28.640850209680551, 0.0 ], [ 53.50532902855668, 28.640876229000369, 0.0 ], [ 53.505413987153602, 28.64100210379204, 0.0 ], [ 53.505468318602823, 28.641120319178238, 0.0 ], [ 53.505497291580518, 28.641255440479231, 0.0 ], [ 53.50552363074285, 28.641378278669929, 0.0 ], [ 53.505551391670323, 28.641507749498349, 0.0 ], [ 53.506063197251962, 28.642204923062149, 0.0 ], [ 53.506392555626931, 28.642667139614861, 0.0 ], [ 53.506663164157438, 28.642622457164482, 0.0 ], [ 53.506918432393547, 28.642625013675239, 0.0 ], [ 53.50733519314042, 28.64266796586881, 0.0 ], [ 53.50752128740514, 28.64270429754875, 0.0 ], [ 53.507725902771469, 28.642826986702708, 0.0 ], [ 53.507890579352157, 28.643000978509871, 0.0 ], [ 53.508055255440453, 28.643174969195769, 0.0 ], [ 53.508199961422413, 28.643374610300501, 0.0 ], [ 53.508398497656898, 28.643587714041949, 0.0 ], [ 53.508597032640431, 28.64380081657205, 0.0 ], [ 53.508766337275738, 28.643996391629841, 0.0 ], [ 53.509064719418006, 28.644081233482339, 0.0 ], [ 53.509383068378689, 28.644140423001829, 0.0 ], [ 53.509638326578461, 28.644142970785818, 0.0 ], [ 53.509896766924747, 28.64427911336486, 0.0 ], [ 53.510075330589132, 28.64451785990736, 0.0 ], [ 53.510136974019197, 28.644686505212121, 0.0 ], [ 53.510350845969789, 28.64485235884483, 0.0 ], [ 53.510573977912763, 28.645061388913081, 0.0 ], [ 53.510689450192572, 28.64524349490928, 0.0 ], [ 53.51086801425047, 28.645482237512251, 0.0 ], [ 53.511052654952998, 28.64563056326201, 0.0 ], [ 53.511241926004871, 28.64580047664742, 0.0 ], [ 53.511395890058978, 28.646043280692091, 0.0 ], [ 53.511477502778483, 28.646186270529501, 0.0 ], [ 53.511665328137823, 28.646468185884601, 0.0 ], [ 53.511770093603687, 28.64671911584065, 0.0 ], [ 53.511910166072433, 28.646897152810698, 0.0 ], [ 53.51207946951034, 28.647092715058729, 0.0 ], [ 53.512268741812662, 28.647262624960359, 0.0 ], [ 53.512315048354331, 28.647478504414469, 0.0 ], [ 53.5124982441085, 28.647738828693932, 0.0 ], [ 53.512633686955994, 28.647895276916788, 0.0 ], [ 53.512798361066743, 28.648069249348609, 0.0 ], [ 53.513084586784082, 28.648334904876979, 0.0 ], [ 53.51311700244419, 28.648486020467619, 0.0 ], [ 53.512918759536703, 28.648630535510829, 0.0 ], [ 53.512672761782291, 28.648671174600612, 0.0 ], [ 53.512281970907267, 28.64883805621206, 0.0 ], [ 53.512235095413423, 28.648873090393131, 0.0 ], [ 53.512124490210873, 28.648928675826468, 0.0 ], [ 53.511138821794859, 28.649593676578782, 0.0 ], [ 53.511083308891031, 28.64971968325559, 0.0 ], [ 53.511043381762462, 28.64967854497872, 0.0 ], [ 53.511681845611967, 28.650436372378749, 0.0 ], [ 53.511774529841382, 28.6506652001299, 0.0 ], [ 53.511847073549589, 28.650923274590578, 0.0 ], [ 53.511939757598981, 28.651152101281738, 0.0 ], [ 53.512112650091701, 28.65136356853932, 0.0 ], [ 53.512245259334293, 28.65163352929347, 0.0 ], [ 53.512304611302348, 28.651844679065341, 0.0 ], [ 53.512383747012578, 28.652126212635441, 0.0 ], [ 53.512469477015671, 28.652431205605001, 0.0 ], [ 53.512628821553882, 28.652695377518182, 0.0 ], [ 53.512788522993027, 28.65285991850978, 0.0 ], [ 53.512961414987153, 28.653071380840739, 0.0 ], [ 53.513027360347436, 28.653305989616189, 0.0 ], [ 53.513220392519493, 28.653488202784061, 0.0 ], [ 53.513487039567487, 28.653629593287889, 0.0 ], [ 53.513746732857612, 28.65384715272619, 0.0 ], [ 53.51404706679768, 28.653906586714321, 0.0 ], [ 53.514380372922339, 28.65408332128526, 0.0 ], [ 53.514714035335118, 28.65416042619643, 0.0 ], [ 53.51499422481514, 28.654249104383432, 0.0 ], [ 53.515334480663192, 28.654349667947109, 0.0 ], [ 53.515567792398329, 28.65447338021669, 0.0 ], [ 53.515907334193209, 28.65477320067156, 0.0 ], [ 53.516120506081833, 28.65492615926383, 0.0 ], [ 53.516266661565467, 28.655143401445962, 0.0 ], [ 53.516532948856359, 28.6553844134069, 0.0 ], [ 53.516726335764929, 28.655466989717251, 0.0 ], [ 53.516980854748823, 28.655262563152061, 0.0 ], [ 53.51723537171496, 28.655058136183062, 0.0 ], [ 53.517502721391558, 28.655000259371882, 0.0 ], [ 53.517957215492913, 28.654901867974289, 0.0 ], [ 53.518224563245489, 28.65484398980367, 0.0 ], [ 53.518698838952282, 28.65481597785687, 0.0 ], [ 53.518706140197573, 28.654640180712828, 0.0 ], [ 53.519459766477382, 28.655360981670832, 0.0 ], [ 53.519821970256352, 28.655553024445069, 0.0 ], [ 53.520111647847948, 28.655730713299508, 0.0 ], [ 53.520312453476834, 28.655957681654169, 0.0 ], [ 53.520400074441163, 28.65626924238067, 0.0 ], [ 53.520535905284689, 28.656630461011041, 0.0 ], [ 53.520776951643803, 28.656878760674431, 0.0 ], [ 53.521098903019919, 28.65704945246193, 0.0 ], [ 53.521331981958788, 28.657269424300679, 0.0 ], [ 53.521557095244681, 28.657461072574691, 0.0 ], [ 53.521765859578032, 28.657716351754878, 0.0 ], [ 53.522031214297542, 28.657929331781979, 0.0 ], [ 53.522296568017822, 28.658142310351518, 0.0 ], [ 53.522569885635882, 28.658383608709851, 0.0 ], [ 53.522714091589137, 28.658652855903711, 0.0 ], [ 53.522793741686662, 28.658936077206921, 0.0 ], [ 53.523051127124297, 28.659120726614368, 0.0 ], [ 53.5232921654653, 28.659369006917679, 0.0 ], [ 53.523630868540486, 28.65935577269596, 0.0 ], [ 53.523969571462359, 28.659342537631279, 0.0 ], [ 53.524259229967782, 28.659520194543902, 0.0 ], [ 53.524282291442191, 28.65984570718382, 0.0 ], [ 53.524297386566062, 28.660142897814289, 0.0 ], [ 53.52438500057211, 28.660454432703659, 0.0 ], [ 53.524464649534622, 28.660737646408819, 0.0 ], [ 53.524512021179952, 28.6610278467057, 0.0 ], [ 53.524599634691988, 28.661339380469641, 0.0 ], [ 53.524816357407197, 28.661622959113529, 0.0 ], [ 53.525041462643927, 28.661814585604329, 0.0 ], [ 53.525314774555923, 28.662055865081079, 0.0 ], [ 53.525483289510433, 28.66228978820887, 0.0 ], [ 53.525724324508737, 28.662538053643761, 0.0 ], [ 53.526005600970151, 28.66280765074157, 0.0 ], [ 53.52619842857731, 28.663006262112042, 0.0 ], [ 53.526318319147862, 28.663310801893111, 0.0 ], [ 53.526365692429401, 28.66360099933998, 0.0 ], [ 53.526421028400492, 28.663919517726491, 0.0 ], [ 53.526516607810592, 28.664259367992258, 0.0 ], [ 53.52660422132827, 28.664570896347371, 0.0 ], [ 53.526732077779222, 28.664903758275148, 0.0 ], [ 53.52690059465931, 28.66513767827724, 0.0 ], [ 53.526988209277789, 28.665449208954339, 0.0 ], [ 53.527043546534927, 28.665767728670261, 0.0 ], [ 53.527227994272927, 28.666058290781351, 0.0 ], [ 53.527469034332483, 28.66630655323678, 0.0 ], [ 53.527734386612551, 28.666519505086299, 0.0 ], [ 53.527959496702479, 28.666711124912698, 0.0 ], [ 53.528208504206127, 28.66698770844722, 0.0 ], [ 53.528312469412377, 28.667235608712851, 0.0 ], [ 53.528667109173462, 28.66727899408599, 0.0 ], [ 53.529022164618063, 28.667202104218671, 0.0 ], [ 53.529393149494759, 28.667181855757651, 0.0 ], [ 53.529715923804758, 28.667111955670851, 0.0 ], [ 53.530078940366167, 28.6670633856337, 0.0 ], [ 53.530401711686281, 28.66699348399834, 0.0 ], [ 53.530732449408653, 28.666951903094461, 0.0 ], [ 53.531087495751542, 28.666875010784381, 0.0 ], [ 53.531418230675513, 28.66683342918282, 0.0 ], [ 53.531773276000443, 28.66675653602913, 0.0 ], [ 53.532128318690731, 28.666679642013261, 0.0 ], [ 53.532483361835247, 28.66660274797951, 0.0 ], [ 53.532967508975872, 28.66649789196093, 0.0 ], [ 53.533290273112463, 28.66642798641713, 0.0 ], [ 53.533798319286753, 28.66640809049051, 0.0 ], [ 53.534258154122362, 28.6663385419543, 0.0 ], [ 53.534613193147891, 28.666261644317441, 0.0 ], [ 53.534943923115101, 28.666220057021711, 0.0 ], [ 53.535354734214117, 28.666341402020279, 0.0 ], [ 53.535717335517589, 28.666413095543479, 0.0 ], [ 53.536112214654047, 28.666477797690678, 0.0 ], [ 53.536466850506223, 28.666521169840831, 0.0 ], [ 53.536805549700347, 28.666507900810519, 0.0 ], [ 53.537152219309611, 28.66652295098946, 0.0 ], [ 53.537604089083729, 28.66642507459191, 0.0 ], [ 53.538023683768003, 28.666334187503342, 0.0 ], [ 53.538314171159833, 28.666271266338178, 0.0 ], [ 53.538628968385922, 28.666173031788809, 0.0 ], [ 53.53903262504533, 28.666025502597339, 0.0 ], [ 53.539315144800597, 28.665934257561929, 0.0 ], [ 53.539629941986597, 28.66583602166348, 0.0 ], [ 53.53994191758072, 28.665768442875109, 0.0 ], [ 53.540049538280833, 28.665745130227819, 0.0 ], [ 53.540267505748382, 28.66566786759844, 0.0 ], [ 53.54059864115316, 28.665505996659711, 0.0 ], [ 53.540929777538111, 28.665344124932329, 0.0 ], [ 53.54121269731592, 28.665132603522348, 0.0 ], [ 53.541519525587468, 28.665006042689491, 0.0 ], [ 53.541834325748717, 28.664907800896351, 0.0 ], [ 53.542069027793609, 28.66464662913193, 0.0 ], [ 53.5423595217746, 28.664583698537481, 0.0 ], [ 53.542908818960662, 28.665119079919108, 0.0 ], [ 53.541905975948623, 28.666464211118011, 0.0 ], [ 53.540983729256652, 28.667702203118811, 0.0 ], [ 53.540880836781632, 28.667840320470759, 0.0 ], [ 53.539042391140953, 28.670630953777518, 0.0 ], [ 53.536368099166637, 28.67444957674223, 0.0 ], [ 53.53525322327075, 28.67528212738538, 0.0 ], [ 53.532745002582601, 28.67753454380308, 0.0 ], [ 53.530276050034843, 28.680040438689119, 0.0 ], [ 53.52766041906542, 28.682125185821281, 0.0 ], [ 53.525722822440642, 28.683401644508631, 0.0 ], [ 53.522090263579557, 28.686336763391051, 0.0 ], [ 53.520056245016903, 28.688293160103932, 0.0 ], [ 53.517319266309322, 28.690150773869259, 0.0 ], [ 53.516371116663912, 28.69074424448339, 0.0 ], [ 53.515019535004882, 28.691612255810121, 0.0 ], [ 53.514121705877507, 28.69193128146506, 0.0 ], [ 53.513546652601917, 28.69206429133877, 0.0 ], [ 53.5129414607851, 28.692436288874109, 0.0 ], [ 53.512427051323229, 28.692763990906698, 0.0 ], [ 53.510630209040869, 28.691206944635258, 0.0 ], [ 53.510488953976392, 28.691215851902339, 0.0 ], [ 53.510388059098247, 28.691224743408998, 0.0 ], [ 53.510287167753653, 28.691242485044079, 0.0 ], [ 53.510196361852103, 28.69125137230564, 0.0 ], [ 53.510045011997647, 28.691251431242179, 0.0 ], [ 53.509923940456929, 28.691269181721861, 0.0 ], [ 53.509792774226383, 28.69127808419254, 0.0 ], [ 53.509712066347277, 28.69130466834055, 0.0 ], [ 53.509621278494237, 28.69134895957767, 0.0 ], [ 53.509510305860559, 28.691384406900578, 0.0 ], [ 53.509389237521923, 28.691411007123289, 0.0 ], [ 53.509278259212543, 28.691437604094471, 0.0 ], [ 53.50916728532674, 28.691473051167311, 0.0 ], [ 53.509076499530337, 28.691526193190288, 0.0 ], [ 53.508965547931233, 28.691605895567431, 0.0 ], [ 53.508854572744987, 28.691641343320999, 0.0 ], [ 53.508249995963112, 28.692004515605689, 0.0 ], [ 53.508239905825349, 28.692004519580831, 0.0 ], [ 53.508149105836942, 28.692031109550729, 0.0 ], [ 53.508028039782161, 28.692066562440122, 0.0 ], [ 53.507906965848399, 28.692084313012931, 0.0 ], [ 53.507816150120583, 28.69207549743858, 0.0 ], [ 53.507705136554122, 28.692031285281601, 0.0 ], [ 53.507573951550022, 28.692004783076651, 0.0 ], [ 53.507523534826667, 28.692075612406288, 0.0 ], [ 53.507483212564459, 28.692155288901219, 0.0 ], [ 53.507422718669602, 28.692252676319431, 0.0 ], [ 53.507321843149867, 28.69230582203377, 0.0 ], [ 53.507220963195678, 28.692350117480249, 0.0 ], [ 53.507160443857607, 28.69239439637456, 0.0 ], [ 53.507079769127678, 28.6924917905542, 0.0 ], [ 53.506999069255812, 28.692536077165379, 0.0 ], [ 53.506867903066187, 28.692544978674949, 0.0 ], [ 53.506787182482093, 28.692545008734779, 0.0 ], [ 53.506686281517702, 28.692545047373709, 0.0 ], [ 53.506524840349712, 28.69254510812987, 0.0 ], [ 53.506423939369498, 28.692545146572922, 0.0 ], [ 53.506312962029661, 28.692571742070889, 0.0 ], [ 53.50613136693606, 28.692624915740709, 0.0 ], [ 53.506070835207787, 28.692642640846699, 0.0 ], [ 53.505980054053438, 28.69270463289255, 0.0 ], [ 53.505858990401542, 28.69274008204988, 0.0 ], [ 53.505748025344907, 28.692793229525819, 0.0 ], [ 53.505687501870227, 28.69282865578371, 0.0 ], [ 53.505566443196066, 28.692872955782821, 0.0 ], [ 53.505415113685793, 28.692917266990921, 0.0 ], [ 53.505273853311749, 28.692917317827341, 0.0 ], [ 53.50519313340935, 28.692917347835571, 0.0 ], [ 53.505072065001769, 28.692943944305881, 0.0 ], [ 53.504981263131228, 28.692961679253429, 0.0 ], [ 53.504870290057767, 28.692997123806322, 0.0 ], [ 53.504769414412742, 28.69305026589317, 0.0 ], [ 53.504759362505752, 28.69312992960748, 0.0 ], [ 53.504739223416479, 28.69321844727175, 0.0 ], [ 53.504698904732173, 28.693306971451179, 0.0 ], [ 53.504628306850272, 28.693377805441699, 0.0 ], [ 53.504537529299547, 28.69344864679708, 0.0 ], [ 53.504477026648459, 28.693528327204788, 0.0 ], [ 53.50439633915817, 28.693599163872801, 0.0 ], [ 53.504265192754872, 28.693652316700302, 0.0 ], [ 53.504194582036078, 28.693696597149529, 0.0 ], [ 53.504134054409413, 28.693723171638261, 0.0 ], [ 53.503793432644613, 28.693869567600089, 0.0 ], [ 53.503753070247271, 28.693869582228668, 0.0 ], [ 53.50366225612801, 28.693869615075229, 0.0 ], [ 53.503541183120269, 28.69389621212304, 0.0 ], [ 53.503420106002622, 28.693913957947569, 0.0 ], [ 53.503309123240797, 28.693940552069229, 0.0 ], [ 53.503198140394652, 28.693967145201331, 0.0 ], [ 53.503066981800018, 28.69400259654935, 0.0 ], [ 53.502986266921873, 28.694020327570239, 0.0 ], [ 53.502885371282673, 28.694038065720349, 0.0 ], [ 53.502713866900983, 28.69410893466674, 0.0 ], [ 53.502633175720838, 28.694179772219162, 0.0 ], [ 53.502582751622143, 28.6942417479131, 0.0 ], [ 53.502451593438067, 28.6942771977759, 0.0 ], [ 53.50226998025753, 28.694303814097211, 0.0 ], [ 53.502169089125452, 28.6943304019401, 0.0 ], [ 53.502048021063267, 28.69436584789031, 0.0 ], [ 53.501926953955852, 28.694401294619819, 0.0 ], [ 53.501836154056527, 28.694427878687812, 0.0 ], [ 53.501765530003397, 28.694445604579411, 0.0 ], [ 53.501634364466582, 28.694463351407649, 0.0 ], [ 53.501493121106883, 28.694507654060441, 0.0 ], [ 53.501412411427943, 28.694534235271071, 0.0 ], [ 53.501291329389311, 28.69453427511764, 0.0 ], [ 53.501170246340678, 28.694534315776359, 0.0 ], [ 53.501049175841047, 28.694560909698222, 0.0 ], [ 53.500928112920803, 28.694605204875071, 0.0 ], [ 53.500817151827782, 28.694676050809068, 0.0 ], [ 53.500776820614448, 28.694746871796621, 0.0 ], [ 53.50071631328526, 28.694826550748662, 0.0 ], [ 53.500605367032549, 28.694932800156451, 0.0 ], [ 53.500554924344208, 28.69495051858301, 0.0 ], [ 53.500343048520598, 28.694994843073211, 0.0 ], [ 53.500121090578567, 28.695056872879022, 0.0 ], [ 53.500060557254663, 28.69507459451598, 0.0 ], [ 53.499919308524071, 28.695110043575031, 0.0 ], [ 53.499828508433779, 28.695136626341899, 0.0 ], [ 53.499667105669552, 28.69523403891251, 0.0 ], [ 53.499556128116517, 28.69526947935033, 0.0 ], [ 53.499465323019642, 28.695287209866429, 0.0 ], [ 53.499263543843547, 28.695349231669841, 0.0 ], [ 53.49897098111559, 28.695482089320642, 0.0 ], [ 53.498799475466257, 28.69555295171563, 0.0 ], [ 53.498708673636131, 28.695579533788621, 0.0 ], [ 53.498617871734382, 28.695606114901569, 0.0 ], [ 53.49848671124083, 28.69564156017724, 0.0 ], [ 53.498315207564012, 28.69572127315438, 0.0 ], [ 53.498123533288442, 28.695827544944951, 0.0 ], [ 53.498093269823741, 28.695845256937542, 0.0 ], [ 53.497982288940818, 28.69588069528875, 0.0 ], [ 53.497871307976723, 28.695916133553279, 0.0 ], [ 53.497750243505031, 28.695969277238131, 0.0 ], [ 53.497639276626977, 28.696040119907462, 0.0 ], [ 53.497538393094104, 28.696093257902749, 0.0 ], [ 53.497417323660777, 28.696137550182669, 0.0 ], [ 53.497306338685533, 28.696164137764448, 0.0 ], [ 53.497175167883071, 28.696181880477418, 0.0 ], [ 53.497074268849182, 28.696199613571022, 0.0 ], [ 53.496933006291613, 28.69621735833687, 0.0 ], [ 53.496842190798802, 28.696217386706859, 0.0 ], [ 53.496721103446021, 28.696217423536879, 0.0 ], [ 53.496559651568987, 28.696217471911378, 0.0 ], [ 53.496468835033298, 28.696217500049389, 0.0 ], [ 53.496357837244418, 28.69621753345147, 0.0 ], [ 53.496256946302978, 28.696261819442832, 0.0 ], [ 53.496256990172007, 28.696376884452949, 0.0 ], [ 53.496257023688273, 28.696465396002321, 0.0 ], [ 53.496025293844532, 28.69665592292036, 0.0 ], [ 53.49595466746338, 28.696682497133992, 0.0 ], [ 53.495853771473818, 28.696717932625528, 0.0 ], [ 53.495742781308323, 28.696744519058871, 0.0 ], [ 53.495621700430391, 28.696771109367621, 0.0 ], [ 53.495500617091722, 28.69678884749435, 0.0 ], [ 53.495389622018983, 28.696797731295572, 0.0 ], [ 53.49528872097175, 28.696815463128448, 0.0 ], [ 53.4951777224951, 28.696815496501952, 0.0 ], [ 53.495026371333651, 28.696842094432771, 0.0 ], [ 53.494935567536331, 28.696877525309681, 0.0 ], [ 53.494844767012196, 28.696921807289041, 0.0 ], [ 53.494733792699407, 28.69698379750692, 0.0 ], [ 53.494622818229963, 28.69704578673943, 0.0 ], [ 53.494542109148341, 28.69709006552403, 0.0 ], [ 53.494451302670477, 28.697116644917159, 0.0 ], [ 53.494289865435107, 28.697152095258499, 0.0 ], [ 53.494219238000241, 28.697169817391622, 0.0 ], [ 53.49409815140757, 28.697169851901378, 0.0 ], [ 53.494007335940623, 28.697169877496499, 0.0 ], [ 53.493845902711719, 28.697214178467309, 0.0 ], [ 53.493745007212567, 28.69724075939417, 0.0 ], [ 53.493593661238862, 28.697276205986551, 0.0 ], [ 53.493482671641701, 28.69729393847075, 0.0 ], [ 53.493351514410783, 28.697347081306692, 0.0 ], [ 53.493240540692931, 28.69740906853551, 0.0 ], [ 53.493180007840998, 28.697435638408098, 0.0 ], [ 53.493099308382959, 28.697506468968879, 0.0 ], [ 53.493028705938073, 28.697594998051059, 0.0 ], [ 53.492988382096122, 28.69770122173583, 0.0 ], [ 53.492968232358237, 28.697789737357219, 0.0 ], [ 53.492948079407178, 28.69786940180806, 0.0 ], [ 53.492907758559276, 28.697984475743318, 0.0 ], [ 53.492857327766977, 28.698046446421628, 0.0 ], [ 53.492806906440542, 28.698134970591461, 0.0 ], [ 53.492736316013399, 28.698258903330132, 0.0 ], [ 53.492645523691422, 28.698320885316591, 0.0 ], [ 53.492534549550541, 28.698382872027921, 0.0 ], [ 53.492423553306942, 28.698382902264129, 0.0 ], [ 53.492312551788089, 28.698365229145889, 0.0 ], [ 53.49221163288761, 28.698329852616141, 0.0 ], [ 53.492100619003523, 28.698276775529571, 0.0 ], [ 53.491999699187382, 28.698232547620641, 0.0 ], [ 53.491878600868411, 28.698197175484179, 0.0 ], [ 53.491767592428168, 28.69816180047178, 0.0 ], [ 53.491686841172687, 28.69808216297006, 0.0 ], [ 53.491545559454892, 28.698037945772359, 0.0 ], [ 53.49148500432549, 28.698002556699691, 0.0 ], [ 53.491394180901352, 28.697976027917282, 0.0 ], [ 53.49128318603573, 28.697976057171399, 0.0 ], [ 53.491152024665332, 28.69802034589037, 0.0 ], [ 53.491051149753183, 28.698108882220119, 0.0 ], [ 53.490990635968437, 28.698197407633199, 0.0 ], [ 53.490950312832567, 28.698312481119341, 0.0 ], [ 53.490909980588377, 28.698401001963031, 0.0 ], [ 53.490889828987157, 28.69848951738247, 0.0 ], [ 53.490859586484653, 28.698578035516491, 0.0 ], [ 53.490859615558563, 28.698666545518179, 0.0 ], [ 53.490859668758972, 28.69882586494635, 0.0 ], [ 53.490839523090152, 28.69893208271769, 0.0 ], [ 53.490809288461193, 28.69904715439975, 0.0 ], [ 53.49066022428439, 28.699218334894091, 0.0 ], [ 53.491036224253712, 28.70225360594371, 0.0 ], [ 53.486758046323949, 28.704064905138541, 0.0 ], [ 53.481775183476287, 28.7063176815753, 0.0 ], [ 53.476439557931272, 28.709056126712071, 0.0 ], [ 53.471776079875461, 28.71134310310525, 0.0 ], [ 53.46878071002579, 28.712999256044601, 0.0 ], [ 53.456360292635289, 28.719359249306681, 0.0 ], [ 53.451451480769379, 28.72192001831144, 0.0 ], [ 53.448052923035057, 28.72443651302369, 0.0 ], [ 53.447222087621633, 28.725474042044191, 0.0 ], [ 53.445384107206692, 28.72741666777527, 0.0 ], [ 53.443596382489631, 28.728939893788311, 0.0 ], [ 53.442179572653657, 28.729709671136579, 0.0 ], [ 53.438386231605222, 28.731504385534791, 0.0 ], [ 53.437000951786409, 28.733246526955721, 0.0 ], [ 53.437000664417802, 28.734249656055621, 0.0 ], [ 53.436576750372062, 28.734668469943511, 0.0 ], [ 53.43633584947186, 28.734774049105241, 0.0 ], [ 53.436289365885003, 28.734814790146789, 0.0 ], [ 53.435914218620312, 28.735143597298048, 0.0 ], [ 53.435372143418313, 28.735565925224719, 0.0 ], [ 53.434830153160192, 28.73572426941524, 0.0 ], [ 53.434092907037083, 28.735914308725611, 0.0 ], [ 53.433806418806057, 28.735988155477919, 0.0 ], [ 53.433675025278447, 28.736149366264598, 0.0 ], [ 53.433505235809683, 28.736357687060419, 0.0 ], [ 53.433023395656377, 28.73677998865967, 0.0 ], [ 53.432517931412796, 28.736969844743601, 0.0 ], [ 53.430765097855222, 28.737927075597419, 0.0 ], [ 53.430601867249671, 28.738016213651239, 0.0 ], [ 53.430707407408917, 28.73775419236777, 0.0 ], [ 53.430674797422732, 28.73778277219731, 0.0 ], [ 53.430422822811842, 28.738113991161288, 0.0 ], [ 53.430601867249671, 28.738016213651239, 0.0 ], [ 53.430549373930901, 28.738146541291361, 0.0 ], [ 53.429951699147949, 28.739630374328922, 0.0 ], [ 53.429126537693591, 28.739594026368682, 0.0 ], [ 53.418388619515078, 28.739120560823551, 0.0 ], [ 53.413212587759602, 28.7402439475362, 0.0 ], [ 53.40638281864458, 28.7435410930686, 0.0 ], [ 53.39497974941559, 28.746335182354461, 0.0 ], [ 53.387370400317486, 28.748169283362731, 0.0 ], [ 53.380404948470257, 28.750978390345441, 0.0 ], [ 53.375235849637207, 28.75235955596991, 0.0 ], [ 53.370895003574809, 28.754223863395069, 0.0 ], [ 53.37040078934735, 28.75706171628882, 0.0 ], [ 53.369831822539723, 28.76032866002971, 0.0 ], [ 53.365910724041512, 28.76621893459178, 0.0 ], [ 53.364658883234128, 28.770289965799481, 0.0 ], [ 53.360501859076351, 28.779412042909922, 0.0 ], [ 53.354537272192388, 28.78798389590229, 0.0 ], [ 53.352426571300093, 28.788252779864109, 0.0 ], [ 53.349412218461417, 28.787615828316842, 0.0 ], [ 53.343382324985171, 28.7862842847466, 0.0 ], [ 53.340210746625388, 28.78444331160954, 0.0 ], [ 53.334110763546903, 28.77995256018734, 0.0 ], [ 53.331732585374183, 28.7781790729587, 0.0 ], [ 53.327933171131292, 28.776139869188981, 0.0 ], [ 53.326787412839202, 28.77064713224178, 0.0 ], [ 53.327055319404771, 28.769333843094628, 0.0 ], [ 53.327402947570988, 28.7676297140165, 0.0 ], [ 53.326899207048008, 28.76543339827283, 0.0 ], [ 53.32661844897806, 28.763032784090989, 0.0 ], [ 53.325486281065842, 28.758141148823341, 0.0 ], [ 53.32540410227007, 28.754434154261592, 0.0 ], [ 53.325328600692963, 28.751027724738449, 0.0 ], [ 53.3243076223335, 28.75114552171642, 0.0 ], [ 53.324167301879477, 28.749945206613631, 0.0 ], [ 53.32227734636156, 28.746770426781602, 0.0 ], [ 53.316141295605341, 28.75039811909998, 0.0 ], [ 53.315628533742327, 28.75154495243024, 0.0 ], [ 53.314688593913402, 28.752841357415448, 0.0 ], [ 53.313012308405078, 28.754909062819792, 0.0 ], [ 53.311850879884602, 28.755924732602299, 0.0 ], [ 53.307437402955443, 28.758323701049239, 0.0 ], [ 53.306485837304884, 28.759098649903962, 0.0 ], [ 53.30584242112559, 28.759204472113879, 0.0 ], [ 53.305671591547423, 28.759807084289879, 0.0 ], [ 53.30511626047074, 28.759750288493532, 0.0 ], [ 53.304838662785833, 28.759675071638789, 0.0 ], [ 53.304561011003862, 28.75963730866852, 0.0 ], [ 53.304368862346351, 28.75956218648032, 0.0 ], [ 53.304112545997647, 28.759543173303449, 0.0 ], [ 53.303856202862413, 28.75954288687241, 0.0 ], [ 53.30342896384029, 28.75954240630659, 0.0 ], [ 53.303087007174057, 28.75965438369035, 0.0 ], [ 53.302830552395768, 28.759729001664351, 0.0 ], [ 53.302552598887118, 28.759897229843219, 0.0 ], [ 53.302424315826627, 28.759971993377938, 0.0 ], [ 53.302253253331379, 28.760084160947489, 0.0 ], [ 53.30193273804079, 28.760139978523011, 0.0 ], [ 53.301697614871777, 28.760233345614079, 0.0 ], [ 53.301547940418793, 28.760326809918169, 0.0 ], [ 53.301269980092073, 28.76049503660299, 0.0 ], [ 53.30107766268511, 28.760532270654121, 0.0 ], [ 53.300799949486347, 28.760531952818361, 0.0 ], [ 53.300522236247552, 28.760531634411059, 0.0 ], [ 53.300287247167667, 28.760531365530419, 0.0 ], [ 53.300073620140999, 28.760531120419969, 0.0 ], [ 53.299710313373808, 28.76062433740314, 0.0 ], [ 53.299368366999353, 28.760717577750061, 0.0 ], [ 53.299197351057792, 28.76079228900117, 0.0 ], [ 53.298919546598867, 28.76084814930827, 0.0 ], [ 53.298748642091077, 28.760847951763012, 0.0 ], [ 53.298428194151903, 28.76084757957473, 0.0 ], [ 53.298171833726983, 28.7608472818522, 0.0 ], [ 53.297659110708089, 28.760846684079048, 0.0 ], [ 53.297637746467672, 28.760846658654071, 0.0 ], [ 53.297338485428092, 28.760958673255459, 0.0 ], [ 53.297188853629983, 28.76101468033767, 0.0 ], [ 53.296932316069139, 28.761126744240229, 0.0 ], [ 53.296761290374249, 28.761201453560439, 0.0 ], [ 53.296568756415027, 28.76136977457077, 0.0 ], [ 53.2964189777325, 28.76151941837632, 0.0 ], [ 53.296291003209362, 28.76182666668236, 0.0 ], [ 53.296088786832918, 28.761944506424001, 0.0 ], [ 53.295549766958743, 28.762120996895678, 0.0 ], [ 53.295414752255397, 28.762327457036069, 0.0 ], [ 53.295212349164998, 28.762563354633759, 0.0 ], [ 53.294707291954381, 28.762562779898261, 0.0 ], [ 53.294303248736142, 28.76256231798207, 0.0 ], [ 53.29393268867954, 28.762679954760909, 0.0 ], [ 53.293528461348252, 28.7627975505686, 0.0 ], [ 53.293292489005509, 28.76297436950162, 0.0 ], [ 53.292820832014733, 28.7631509118787, 0.0 ], [ 53.2924839487046, 28.763268578492429, 0.0 ], [ 53.291978673348162, 28.763415560226338, 0.0 ], [ 53.291574551202658, 28.76347411332247, 0.0 ], [ 53.291204003637901, 28.763591733601022, 0.0 ], [ 53.290867412307982, 28.763532304478719, 0.0 ], [ 53.290598349529198, 28.76335489562727, 0.0 ], [ 53.290329528416507, 28.76302991193015, 0.0 ], [ 53.290094232535367, 28.76279351118697, 0.0 ], [ 53.290027471280162, 28.76243925128724, 0.0 ], [ 53.289724745406119, 28.762261797752089, 0.0 ], [ 53.289421445810987, 28.76243852449193, 0.0 ], [ 53.289185386252093, 28.762674359744821, 0.0 ], [ 53.289016614771342, 28.762939789895441, 0.0 ], [ 53.288780555190741, 28.763175621798968, 0.0 ], [ 53.288510780849279, 28.76344092605045, 0.0 ], [ 53.288207338327652, 28.763706185814691, 0.0 ], [ 53.28793780422113, 28.763823914654051, 0.0 ], [ 53.287533598983622, 28.76394147629323, 0.0 ], [ 53.287230349111638, 28.764088674474468, 0.0 ], [ 53.286893334366077, 28.76429485746371, 0.0 ], [ 53.286489129966817, 28.76441241245869, 0.0 ], [ 53.2860851184913, 28.764411911216211, 0.0 ], [ 53.285681107935773, 28.764411407844779, 0.0 ], [ 53.285310668472952, 28.764469972377249, 0.0 ], [ 53.285074596794701, 28.764793377082341, 0.0 ], [ 53.285007201244241, 28.764822811645288, 0.0 ], [ 53.284670370899349, 28.764881424774881, 0.0 ], [ 53.284367213509867, 28.76494008013653, 0.0 ], [ 53.283962939140167, 28.765057644278311, 0.0 ], [ 53.28352518559052, 28.76505708895936, 0.0 ], [ 53.283222124657897, 28.76505670292471, 0.0 ], [ 53.282919015191851, 28.76508583474719, 0.0 ], [ 53.282514835469676, 28.765144354878529, 0.0 ], [ 53.282110509078827, 28.76529142947323, 0.0 ], [ 53.281571534919692, 28.765408809499171, 0.0 ], [ 53.281268275841803, 28.765526492496679, 0.0 ], [ 53.280998688676412, 28.765644217844351, 0.0 ], [ 53.280695328959538, 28.765820935879429, 0.0 ], [ 53.280392066552473, 28.765938616139209, 0.0 ], [ 53.280055030009947, 28.766115287926048, 0.0 ], [ 53.279785291783732, 28.766321565845079, 0.0 ], [ 53.279414675789234, 28.766439154844409, 0.0 ], [ 53.279043959802877, 28.766615780054309, 0.0 ], [ 53.278707015879483, 28.76673341155033, 0.0 ], [ 53.278370119837732, 28.766821522759859, 0.0 ], [ 53.278066797676701, 28.766968714958569, 0.0 ], [ 53.277998948983679, 28.767263810965279, 0.0 ], [ 53.277998099850159, 28.767765623663081, 0.0 ], [ 53.277761872926213, 28.76806049573408, 0.0 ], [ 53.278266701213468, 28.768238271303868, 0.0 ], [ 53.279073855728022, 28.768859211967872, 0.0 ], [ 53.279511531580503, 28.768918819718849, 0.0 ], [ 53.280016654792789, 28.76891947704236, 0.0 ], [ 53.280184631869517, 28.76915583859541, 0.0 ], [ 53.279847336530622, 28.76948009965513, 0.0 ], [ 53.27944298639509, 28.769627164668218, 0.0 ], [ 53.278735153896591, 28.770009977498891, 0.0 ], [ 53.277859133982822, 28.770274494341241, 0.0 ], [ 53.276881969893978, 28.770597910576321, 0.0 ], [ 53.276104890594588, 28.77126372934352, 0.0 ], [ 53.275900677948762, 28.771438701223179, 0.0 ], [ 53.273876039925732, 28.773620462883919, 0.0 ], [ 53.270299406533468, 28.777394006307539, 0.0 ], [ 53.267166097748479, 28.778068576677938, 0.0 ], [ 53.26534293914699, 28.778686057990178, 0.0 ], [ 53.26510653397979, 28.7790399548701, 0.0 ], [ 53.265038589889507, 28.77936457412957, 0.0 ], [ 53.264869654034811, 28.779659529148059, 0.0 ], [ 53.264734398927253, 28.779954532528151, 0.0 ], [ 53.264599249785299, 28.780190497382119, 0.0 ], [ 53.26422890993787, 28.780101401954848, 0.0 ], [ 53.264077502674859, 28.780012623928481, 0.0 ], [ 53.263151858672302, 28.779686568636748, 0.0 ], [ 53.262378068129927, 28.779213137246021, 0.0 ], [ 53.259009636120091, 28.779473900702449, 0.0 ], [ 53.256045988955456, 28.779440019769471, 0.0 ], [ 53.253114794479913, 28.780055561221442, 0.0 ], [ 53.249475696508668, 28.780965201737111, 0.0 ], [ 53.249139082269622, 28.780876136799169, 0.0 ], [ 53.247687427685847, 28.780778654039299, 0.0 ], [ 53.247148096390582, 28.781348781838389, 0.0 ], [ 53.246609069319412, 28.78176995894686, 0.0 ], [ 53.244879565681622, 28.78261128571144, 0.0 ], [ 53.242094725453882, 28.783734715354669, 0.0 ], [ 53.240296781979303, 28.784504972838949, 0.0 ], [ 53.238574493609619, 28.784894777922041, 0.0 ] ] ] ] } },
{ "type": "Feature", "properties": { "Name": "منطقه شکار ممنوع کوهستان", "description": null, "timestamp": null, "begin": null, "end": null, "altitudeMode": null, "tessellate": -1, "extrude": 0, "visibility": -1, "drawOrder": null, "icon": null }, "geometry": { "type": "Polygon", "coordinates": [ [ [ 55.027958547587289, 28.775200509445749, 0.0 ], [ 55.015714119480862, 28.764259681699968, 0.0 ], [ 54.999918496887673, 28.765593906486391, 0.0 ], [ 54.982748673072102, 28.74866819165074, 0.0 ], [ 54.984022693039151, 28.747091171409981, 0.0 ], [ 54.986697413875007, 28.74642168134012, 0.0 ], [ 54.986556281436229, 28.745263036010041, 0.0 ], [ 54.983500636198507, 28.743340251143511, 0.0 ], [ 54.982323778963369, 28.740137915254131, 0.0 ], [ 54.980775875627181, 28.73977748152986, 0.0 ], [ 54.977438255951512, 28.73758944865402, 0.0 ], [ 54.97761356247328, 28.73365471486175, 0.0 ], [ 54.974379670191958, 28.730519315806919, 0.0 ], [ 54.972661511641768, 28.73052568185981, 0.0 ], [ 54.972235385483529, 28.729892533596669, 0.0 ], [ 54.97131391141815, 28.72892164810267, 0.0 ], [ 54.966205033388533, 28.7243353149893, 0.0 ], [ 54.964098506802081, 28.72406095028175, 0.0 ], [ 54.961851421907049, 28.722847515386349, 0.0 ], [ 54.959319835045193, 28.719240051198611, 0.0 ], [ 54.955419524378549, 28.715304782005621, 0.0 ], [ 54.951336863994541, 28.713210595754489, 0.0 ], [ 54.951164842604648, 28.711011461015978, 0.0 ], [ 54.946278030331008, 28.70957987710484, 0.0 ], [ 54.944230799412502, 28.710139545358349, 0.0 ], [ 54.942607670413103, 28.709835721716701, 0.0 ], [ 54.941898636658223, 28.70870456021915, 0.0 ], [ 54.94170045300865, 28.70798243010141, 0.0 ], [ 54.942650982371227, 28.707074530550031, 0.0 ], [ 54.942874920334717, 28.706860632660192, 0.0 ], [ 54.944086705072444, 28.70489668456656, 0.0 ], [ 54.944069932958499, 28.704177724760861, 0.0 ], [ 54.945448366598093, 28.702925297048481, 0.0 ], [ 54.948040264746041, 28.701926553838469, 0.0 ], [ 54.950972216038792, 28.700000823171859, 0.0 ], [ 54.952718897523482, 28.698703364934332, 0.0 ], [ 54.953089100067459, 28.69766535406503, 0.0 ], [ 54.955268560141683, 28.69717871921582, 0.0 ], [ 54.956976808007227, 28.69605656089491, 0.0 ], [ 54.958935233233383, 28.694621355922241, 0.0 ], [ 54.960702732901332, 28.695115233802881, 0.0 ], [ 54.962369940237203, 28.695312882789619, 0.0 ], [ 54.9643587105422, 28.693044671156741, 0.0 ], [ 54.966137648305818, 28.692385438166021, 0.0 ], [ 54.967381804005001, 28.69116581996839, 0.0 ], [ 54.969002810731453, 28.69078731569714, 0.0 ], [ 54.969224089303751, 28.68929429408384, 0.0 ], [ 54.968719633802273, 28.687450040468221, 0.0 ], [ 54.96946685001457, 28.68690231545823, 0.0 ], [ 54.97063130460316, 28.685368052137719, 0.0 ], [ 54.971478219656852, 28.685220588346979, 0.0 ], [ 54.97378440072724, 28.68329226894339, 0.0 ], [ 54.974745608174587, 28.68410680097513, 0.0 ], [ 54.975428216115887, 28.683945593527181, 0.0 ], [ 54.976567888335367, 28.68291691166489, 0.0 ], [ 54.977347773716602, 28.681531268654599, 0.0 ], [ 54.978957381125802, 28.679447628710051, 0.0 ], [ 54.978454445412162, 28.678652608562491, 0.0 ], [ 54.978996983510051, 28.677836385225781, 0.0 ], [ 54.979886600460432, 28.675152896232081, 0.0 ], [ 54.981527329476037, 28.673896470531599, 0.0 ], [ 54.98274778249381, 28.67379075942118, 0.0 ], [ 54.984288201744008, 28.673066087441509, 0.0 ], [ 54.986632907262873, 28.672737628820769, 0.0 ], [ 54.989465583310597, 28.671758393574159, 0.0 ], [ 54.991026396316798, 28.67109574367932, 0.0 ], [ 54.993223849346862, 28.668229996781541, 0.0 ], [ 54.99359912330776, 28.66774057665635, 0.0 ], [ 54.994107452475092, 28.667409626666139, 0.0 ], [ 54.994862438016249, 28.666666718640919, 0.0 ], [ 54.995430870151651, 28.665404080473699, 0.0 ], [ 54.997261966175927, 28.664101722537929, 0.0 ], [ 54.998022912521307, 28.663164386614451, 0.0 ], [ 54.999936935712213, 28.661120630121609, 0.0 ], [ 55.001777818845497, 28.65925784658954, 0.0 ], [ 55.001788640360473, 28.658248974278809, 0.0 ], [ 55.002602450095033, 28.656752817109169, 0.0 ], [ 55.004527032780132, 28.655503446264909, 0.0 ], [ 55.005774672595109, 28.654326307033742, 0.0 ], [ 55.007083669916533, 28.652696040281871, 0.0 ], [ 55.006734741174633, 28.651662163601561, 0.0 ], [ 55.008343883343699, 28.649380383449291, 0.0 ], [ 55.009007208829999, 28.648555140272379, 0.0 ], [ 55.009807361935813, 28.647284352051731, 0.0 ], [ 55.010269627229022, 28.645486253205831, 0.0 ], [ 55.010579430990617, 28.644478990646149, 0.0 ], [ 55.011219671823689, 28.64318524782388, 0.0 ], [ 55.012127636342662, 28.642801820510101, 0.0 ], [ 55.012219336844012, 28.64153366053894, 0.0 ], [ 55.01329564929334, 28.638734552650028, 0.0 ], [ 55.014053005654958, 28.6378569126169, 0.0 ], [ 55.015352829025261, 28.6358593173481, 0.0 ], [ 55.017121155213623, 28.633153215998661, 0.0 ], [ 55.018606520554272, 28.628491861848872, 0.0 ], [ 55.020161382538937, 28.626071540992371, 0.0 ], [ 55.020692574629699, 28.62435020810695, 0.0 ], [ 55.022805644321757, 28.619182709125951, 0.0 ], [ 55.024313640191302, 28.613279403472522, 0.0 ], [ 55.025679213485581, 28.611446655070239, 0.0 ], [ 55.029005534828308, 28.60935238779923, 0.0 ], [ 55.029022232618061, 28.60606935844298, 0.0 ], [ 55.028889787588923, 28.603527085144229, 0.0 ], [ 55.028831125016517, 28.600244949900521, 0.0 ], [ 55.028885446198231, 28.597334922799231, 0.0 ], [ 55.029182512763498, 28.594269650750601, 0.0 ], [ 55.02901973195079, 28.5901392132638, 0.0 ], [ 55.024356869630047, 28.5733473773039, 0.0 ], [ 55.024618736983889, 28.568958494348959, 0.0 ], [ 55.024750824809971, 28.565096958587919, 0.0 ], [ 55.023835141041907, 28.56119103153609, 0.0 ], [ 55.035070890899107, 28.559276220218621, 0.0 ], [ 55.035694726159882, 28.556275751156662, 0.0 ], [ 55.039554553610692, 28.5538236467156, 0.0 ], [ 55.044346740942729, 28.553606169528301, 0.0 ], [ 55.048747782947082, 28.552594693517548, 0.0 ], [ 55.050555150104337, 28.551402529298091, 0.0 ], [ 55.045172237718553, 28.548458897629029, 0.0 ], [ 55.047953116862153, 28.54728078371593, 0.0 ], [ 55.050498501769347, 28.536855696311981, 0.0 ], [ 55.048179008166173, 28.535030986566841, 0.0 ], [ 55.040453152307947, 28.537101165002639, 0.0 ], [ 55.035791834524503, 28.536900913886829, 0.0 ], [ 55.032734888029402, 28.53539486427449, 0.0 ], [ 55.03081250400048, 28.53357298527558, 0.0 ], [ 55.031383499485493, 28.531189252320122, 0.0 ], [ 55.030286121882952, 28.529512217539668, 0.0 ], [ 55.028987982481617, 28.528473781932849, 0.0 ], [ 55.02945116672641, 28.526312020199551, 0.0 ], [ 55.030430647999097, 28.521740265022721, 0.0 ], [ 55.029777221111942, 28.520468334563919, 0.0 ], [ 55.027422443564788, 28.517643469589299, 0.0 ], [ 55.027282150074477, 28.513056735447169, 0.0 ], [ 55.028312954505857, 28.51021456964833, 0.0 ], [ 55.029582999023773, 28.502591822345401, 0.0 ], [ 55.031196685470242, 28.50075475437486, 0.0 ], [ 55.033208422733303, 28.49367425760552, 0.0 ], [ 55.035712959392242, 28.488394861894442, 0.0 ], [ 55.037630743631453, 28.486362759924312, 0.0 ], [ 55.041131864341843, 28.480034501899141, 0.0 ], [ 55.043567082034457, 28.47847487964, 0.0 ], [ 55.044660002688353, 28.476297899690099, 0.0 ], [ 55.048101720024917, 28.473157967010639, 0.0 ], [ 55.049267223814638, 28.471114877398058, 0.0 ], [ 55.049026335281283, 28.467855578952211, 0.0 ], [ 55.05247129540173, 28.464516226783061, 0.0 ], [ 55.055172859575222, 28.460701027516748, 0.0 ], [ 55.057469238062467, 28.458474683680109, 0.0 ], [ 55.062095666396537, 28.456281516595009, 0.0 ], [ 55.066630815556593, 28.450831019329641, 0.0 ], [ 55.069806599851333, 28.445693303535041, 0.0 ], [ 55.073214049737381, 28.444346230758359, 0.0 ], [ 55.077479279528063, 28.441699338847268, 0.0 ], [ 55.081347265512321, 28.43864980942676, 0.0 ], [ 55.083125913449777, 28.437388880134939, 0.0 ], [ 55.08484972956866, 28.433599499521609, 0.0 ], [ 55.085875951671561, 28.43232793771563, 0.0 ], [ 55.088513410468479, 28.43072424962067, 0.0 ], [ 55.093815997132722, 28.428758758354331, 0.0 ], [ 55.097337469046593, 28.428201988023218, 0.0 ], [ 55.102246329093077, 28.426733230386539, 0.0 ], [ 55.106222077898693, 28.425073929344371, 0.0 ], [ 55.113685245836258, 28.42287161377622, 0.0 ], [ 55.114104431074857, 28.421457896803769, 0.0 ], [ 55.114426975376809, 28.420325878362831, 0.0 ], [ 55.116495407692952, 28.4188169134578, 0.0 ], [ 55.117736926007112, 28.417029074443288, 0.0 ], [ 55.119628058895799, 28.41270980768547, 0.0 ], [ 55.122745026518402, 28.408542348087899, 0.0 ], [ 55.125612514615412, 28.405008523635029, 0.0 ], [ 55.129916110850871, 28.400905809879031, 0.0 ], [ 55.13306287819205, 28.39768673514018, 0.0 ], [ 55.134558416786653, 28.396446047594878, 0.0 ], [ 55.13435610727403, 28.39442538747992, 0.0 ], [ 55.133649061189267, 28.39407938524738, 0.0 ], [ 55.132699955018417, 28.393982297662649, 0.0 ], [ 55.132803117857613, 28.393521279842211, 0.0 ], [ 55.133677784804718, 28.392440244122991, 0.0 ], [ 55.136273732523513, 28.39079421377992, 0.0 ], [ 55.138292667167853, 28.38951860042561, 0.0 ], [ 55.140272098715521, 28.387779981882758, 0.0 ], [ 55.141299484807959, 28.386112424354259, 0.0 ], [ 55.143344557126007, 28.3860562332783, 0.0 ], [ 55.145183462671369, 28.384189503704071, 0.0 ], [ 55.147105657564033, 28.382996512567029, 0.0 ], [ 55.148986857174677, 28.381424579995961, 0.0 ], [ 55.150258954390161, 28.379339874528029, 0.0 ], [ 55.152276780051203, 28.378106063512831, 0.0 ], [ 55.154340626386073, 28.376956924177019, 0.0 ], [ 55.154704155501612, 28.376908324673199, 0.0 ], [ 55.155020007730691, 28.377341576709089, 0.0 ], [ 55.155736898927742, 28.377289999887161, 0.0 ], [ 55.156556751617273, 28.376626991558279, 0.0 ], [ 55.157056281681747, 28.377124005600319, 0.0 ], [ 55.157845622085752, 28.37688955092916, 0.0 ], [ 55.157858682121763, 28.376133914239499, 0.0 ], [ 55.158186898069502, 28.37585236858024, 0.0 ], [ 55.160013557650338, 28.375734055126241, 0.0 ], [ 55.160137121720311, 28.375265893434229, 0.0 ], [ 55.165104805305923, 28.375598436325451, 0.0 ], [ 55.167091632121668, 28.374671895749788, 0.0 ], [ 55.168451913072587, 28.37436334748098, 0.0 ], [ 55.169242653078342, 28.373148326162379, 0.0 ], [ 55.171461921133627, 28.371831424206849, 0.0 ], [ 55.173653716211781, 28.37171555424743, 0.0 ], [ 55.173097554259449, 28.370094075273141, 0.0 ], [ 55.174209875737127, 28.369076006983271, 0.0 ], [ 55.176693237859674, 28.36898013273613, 0.0 ], [ 55.178613747678611, 28.367650030614321, 0.0 ], [ 55.181721596380882, 28.365173644589522, 0.0 ], [ 55.186582345648013, 28.361679464259328, 0.0 ], [ 55.193163305520457, 28.356924751709879, 0.0 ], [ 55.196284257930401, 28.354444147408909, 0.0 ], [ 55.199757573879339, 28.35245577203704, 0.0 ], [ 55.202454394758988, 28.3513321526565, 0.0 ], [ 55.206730846012057, 28.34964691336738, 0.0 ], [ 55.210245453100633, 28.34846869783193, 0.0 ], [ 55.212085463097232, 28.348271187658749, 0.0 ], [ 55.214827837133171, 28.347050118728632, 0.0 ], [ 55.218404239973651, 28.345986172234522, 0.0 ], [ 55.221756316431538, 28.345488717740199, 0.0 ], [ 55.225944290686883, 28.345083682643139, 0.0 ], [ 55.229369851637543, 28.344300202725918, 0.0 ], [ 55.230540676793851, 28.343139265535289, 0.0 ], [ 55.229959575786218, 28.34219796162396, 0.0 ], [ 55.228263018422538, 28.340230988660728, 0.0 ], [ 55.227529503345473, 28.338175133608331, 0.0 ], [ 55.224902642464372, 28.334971757509631, 0.0 ], [ 55.223517668021827, 28.331963447010718, 0.0 ], [ 55.224106421948612, 28.330047071732171, 0.0 ], [ 55.224421949014882, 28.32844657981882, 0.0 ], [ 55.224926558868063, 28.325886906259349, 0.0 ], [ 55.225588333964183, 28.324133778201698, 0.0 ], [ 55.225845167132441, 28.320806062914219, 0.0 ], [ 55.226307969666252, 28.31958380404334, 0.0 ], [ 55.227440896751638, 28.316591647982541, 0.0 ], [ 55.228544938934043, 28.314297957124811, 0.0 ], [ 55.230731884417182, 28.311055573614329, 0.0 ], [ 55.232601262108389, 28.309224600135781, 0.0 ], [ 55.233973121149283, 28.30739258987952, 0.0 ], [ 55.235206522222789, 28.304759310600449, 0.0 ], [ 55.233873597754673, 28.303893124417311, 0.0 ], [ 55.233136754635112, 28.302961617683039, 0.0 ], [ 55.235864508761367, 28.30114485992949, 0.0 ], [ 55.237505372833098, 28.299640450069759, 0.0 ], [ 55.239842964670558, 28.299831552103079, 0.0 ], [ 55.241292041493011, 28.29937709492539, 0.0 ], [ 55.245298388476378, 28.297262876646219, 0.0 ], [ 55.247239672322891, 28.296942871299439, 0.0 ], [ 55.248718095121987, 28.294865476932632, 0.0 ], [ 55.251201370386738, 28.29463146522686, 0.0 ], [ 55.250971475889223, 28.293822952031821, 0.0 ], [ 55.253633802494427, 28.293164062738221, 0.0 ], [ 55.256269613263882, 28.29243260456051, 0.0 ], [ 55.261569346595337, 28.29310974856346, 0.0 ], [ 55.265419209389982, 28.295280905626509, 0.0 ], [ 55.269165230094657, 28.298241580359171, 0.0 ], [ 55.273232593077282, 28.301083903661731, 0.0 ], [ 55.277025865121097, 28.303481788035189, 0.0 ], [ 55.280756976158202, 28.30599191395963, 0.0 ], [ 55.284818433139563, 28.30860870367367, 0.0 ], [ 55.288475654935731, 28.31083925858692, 0.0 ], [ 55.292786534620632, 28.31311219922426, 0.0 ], [ 55.297298372111491, 28.315549893420201, 0.0 ], [ 55.301733763172997, 28.31764960135612, 0.0 ], [ 55.305963057943039, 28.319417685622561, 0.0 ], [ 55.309928454590803, 28.32107906389712, 0.0 ], [ 55.314759374381516, 28.323282956950649, 0.0 ], [ 55.318752839843562, 28.325788105022159, 0.0 ], [ 55.32203415094471, 28.328419367171438, 0.0 ], [ 55.325060428006097, 28.331225370311198, 0.0 ], [ 55.328365302881899, 28.338691817854521, 0.0 ], [ 55.328644807047269, 28.34179092938372, 0.0 ], [ 55.328985801226892, 28.344455461635519, 0.0 ], [ 55.330931747732457, 28.34588202625951, 0.0 ], [ 55.333670534615059, 28.349059579198009, 0.0 ], [ 55.33411345196118, 28.352209047503191, 0.0 ], [ 55.333985239045887, 28.35341673309717, 0.0 ], [ 55.335494063600592, 28.35483789469529, 0.0 ], [ 55.337882234341919, 28.36299320787386, 0.0 ], [ 55.338693719889363, 28.367066185813101, 0.0 ], [ 55.339207328210748, 28.36920072784255, 0.0 ], [ 55.339382346003887, 28.372008322919658, 0.0 ], [ 55.339965727073377, 28.373176310967452, 0.0 ], [ 55.34251380287877, 28.374610058104949, 0.0 ], [ 55.34451665128941, 28.37594039598093, 0.0 ], [ 55.347175717880162, 28.377278666966991, 0.0 ], [ 55.348595166093297, 28.377440987279229, 0.0 ], [ 55.350957701267028, 28.379098060992629, 0.0 ], [ 55.352834397056121, 28.38034613735617, 0.0 ], [ 55.352958292958817, 28.381766493478651, 0.0 ], [ 55.352014084567422, 28.38393624266293, 0.0 ], [ 55.34976521753719, 28.38546847706229, 0.0 ], [ 55.347839480902749, 28.38737993978139, 0.0 ], [ 55.33983712552525, 28.395473294287012, 0.0 ], [ 55.33380728800951, 28.39862431953242, 0.0 ], [ 55.332094745082763, 28.400860613362379, 0.0 ], [ 55.330751805539307, 28.402778948923739, 0.0 ], [ 55.331219827108526, 28.40549338859406, 0.0 ], [ 55.330542257596043, 28.406839434356911, 0.0 ], [ 55.330000410215469, 28.408832070036169, 0.0 ], [ 55.331278752079882, 28.41104050069783, 0.0 ], [ 55.332682804405202, 28.41454031781495, 0.0 ], [ 55.334514460061868, 28.418690282068471, 0.0 ], [ 55.334459336659457, 28.424074331459831, 0.0 ], [ 55.333832773773608, 28.428500205499969, 0.0 ], [ 55.332296999346937, 28.437594774582308, 0.0 ], [ 55.331258118019413, 28.441646107856052, 0.0 ], [ 55.32902335312987, 28.450855188561299, 0.0 ], [ 55.326706047915152, 28.456430176809899, 0.0 ], [ 55.324759147782927, 28.4605934171481, 0.0 ], [ 55.321273563505763, 28.465107095180549, 0.0 ], [ 55.317785785840599, 28.46863378747555, 0.0 ], [ 55.31259468068275, 28.473621490210139, 0.0 ], [ 55.308499035052861, 28.47737446701538, 0.0 ], [ 55.301266552668558, 28.483762734622971, 0.0 ], [ 55.299020405364999, 28.48539883174935, 0.0 ], [ 55.296836679547027, 28.487332847955852, 0.0 ], [ 55.29581156893947, 28.488330395461489, 0.0 ], [ 55.296057701083619, 28.489759924796999, 0.0 ], [ 55.29548524427738, 28.491892410121238, 0.0 ], [ 55.293832729218188, 28.494249075966469, 0.0 ], [ 55.29226367026606, 28.495596373397809, 0.0 ], [ 55.290238086370877, 28.496046383458712, 0.0 ], [ 55.28848921686351, 28.496024369229669, 0.0 ], [ 55.287495606451401, 28.495060892931559, 0.0 ], [ 55.286495293931232, 28.494513369409159, 0.0 ], [ 55.286524156466228, 28.49689112994902, 0.0 ], [ 55.286069989072139, 28.498396595638258, 0.0 ], [ 55.287959691175253, 28.500933872660141, 0.0 ], [ 55.28984369089229, 28.503830119189711, 0.0 ], [ 55.288838041535101, 28.509472729672609, 0.0 ], [ 55.284576415312912, 28.51534354325636, 0.0 ], [ 55.272000675248933, 28.532419138835468, 0.0 ], [ 55.27163334376074, 28.542468188432, 0.0 ], [ 55.271913274047812, 28.549813967283558, 0.0 ], [ 55.270559776575553, 28.556712318769598, 0.0 ], [ 55.26672465250995, 28.55885446567374, 0.0 ], [ 55.261094743088492, 28.561658219751479, 0.0 ], [ 55.260609247524179, 28.56288447424215, 0.0 ], [ 55.258059201620661, 28.567028482970759, 0.0 ], [ 55.258427746670783, 28.568197217742199, 0.0 ], [ 55.253740105201352, 28.570259556033339, 0.0 ], [ 55.251469221122207, 28.57625572295041, 0.0 ], [ 55.246977407965339, 28.580511390400929, 0.0 ], [ 55.245923784318691, 28.583236585771139, 0.0 ], [ 55.24315590789967, 28.586418867605659, 0.0 ], [ 55.241665255063303, 28.58742660391087, 0.0 ], [ 55.23970808826563, 28.588496737860002, 0.0 ], [ 55.23819477650197, 28.58889525059158, 0.0 ], [ 55.236602234961289, 28.58984447833279, 0.0 ], [ 55.234566026181952, 28.58640642468033, 0.0 ], [ 55.227494693483429, 28.58553237319434, 0.0 ], [ 55.213410115058963, 28.58513433966473, 0.0 ], [ 55.206739204640982, 28.584406633800238, 0.0 ], [ 55.195046571041473, 28.580697854533341, 0.0 ], [ 55.187096723146283, 28.584145488759969, 0.0 ], [ 55.181401705283669, 28.587551821782661, 0.0 ], [ 55.18254408733155, 28.600715643661839, 0.0 ], [ 55.177621713709563, 28.601289221633841, 0.0 ], [ 55.175822169744279, 28.60289969315518, 0.0 ], [ 55.174866485599303, 28.606937976497871, 0.0 ], [ 55.174792768037321, 28.61120134629099, 0.0 ], [ 55.171305723699561, 28.612575796193799, 0.0 ], [ 55.169062585483793, 28.616525574177199, 0.0 ], [ 55.167076905152548, 28.619554847429601, 0.0 ], [ 55.164272208445063, 28.623354790195091, 0.0 ], [ 55.1581865456088, 28.625901879088769, 0.0 ], [ 55.154493268201144, 28.625211975498431, 0.0 ], [ 55.153629190491522, 28.6275933010816, 0.0 ], [ 55.156750502784313, 28.633417359662399, 0.0 ], [ 55.158784629571599, 28.637393751365149, 0.0 ], [ 55.163012987321373, 28.64016505152107, 0.0 ], [ 55.163571590336133, 28.642555555287721, 0.0 ], [ 55.165634003566971, 28.644767856353059, 0.0 ], [ 55.169664216443401, 28.646013847189849, 0.0 ], [ 55.170164061814262, 28.64747683819531, 0.0 ], [ 55.170918053066117, 28.651590962972691, 0.0 ], [ 55.172349256001013, 28.65300267608621, 0.0 ], [ 55.175591718674013, 28.656692038848188, 0.0 ], [ 55.171272847832533, 28.657089734509309, 0.0 ], [ 55.167411146590311, 28.658560622940801, 0.0 ], [ 55.172248687691543, 28.665604792281201, 0.0 ], [ 55.171602733946678, 28.66834690860296, 0.0 ], [ 55.169920291449323, 28.670468891092892, 0.0 ], [ 55.166897662822649, 28.671328122473529, 0.0 ], [ 55.16587608473948, 28.673961974384142, 0.0 ], [ 55.162566360718671, 28.67438042933771, 0.0 ], [ 55.160137403465662, 28.675936043767098, 0.0 ], [ 55.154853017814922, 28.681097000565789, 0.0 ], [ 55.152430753026771, 28.68311217354907, 0.0 ], [ 55.154593346045829, 28.68580149405955, 0.0 ], [ 55.157676572774321, 28.687883324017459, 0.0 ], [ 55.159214348355242, 28.690088588777581, 0.0 ], [ 55.162320150711089, 28.692778489407221, 0.0 ], [ 55.161933333537043, 28.693435154288451, 0.0 ], [ 55.160114746391557, 28.694403314690451, 0.0 ], [ 55.160205025367063, 28.695877281516129, 0.0 ], [ 55.162964932908039, 28.700185351116581, 0.0 ], [ 55.156588915680089, 28.699994452092842, 0.0 ], [ 55.152327891836521, 28.700457116598152, 0.0 ], [ 55.146719927714528, 28.703609345910081, 0.0 ], [ 55.143440821408078, 28.708668187166701, 0.0 ], [ 55.139818082458532, 28.71309725317985, 0.0 ], [ 55.137016554091119, 28.717506356267801, 0.0 ], [ 55.135424207502943, 28.720409984631829, 0.0 ], [ 55.134053930727291, 28.724152533151958, 0.0 ], [ 55.129709711229438, 28.728480858711521, 0.0 ], [ 55.124898543047948, 28.732384616182841, 0.0 ], [ 55.122868754867532, 28.735103609097859, 0.0 ], [ 55.120171870421892, 28.738170079123439, 0.0 ], [ 55.11535138890477, 28.7410468998245, 0.0 ], [ 55.111945289982977, 28.7472891618274, 0.0 ], [ 55.106870236595881, 28.75471750213023, 0.0 ], [ 55.097991380876003, 28.759914904082208, 0.0 ], [ 55.090170147441292, 28.758228132245168, 0.0 ], [ 55.085592900410248, 28.755655759823011, 0.0 ], [ 55.080954743914539, 28.75642581747881, 0.0 ], [ 55.079682191270678, 28.755301449579189, 0.0 ], [ 55.065335161873648, 28.759209256714151, 0.0 ], [ 55.045979222918007, 28.76667177975143, 0.0 ], [ 55.027958547587289, 28.775200509445749, 0.0 ] ] ] } },
{ "type": "Feature", "properties": { "Name": "منطقه شکار ممنوع چاه نفت", "description": null, "timestamp": null, "begin": null, "end": null, "altitudeMode": null, "tessellate": -1, "extrude": 0, "visibility": -1, "drawOrder": null, "icon": null }, "geometry": { "type": "Polygon", "coordinates": [ [ [ 55.279725486036362, 28.179306310211992, 0.0 ], [ 55.275000520187263, 28.181029315505391, 0.0 ], [ 55.267442095186702, 28.18343247803756, 0.0 ], [ 55.26460676341469, 28.18438559589536, 0.0 ], [ 55.259845686620842, 28.184533365102592, 0.0 ], [ 55.258595368127253, 28.184485550479049, 0.0 ], [ 55.258958513353782, 28.181626789085801, 0.0 ], [ 55.259417423743471, 28.18067816456902, 0.0 ], [ 55.257690372573038, 28.17386267599311, 0.0 ], [ 55.25317555899305, 28.167067775100051, 0.0 ], [ 55.250194838049381, 28.167254294528629, 0.0 ], [ 55.249474316612222, 28.168704846228469, 0.0 ], [ 55.247370282670467, 28.169520099459469, 0.0 ], [ 55.246159437676283, 28.169953751885441, 0.0 ], [ 55.243282329738072, 28.16767108281212, 0.0 ], [ 55.238688614915972, 28.169633270097091, 0.0 ], [ 55.233992025106751, 28.170134215669069, 0.0 ], [ 55.230902071857606, 28.169252158452409, 0.0 ], [ 55.227794594008643, 28.169436549198242, 0.0 ], [ 55.222863168446302, 28.168811185785149, 0.0 ], [ 55.219360775544722, 28.169888565185559, 0.0 ], [ 55.216478824996962, 28.169903376081589, 0.0 ], [ 55.213534380618363, 28.16863863634525, 0.0 ], [ 55.210030044543593, 28.167128126538142, 0.0 ], [ 55.204838008565879, 28.166947864489131, 0.0 ], [ 55.200668833196872, 28.166219413340841, 0.0 ], [ 55.198839506884042, 28.16574621104462, 0.0 ], [ 55.194330922290803, 28.162598920867659, 0.0 ], [ 55.191602702911112, 28.162843637513131, 0.0 ], [ 55.187719268451751, 28.163971313412791, 0.0 ], [ 55.184788676894733, 28.164943081121251, 0.0 ], [ 55.18279673427655, 28.166600966618098, 0.0 ], [ 55.181643340859253, 28.167371663985939, 0.0 ], [ 55.181754832513008, 28.168271440916229, 0.0 ], [ 55.180672351695222, 28.168593922753981, 0.0 ], [ 55.176820442305527, 28.16410735063036, 0.0 ], [ 55.171778257336662, 28.162580393889229, 0.0 ], [ 55.166277566129573, 28.161945410045892, 0.0 ], [ 55.156719649687673, 28.161480225981862, 0.0 ], [ 55.149622253731373, 28.161609077830931, 0.0 ], [ 55.14765886706995, 28.161582532678011, 0.0 ], [ 55.143161118650767, 28.16157776086219, 0.0 ], [ 55.140984450454241, 28.16289565657998, 0.0 ], [ 55.139925452894232, 28.165519988411589, 0.0 ], [ 55.133729150396178, 28.164818103264668, 0.0 ], [ 55.128423391653698, 28.167552813638459, 0.0 ], [ 55.1262814026692, 28.17049907247036, 0.0 ], [ 55.12521609278393, 28.173460041218839, 0.0 ], [ 55.122762078047913, 28.176121250028508, 0.0 ], [ 55.122780326181307, 28.178704051574389, 0.0 ], [ 55.122127268654658, 28.17981794219909, 0.0 ], [ 55.123926055334067, 28.182032163325701, 0.0 ], [ 55.12460077343102, 28.18547040590478, 0.0 ], [ 55.12276777884091, 28.18667609934527, 0.0 ], [ 55.120847678310703, 28.187772594623119, 0.0 ], [ 55.116704992043907, 28.185526099183491, 0.0 ], [ 55.11351268112314, 28.183292585844089, 0.0 ], [ 55.109158566439739, 28.182278084428901, 0.0 ], [ 55.10573789702913, 28.182230785562119, 0.0 ], [ 55.102868516853349, 28.183257741442489, 0.0 ], [ 55.101359120293012, 28.18261924875533, 0.0 ], [ 55.101577913219543, 28.18099416447658, 0.0 ], [ 55.100255612024327, 28.180526682218321, 0.0 ], [ 55.098961284490372, 28.18104549832583, 0.0 ], [ 55.099829890150893, 28.183103303690061, 0.0 ], [ 55.099244883413839, 28.18393731018956, 0.0 ], [ 55.095671942727172, 28.181754249120409, 0.0 ], [ 55.092975003562223, 28.180200868244761, 0.0 ], [ 55.089331012050842, 28.176955283510068, 0.0 ], [ 55.087609329577013, 28.175522376363411, 0.0 ], [ 55.084641607107081, 28.17474050502106, 0.0 ], [ 55.082487726799329, 28.174945454019671, 0.0 ], [ 55.080550231700293, 28.173458615617282, 0.0 ], [ 55.078307134428329, 28.171349904483449, 0.0 ], [ 55.076143561287601, 28.16933089616116, 0.0 ], [ 55.072662046951983, 28.16818275997484, 0.0 ], [ 55.065624961873212, 28.164939591931319, 0.0 ], [ 55.062430328813193, 28.162929471297691, 0.0 ], [ 55.058802627706037, 28.160351727668338, 0.0 ], [ 55.055989247626378, 28.155193864399891, 0.0 ], [ 55.05453492603263, 28.151140123879749, 0.0 ], [ 55.052894202932357, 28.14759624944956, 0.0 ], [ 55.051325773990683, 28.143119679076371, 0.0 ], [ 55.05078229705515, 28.138005835777989, 0.0 ], [ 55.048797522447202, 28.13488988977501, 0.0 ], [ 55.047817126328347, 28.130384533091998, 0.0 ], [ 55.048276086596552, 28.122531270512798, 0.0 ], [ 55.049432610602587, 28.118112557087489, 0.0 ], [ 55.050813816070097, 28.115268986853611, 0.0 ], [ 55.052145844662213, 28.111638718503681, 0.0 ], [ 55.053602349624171, 28.108122481943639, 0.0 ], [ 55.055798085382712, 28.105739543684521, 0.0 ], [ 55.058053987650297, 28.103525842941568, 0.0 ], [ 55.060559953452561, 28.101484064218671, 0.0 ], [ 55.065114441803537, 28.098179891288488, 0.0 ], [ 55.067943658617729, 28.095749533298711, 0.0 ], [ 55.070140830604721, 28.093254076737882, 0.0 ], [ 55.074044743297399, 28.09089484260738, 0.0 ], [ 55.076284946622721, 28.08952272610756, 0.0 ], [ 55.082091252701623, 28.086965349158319, 0.0 ], [ 55.085648374789862, 28.086285187213551, 0.0 ], [ 55.088762441090047, 28.085598759806079, 0.0 ], [ 55.091511636087461, 28.084065046216899, 0.0 ], [ 55.093190833095022, 28.08217955025594, 0.0 ], [ 55.096562835499483, 28.08121581104858, 0.0 ], [ 55.097843395757231, 28.080391432331972, 0.0 ], [ 55.10020274610185, 28.079413555066889, 0.0 ], [ 55.102065651268973, 28.0778673420619, 0.0 ], [ 55.103102859800359, 28.076478116359858, 0.0 ], [ 55.104945963261848, 28.07605444252161, 0.0 ], [ 55.107583875913612, 28.07362056507375, 0.0 ], [ 55.109382311747417, 28.072129497592702, 0.0 ], [ 55.109606554162497, 28.070167582814861, 0.0 ], [ 55.109706194875933, 28.068091665822241, 0.0 ], [ 55.111300131995549, 28.067041072197618, 0.0 ], [ 55.109892370702411, 28.065967192154059, 0.0 ], [ 55.110378839887353, 28.06534119290761, 0.0 ], [ 55.112559588877971, 28.06526575236196, 0.0 ], [ 55.113367881210841, 28.064362966851942, 0.0 ], [ 55.115785694442337, 28.064325882668651, 0.0 ], [ 55.118139586483551, 28.06340912845975, 0.0 ], [ 55.119764451830513, 28.06339624850968, 0.0 ], [ 55.12275825241754, 28.0621366768274, 0.0 ], [ 55.125215639031133, 28.06209996598939, 0.0 ], [ 55.129335006207747, 28.059906562875259, 0.0 ], [ 55.129661053168903, 28.059383753546669, 0.0 ], [ 55.129075354246012, 28.058883668790902, 0.0 ], [ 55.127810127218183, 28.058725816595508, 0.0 ], [ 55.127308542406062, 28.057945670833998, 0.0 ], [ 55.129257491139619, 28.055230531763659, 0.0 ], [ 55.131778038725628, 28.053823700218839, 0.0 ], [ 55.133325971544231, 28.053669005946212, 0.0 ], [ 55.138358096053921, 28.04906234823931, 0.0 ], [ 55.139884196473993, 28.04556799865107, 0.0 ], [ 55.139658030236653, 28.044897077739719, 0.0 ], [ 55.138527509951587, 28.043827245847009, 0.0 ], [ 55.139144638736141, 28.04249989748574, 0.0 ], [ 55.136554313944558, 28.04119613946704, 0.0 ], [ 55.133840545078939, 28.039932242772458, 0.0 ], [ 55.133763972506571, 28.038630640520719, 0.0 ], [ 55.136599708550079, 28.03729828452466, 0.0 ], [ 55.141958107112927, 28.036703028125611, 0.0 ], [ 55.145253300683457, 28.036290615131939, 0.0 ], [ 55.150850462547332, 28.035627931492009, 0.0 ], [ 55.154226016208277, 28.035146081129561, 0.0 ], [ 55.155117743461162, 28.03396294348283, 0.0 ], [ 55.155865411690932, 28.031934250367652, 0.0 ], [ 55.156945534230537, 28.031316037514461, 0.0 ], [ 55.172802059042233, 28.028329171354819, 0.0 ], [ 55.173739809616897, 28.02440475103559, 0.0 ], [ 55.180745393274648, 28.022388650871129, 0.0 ], [ 55.186956933354899, 28.020467159870101, 0.0 ], [ 55.192601523863793, 28.019276095151611, 0.0 ], [ 55.199634380304673, 28.017962387271488, 0.0 ], [ 55.204954344864397, 28.01722351693785, 0.0 ], [ 55.209581846224182, 28.017635407034518, 0.0 ], [ 55.215679282638632, 28.017785029112009, 0.0 ], [ 55.221149835147152, 28.018072885781908, 0.0 ], [ 55.2283853948435, 28.018918327344469, 0.0 ], [ 55.236585533656907, 28.018355412457961, 0.0 ], [ 55.240515453197141, 28.014061151117001, 0.0 ], [ 55.241604012271061, 28.00949249210078, 0.0 ], [ 55.241281560182763, 28.007470437389031, 0.0 ], [ 55.23737885665313, 28.004329056580151, 0.0 ], [ 55.237465879273401, 27.998982914559988, 0.0 ], [ 55.239390222169547, 27.996417494350329, 0.0 ], [ 55.242225727863151, 27.995701820307339, 0.0 ], [ 55.248152714413422, 27.991834692232409, 0.0 ], [ 55.251677546049038, 27.992237803173118, 0.0 ], [ 55.254071129323783, 27.993969867030341, 0.0 ], [ 55.258208524571977, 27.993932788339389, 0.0 ], [ 55.265536205367212, 27.98999520320379, 0.0 ], [ 55.269490310523111, 27.988791177725961, 0.0 ], [ 55.271448324670253, 27.98621854210786, 0.0 ], [ 55.270177031922167, 27.983694850882902, 0.0 ], [ 55.264962004394121, 27.981748372481722, 0.0 ], [ 55.263347713920353, 27.97545874321203, 0.0 ], [ 55.265389275213437, 27.973961971533189, 0.0 ], [ 55.25998718463886, 27.96484809855929, 0.0 ], [ 55.255729840244598, 27.959868344371639, 0.0 ], [ 55.256618624827972, 27.954774641299469, 0.0 ], [ 55.258275195142929, 27.952108792293121, 0.0 ], [ 55.259830846663093, 27.94944164315201, 0.0 ], [ 55.264285644710341, 27.94206432327179, 0.0 ], [ 55.26815429683203, 27.939784458999501, 0.0 ], [ 55.270314466047417, 27.937124777371078, 0.0 ], [ 55.277964390403874, 27.93166786128349, 0.0 ], [ 55.282880519434983, 27.933251813450749, 0.0 ], [ 55.293584564531663, 27.93231015652432, 0.0 ], [ 55.294878375101987, 27.933400931223119, 0.0 ], [ 55.298216753696387, 27.932725740286639, 0.0 ], [ 55.302952608091523, 27.932963321338988, 0.0 ], [ 55.304642830618647, 27.93450670651729, 0.0 ], [ 55.309083286412474, 27.934292629158492, 0.0 ], [ 55.314769753672628, 27.93176503697714, 0.0 ], [ 55.324044042973483, 27.931967806674571, 0.0 ], [ 55.325549484707508, 27.932433938743468, 0.0 ], [ 55.326977566126871, 27.931376543901951, 0.0 ], [ 55.337273831866227, 27.930695202147731, 0.0 ], [ 55.342294457492827, 27.932099192146271, 0.0 ], [ 55.345133904968542, 27.931058589495379, 0.0 ], [ 55.350758253240294, 27.932559092662981, 0.0 ], [ 55.356813172617457, 27.932273235445599, 0.0 ], [ 55.356689312136709, 27.933794340625742, 0.0 ], [ 55.361373795156439, 27.93474679673108, 0.0 ], [ 55.367006965972607, 27.934707293397722, 0.0 ], [ 55.373494830830438, 27.93361330548306, 0.0 ], [ 55.375510634521568, 27.927038096421441, 0.0 ], [ 55.37981359023415, 27.91974471883449, 0.0 ], [ 55.389718049672958, 27.914432632825779, 0.0 ], [ 55.394314464100113, 27.911506071112729, 0.0 ], [ 55.400135195644467, 27.90678414870241, 0.0 ], [ 55.406638280499443, 27.90451790364828, 0.0 ], [ 55.41065356497927, 27.90030679947855, 0.0 ], [ 55.420418033506607, 27.896161588905478, 0.0 ], [ 55.425826686199649, 27.894946229640489, 0.0 ], [ 55.429410881162269, 27.895625751667851, 0.0 ], [ 55.433581777090183, 27.897163355338439, 0.0 ], [ 55.436585538987323, 27.896558839988622, 0.0 ], [ 55.440059242143882, 27.896598207591399, 0.0 ], [ 55.44983293988745, 27.900114525235541, 0.0 ], [ 55.464496230571363, 27.905281324612879, 0.0 ], [ 55.471427836266869, 27.906529230719809, 0.0 ], [ 55.487618883780137, 27.912371361705951, 0.0 ], [ 55.496337159971283, 27.914806375613939, 0.0 ], [ 55.500292190246043, 27.915769067272091, 0.0 ], [ 55.511179311579859, 27.91450781020227, 0.0 ], [ 55.51740431110683, 27.9135021104095, 0.0 ], [ 55.525487296810432, 27.915428031329959, 0.0 ], [ 55.531890969456697, 27.91396379651313, 0.0 ], [ 55.539093176779993, 27.917258909695882, 0.0 ], [ 55.550458857920432, 27.918911631956451, 0.0 ], [ 55.556153314562927, 27.917869342402739, 0.0 ], [ 55.563285476367518, 27.916259552603879, 0.0 ], [ 55.584434180526877, 27.91580476941493, 0.0 ], [ 55.596145639076269, 27.919293392192792, 0.0 ], [ 55.609693644973767, 27.927515870562129, 0.0 ], [ 55.619604725833391, 27.93041382120866, 0.0 ], [ 55.622793019793832, 27.978859519620158, 0.0 ], [ 55.586082098481022, 28.03936190203569, 0.0 ], [ 55.567696076426138, 28.051958649905011, 0.0 ], [ 55.547269110731051, 28.07442315872137, 0.0 ], [ 55.532690545969217, 28.086331341696109, 0.0 ], [ 55.519856477096127, 28.0958772701036, 0.0 ], [ 55.515272085521012, 28.095862770556678, 0.0 ], [ 55.510322860040013, 28.096510064184741, 0.0 ], [ 55.505254548894079, 28.09719092787201, 0.0 ], [ 55.500359840287487, 28.096751971980179, 0.0 ], [ 55.495732997555862, 28.09694663948493, 0.0 ], [ 55.49026894291184, 28.097657652216778, 0.0 ], [ 55.48442997051697, 28.09973115845381, 0.0 ], [ 55.478747857958339, 28.101714294993041, 0.0 ], [ 55.475888575602127, 28.10412343905212, 0.0 ], [ 55.472561393497351, 28.107423988512341, 0.0 ], [ 55.468919998462802, 28.111652141217061, 0.0 ], [ 55.465818520731169, 28.115053301162462, 0.0 ], [ 55.463788413801367, 28.117425235269589, 0.0 ], [ 55.461516695776389, 28.120262945611969, 0.0 ], [ 55.459354832405232, 28.123622426660521, 0.0 ], [ 55.45647337515647, 28.128014923057769, 0.0 ], [ 55.452653742714091, 28.132292643132491, 0.0 ], [ 55.450032858752643, 28.134865909369349, 0.0 ], [ 55.447691926030487, 28.13837932810026, 0.0 ], [ 55.445125724512323, 28.14214474311952, 0.0 ], [ 55.442840957840737, 28.144883532029858, 0.0 ], [ 55.43968423524251, 28.147919004126098, 0.0 ], [ 55.436125729578052, 28.15101638991316, 0.0 ], [ 55.431900597560357, 28.154077003557081, 0.0 ], [ 55.427220955455539, 28.156782381592791, 0.0 ], [ 55.423322096587619, 28.158299268297242, 0.0 ], [ 55.418759523264271, 28.16100569105954, 0.0 ], [ 55.41273691458354, 28.16312241290434, 0.0 ], [ 55.408496035963793, 28.163906102599441, 0.0 ], [ 55.404317695160913, 28.164430103364179, 0.0 ], [ 55.400019534625507, 28.165108746346348, 0.0 ], [ 55.395777729747159, 28.165944082863351, 0.0 ], [ 55.391048880967077, 28.167918808827821, 0.0 ], [ 55.385315153699423, 28.17029797083574, 0.0 ], [ 55.381072266290253, 28.171184884745809, 0.0 ], [ 55.376470626022979, 28.172483861968281, 0.0 ], [ 55.371476660263767, 28.172528664034701, 0.0 ], [ 55.36801136112426, 28.17248740142972, 0.0 ], [ 55.364168077664537, 28.172424848220111, 0.0 ], [ 55.356561487336883, 28.172142216422191, 0.0 ], [ 55.347675985267998, 28.173128445672528, 0.0 ], [ 55.345267108910342, 28.17315140825125, 0.0 ], [ 55.341850132475422, 28.173786791961181, 0.0 ], [ 55.337440276763218, 28.174045645770921, 0.0 ], [ 55.330437232355813, 28.174845369282458, 0.0 ], [ 55.32607876502972, 28.175572981413008, 0.0 ], [ 55.321194887224593, 28.176085788335769, 0.0 ], [ 55.318240858441918, 28.176909609150378, 0.0 ], [ 55.313883680644238, 28.177002143469061, 0.0 ], [ 55.309522682588963, 28.176984251712831, 0.0 ], [ 55.3049050546487, 28.177082457622429, 0.0 ], [ 55.300161023953777, 28.177294892168749, 0.0 ], [ 55.294641946518951, 28.17769600472867, 0.0 ], [ 55.289809499284672, 28.177050738644869, 0.0 ], [ 55.28557152786567, 28.177570333720951, 0.0 ], [ 55.279725486036362, 28.179306310211992, 0.0 ] ] ] } },
{ "type": "Feature", "properties": { "Name": "منطقه شکار ممنوع مزايجان", "description": null, "timestamp": null, "begin": null, "end": null, "altitudeMode": null, "tessellate": -1, "extrude": 0, "visibility": -1, "drawOrder": null, "icon": null }, "geometry": { "type": "Polygon", "coordinates": [ [ [ 54.519998283077811, 28.270145260022879, 0.0 ], [ 54.518677999678367, 28.270802037364678, 0.0 ], [ 54.518514075543543, 28.271199543203281, 0.0 ], [ 54.517090085297617, 28.27060641646052, 0.0 ], [ 54.515060194093223, 28.269969137847362, 0.0 ], [ 54.514522104223083, 28.269808633858261, 0.0 ], [ 54.514097963628977, 28.269461455126422, 0.0 ], [ 54.513582635455407, 28.269167166774569, 0.0 ], [ 54.513172096881597, 28.269106944744369, 0.0 ], [ 54.512860577476928, 28.269375273788711, 0.0 ], [ 54.512128127065957, 28.26938058958747, 0.0 ], [ 54.511884914875012, 28.26935049889865, 0.0 ], [ 54.511434806523027, 28.269110435053481, 0.0 ], [ 54.510815262372603, 28.268806304337151, 0.0 ], [ 54.509690597466758, 28.268426592331721, 0.0 ], [ 54.508723211508659, 28.268605631357001, 0.0 ], [ 54.50798757602125, 28.268362184970989, 0.0 ], [ 54.507400890815553, 28.26795408185545, 0.0 ], [ 54.507195832717017, 28.26798866959297, 0.0 ], [ 54.506801110418209, 28.267811838148042, 0.0 ], [ 54.50638387419248, 28.267357030406931, 0.0 ], [ 54.505405334170987, 28.266878558942359, 0.0 ], [ 54.504783908536602, 28.266589927546178, 0.0 ], [ 54.504392332192687, 28.266243980442422, 0.0 ], [ 54.503196931171587, 28.265574094224839, 0.0 ], [ 54.50252495178362, 28.265315955350601, 0.0 ], [ 54.501274571534317, 28.265235610829212, 0.0 ], [ 54.50046934627305, 28.264788783873929, 0.0 ], [ 54.500035790446773, 28.264641761013522, 0.0 ], [ 54.498593582883323, 28.264753481574889, 0.0 ], [ 54.497407442141252, 28.26480526025027, 0.0 ], [ 54.496494010703252, 28.264378205543, 0.0 ], [ 54.495685557519167, 28.26377833177521, 0.0 ], [ 54.495500808234567, 28.262999585771169, 0.0 ], [ 54.495544430843943, 28.261589024215009, 0.0 ], [ 54.49522026093662, 28.260217515358129, 0.0 ], [ 54.495283606960292, 28.259739334051101, 0.0 ], [ 54.494213751957737, 28.25935175022974, 0.0 ], [ 54.493271793257023, 28.259035595722331, 0.0 ], [ 54.492439734683018, 28.25856151636955, 0.0 ], [ 54.489223604875107, 28.256366490250048, 0.0 ], [ 54.489375333910047, 28.255209220982788, 0.0 ], [ 54.489453899319066, 28.253864981846231, 0.0 ], [ 54.489468434810078, 28.252850452776599, 0.0 ], [ 54.489461689976103, 28.25004513633829, 0.0 ], [ 54.489769182182997, 28.24771434624855, 0.0 ], [ 54.489774941382557, 28.24405517582305, 0.0 ], [ 54.48966983228933, 28.241458053622349, 0.0 ], [ 54.490031304536622, 28.236814263353391, 0.0 ], [ 54.490695747804949, 28.234382600523979, 0.0 ], [ 54.490373596762311, 28.231798440971549, 0.0 ], [ 54.489959280945463, 28.229172990928149, 0.0 ], [ 54.491303822006337, 28.225499514664811, 0.0 ], [ 54.492989218182281, 28.223746659480771, 0.0 ], [ 54.496571511705262, 28.222191560970199, 0.0 ], [ 54.499247895868002, 28.22210389765559, 0.0 ], [ 54.501276874395501, 28.222307754261472, 0.0 ], [ 54.50264832781653, 28.222290888270351, 0.0 ], [ 54.508368243883567, 28.220602548443921, 0.0 ], [ 54.51121057914704, 28.218673374220149, 0.0 ], [ 54.513230083351992, 28.218365043082692, 0.0 ], [ 54.515111893794938, 28.217765884860899, 0.0 ], [ 54.516204085638464, 28.21666036165308, 0.0 ], [ 54.517412319686791, 28.215659310477442, 0.0 ], [ 54.521546846497472, 28.213583387434301, 0.0 ], [ 54.524683750744629, 28.21228893318499, 0.0 ], [ 54.529508924667482, 28.21123842719927, 0.0 ], [ 54.532831811905211, 28.2112735032877, 0.0 ], [ 54.53816887209436, 28.21777602966905, 0.0 ], [ 54.540702786292591, 28.21842801565629, 0.0 ], [ 54.542652273379034, 28.219190130504241, 0.0 ], [ 54.543342296289921, 28.21902884627055, 0.0 ], [ 54.544800909841221, 28.217418681744839, 0.0 ], [ 54.547674495644372, 28.215462448813749, 0.0 ], [ 54.548836385892102, 28.214378576189539, 0.0 ], [ 54.550991047090847, 28.213431705815669, 0.0 ], [ 54.550930440598343, 28.211635036773089, 0.0 ], [ 54.550820652758759, 28.210179858999211, 0.0 ], [ 54.553157281816887, 28.210341123288931, 0.0 ], [ 54.554324019618619, 28.21040250572419, 0.0 ], [ 54.555968486585023, 28.210093416287339, 0.0 ], [ 54.551945786592427, 28.208876449966269, 0.0 ], [ 54.550488196518337, 28.20753761506856, 0.0 ], [ 54.548203697814976, 28.205846689829649, 0.0 ], [ 54.54415294748609, 28.20281958284578, 0.0 ], [ 54.541767432530797, 28.20145350304977, 0.0 ], [ 54.537666001078897, 28.200957567959261, 0.0 ], [ 54.535302163461211, 28.200392010945041, 0.0 ], [ 54.532983380169632, 28.198888825738251, 0.0 ], [ 54.531234393890109, 28.197481177438888, 0.0 ], [ 54.529124041701429, 28.19462945176376, 0.0 ], [ 54.525776033925652, 28.192039474601629, 0.0 ], [ 54.524211915248472, 28.189523887154721, 0.0 ], [ 54.522814624421947, 28.189511180555019, 0.0 ], [ 54.519577194649131, 28.189197396824952, 0.0 ], [ 54.516468299262037, 28.18920074977051, 0.0 ], [ 54.512749396835353, 28.188715026084431, 0.0 ], [ 54.507910142392582, 28.186841073398689, 0.0 ], [ 54.50448588198644, 28.18353337810003, 0.0 ], [ 54.500081794208327, 28.17793198134332, 0.0 ], [ 54.496743266938459, 28.175214824849519, 0.0 ], [ 54.493164740838502, 28.172799154707359, 0.0 ], [ 54.491045386049137, 28.17133748280812, 0.0 ], [ 54.488919332281391, 28.170023200095059, 0.0 ], [ 54.482777260452487, 28.168296414992788, 0.0 ], [ 54.48081606786004, 28.166162622334951, 0.0 ], [ 54.478593182453743, 28.160922569646392, 0.0 ], [ 54.476412847718663, 28.15737799007697, 0.0 ], [ 54.474514790872767, 28.155142299824199, 0.0 ], [ 54.475516066828227, 28.1526672931133, 0.0 ], [ 54.47752335225271, 28.15037755756957, 0.0 ], [ 54.48037204153821, 28.1483441577919, 0.0 ], [ 54.481950922455582, 28.147084152408912, 0.0 ], [ 54.481453539411312, 28.14642486900464, 0.0 ], [ 54.480329153803929, 28.146191005957231, 0.0 ], [ 54.478603995229172, 28.144957726150832, 0.0 ], [ 54.478406434187647, 28.144110133430299, 0.0 ], [ 54.478241417570914, 28.142934226525011, 0.0 ], [ 54.477827417548852, 28.142414605136651, 0.0 ], [ 54.476431760917393, 28.142651569114658, 0.0 ], [ 54.475882636759401, 28.142654090503829, 0.0 ], [ 54.475604163145242, 28.141752047176841, 0.0 ], [ 54.475546042148018, 28.140320361773409, 0.0 ], [ 54.475831374747088, 28.13934154139961, 0.0 ], [ 54.47586331855333, 28.138983699750781, 0.0 ], [ 54.475931674992481, 28.138625284271608, 0.0 ], [ 54.475409901958301, 28.138176605599629, 0.0 ], [ 54.474757742244229, 28.137198796659568, 0.0 ], [ 54.473989775979533, 28.136198156868272, 0.0 ], [ 54.472996797844971, 28.135731154334181, 0.0 ], [ 54.470069057758117, 28.135508205201909, 0.0 ], [ 54.464109084105722, 28.135457852180039, 0.0 ], [ 54.45858734541919, 28.13541203703867, 0.0 ], [ 54.45742390756066, 28.135238386380859, 0.0 ], [ 54.456862915258448, 28.134661651935819, 0.0 ], [ 54.456571881376583, 28.133967780711501, 0.0 ], [ 54.456417136824598, 28.133347368281669, 0.0 ], [ 54.455979666551762, 28.132757946134699, 0.0 ], [ 54.455539027550977, 28.1323895104053, 0.0 ], [ 54.455840519357977, 28.13214211773774, 0.0 ], [ 54.456211195562439, 28.132429403228301, 0.0 ], [ 54.456885962043373, 28.132892376849259, 0.0 ], [ 54.457666557451638, 28.133141456751648, 0.0 ], [ 54.458332621224493, 28.133179350269529, 0.0 ], [ 54.458695199749741, 28.133187323014042, 0.0 ], [ 54.45851399198834, 28.132502050652619, 0.0 ], [ 54.458389196260107, 28.13189006736221, 0.0 ], [ 54.458091223608157, 28.131231456200929, 0.0 ], [ 54.458163103528143, 28.130612414335761, 0.0 ], [ 54.4587865938798, 28.130557976899521, 0.0 ], [ 54.459494337523047, 28.130353355930151, 0.0 ], [ 54.460292690696022, 28.130347602521841, 0.0 ], [ 54.461064035126313, 28.130341207882459, 0.0 ], [ 54.461976096596622, 28.130006804215061, 0.0 ], [ 54.463575637642627, 28.129336354738449, 0.0 ], [ 54.464144282782328, 28.128724382603721, 0.0 ], [ 54.464538073428713, 28.12788520900855, 0.0 ], [ 54.465213621065857, 28.127270276590121, 0.0 ], [ 54.46596438185891, 28.126880877838879, 0.0 ], [ 54.467270757841767, 28.126766565602001, 0.0 ], [ 54.468046250301107, 28.12625039660993, 0.0 ], [ 54.468328053349481, 28.12543516877653, 0.0 ], [ 54.468959041343453, 28.124680467673599, 0.0 ], [ 54.470083302350389, 28.124105404223702, 0.0 ], [ 54.471806246709527, 28.124003245907659, 0.0 ], [ 54.472675109660962, 28.124034864790371, 0.0 ], [ 54.475448393198903, 28.124277307027899, 0.0 ], [ 54.477121627478063, 28.124118204433231, 0.0 ], [ 54.478310658670928, 28.1234574809103, 0.0 ], [ 54.479940725733698, 28.12142907091609, 0.0 ], [ 54.485767555108502, 28.11685282630712, 0.0 ], [ 54.491913262809213, 28.112304450350809, 0.0 ], [ 54.498995305059012, 28.109213514333991, 0.0 ], [ 54.500480298394152, 28.10863859349865, 0.0 ], [ 54.501750719576307, 28.107539766585671, 0.0 ], [ 54.50485605802794, 28.106059331812219, 0.0 ], [ 54.508493583331223, 28.104986306235549, 0.0 ], [ 54.509006335946147, 28.105536516776642, 0.0 ], [ 54.509908163562862, 28.10655184576968, 0.0 ], [ 54.51105704503086, 28.107012477988441, 0.0 ], [ 54.512426275416367, 28.107023630233051, 0.0 ], [ 54.513225659332392, 28.106901268001501, 0.0 ], [ 54.514339043079829, 28.106409944835629, 0.0 ], [ 54.515272019300191, 28.10530562215121, 0.0 ], [ 54.516923347702772, 28.104186383634829, 0.0 ], [ 54.518484544193257, 28.102894263747022, 0.0 ], [ 54.519891270326802, 28.102139310417289, 0.0 ], [ 54.520823269610382, 28.10169997708222, 0.0 ], [ 54.521432915053431, 28.10109473779065, 0.0 ], [ 54.52131876413587, 28.09966085528005, 0.0 ], [ 54.522229465549792, 28.09868415862897, 0.0 ], [ 54.523800010159867, 28.097755966618362, 0.0 ], [ 54.52469314172518, 28.09729977023925, 0.0 ], [ 54.526568566612568, 28.098044702844771, 0.0 ], [ 54.527944474654191, 28.09838672272722, 0.0 ], [ 54.52907672053832, 28.09851713900288, 0.0 ], [ 54.530292713269667, 28.09888606148025, 0.0 ], [ 54.531129668377083, 28.0991183744643, 0.0 ], [ 54.532127300290647, 28.098984756864919, 0.0 ], [ 54.532716194455638, 28.098617039098201, 0.0 ], [ 54.534110591591357, 28.09817044892112, 0.0 ], [ 54.534890589243112, 28.097888104580932, 0.0 ], [ 54.535945516862157, 28.09587721231167, 0.0 ], [ 54.537263516796763, 28.095026640814119, 0.0 ], [ 54.538922193230682, 28.09381160256558, 0.0 ], [ 54.54024698905112, 28.092364274395511, 0.0 ], [ 54.541261364949762, 28.091469222178851, 0.0 ], [ 54.543988879714213, 28.089653888548469, 0.0 ], [ 54.545084732915107, 28.088781350862931, 0.0 ], [ 54.547766592550083, 28.087487420192002, 0.0 ], [ 54.551432139578822, 28.085817959548351, 0.0 ], [ 54.554006863079103, 28.08446358315004, 0.0 ], [ 54.558012894511613, 28.080051671797349, 0.0 ], [ 54.558850593131879, 28.079439113040468, 0.0 ], [ 54.560096058348442, 28.078824537607879, 0.0 ], [ 54.561407161695932, 28.078814445167559, 0.0 ], [ 54.564622474786617, 28.07914302578132, 0.0 ], [ 54.566244838342563, 28.07929334281885, 0.0 ], [ 54.567866226158813, 28.079799582769731, 0.0 ], [ 54.568766825333853, 28.07984431343818, 0.0 ], [ 54.575100839762037, 28.078666485046408, 0.0 ], [ 54.582473044491081, 28.072938010425229, 0.0 ], [ 54.584926496591677, 28.070757061854291, 0.0 ], [ 54.590994933079159, 28.066567580401969, 0.0 ], [ 54.601107383778221, 28.064521045365328, 0.0 ], [ 54.610619277900973, 28.06317904571269, 0.0 ], [ 54.61446364644263, 28.06273276238803, 0.0 ], [ 54.61811145961012, 28.062358017566979, 0.0 ], [ 54.624048966763752, 28.06177802314129, 0.0 ], [ 54.630333755220242, 28.061011002988899, 0.0 ], [ 54.632184166186292, 28.060672276846329, 0.0 ], [ 54.634433308766162, 28.060468641115691, 0.0 ], [ 54.636779830952307, 28.06010300672704, 0.0 ], [ 54.638654523791239, 28.059723277624119, 0.0 ], [ 54.63986119347841, 28.05951154409177, 0.0 ], [ 54.640734637482574, 28.05957932030957, 0.0 ], [ 54.643038470918398, 28.059589624377011, 0.0 ], [ 54.645583997268979, 28.059733162927738, 0.0 ], [ 54.647055324750632, 28.059655600608568, 0.0 ], [ 54.649885137339773, 28.059872541151542, 0.0 ], [ 54.651793626744158, 28.06037118665806, 0.0 ], [ 54.655302819949419, 28.06057543497468, 0.0 ], [ 54.656957994114393, 28.060459473905581, 0.0 ], [ 54.660765721395833, 28.060181504435061, 0.0 ], [ 54.661937064333429, 28.05994951206258, 0.0 ], [ 54.662672709754169, 28.05950362516214, 0.0 ], [ 54.664564051529723, 28.059034418593502, 0.0 ], [ 54.665416524347101, 28.059071940960511, 0.0 ], [ 54.668280524062247, 28.059008653128899, 0.0 ], [ 54.669554914452107, 28.05894455263914, 0.0 ], [ 54.670776759159473, 28.059000531933108, 0.0 ], [ 54.671947506737681, 28.059319725154719, 0.0 ], [ 54.674275621986901, 28.059409361848392, 0.0 ], [ 54.675352159807673, 28.059157200188519, 0.0 ], [ 54.676136954111811, 28.059147174460069, 0.0 ], [ 54.677842279924612, 28.059149286544532, 0.0 ], [ 54.679469706189693, 28.059296031090248, 0.0 ], [ 54.68024599077382, 28.059452753462011, 0.0 ], [ 54.682957722945311, 28.059489111271851, 0.0 ], [ 54.684851681587432, 28.059560381905889, 0.0 ], [ 54.686077442713511, 28.059854118384429, 0.0 ], [ 54.687557643938177, 28.05969313330948, 0.0 ], [ 54.688836891155333, 28.06000988543628, 0.0 ], [ 54.691634134982337, 28.06071001638502, 0.0 ], [ 54.693237783769227, 28.0612871249484, 0.0 ], [ 54.694481170630539, 28.06120150706349, 0.0 ], [ 54.695697134571517, 28.06106748251911, 0.0 ], [ 54.696127521690379, 28.060885056490111, 0.0 ], [ 54.697426809445922, 28.061122341503751, 0.0 ], [ 54.69906750247268, 28.060496167183789, 0.0 ], [ 54.700308823631417, 28.060650430241719, 0.0 ], [ 54.706580090786133, 28.0593042629813, 0.0 ], [ 54.712122521435163, 28.059341986227668, 0.0 ], [ 54.716790493528023, 28.059061736359588, 0.0 ], [ 54.720841067290579, 28.058734327875229, 0.0 ], [ 54.733743528204222, 28.05756594682224, 0.0 ], [ 54.737006876287857, 28.056672218238379, 0.0 ], [ 54.739986138069654, 28.05596988278095, 0.0 ], [ 54.744277407992897, 28.055875195981471, 0.0 ], [ 54.749660780667099, 28.05649523375012, 0.0 ], [ 54.751092209827377, 28.056595522576721, 0.0 ], [ 54.751900113254713, 28.056441365161451, 0.0 ], [ 54.753274856155102, 28.056231857101668, 0.0 ], [ 54.753518193799458, 28.056204524412319, 0.0 ], [ 54.754761779033117, 28.056139641076651, 0.0 ], [ 54.755735112026052, 28.05619824975232, 0.0 ], [ 54.756547952352143, 28.05616298560096, 0.0 ], [ 54.758714310269553, 28.055917932116621, 0.0 ], [ 54.76062996515747, 28.055845089965231, 0.0 ], [ 54.76172525825065, 28.055541098467572, 0.0 ], [ 54.762514728105899, 28.05552989538263, 0.0 ], [ 54.76308277233256, 28.05614500863549, 0.0 ], [ 54.763850802001457, 28.056473196730551, 0.0 ], [ 54.766256640380178, 28.058171508193212, 0.0 ], [ 54.768287957404773, 28.059292866734989, 0.0 ], [ 54.771327174750638, 28.060402090386919, 0.0 ], [ 54.772710634676891, 28.061689053038808, 0.0 ], [ 54.774213978964752, 28.06328756736583, 0.0 ], [ 54.775350064483369, 28.063948752341481, 0.0 ], [ 54.778258417338243, 28.065715286820101, 0.0 ], [ 54.780730937905687, 28.06703004095754, 0.0 ], [ 54.782873984815332, 28.06800358084185, 0.0 ], [ 54.783398373878832, 28.068214354372959, 0.0 ], [ 54.784113428505023, 28.068279001912121, 0.0 ], [ 54.785557933749637, 28.06899067557001, 0.0 ], [ 54.785779918259607, 28.069132995135419, 0.0 ], [ 54.786811385344187, 28.06989569673993, 0.0 ], [ 54.787864167603892, 28.070630014482859, 0.0 ], [ 54.789079283949228, 28.071408777929669, 0.0 ], [ 54.790444625978992, 28.071676875779389, 0.0 ], [ 54.792394255778497, 28.072491377721001, 0.0 ], [ 54.792532313240812, 28.072585782971419, 0.0 ], [ 54.795677090387457, 28.07314726847779, 0.0 ], [ 54.796959153728551, 28.073613517965729, 0.0 ], [ 54.797408748668268, 28.074181887606478, 0.0 ], [ 54.798281018431453, 28.074290159001251, 0.0 ], [ 54.799314655469487, 28.074300132084851, 0.0 ], [ 54.801067036192222, 28.074419674593781, 0.0 ], [ 54.802529334696992, 28.07439934149933, 0.0 ], [ 54.804312065882257, 28.074157692446171, 0.0 ], [ 54.807148425114143, 28.073538207512019, 0.0 ], [ 54.808892968325829, 28.073657726738169, 0.0 ], [ 54.81190591008631, 28.074170710856521, 0.0 ], [ 54.819368957768837, 28.075545384793841, 0.0 ], [ 54.821269444214927, 28.07585832893232, 0.0 ], [ 54.82308213651028, 28.07603200855117, 0.0 ], [ 54.824013122352412, 28.076891817704961, 0.0 ], [ 54.824493239855968, 28.077175320050252, 0.0 ], [ 54.825426149365732, 28.078195386317901, 0.0 ], [ 54.826434825880597, 28.07953378015765, 0.0 ], [ 54.827710458116726, 28.081704596515369, 0.0 ], [ 54.830496351372091, 28.081955725529671, 0.0 ], [ 54.832702926576012, 28.08250815918597, 0.0 ], [ 54.834255713585421, 28.08287488091803, 0.0 ], [ 54.836154510668273, 28.08336291162664, 0.0 ], [ 54.838537306301802, 28.083652342788191, 0.0 ], [ 54.842144987892418, 28.084861750210042, 0.0 ], [ 54.845275287675847, 28.085755161625851, 0.0 ], [ 54.848785826514593, 28.085479864506311, 0.0 ], [ 54.852111007104497, 28.084915791100521, 0.0 ], [ 54.855373437078043, 28.08421773127942, 0.0 ], [ 54.862555695999554, 28.08154265727595, 0.0 ], [ 54.864721471795022, 28.081509170805312, 0.0 ], [ 54.868169591060571, 28.07965900748232, 0.0 ], [ 54.873989462517407, 28.077264634838691, 0.0 ], [ 54.876190285641357, 28.07599744162237, 0.0 ], [ 54.877736991750467, 28.075257103032779, 0.0 ], [ 54.879010679580588, 28.07486879746639, 0.0 ], [ 54.879542001257413, 28.074860881022211, 0.0 ], [ 54.880645326407091, 28.074707770711829, 0.0 ], [ 54.88207063551063, 28.074122905892491, 0.0 ], [ 54.883536403995819, 28.07312523749799, 0.0 ], [ 54.884446160052747, 28.073091946387599, 0.0 ], [ 54.885710675872879, 28.07313241287277, 0.0 ], [ 54.887539108956858, 28.073790751261772, 0.0 ], [ 54.888703649343299, 28.074497464963891, 0.0 ], [ 54.889737487534923, 28.075303736909021, 0.0 ], [ 54.890388735684688, 28.07595832125698, 0.0 ], [ 54.891813859136853, 28.076848965586748, 0.0 ], [ 54.892504161546292, 28.077265511898428, 0.0 ], [ 54.893656549613823, 28.07775466419686, 0.0 ], [ 54.894950330334382, 28.07803947706147, 0.0 ], [ 54.895903049737782, 28.078424425630971, 0.0 ], [ 54.896999101307891, 28.07846548610847, 0.0 ], [ 54.898425127638312, 28.078749138122991, 0.0 ], [ 54.900112583472293, 28.079086532219371, 0.0 ], [ 54.901217015300453, 28.079280441101201, 0.0 ], [ 54.902970495726393, 28.079465164128759, 0.0 ], [ 54.904048178924903, 28.079430206627659, 0.0 ], [ 54.905757646067187, 28.079082716993589, 0.0 ], [ 54.907651750670873, 28.078959504260862, 0.0 ], [ 54.9085060251332, 28.078903336895781, 0.0 ], [ 54.908915592307252, 28.078375884567599, 0.0 ], [ 54.909986487764932, 28.077645737063389, 0.0 ], [ 54.911170244926062, 28.076986387456749, 0.0 ], [ 54.911532733972159, 28.076414377529328, 0.0 ], [ 54.911961953015343, 28.07613063194222, 0.0 ], [ 54.913520737740441, 28.075676986103812, 0.0 ], [ 54.914986950760003, 28.075084440760421, 0.0 ], [ 54.918064794123531, 28.073784719524419, 0.0 ], [ 54.919734095694189, 28.073467813415188, 0.0 ], [ 54.923057110675813, 28.072744435772801, 0.0 ], [ 54.924580244497193, 28.07250280998262, 0.0 ], [ 54.926947145351868, 28.072089347810799, 0.0 ], [ 54.927875504366007, 28.072407206712441, 0.0 ], [ 54.928330358811877, 28.073002770845729, 0.0 ], [ 54.92873673468231, 28.073438531822749, 0.0 ], [ 54.929707976427302, 28.0734392676721, 0.0 ], [ 54.930440585402657, 28.0730852235932, 0.0 ], [ 54.931556629386698, 28.072473096393718, 0.0 ], [ 54.933515923181901, 28.072043521342859, 0.0 ], [ 54.937113461597633, 28.071010544048718, 0.0 ], [ 54.939528021373349, 28.070519322134778, 0.0 ], [ 54.942352485148731, 28.069678806356439, 0.0 ], [ 54.945261731945202, 28.068622759852911, 0.0 ], [ 54.948391777351937, 28.068000257043408, 0.0 ], [ 54.950962714057027, 28.067106748789708, 0.0 ], [ 54.951859846938582, 28.066534796705259, 0.0 ], [ 54.952493443989923, 28.06587924784338, 0.0 ], [ 54.95250463953041, 28.0654157544428, 0.0 ], [ 54.952307936213899, 28.06487966059812, 0.0 ], [ 54.952759504394912, 28.063640525854431, 0.0 ], [ 54.952905685899047, 28.06293910881358, 0.0 ], [ 54.953633458860061, 28.062128908145109, 0.0 ], [ 54.954409158857104, 28.061754191077132, 0.0 ], [ 54.954518826633119, 28.061163406649829, 0.0 ], [ 54.954520550073987, 28.060276870036748, 0.0 ], [ 54.954993375095853, 28.059918457471088, 0.0 ], [ 54.95567688654792, 28.05961786909138, 0.0 ], [ 54.956008868675113, 28.059291105579732, 0.0 ], [ 54.956407443410129, 28.0584809654314, 0.0 ], [ 54.956914181110292, 28.055960943862139, 0.0 ], [ 54.957083790317597, 28.05520812206213, 0.0 ], [ 54.957451231447052, 28.054614828605722, 0.0 ], [ 54.957743062322479, 28.054225096471441, 0.0 ], [ 54.958083327279688, 28.054007199725589, 0.0 ], [ 54.959545389847101, 28.0536739381646, 0.0 ], [ 54.961502031493367, 28.053406546523089, 0.0 ], [ 54.961571369607647, 28.0533977952595, 0.0 ], [ 54.962743382983653, 28.053320912170481, 0.0 ], [ 54.962786701775357, 28.053320312831829, 0.0 ], [ 54.963530782304993, 28.053248131669822, 0.0 ], [ 54.964286407641573, 28.053526605055971, 0.0 ], [ 54.964330365794808, 28.053541250210419, 0.0 ], [ 54.964873352647331, 28.053709559872829, 0.0 ], [ 54.9652200777697, 28.053727507435781, 0.0 ], [ 54.965678642806608, 28.053713105898861, 0.0 ], [ 54.966488853185723, 28.053846696277379, 0.0 ], [ 54.967103038258031, 28.053852842427052, 0.0 ], [ 54.967681463817527, 28.0536383883938, 0.0 ], [ 54.968531972121589, 28.0535054792804, 0.0 ], [ 54.969831072334713, 28.05348441590975, 0.0 ], [ 54.970292701410401, 28.053168043353359, 0.0 ], [ 54.970543353904667, 28.053164729786339, 0.0 ], [ 54.971219200554359, 28.053029791914138, 0.0 ], [ 54.9720003984214, 28.052779818262611, 0.0 ], [ 54.972636453753722, 28.052297892906228, 0.0 ], [ 54.973301771319043, 28.052135917623438, 0.0 ], [ 54.975342140465401, 28.051019707832161, 0.0 ], [ 54.976301333832772, 28.05047567995322, 0.0 ], [ 54.976827910332943, 28.04966038371429, 0.0 ], [ 54.977749903846963, 28.04822419810785, 0.0 ], [ 54.978400111284643, 28.04770933714223, 0.0 ], [ 54.979410074005699, 28.047853610649579, 0.0 ], [ 54.980379863260801, 28.047799598130791, 0.0 ], [ 54.982701337622821, 28.047821970355511, 0.0 ], [ 54.983904081311628, 28.047598344139249, 0.0 ], [ 54.986464813783499, 28.04746753494025, 0.0 ], [ 54.988193878341349, 28.047691773660521, 0.0 ], [ 54.989881200602738, 28.047963592762109, 0.0 ], [ 54.99176280846126, 28.047728417250251, 0.0 ], [ 54.993355338134243, 28.04744052406943, 0.0 ], [ 54.997414419880201, 28.045438832227308, 0.0 ], [ 55.000785744710299, 28.043287491622209, 0.0 ], [ 55.003132843076763, 28.042624309980731, 0.0 ], [ 55.005642952182413, 28.042425899301801, 0.0 ], [ 55.006034381751491, 28.043142075281601, 0.0 ], [ 55.006443692134319, 28.04468453812002, 0.0 ], [ 55.007056787948031, 28.045579106363181, 0.0 ], [ 55.007977005646033, 28.046132604863011, 0.0 ], [ 55.008778242357337, 28.046610278570562, 0.0 ], [ 55.00971268363385, 28.046596083591449, 0.0 ], [ 55.012174209223971, 28.046120111179999, 0.0 ], [ 55.014408986364749, 28.045571389557828, 0.0 ], [ 55.015381576088473, 28.045480325236539, 0.0 ], [ 55.017550914717603, 28.043874808357661, 0.0 ], [ 55.022205864793719, 28.04155285152649, 0.0 ], [ 55.026007355511062, 28.040340221897701, 0.0 ], [ 55.02981233003927, 28.039407676450399, 0.0 ], [ 55.033214654159387, 28.038815519998121, 0.0 ], [ 55.039000512951297, 28.03818123312853, 0.0 ], [ 55.041265480532708, 28.037366151992352, 0.0 ], [ 55.04640631758776, 28.034535758387499, 0.0 ], [ 55.048496394673322, 28.033198567697081, 0.0 ], [ 55.048939038897679, 28.031581063883198, 0.0 ], [ 55.050157639172014, 28.031681308633502, 0.0 ], [ 55.051572848378747, 28.031538849895689, 0.0 ], [ 55.055874855815873, 28.029574125756191, 0.0 ], [ 55.062119004225487, 28.027569327134039, 0.0 ], [ 55.066543108164119, 28.025830121583379, 0.0 ], [ 55.069769318098437, 28.025003521808109, 0.0 ], [ 55.071388229569372, 28.02486105521011, 0.0 ], [ 55.073614556105611, 28.02470973454815, 0.0 ], [ 55.077987797163367, 28.023867814761498, 0.0 ], [ 55.081226866169743, 28.023632995336481, 0.0 ], [ 55.085911648195022, 28.025182159998192, 0.0 ], [ 55.089980212832373, 28.02668155565091, 0.0 ], [ 55.093912329868267, 28.028176833821231, 0.0 ], [ 55.096897307361772, 28.029383683238951, 0.0 ], [ 55.101923331015627, 28.032048517891969, 0.0 ], [ 55.105004925179827, 28.033913036296489, 0.0 ], [ 55.109386769710902, 28.03426222415403, 0.0 ], [ 55.116743255242639, 28.03626461676448, 0.0 ], [ 55.119710294290812, 28.03733788735456, 0.0 ], [ 55.121073154826483, 28.03734680443803, 0.0 ], [ 55.123333617512792, 28.038033257931041, 0.0 ], [ 55.124702659910511, 28.038677711465262, 0.0 ], [ 55.12697679289424, 28.039261471296971, 0.0 ], [ 55.131654717852278, 28.039909966659781, 0.0 ], [ 55.135300160059742, 28.041233172578899, 0.0 ], [ 55.138040143443803, 28.042565517097731, 0.0 ], [ 55.138259478599153, 28.04333270518363, 0.0 ], [ 55.138554145520139, 28.0440954862142, 0.0 ], [ 55.139250754325538, 28.045280513925359, 0.0 ], [ 55.13925974517948, 28.045920696669661, 0.0 ], [ 55.13822921214134, 28.047296127586861, 0.0 ], [ 55.137593450249682, 28.049138998124711, 0.0 ], [ 55.136338567481303, 28.050384818539381, 0.0 ], [ 55.134084544531419, 28.05240218072213, 0.0 ], [ 55.133086113024831, 28.053471656630322, 0.0 ], [ 55.131524151102347, 28.053524614420951, 0.0 ], [ 55.129989273415838, 28.0543607257259, 0.0 ], [ 55.12873305760418, 28.055195517505489, 0.0 ], [ 55.127663214910669, 28.0566238499825, 0.0 ], [ 55.126877259944081, 28.057775680968849, 0.0 ], [ 55.127220075810932, 28.058701954656879, 0.0 ], [ 55.128384200633192, 28.059493152639408, 0.0 ], [ 55.127858686321957, 28.060177275693341, 0.0 ], [ 55.126558462628608, 28.060916242100159, 0.0 ], [ 55.125036336061022, 28.061700657391089, 0.0 ], [ 55.12261939834378, 28.06178125429863, 0.0 ], [ 55.121225348505902, 28.062264986637341, 0.0 ], [ 55.119356814419923, 28.0630451836204, 0.0 ], [ 55.116626961197362, 28.063417259434839, 0.0 ], [ 55.115144748362937, 28.06385497411798, 0.0 ], [ 55.114393835901282, 28.06386664919005, 0.0 ], [ 55.113554884304932, 28.064004342205639, 0.0 ], [ 55.113186358377433, 28.064176470528189, 0.0 ], [ 55.112230619704988, 28.064986175505499, 0.0 ], [ 55.111566130194007, 28.0649102819965, 0.0 ], [ 55.109642876671259, 28.065103517743989, 0.0 ], [ 55.109475039718639, 28.065996301729442, 0.0 ], [ 55.110338176637583, 28.066608907037001, 0.0 ], [ 55.109974423842132, 28.067358508525611, 0.0 ], [ 55.109379575137957, 28.068272958925011, 0.0 ], [ 55.109342642963881, 28.06877012020907, 0.0 ], [ 55.108647434281536, 28.069326319345741, 0.0 ], [ 55.108806989264522, 28.070246368730579, 0.0 ], [ 55.108972512515869, 28.071397549260681, 0.0 ], [ 55.10775950024388, 28.071672148445991, 0.0 ], [ 55.106321764673247, 28.072969435419829, 0.0 ], [ 55.104915635490038, 28.074979547451822, 0.0 ], [ 55.101747716798741, 28.076425882882759, 0.0 ], [ 55.100116264057917, 28.077693370136831, 0.0 ], [ 55.098589751113352, 28.079334751511411, 0.0 ], [ 55.096273827885199, 28.08011324366759, 0.0 ], [ 55.093558193590532, 28.081216640178109, 0.0 ], [ 55.092198968513067, 28.082347211451591, 0.0 ], [ 55.090628663808843, 28.08338896780209, 0.0 ], [ 55.08990110371947, 28.084138147729949, 0.0 ], [ 55.087591671488617, 28.084900129919291, 0.0 ], [ 55.084515440468977, 28.084917236984261, 0.0 ], [ 55.081446796245942, 28.08576048235231, 0.0 ], [ 55.078711206790977, 28.08741625369478, 0.0 ], [ 55.076705961789372, 28.088496079895879, 0.0 ], [ 55.073954825402673, 28.090075090652871, 0.0 ], [ 55.070998247490849, 28.09202369860234, 0.0 ], [ 55.066107590427933, 28.09699367523239, 0.0 ], [ 55.06376090612001, 28.098858003057821, 0.0 ], [ 55.061463799055488, 28.100372179359809, 0.0 ], [ 55.058972922071888, 28.102288965838351, 0.0 ], [ 55.05760694403061, 28.10337928845086, 0.0 ], [ 55.056414646776368, 28.10434147045062, 0.0 ], [ 55.055218305671467, 28.105052701048869, 0.0 ], [ 55.054745313275333, 28.106163929231592, 0.0 ], [ 55.054262105135827, 28.10692842709452, 0.0 ], [ 55.053253636298919, 28.10811492135436, 0.0 ], [ 55.052276383820612, 28.109297543461292, 0.0 ], [ 55.051904329162703, 28.11037492443932, 0.0 ], [ 55.051360953930477, 28.111803804759059, 0.0 ], [ 55.05109928350879, 28.113009829548979, 0.0 ], [ 55.050691601335572, 28.114066111588091, 0.0 ], [ 55.050250910720287, 28.11530123618645, 0.0 ], [ 55.049912173680397, 28.116284398402328, 0.0 ], [ 55.049610388863137, 28.117331611492929, 0.0 ], [ 55.049027314081933, 28.118667853068398, 0.0 ], [ 55.04869376727099, 28.119937804678909, 0.0 ], [ 55.048213173428351, 28.121052341948712, 0.0 ], [ 55.047919794854273, 28.122576244257051, 0.0 ], [ 55.047686703282551, 28.123530302946381, 0.0 ], [ 55.047708157203473, 28.12463905789328, 0.0 ], [ 55.047746791990797, 28.12660296865737, 0.0 ], [ 55.047524298655723, 28.12819756250769, 0.0 ], [ 55.047661054483697, 28.12968585374518, 0.0 ], [ 55.047629717339753, 28.13017367761244, 0.0 ], [ 55.047700281441152, 28.13062412049176, 0.0 ], [ 55.047736575301833, 28.131435725831938, 0.0 ], [ 55.047855285356412, 28.13224644464945, 0.0 ], [ 55.048176647482762, 28.132927571841179, 0.0 ], [ 55.048471435727222, 28.134056996241029, 0.0 ], [ 55.048649126313862, 28.134736962504078, 0.0 ], [ 55.048697951902163, 28.135186769105768, 0.0 ], [ 55.048970708573812, 28.135578698442469, 0.0 ], [ 55.049328077615478, 28.136075244583679, 0.0 ], [ 55.049585015758879, 28.136701536725621, 0.0 ], [ 55.049815062307502, 28.13699280061839, 0.0 ], [ 55.050192096248843, 28.137489677638442, 0.0 ], [ 55.050553905242282, 28.138238747085911, 0.0 ], [ 55.050655062334151, 28.13899469273359, 0.0 ], [ 55.050799405797527, 28.139399453935699, 0.0 ], [ 55.05084475494013, 28.13994599100738, 0.0 ], [ 55.050864316136071, 28.140894717769449, 0.0 ], [ 55.050889930818371, 28.141586175782301, 0.0 ], [ 55.051003398244987, 28.142107081276482, 0.0 ], [ 55.051057711783528, 28.14251919770334, 0.0 ], [ 55.051218668931782, 28.143092427630069, 0.0 ], [ 55.051495882779143, 28.14420571353633, 0.0 ], [ 55.052013351198767, 28.145658991308451, 0.0 ], [ 55.052369097146908, 28.146571832668162, 0.0 ], [ 55.05250520401345, 28.14693838234497, 0.0 ], [ 55.052612822373227, 28.147070269283621, 0.0 ], [ 55.052673605345049, 28.147605048513402, 0.0 ], [ 55.052941774074313, 28.14814600800764, 0.0 ], [ 55.053283369089982, 28.148731300468452, 0.0 ], [ 55.053440265794087, 28.14907112311268, 0.0 ], [ 55.053591524931633, 28.14963181525663, 0.0 ], [ 55.054121338099733, 28.151020555752591, 0.0 ], [ 55.054590207354508, 28.152189534412901, 0.0 ], [ 55.05506353776218, 28.153508365765589, 0.0 ], [ 55.055412133273833, 28.15428581643523, 0.0 ], [ 55.05556250439151, 28.15486944148871, 0.0 ], [ 55.055855741745347, 28.15564699126428, 0.0 ], [ 55.056288951433267, 28.156447966759291, 0.0 ], [ 55.056725720973013, 28.15737324161379, 0.0 ], [ 55.057331093562993, 28.158418766732112, 0.0 ], [ 55.057711676280249, 28.159249805432999, 0.0 ], [ 55.05800115584708, 28.159809748926289, 0.0 ], [ 55.058257157664187, 28.160099812351969, 0.0 ], [ 55.05871222334325, 28.160559636516801, 0.0 ], [ 55.059362132707143, 28.161040315666199, 0.0 ], [ 55.059929215702098, 28.1615950222549, 0.0 ], [ 55.060509101384923, 28.162061795821579, 0.0 ], [ 55.060931884392332, 28.162297608135741, 0.0 ], [ 55.061600653159253, 28.162529160875039, 0.0 ], [ 55.062228379447852, 28.16287591227735, 0.0 ], [ 55.061532928046823, 28.163792408805179, 0.0 ], [ 55.059903634000179, 28.16564886650567, 0.0 ], [ 55.059113957082999, 28.16668814675613, 0.0 ], [ 55.058474666002333, 28.167304116921361, 0.0 ], [ 55.056980988366149, 28.168109066602231, 0.0 ], [ 55.05543266792953, 28.168765284338221, 0.0 ], [ 55.054379628644639, 28.168980273018882, 0.0 ], [ 55.052650558436071, 28.169193381778761, 0.0 ], [ 55.051075784058092, 28.16936685096497, 0.0 ], [ 55.050963868685798, 28.169418111336519, 0.0 ], [ 55.049662266748328, 28.16966081513138, 0.0 ], [ 55.048831751368418, 28.169513553392459, 0.0 ], [ 55.047879493669008, 28.169523095062839, 0.0 ], [ 55.047319901253921, 28.169566455686809, 0.0 ], [ 55.046698829887433, 28.169576209276059, 0.0 ], [ 55.046643882457097, 28.169577072909071, 0.0 ], [ 55.046053250645237, 28.169655635578561, 0.0 ], [ 55.045111448360721, 28.169800114305101, 0.0 ], [ 55.044645176965822, 28.169824499504241, 0.0 ], [ 55.044528440384667, 28.170243687754869, 0.0 ], [ 55.043990478266608, 28.17031648030326, 0.0 ], [ 55.043392527536, 28.170361443793389, 0.0 ], [ 55.042627349983363, 28.17025506500109, 0.0 ], [ 55.041740280862527, 28.170664414350188, 0.0 ], [ 55.041276584203651, 28.17077040660617, 0.0 ], [ 55.040452388525907, 28.17093753640329, 0.0 ], [ 55.039773058385236, 28.171177612476669, 0.0 ], [ 55.038735273340549, 28.171517085131729, 0.0 ], [ 55.037727295828532, 28.17167737166146, 0.0 ], [ 55.036269854482804, 28.17184532174274, 0.0 ], [ 55.035183656862671, 28.172201172820831, 0.0 ], [ 55.034252049547298, 28.172233757608218, 0.0 ], [ 55.033207188821919, 28.17216136568452, 0.0 ], [ 55.032414423356236, 28.172057717628309, 0.0 ], [ 55.031335526711061, 28.17186066112443, 0.0 ], [ 55.029441537755723, 28.17166287969, 0.0 ], [ 55.027952930194537, 28.171639962902169, 0.0 ], [ 55.026573646221223, 28.171785102824611, 0.0 ], [ 55.026315543484323, 28.171819883945879, 0.0 ], [ 55.026194890393, 28.171821926130342, 0.0 ], [ 55.025644714510229, 28.171846868980399, 0.0 ], [ 55.025100028277549, 28.17172362649946, 0.0 ], [ 55.024004068313168, 28.171637204489478, 0.0 ], [ 55.023490684297506, 28.171645053803591, 0.0 ], [ 55.021208828973379, 28.17134258247405, 0.0 ], [ 55.01849094519946, 28.171405695029151, 0.0 ], [ 55.015567780818017, 28.171659370599901, 0.0 ], [ 55.013516680424573, 28.172049934885379, 0.0 ], [ 55.013197612978949, 28.172149013510921, 0.0 ], [ 55.010465802826538, 28.17228559572882, 0.0 ], [ 55.006864963147073, 28.17247323883802, 0.0 ], [ 55.004760605236342, 28.172655596545919, 0.0 ], [ 55.003696558309059, 28.172616218949891, 0.0 ], [ 55.002471157275743, 28.17293549444793, 0.0 ], [ 55.001811140694741, 28.172851944044979, 0.0 ], [ 55.000395389184199, 28.17302403681969, 0.0 ], [ 54.999635676130652, 28.173148092059169, 0.0 ], [ 54.99762541703079, 28.173160284968649, 0.0 ], [ 54.99693100180319, 28.173575056266159, 0.0 ], [ 54.995498493447492, 28.174138256887939, 0.0 ], [ 54.993608586115542, 28.17459013172861, 0.0 ], [ 54.991288121375142, 28.174765136067901, 0.0 ], [ 54.989500955444299, 28.174698029084219, 0.0 ], [ 54.988059313311311, 28.174437194984179, 0.0 ], [ 54.986554390210451, 28.173819887241489, 0.0 ], [ 54.985073668906281, 28.17365106217089, 0.0 ], [ 54.984141325819223, 28.173601692456529, 0.0 ], [ 54.983558882009717, 28.17355981103297, 0.0 ], [ 54.982772325725819, 28.173380989478279, 0.0 ], [ 54.981757738904818, 28.173423178100521, 0.0 ], [ 54.981120833788857, 28.173531616555572, 0.0 ], [ 54.978279642141672, 28.172872189089219, 0.0 ], [ 54.975832902978617, 28.172381661704431, 0.0 ], [ 54.97503995704615, 28.172806514023922, 0.0 ], [ 54.971926839241327, 28.17395511454329, 0.0 ], [ 54.969956119169602, 28.174307274700521, 0.0 ], [ 54.968683470228051, 28.17516642813456, 0.0 ], [ 54.967277986080262, 28.176052911693159, 0.0 ], [ 54.966717870121968, 28.17663356409944, 0.0 ], [ 54.965814640244758, 28.17729338011614, 0.0 ], [ 54.965841927594219, 28.17777812806456, 0.0 ], [ 54.96582964407861, 28.177850751435159, 0.0 ], [ 54.965645206015708, 28.17823962916442, 0.0 ], [ 54.965020922744202, 28.17919948784392, 0.0 ], [ 54.963855445188571, 28.180702945948731, 0.0 ], [ 54.963569175100652, 28.181269284515619, 0.0 ], [ 54.962666209571182, 28.18192443769432, 0.0 ], [ 54.962162559343099, 28.18226787363233, 0.0 ], [ 54.960387490973929, 28.182839281263259, 0.0 ], [ 54.960278278096553, 28.182889021596829, 0.0 ], [ 54.958381777244071, 28.183221453700199, 0.0 ], [ 54.95669385276716, 28.183326114573401, 0.0 ], [ 54.956550171490882, 28.18332832619317, 0.0 ], [ 54.955704837825692, 28.18319999952616, 0.0 ], [ 54.955043280602567, 28.183194763714781, 0.0 ], [ 54.95430610737543, 28.183757745403721, 0.0 ], [ 54.953260489305741, 28.183899072443239, 0.0 ], [ 54.951830265041281, 28.183606096337339, 0.0 ], [ 54.951569186840821, 28.183201003204701, 0.0 ], [ 54.951409181965957, 28.182453504514719, 0.0 ], [ 54.950875152838627, 28.182663929649951, 0.0 ], [ 54.95061021779857, 28.182777578118468, 0.0 ], [ 54.949697682841688, 28.182746487435839, 0.0 ], [ 54.949356496333117, 28.182987620608749, 0.0 ], [ 54.949155959879121, 28.183678920445999, 0.0 ], [ 54.948354373409202, 28.183862348874289, 0.0 ], [ 54.946937429323462, 28.184042440631959, 0.0 ], [ 54.944861411328503, 28.184171513184602, 0.0 ], [ 54.943446468497363, 28.18409374062281, 0.0 ], [ 54.941892239643273, 28.18434621744678, 0.0 ], [ 54.939121729578659, 28.18459442565916, 0.0 ], [ 54.93437779710505, 28.185301900329371, 0.0 ], [ 54.930843264907608, 28.186763034018291, 0.0 ], [ 54.923610253409137, 28.188152596603452, 0.0 ], [ 54.919292454584983, 28.188854003539142, 0.0 ], [ 54.91658719483133, 28.187916923463519, 0.0 ], [ 54.914465460094149, 28.185632251627609, 0.0 ], [ 54.91291809474302, 28.18404045388867, 0.0 ], [ 54.909725526096331, 28.18381377271016, 0.0 ], [ 54.90668352495247, 28.183741885177991, 0.0 ], [ 54.905275694225949, 28.183386801652329, 0.0 ], [ 54.903821588139287, 28.18419265931745, 0.0 ], [ 54.902593369571882, 28.185063707483959, 0.0 ], [ 54.901910544403151, 28.187027023990009, 0.0 ], [ 54.900502821972488, 28.187402941408561, 0.0 ], [ 54.899090202360881, 28.1877613577098, 0.0 ], [ 54.896268171503117, 28.188423086149889, 0.0 ], [ 54.894596888987067, 28.188736824410739, 0.0 ], [ 54.893698747067269, 28.188191185515791, 0.0 ], [ 54.893277452257387, 28.18743440700705, 0.0 ], [ 54.891918124096918, 28.186648891297491, 0.0 ], [ 54.890062499413609, 28.186428906887809, 0.0 ], [ 54.888063628116292, 28.18643381960548, 0.0 ], [ 54.886460262384659, 28.18692315574701, 0.0 ], [ 54.884536764308848, 28.18750420906051, 0.0 ], [ 54.882919018160081, 28.18786335633699, 0.0 ], [ 54.882051708800589, 28.187765814188548, 0.0 ], [ 54.881368203563227, 28.1874849602534, 0.0 ], [ 54.880853702606707, 28.187305902065241, 0.0 ], [ 54.879792888752988, 28.18750228592506, 0.0 ], [ 54.879182682849503, 28.1877822909304, 0.0 ], [ 54.878119874207933, 28.187963339291979, 0.0 ], [ 54.876778270133407, 28.188012685163649, 0.0 ], [ 54.87599274977633, 28.187978881759619, 0.0 ], [ 54.874701076046513, 28.188115943430109, 0.0 ], [ 54.874319126082497, 28.188566827331361, 0.0 ], [ 54.873785670884963, 28.189099487551779, 0.0 ], [ 54.873598195966892, 28.18954635196933, 0.0 ], [ 54.873163591535167, 28.189751125784749, 0.0 ], [ 54.872380737228987, 28.189932344438159, 0.0 ], [ 54.871835815511801, 28.19017835658796, 0.0 ], [ 54.871356064615547, 28.190916467637969, 0.0 ], [ 54.870536625328853, 28.19199500765119, 0.0 ], [ 54.870181032374447, 28.19206895981246, 0.0 ], [ 54.869789379700592, 28.19215718135813, 0.0 ], [ 54.869200856047662, 28.192641944032211, 0.0 ], [ 54.868034155469751, 28.193234367130671, 0.0 ], [ 54.866302997745301, 28.1943963611211, 0.0 ], [ 54.865254896451027, 28.195193496633738, 0.0 ], [ 54.864279578065172, 28.195693941600041, 0.0 ], [ 54.863537559030803, 28.196245229680429, 0.0 ], [ 54.862536305077008, 28.196715988674459, 0.0 ], [ 54.861068874408787, 28.197423010525242, 0.0 ], [ 54.860051831874799, 28.197696127180251, 0.0 ], [ 54.859131718781001, 28.198089613319119, 0.0 ], [ 54.858877486231073, 28.197890062071401, 0.0 ], [ 54.857627287509963, 28.197840293334071, 0.0 ], [ 54.856477739738708, 28.19804618931629, 0.0 ], [ 54.855046574498388, 28.19806661020187, 0.0 ], [ 54.853893395509211, 28.198083647746088, 0.0 ], [ 54.853073054005122, 28.19810470063252, 0.0 ], [ 54.852315662808053, 28.198259416578541, 0.0 ], [ 54.851429759679867, 28.19844033825817, 0.0 ], [ 54.850236924281383, 28.19857705869822, 0.0 ], [ 54.849256380633783, 28.199046666750672, 0.0 ], [ 54.848250924753742, 28.199492025216578, 0.0 ], [ 54.846782730901133, 28.200086229770299, 0.0 ], [ 54.845776879184371, 28.200362379144028, 0.0 ], [ 54.844905040893053, 28.200326078774989, 0.0 ], [ 54.8437975801479, 28.200435863058619, 0.0 ], [ 54.842627874220312, 28.20069942830153, 0.0 ], [ 54.841641618912639, 28.200778849875441, 0.0 ], [ 54.841048352499037, 28.200710193836191, 0.0 ], [ 54.839943588500802, 28.200646860177638, 0.0 ], [ 54.839116061728767, 28.20033442511242, 0.0 ], [ 54.838252285496473, 28.20047148265061, 0.0 ], [ 54.837274941045109, 28.200834742371079, 0.0 ], [ 54.837247354600422, 28.200512413711269, 0.0 ], [ 54.836605490569653, 28.200428739885769, 0.0 ], [ 54.835993319187743, 28.200663063162828, 0.0 ], [ 54.835491046002019, 28.2003894890533, 0.0 ], [ 54.835141365988321, 28.199609944073622, 0.0 ], [ 54.834489889588262, 28.198642470063831, 0.0 ], [ 54.833985110661523, 28.198092004763769, 0.0 ], [ 54.83334396311686, 28.197739558839121, 0.0 ], [ 54.833338474093537, 28.195182872048399, 0.0 ], [ 54.833612391650341, 28.194161453627999, 0.0 ], [ 54.829500676251818, 28.19120885994769, 0.0 ], [ 54.827703081167598, 28.19089267187616, 0.0 ], [ 54.826671191016352, 28.190743906271091, 0.0 ], [ 54.824984581989149, 28.190353368566591, 0.0 ], [ 54.823250883466557, 28.19005473191762, 0.0 ], [ 54.822396385264611, 28.19024526943663, 0.0 ], [ 54.820844607172987, 28.19030845530385, 0.0 ], [ 54.819808809475809, 28.190085812915161, 0.0 ], [ 54.819688355400501, 28.18991651512469, 0.0 ], [ 54.818436226878468, 28.189811062808939, 0.0 ], [ 54.818037630621312, 28.1897489043189, 0.0 ], [ 54.8165258197726, 28.190001370474722, 0.0 ], [ 54.816003270635882, 28.190105207230509, 0.0 ], [ 54.81549002128606, 28.190112494467609, 0.0 ], [ 54.814550082799862, 28.190231948504991, 0.0 ], [ 54.814064521422111, 28.190122129084831, 0.0 ], [ 54.813571406873642, 28.19010924397006, 0.0 ], [ 54.813259198669549, 28.190214183683899, 0.0 ], [ 54.812625319494643, 28.19025191460053, 0.0 ], [ 54.811655118769799, 28.190281400009201, 0.0 ], [ 54.811537761650527, 28.19028285224833, 0.0 ], [ 54.811023222259003, 28.19023905190981, 0.0 ], [ 54.81078853117679, 28.190242637952281, 0.0 ], [ 54.810586995252372, 28.190464815462992, 0.0 ], [ 54.810124010408302, 28.190775631563561, 0.0 ], [ 54.80973736123606, 28.190750826566191, 0.0 ], [ 54.808585456694949, 28.190754628469382, 0.0 ], [ 54.807600135200197, 28.190886685237182, 0.0 ], [ 54.806636139110601, 28.191426333699422, 0.0 ], [ 54.806359719115228, 28.191804733256269, 0.0 ], [ 54.805750810608011, 28.191990375456118, 0.0 ], [ 54.80493181344896, 28.192071335196111, 0.0 ], [ 54.804664426979038, 28.192313617048249, 0.0 ], [ 54.80438400578349, 28.192635859573588, 0.0 ], [ 54.804130624724827, 28.192758671496669, 0.0 ], [ 54.803899516821659, 28.192639578798961, 0.0 ], [ 54.803426854023563, 28.192373333016821, 0.0 ], [ 54.802855294470717, 28.1925677085327, 0.0 ], [ 54.801899082477171, 28.192765123600999, 0.0 ], [ 54.801127701197267, 28.19307275066086, 0.0 ], [ 54.800687117064577, 28.19388673992513, 0.0 ], [ 54.800160420344419, 28.194286112506578, 0.0 ], [ 54.799381000040917, 28.194862362914328, 0.0 ], [ 54.798924265764533, 28.195395885519709, 0.0 ], [ 54.798745868880459, 28.196129476816619, 0.0 ], [ 54.798342615918507, 28.196446626994611, 0.0 ], [ 54.797883019256872, 28.196615487015219, 0.0 ], [ 54.797530384346032, 28.19628472279717, 0.0 ], [ 54.797244550347557, 28.19639230772485, 0.0 ], [ 54.797183860676597, 28.19669153272643, 0.0 ], [ 54.797007449858093, 28.197018123069078, 0.0 ], [ 54.796588933848923, 28.197021043179308, 0.0 ], [ 54.796275169415523, 28.196888878596159, 0.0 ], [ 54.796019887520337, 28.196802417500908, 0.0 ], [ 54.795870286350848, 28.196967374928828, 0.0 ], [ 54.795807242344907, 28.197223044634949, 0.0 ], [ 54.795746410582481, 28.19740603976436, 0.0 ], [ 54.795658225449209, 28.197795331597771, 0.0 ], [ 54.795534993471257, 28.19822347029902, 0.0 ], [ 54.794895140125519, 28.19826029096982, 0.0 ], [ 54.794610271609258, 28.198131802141081, 0.0 ], [ 54.794092220509881, 28.198188547027549, 0.0 ], [ 54.793903901741672, 28.19838003691973, 0.0 ], [ 54.79368179271853, 28.198611373220249, 0.0 ], [ 54.793460031528603, 28.198900943051321, 0.0 ], [ 54.793037271477509, 28.199184572590461, 0.0 ], [ 54.793256081113597, 28.199516473005449, 0.0 ], [ 54.79318490578401, 28.200090907284789, 0.0 ], [ 54.792906401929763, 28.200136884192791, 0.0 ], [ 54.792495859700821, 28.199743223197469, 0.0 ], [ 54.792473228847271, 28.19973363337126, 0.0 ], [ 54.791989843658392, 28.199638220861448, 0.0 ], [ 54.791556177910437, 28.19977053078582, 0.0 ], [ 54.791348934645249, 28.20008924495248, 0.0 ], [ 54.790992171778321, 28.20024362233524, 0.0 ], [ 54.790375025285542, 28.200252967343008, 0.0 ], [ 54.789776455549877, 28.200195831240279, 0.0 ], [ 54.789398972156263, 28.19982943200073, 0.0 ], [ 54.788868144821443, 28.20002341162709, 0.0 ], [ 54.788211981627072, 28.200159079423329, 0.0 ], [ 54.787427481106882, 28.200097472943291, 0.0 ], [ 54.786533367813547, 28.19984967360292, 0.0 ], [ 54.78576733334166, 28.199799668665008, 0.0 ], [ 54.784365040933992, 28.19993273292334, 0.0 ], [ 54.783569183346202, 28.19996006176078, 0.0 ], [ 54.783102969718492, 28.20008782436647, 0.0 ], [ 54.782722790497949, 28.200130723139289, 0.0 ], [ 54.782753426667469, 28.19991637523918, 0.0 ], [ 54.782546258514799, 28.199652385273371, 0.0 ], [ 54.782205903545389, 28.199521167892051, 0.0 ], [ 54.78140981034035, 28.199632099333201, 0.0 ], [ 54.780775803987453, 28.199819457958419, 0.0 ], [ 54.780423859771652, 28.19974030810458, 0.0 ], [ 54.780028393083292, 28.199436964119609, 0.0 ], [ 54.77957615460766, 28.198947756828179, 0.0 ], [ 54.77933342261867, 28.1986292426019, 0.0 ], [ 54.779269248834183, 28.198336016701379, 0.0 ], [ 54.77916962529261, 28.197698041329652, 0.0 ], [ 54.778922747129172, 28.197057116600639, 0.0 ], [ 54.7788520168274, 28.196756924542669, 0.0 ], [ 54.778484290301648, 28.19647751297315, 0.0 ], [ 54.778075560951052, 28.19608273565979, 0.0 ], [ 54.777823464098773, 28.195754516682872, 0.0 ], [ 54.77720533238012, 28.195470368183781, 0.0 ], [ 54.776827631116653, 28.19553019806251, 0.0 ], [ 54.776412743315539, 28.19569476053924, 0.0 ], [ 54.775963743573477, 28.19593223817559, 0.0 ], [ 54.775511625957208, 28.19603092881469, 0.0 ], [ 54.774485058329617, 28.19626414232264, 0.0 ], [ 54.772920539986387, 28.1964972276986, 0.0 ], [ 54.770940954931788, 28.19665847969879, 0.0 ], [ 54.769465605749929, 28.196736727962541, 0.0 ], [ 54.769193559363629, 28.196779634603018, 0.0 ], [ 54.768380334258332, 28.19712736653803, 0.0 ], [ 54.767428939677053, 28.197495521407021, 0.0 ], [ 54.766778984959771, 28.19787070149885, 0.0 ], [ 54.765628789174002, 28.198023667117909, 0.0 ], [ 54.762065373084631, 28.19915356005076, 0.0 ], [ 54.760448100577797, 28.1999112027754, 0.0 ], [ 54.76039165891261, 28.198965545241879, 0.0 ], [ 54.75937895431867, 28.197371589925059, 0.0 ], [ 54.759431473811667, 28.195864397222621, 0.0 ], [ 54.75934436368847, 28.193581995722258, 0.0 ], [ 54.759730148211347, 28.19261280627812, 0.0 ], [ 54.759463114525907, 28.189980745120739, 0.0 ], [ 54.759440501920757, 28.188696253172012, 0.0 ], [ 54.759537173818892, 28.186056577038769, 0.0 ], [ 54.758624002342458, 28.183570719672861, 0.0 ], [ 54.757360881164921, 28.18169234817632, 0.0 ], [ 54.754614599533497, 28.182448929750549, 0.0 ], [ 54.751067439663629, 28.18407542501738, 0.0 ], [ 54.749670991039608, 28.184434757521728, 0.0 ], [ 54.747911535654872, 28.185774989444049, 0.0 ], [ 54.74682088136742, 28.18729907649146, 0.0 ], [ 54.745865154094098, 28.188683091523639, 0.0 ], [ 54.747952561835866, 28.193837389687399, 0.0 ], [ 54.747705327728333, 28.196797061109422, 0.0 ], [ 54.745083365491013, 28.199986099280601, 0.0 ], [ 54.74310762634839, 28.20158907393877, 0.0 ], [ 54.740048079793127, 28.202088562849159, 0.0 ], [ 54.738032319934007, 28.20218069474004, 0.0 ], [ 54.736181969747904, 28.201090477502909, 0.0 ], [ 54.73396662146137, 28.199606922476999, 0.0 ], [ 54.733089964786032, 28.20047265561394, 0.0 ], [ 54.731310684079581, 28.201218401761651, 0.0 ], [ 54.731068375907327, 28.202011423002411, 0.0 ], [ 54.732149145402907, 28.203440779102412, 0.0 ], [ 54.733325234324077, 28.20480412812497, 0.0 ], [ 54.731743088395021, 28.205479182019229, 0.0 ], [ 54.731859839379538, 28.20685976723993, 0.0 ], [ 54.730156312216963, 28.207881052749929, 0.0 ], [ 54.728735442680218, 28.208045385911809, 0.0 ], [ 54.726696379217657, 28.20722413784662, 0.0 ], [ 54.724101942448307, 28.206268524508442, 0.0 ], [ 54.721671886481097, 28.207067388161789, 0.0 ], [ 54.718306566448952, 28.20743841494269, 0.0 ], [ 54.715487023770649, 28.208376017454881, 0.0 ], [ 54.713573818733302, 28.207227743737409, 0.0 ], [ 54.710920142825913, 28.208575323140831, 0.0 ], [ 54.708102832343613, 28.209723743951841, 0.0 ], [ 54.705974029664873, 28.210139986037241, 0.0 ], [ 54.704478421528179, 28.211489454267682, 0.0 ], [ 54.703397049586343, 28.21315423238244, 0.0 ], [ 54.702730124005832, 28.215170044555791, 0.0 ], [ 54.703157963348502, 28.21620338971119, 0.0 ], [ 54.70316959278523, 28.216826253317681, 0.0 ], [ 54.702006467579082, 28.21709348495666, 0.0 ], [ 54.701309336122797, 28.217355585222709, 0.0 ], [ 54.699981743835579, 28.218446241087609, 0.0 ], [ 54.698405855326612, 28.218517418477632, 0.0 ], [ 54.697296202600583, 28.218178131637369, 0.0 ], [ 54.695895547442852, 28.217236617802719, 0.0 ], [ 54.695535937372732, 28.21758409393906, 0.0 ], [ 54.694493260935737, 28.21831354026968, 0.0 ], [ 54.694087427925098, 28.218422490806791, 0.0 ], [ 54.692820443805921, 28.219213191256468, 0.0 ], [ 54.692201916736963, 28.220507694063809, 0.0 ], [ 54.692570186912349, 28.221990937774351, 0.0 ], [ 54.691711444067387, 28.222621720237971, 0.0 ], [ 54.690208924314938, 28.221397042300669, 0.0 ], [ 54.689150195520192, 28.220028069609821, 0.0 ], [ 54.686915900819329, 28.219538814626809, 0.0 ], [ 54.685564545494572, 28.219501507341668, 0.0 ], [ 54.683994795544109, 28.220291969977779, 0.0 ], [ 54.682528963312834, 28.221402393996069, 0.0 ], [ 54.683380957428128, 28.22215322438861, 0.0 ], [ 54.684175611440573, 28.223689954985389, 0.0 ], [ 54.683143664324653, 28.224639810335841, 0.0 ], [ 54.682394925062333, 28.224548100233331, 0.0 ], [ 54.681370091768102, 28.224062423567769, 0.0 ], [ 54.680435661670252, 28.22373709018909, 0.0 ], [ 54.680047491321702, 28.223244086764719, 0.0 ], [ 54.678489728949089, 28.22229626592863, 0.0 ], [ 54.677287379760962, 28.22261045336349, 0.0 ], [ 54.675111606199678, 28.223637909536951, 0.0 ], [ 54.675085978723097, 28.224839886264821, 0.0 ], [ 54.675649515633268, 28.226225146423289, 0.0 ], [ 54.6755931688378, 28.227057371349542, 0.0 ], [ 54.674985845650497, 28.226831570544729, 0.0 ], [ 54.67397816601904, 28.225646779719, 0.0 ], [ 54.673016073719687, 28.224390877360531, 0.0 ], [ 54.671988392485147, 28.22390228307793, 0.0 ], [ 54.66991539924588, 28.224395540927659, 0.0 ], [ 54.668640144768418, 28.225080429767779, 0.0 ], [ 54.66797596294348, 28.226088124515389, 0.0 ], [ 54.667034996473021, 28.226431825280681, 0.0 ], [ 54.665941907687007, 28.226613334466801, 0.0 ], [ 54.66466997863985, 28.22745722739965, 0.0 ], [ 54.663984952040202, 28.226587925660979, 0.0 ], [ 54.662959432932567, 28.225357886043259, 0.0 ], [ 54.660887641718233, 28.225676865912259, 0.0 ], [ 54.658811713891303, 28.22562988840161, 0.0 ], [ 54.656909262094487, 28.22609285830907, 0.0 ], [ 54.656503752254459, 28.227415337201581, 0.0 ], [ 54.657034399145729, 28.229455480650721, 0.0 ], [ 54.656885701466358, 28.231064247498779, 0.0 ], [ 54.657933056228387, 28.232955872131068, 0.0 ], [ 54.65642981608719, 28.233699987428889, 0.0 ], [ 54.655586678040009, 28.23606262254528, 0.0 ], [ 54.655407838664352, 28.23547795693327, 0.0 ], [ 54.654877613567123, 28.233654387145261, 0.0 ], [ 54.654747610494972, 28.23218713068993, 0.0 ], [ 54.654559025165902, 28.230436701080631, 0.0 ], [ 54.654097416217468, 28.227299335020358, 0.0 ], [ 54.652524356543829, 28.226806009228099, 0.0 ], [ 54.651369417084439, 28.226746188438781, 0.0 ], [ 54.650449292916981, 28.226244804783391, 0.0 ], [ 54.650340377386136, 28.225149960913019, 0.0 ], [ 54.649510484421242, 28.22501308327832, 0.0 ], [ 54.64792870993201, 28.224813322944279, 0.0 ], [ 54.647010221549863, 28.224384459183462, 0.0 ], [ 54.644677148263462, 28.225156468325029, 0.0 ], [ 54.644135945775432, 28.22691201775946, 0.0 ], [ 54.644168429559492, 28.228520617548391, 0.0 ], [ 54.642644628420861, 28.22722397716516, 0.0 ], [ 54.641152858737158, 28.22738936823113, 0.0 ], [ 54.639850542789233, 28.228794188655922, 0.0 ], [ 54.638457332782238, 28.229983105313281, 0.0 ], [ 54.637642666126901, 28.231255302273659, 0.0 ], [ 54.636297824532413, 28.232689509362149, 0.0 ], [ 54.634905182456912, 28.23258905807446, 0.0 ], [ 54.634251872238153, 28.23297077578318, 0.0 ], [ 54.632998819022092, 28.234616027517351, 0.0 ], [ 54.632629651115039, 28.23571073823906, 0.0 ], [ 54.631233838656627, 28.238071526167332, 0.0 ], [ 54.631608277401227, 28.239692941834061, 0.0 ], [ 54.630892381011542, 28.240163242407309, 0.0 ], [ 54.628415480897772, 28.24165592838493, 0.0 ], [ 54.62774704432028, 28.241371396678769, 0.0 ], [ 54.628018460511768, 28.2405733578127, 0.0 ], [ 54.627823372278201, 28.240241139383251, 0.0 ], [ 54.627254939755787, 28.240247978899209, 0.0 ], [ 54.626545509291653, 28.240424095476492, 0.0 ], [ 54.6256410161091, 28.240309894747941, 0.0 ], [ 54.624540195659947, 28.239905929735141, 0.0 ], [ 54.623880603821831, 28.240164741292961, 0.0 ], [ 54.622987504878118, 28.24063546104162, 0.0 ], [ 54.622702695968457, 28.240638968837469, 0.0 ], [ 54.621610166300208, 28.240610598298321, 0.0 ], [ 54.619996015886031, 28.240630446326179, 0.0 ], [ 54.61980678743025, 28.240674595502568, 0.0 ], [ 54.618854474049897, 28.240519009015479, 0.0 ], [ 54.617765745005343, 28.24074167022459, 0.0 ], [ 54.616165965303153, 28.241681771107249, 0.0 ], [ 54.614893900519881, 28.242324994267509, 0.0 ], [ 54.614657840922973, 28.242411570563881, 0.0 ], [ 54.613485711120511, 28.243430379527432, 0.0 ], [ 54.613548106078433, 28.244476627525032, 0.0 ], [ 54.612694742296434, 28.244528467100821, 0.0 ], [ 54.611843103039078, 28.24512770827678, 0.0 ], [ 54.611703289068679, 28.245296905004931, 0.0 ], [ 54.610668788100867, 28.246232895744761, 0.0 ], [ 54.60976716215113, 28.246327411227409, 0.0 ], [ 54.609299059912992, 28.2469207579203, 0.0 ], [ 54.61021910112801, 28.248042281173131, 0.0 ], [ 54.609033961922243, 28.24835048274403, 0.0 ], [ 54.606696390452527, 28.24766403657712, 0.0 ], [ 54.604249003439392, 28.248484191980442, 0.0 ], [ 54.600632266667603, 28.250422685031239, 0.0 ], [ 54.599134230916867, 28.25107874805634, 0.0 ], [ 54.596139890621693, 28.252277788342919, 0.0 ], [ 54.59433624170574, 28.252669586262869, 0.0 ], [ 54.591925824297427, 28.252796651998519, 0.0 ], [ 54.590348842271553, 28.252391451312882, 0.0 ], [ 54.588189239646219, 28.25331104083876, 0.0 ], [ 54.587061411907698, 28.25452636530451, 0.0 ], [ 54.587017464498153, 28.255544191789159, 0.0 ], [ 54.587756799810762, 28.256580009286061, 0.0 ], [ 54.588626539329482, 28.258098379667089, 0.0 ], [ 54.587736773370253, 28.25917459903507, 0.0 ], [ 54.586875964975448, 28.25822719771292, 0.0 ], [ 54.586016078718572, 28.257333221972161, 0.0 ], [ 54.584557675598099, 28.256818170781742, 0.0 ], [ 54.584179554793671, 28.255811821400631, 0.0 ], [ 54.582590300320653, 28.254659423063281, 0.0 ], [ 54.580771415787382, 28.254410925958389, 0.0 ], [ 54.580465827888432, 28.25414975440097, 0.0 ], [ 54.57830978015177, 28.25337453634862, 0.0 ], [ 54.578059503909003, 28.254620840926389, 0.0 ], [ 54.578205191616497, 28.25545500841768, 0.0 ], [ 54.577951750812552, 28.25654251576713, 0.0 ], [ 54.577628785225123, 28.25752613751138, 0.0 ], [ 54.577572067303443, 28.258453490078882, 0.0 ], [ 54.576786010539642, 28.2582470309851, 0.0 ], [ 54.573998257835797, 28.258278801512631, 0.0 ], [ 54.571809195826063, 28.257821905896449, 0.0 ], [ 54.57015042786783, 28.257042271347611, 0.0 ], [ 54.569544646477823, 28.257425932235709, 0.0 ], [ 54.568697073423678, 28.258565426914519, 0.0 ], [ 54.568146394854651, 28.260002668627319, 0.0 ], [ 54.56638502135911, 28.260077380672151, 0.0 ], [ 54.562449879301781, 28.261078831818612, 0.0 ], [ 54.561314232831123, 28.26145989716268, 0.0 ], [ 54.560603671699873, 28.261965181779551, 0.0 ], [ 54.559939547005513, 28.262025791928171, 0.0 ], [ 54.558968478422052, 28.262528303903132, 0.0 ], [ 54.556949504457002, 28.263387289585861, 0.0 ], [ 54.556010100424587, 28.263327954414251, 0.0 ], [ 54.55465260413321, 28.263242732379219, 0.0 ], [ 54.55349576369241, 28.263085839285669, 0.0 ], [ 54.552660524844477, 28.26402853428381, 0.0 ], [ 54.551705436063102, 28.264309902478789, 0.0 ], [ 54.550590668982061, 28.26492156264958, 0.0 ], [ 54.550241204768653, 28.26477520750942, 0.0 ], [ 54.549811586666642, 28.264292286596799, 0.0 ], [ 54.547488110866681, 28.263295841526659, 0.0 ], [ 54.544405063122539, 28.262315480274999, 0.0 ], [ 54.542018381739062, 28.26215137045191, 0.0 ], [ 54.540873947945997, 28.262873368979399, 0.0 ], [ 54.540211218567983, 28.26413305363878, 0.0 ], [ 54.538690451267698, 28.265207605020532, 0.0 ], [ 54.536713673925277, 28.265571975338609, 0.0 ], [ 54.53461338719115, 28.266207657490131, 0.0 ], [ 54.532686562684681, 28.266195017868341, 0.0 ], [ 54.530455256179877, 28.267073938315399, 0.0 ], [ 54.527425227302629, 28.267504664867349, 0.0 ], [ 54.525322855396027, 28.267650815913409, 0.0 ], [ 54.524261968078072, 28.268240555408131, 0.0 ], [ 54.522469488921089, 28.268504380287158, 0.0 ], [ 54.520394318683643, 28.26910608737127, 0.0 ], [ 54.519998283077811, 28.270145260022879, 0.0 ] ] ] } },
{ "type": "Feature", "properties": { "Name": "منطقه شکار ممنوع کوه سياه", "description": null, "timestamp": null, "begin": null, "end": null, "altitudeMode": null, "tessellate": -1, "extrude": 0, "visibility": -1, "drawOrder": null, "icon": null }, "geometry": { "type": "Polygon", "coordinates": [ [ [ 53.170078025311859, 30.030664048886649, 0.0 ], [ 53.167018426461382, 30.03349444854749, 0.0 ], [ 53.16523389690478, 30.035099915307871, 0.0 ], [ 53.164054696083753, 30.036478202013399, 0.0 ], [ 53.163583667119667, 30.036390469555862, 0.0 ], [ 53.161374342330362, 30.03270308545164, 0.0 ], [ 53.159873677248683, 30.030003035465612, 0.0 ], [ 53.159804028332729, 30.028275360685811, 0.0 ], [ 53.15977680862148, 30.026544745041178, 0.0 ], [ 53.158756255623651, 30.026181067882352, 0.0 ], [ 53.155995471902017, 30.025187145794959, 0.0 ], [ 53.152955245188082, 30.02406915294042, 0.0 ], [ 53.151718726582807, 30.023563812875349, 0.0 ], [ 53.149660506944727, 30.022706057516171, 0.0 ], [ 53.147004161784103, 30.021380672326011, 0.0 ], [ 53.145730740947158, 30.020577128687108, 0.0 ], [ 53.144445444841089, 30.019825307533171, 0.0 ], [ 53.144012738328392, 30.019572946981079, 0.0 ], [ 53.143409299693289, 30.019431045685401, 0.0 ], [ 53.143340248120907, 30.01970933285903, 0.0 ], [ 53.14253021942659, 30.02011331503634, 0.0 ], [ 53.142213281484693, 30.02012998743708, 0.0 ], [ 53.141874311606692, 30.019797242350279, 0.0 ], [ 53.141523311219537, 30.019724692907221, 0.0 ], [ 53.141198329318193, 30.020080541078229, 0.0 ], [ 53.140265544584409, 30.02027445584616, 0.0 ], [ 53.139603405010519, 30.02035657739388, 0.0 ], [ 53.139208779666362, 30.020497544857381, 0.0 ], [ 53.138700192590427, 30.0208525975812, 0.0 ], [ 53.138376850657082, 30.021070444302421, 0.0 ], [ 53.138243084081822, 30.021362247993309, 0.0 ], [ 53.138103278750833, 30.021820078014329, 0.0 ], [ 53.137989345111109, 30.022164308237411, 0.0 ], [ 53.137831694746673, 30.022519052497259, 0.0 ], [ 53.137548937244773, 30.02295729593504, 0.0 ], [ 53.136798902122322, 30.023106419907691, 0.0 ], [ 53.136175619959317, 30.023487747699431, 0.0 ], [ 53.135474123424459, 30.023878330134551, 0.0 ], [ 53.135385513112453, 30.023902411640861, 0.0 ], [ 53.134416639507307, 30.02418132992365, 0.0 ], [ 53.133515454269912, 30.024635445487519, 0.0 ], [ 53.130017681533857, 30.025247367669689, 0.0 ], [ 53.128110021758232, 30.025493568983581, 0.0 ], [ 53.118892882943292, 30.0212336118264, 0.0 ], [ 53.112944287186551, 30.01956085924251, 0.0 ], [ 53.109070526776897, 30.019166004652241, 0.0 ], [ 53.106596641494882, 30.019369905287459, 0.0 ], [ 53.102607669857683, 30.020086003685279, 0.0 ], [ 53.098442255422583, 30.02148368096239, 0.0 ], [ 53.097079611507922, 30.019859159590609, 0.0 ], [ 53.09752507706871, 30.017245761096522, 0.0 ], [ 53.096918640729037, 30.013571220758308, 0.0 ], [ 53.094759066121149, 30.004335705257748, 0.0 ], [ 53.088337705157308, 29.980233597749621, 0.0 ], [ 53.085015547699342, 29.978302771884991, 0.0 ], [ 53.083543231815973, 29.97616530441973, 0.0 ], [ 53.078602123712969, 29.9758320332888, 0.0 ], [ 53.075213891468238, 29.975411880436852, 0.0 ], [ 53.07447903359013, 29.974736832374919, 0.0 ], [ 53.072946841634703, 29.974450214402118, 0.0 ], [ 53.071074411449601, 29.974958682454869, 0.0 ], [ 53.069266922019033, 29.975676257404, 0.0 ], [ 53.067308445120418, 29.973607813460681, 0.0 ], [ 53.065067034551191, 29.9704160307097, 0.0 ], [ 53.062529222771062, 29.968576763349159, 0.0 ], [ 53.060824549373073, 29.967448549838469, 0.0 ], [ 53.06034715958652, 29.965350004137861, 0.0 ], [ 53.059851772106882, 29.963508174810961, 0.0 ], [ 53.060424083871503, 29.962596655930671, 0.0 ], [ 53.060550426465007, 29.961323290950091, 0.0 ], [ 53.060616215558348, 29.95981154499567, 0.0 ], [ 53.062859689144332, 29.95718511546929, 0.0 ], [ 53.065457980756442, 29.953631301637351, 0.0 ], [ 53.067069160887669, 29.950142297310219, 0.0 ], [ 53.07120985465933, 29.943747460554409, 0.0 ], [ 53.07808830352262, 29.93734867284228, 0.0 ], [ 53.086789571836732, 29.932115729278049, 0.0 ], [ 53.091948614557403, 29.928713962995829, 0.0 ], [ 53.09453073584686, 29.927064971258311, 0.0 ], [ 53.098133503772047, 29.92557527662742, 0.0 ], [ 53.099341962608733, 29.923469788321349, 0.0 ], [ 53.101735101631043, 29.919381902111741, 0.0 ], [ 53.103866432785694, 29.916640739681061, 0.0 ], [ 53.10670507457791, 29.914218258795412, 0.0 ], [ 53.108354355223767, 29.912043189914201, 0.0 ], [ 53.109808537104307, 29.910422757758781, 0.0 ], [ 53.11111090373214, 29.906600073407802, 0.0 ], [ 53.114002237543467, 29.904189311998461, 0.0 ], [ 53.117443814219307, 29.901402587389711, 0.0 ], [ 53.121352547569657, 29.900315867459788, 0.0 ], [ 53.12278641037431, 29.899247840695079, 0.0 ], [ 53.12219929134568, 29.89716328810422, 0.0 ], [ 53.120739133628383, 29.894917772233772, 0.0 ], [ 53.121152222598369, 29.89271228564677, 0.0 ], [ 53.122139171901978, 29.889921512634292, 0.0 ], [ 53.123993400639208, 29.887867240855559, 0.0 ], [ 53.123983797914512, 29.886605805615261, 0.0 ], [ 53.12578478688323, 29.88633914944112, 0.0 ], [ 53.127694554178852, 29.885844557717981, 0.0 ], [ 53.131389069319027, 29.884507963410829, 0.0 ], [ 53.133810282185912, 29.88197071234238, 0.0 ], [ 53.135448720827242, 29.875810326666841, 0.0 ], [ 53.136925372813678, 29.873809384601721, 0.0 ], [ 53.137863968673152, 29.870461064701701, 0.0 ], [ 53.138401802960622, 29.867103081223821, 0.0 ], [ 53.139247062320642, 29.864109134007471, 0.0 ], [ 53.138950322702293, 29.861300254406359, 0.0 ], [ 53.138917297215983, 29.860020107419832, 0.0 ], [ 53.140076714649773, 29.859696822712142, 0.0 ], [ 53.140839372217258, 29.85999643843677, 0.0 ], [ 53.142642305135738, 29.85954760972669, 0.0 ], [ 53.144975077998303, 29.858791441857409, 0.0 ], [ 53.145791572016059, 29.858684655700461, 0.0 ], [ 53.148624036971277, 29.857993024426289, 0.0 ], [ 53.149939217722427, 29.857722547132401, 0.0 ], [ 53.150688876606431, 29.857688280696149, 0.0 ], [ 53.151773832768903, 29.857416808915222, 0.0 ], [ 53.153087722910072, 29.856716181386581, 0.0 ], [ 53.153831018287157, 29.856666139451189, 0.0 ], [ 53.154576248279042, 29.857099364201861, 0.0 ], [ 53.155467170563902, 29.857315956387531, 0.0 ], [ 53.156250287794208, 29.856908235543841, 0.0 ], [ 53.156971340148033, 29.855591368340999, 0.0 ], [ 53.157459521353168, 29.854444465484072, 0.0 ], [ 53.158002555030393, 29.853410237464331, 0.0 ], [ 53.157474067011727, 29.852872014072599, 0.0 ], [ 53.156703909386131, 29.85248915646709, 0.0 ], [ 53.156093937640463, 29.85181568645346, 0.0 ], [ 53.158366056580057, 29.850159343533399, 0.0 ], [ 53.159612803318232, 29.84969452278343, 0.0 ], [ 53.160358164622259, 29.848014591766809, 0.0 ], [ 53.162735545612414, 29.846499191439349, 0.0 ], [ 53.165164259844502, 29.845280945114371, 0.0 ], [ 53.167857538809031, 29.84357572915178, 0.0 ], [ 53.170821147861673, 29.843277862323649, 0.0 ], [ 53.172032206521109, 29.842332296099809, 0.0 ], [ 53.175396961227889, 29.835174988738231, 0.0 ], [ 53.176817190837284, 29.830051422212229, 0.0 ], [ 53.17610179324636, 29.8196690368543, 0.0 ], [ 53.175288135622118, 29.817830651789968, 0.0 ], [ 53.174961736262539, 29.815873586303539, 0.0 ], [ 53.175125003951507, 29.814579666278249, 0.0 ], [ 53.176898355874577, 29.813035386618381, 0.0 ], [ 53.177929147963901, 29.81157778944279, 0.0 ], [ 53.179418706882231, 29.80965274150876, 0.0 ], [ 53.179737155396388, 29.808510913088909, 0.0 ], [ 53.181914871401553, 29.807441446318808, 0.0 ], [ 53.183567378649073, 29.806294947009238, 0.0 ], [ 53.184405231309448, 29.80513112574744, 0.0 ], [ 53.184709683660017, 29.804021960834881, 0.0 ], [ 53.186170848276561, 29.803838751733149, 0.0 ], [ 53.187981729004157, 29.802913869087959, 0.0 ], [ 53.189272413027147, 29.802515556344449, 0.0 ], [ 53.191138861680379, 29.804191347431669, 0.0 ], [ 53.192305091278712, 29.804972861820591, 0.0 ], [ 53.193719543213049, 29.804469385179331, 0.0 ], [ 53.193513222236149, 29.802450791973669, 0.0 ], [ 53.195046583335397, 29.79969333847701, 0.0 ], [ 53.195545661637247, 29.799164190062921, 0.0 ], [ 53.195687452043337, 29.797409003195838, 0.0 ], [ 53.197210479591938, 29.79606090746055, 0.0 ], [ 53.200010037527612, 29.794581749695119, 0.0 ], [ 53.201471488363197, 29.7936959904887, 0.0 ], [ 53.204600281726997, 29.79270780560778, 0.0 ], [ 53.206838625372548, 29.792896733890871, 0.0 ], [ 53.210847123147659, 29.793457712474819, 0.0 ], [ 53.213098437680983, 29.79377310142354, 0.0 ], [ 53.214815703406067, 29.794722449250241, 0.0 ], [ 53.216433480015432, 29.79540176326644, 0.0 ], [ 53.217440911334037, 29.795342393794272, 0.0 ], [ 53.219274233477343, 29.794000946058858, 0.0 ], [ 53.219618160445002, 29.795192320628811, 0.0 ], [ 53.219512532393253, 29.796630745555142, 0.0 ], [ 53.218698797011939, 29.79805517593779, 0.0 ], [ 53.217893887929151, 29.799589675816669, 0.0 ], [ 53.219054293272613, 29.802051893105808, 0.0 ], [ 53.220213683542312, 29.804538927929531, 0.0 ], [ 53.222141969717732, 29.80643497334189, 0.0 ], [ 53.224068150284218, 29.80833017411009, 0.0 ], [ 53.225309440849188, 29.809333643473209, 0.0 ], [ 53.227348843174852, 29.810175841727752, 0.0 ], [ 53.229676167510377, 29.81098293922366, 0.0 ], [ 53.231284300342232, 29.81043088027123, 0.0 ], [ 53.234258978251788, 29.809357319991999, 0.0 ], [ 53.236132162165532, 29.809630474421471, 0.0 ], [ 53.236357649451342, 29.80968264640552, 0.0 ], [ 53.238425127531748, 29.809989603858821, 0.0 ], [ 53.238550825155343, 29.810000372476178, 0.0 ], [ 53.24067077236564, 29.809867959906232, 0.0 ], [ 53.241193659709097, 29.81004231648728, 0.0 ], [ 53.241527201428902, 29.810587702787, 0.0 ], [ 53.242457419038367, 29.811202318716479, 0.0 ], [ 53.244139615678193, 29.811954863388571, 0.0 ], [ 53.246016535049911, 29.81210577236401, 0.0 ], [ 53.248900799191283, 29.812172391101299, 0.0 ], [ 53.250191304009562, 29.8119397294167, 0.0 ], [ 53.251339479940178, 29.81217546046933, 0.0 ], [ 53.252345198564157, 29.81283344466155, 0.0 ], [ 53.254310827213253, 29.813050133531469, 0.0 ], [ 53.25548587198049, 29.813791096248579, 0.0 ], [ 53.256194757444952, 29.81676096395589, 0.0 ], [ 53.255913775142282, 29.81779833264968, 0.0 ], [ 53.257437568430149, 29.818622428091452, 0.0 ], [ 53.258484930978838, 29.819723579824998, 0.0 ], [ 53.260197431438158, 29.82076333622414, 0.0 ], [ 53.263521349288347, 29.822951109715792, 0.0 ], [ 53.264633284128877, 29.82460632212609, 0.0 ], [ 53.266006821146597, 29.825860423017101, 0.0 ], [ 53.267890554422813, 29.826911090380651, 0.0 ], [ 53.269066678510129, 29.828003986852419, 0.0 ], [ 53.269618766504053, 29.829030398743651, 0.0 ], [ 53.269976648308798, 29.83022192014176, 0.0 ], [ 53.272285552172022, 29.830794273021372, 0.0 ], [ 53.274365304337273, 29.831678725020691, 0.0 ], [ 53.276431613226343, 29.833181789842978, 0.0 ], [ 53.278516340736452, 29.834708364811458, 0.0 ], [ 53.280092654244207, 29.836221140248089, 0.0 ], [ 53.282792961307642, 29.83539272347663, 0.0 ], [ 53.284318200937591, 29.835533927254581, 0.0 ], [ 53.28587318994267, 29.836249480255031, 0.0 ], [ 53.286269339240917, 29.837266269180571, 0.0 ], [ 53.287660726621148, 29.8378690822667, 0.0 ], [ 53.289489030438332, 29.838180531602941, 0.0 ], [ 53.290519642468091, 29.838347326066579, 0.0 ], [ 53.294185116155433, 29.839881378528201, 0.0 ], [ 53.295800094883127, 29.84092448712526, 0.0 ], [ 53.297488731314097, 29.841846684928178, 0.0 ], [ 53.298102819857156, 29.842939508645099, 0.0 ], [ 53.298778177397523, 29.8444006528815, 0.0 ], [ 53.299727581795857, 29.845846695301951, 0.0 ], [ 53.300519655720187, 29.84596235639129, 0.0 ], [ 53.300644312648167, 29.846020934608369, 0.0 ], [ 53.300981811148162, 29.84615074271499, 0.0 ], [ 53.302600191036177, 29.84688943025305, 0.0 ], [ 53.303292199194843, 29.848098266467659, 0.0 ], [ 53.303485027432778, 29.84924558473805, 0.0 ], [ 53.30344816830091, 29.849871990057821, 0.0 ], [ 53.304077740771461, 29.850713969061299, 0.0 ], [ 53.305042926646408, 29.85148844483162, 0.0 ], [ 53.306095409489089, 29.852624902669451, 0.0 ], [ 53.306866231372013, 29.85397007044018, 0.0 ], [ 53.307748059000851, 29.85564612742203, 0.0 ], [ 53.308469017586518, 29.856911196832179, 0.0 ], [ 53.308928975478452, 29.858492603506551, 0.0 ], [ 53.308785070743397, 29.859862157414351, 0.0 ], [ 53.307938582070292, 29.863103761139079, 0.0 ], [ 53.308227304550222, 29.86503584576684, 0.0 ], [ 53.308934178552747, 29.866490638056678, 0.0 ], [ 53.310245313834528, 29.867139532117001, 0.0 ], [ 53.310732550055143, 29.86923036942661, 0.0 ], [ 53.309454714830153, 29.87216617870725, 0.0 ], [ 53.308378485556453, 29.875287342379639, 0.0 ], [ 53.30679664880978, 29.877641444103919, 0.0 ], [ 53.305085749473342, 29.88093578263701, 0.0 ], [ 53.30221626462076, 29.884273922509848, 0.0 ], [ 53.299757675540917, 29.885581053108769, 0.0 ], [ 53.297655960791083, 29.887601460080091, 0.0 ], [ 53.295458992001429, 29.89064629986952, 0.0 ], [ 53.291724697290299, 29.894397029979611, 0.0 ], [ 53.28912736835305, 29.89809411422959, 0.0 ], [ 53.287709967345329, 29.899105413170432, 0.0 ], [ 53.28532072290659, 29.899987001960991, 0.0 ], [ 53.282705054010442, 29.900835284990489, 0.0 ], [ 53.280672367196452, 29.90320689528161, 0.0 ], [ 53.278547683194432, 29.905209399641539, 0.0 ], [ 53.270742245197972, 29.910508561362729, 0.0 ], [ 53.266200620277743, 29.913119083296909, 0.0 ], [ 53.262756277672459, 29.916664156714209, 0.0 ], [ 53.259108832432503, 29.918886660487669, 0.0 ], [ 53.256810437916428, 29.919856355129689, 0.0 ], [ 53.255225749048378, 29.92139171975365, 0.0 ], [ 53.253440517382842, 29.92454665375006, 0.0 ], [ 53.250848879979237, 29.929421842787772, 0.0 ], [ 53.248169289023878, 29.934726025716891, 0.0 ], [ 53.247430513506671, 29.9375050860878, 0.0 ], [ 53.245095356961663, 29.944165669208761, 0.0 ], [ 53.243709923337398, 29.946689918523091, 0.0 ], [ 53.243158246601709, 29.948854981359428, 0.0 ], [ 53.241699309711848, 29.951607676758201, 0.0 ], [ 53.241996758520031, 29.95355148717719, 0.0 ], [ 53.242685800460421, 29.955952073583529, 0.0 ], [ 53.24111507224864, 29.957205800774599, 0.0 ], [ 53.238829927704089, 29.958721031056839, 0.0 ], [ 53.235915512598041, 29.961583684566119, 0.0 ], [ 53.23274031273305, 29.962909724507369, 0.0 ], [ 53.228791221080762, 29.96470027425508, 0.0 ], [ 53.226746007700747, 29.96689629987295, 0.0 ], [ 53.220635906502551, 29.97479183244274, 0.0 ], [ 53.217034440923193, 29.97854155985415, 0.0 ], [ 53.212897108446732, 29.982655412378548, 0.0 ], [ 53.208246304998063, 29.990779389848331, 0.0 ], [ 53.206344104893539, 29.994216742865149, 0.0 ], [ 53.204114545529173, 29.998343792215859, 0.0 ], [ 53.203786698854373, 30.001658478574289, 0.0 ], [ 53.201899224515742, 30.004192461124681, 0.0 ], [ 53.199195536041827, 30.006898606738229, 0.0 ], [ 53.194082575320593, 30.01006030461518, 0.0 ], [ 53.187337187112988, 30.014524516210489, 0.0 ], [ 53.179926263397249, 30.021308573973329, 0.0 ], [ 53.170078025311859, 30.030664048886649, 0.0 ] ] ] } },
{ "type": "Feature", "properties": { "Name": "منطقه شکار ممنوع کوه هوا و", "description": null, "timestamp": null, "begin": null, "end": null, "altitudeMode": null, "tessellate": -1, "extrude": 0, "visibility": -1, "drawOrder": null, "icon": null }, "geometry": { "type": "Polygon", "coordinates": [ [ [ 52.612083157985083, 28.023220821543859, 0.0 ], [ 52.610011757605221, 28.024993653628119, 0.0 ], [ 52.608044833099683, 28.027099010853629, 0.0 ], [ 52.60653361940841, 28.028696241514488, 0.0 ], [ 52.602534912533109, 28.03211639034004, 0.0 ], [ 52.599893368358792, 28.033469574457829, 0.0 ], [ 52.593052689810342, 28.03477910815479, 0.0 ], [ 52.588961705690352, 28.035439402029969, 0.0 ], [ 52.587321742791232, 28.03502251357525, 0.0 ], [ 52.588302951626943, 28.031083806805199, 0.0 ], [ 52.593976194339497, 28.02563889699929, 0.0 ], [ 52.595591958606853, 28.024564961581738, 0.0 ], [ 52.598351963272457, 28.02411223198013, 0.0 ], [ 52.599672333897857, 28.02236961474426, 0.0 ], [ 52.601151044153021, 28.019634613375398, 0.0 ], [ 52.603283409081023, 28.019479493324109, 0.0 ], [ 52.604087514396142, 28.017966013220551, 0.0 ], [ 52.604796779710902, 28.016546263809829, 0.0 ], [ 52.605960656514362, 28.016103135852148, 0.0 ], [ 52.61007997087026, 28.014156697634739, 0.0 ], [ 52.613357128884743, 28.012595991180191, 0.0 ], [ 52.617130358133508, 28.010364052060339, 0.0 ], [ 52.617672535987843, 28.009828948956478, 0.0 ], [ 52.618502496656831, 28.009444079343741, 0.0 ], [ 52.618463977890812, 28.00897680978629, 0.0 ], [ 52.618275124433502, 28.008076620516359, 0.0 ], [ 52.618178312729007, 28.007970082734889, 0.0 ], [ 52.618448517549169, 28.00717941645296, 0.0 ], [ 52.61903644693858, 28.006871083454989, 0.0 ], [ 52.619327911842433, 28.006380073634109, 0.0 ], [ 52.620050698065469, 28.005764284252461, 0.0 ], [ 52.621351295516043, 28.005077035778729, 0.0 ], [ 52.622469171585067, 28.00435300198561, 0.0 ], [ 52.623078851345042, 28.00322243240565, 0.0 ], [ 52.623464269222289, 28.001603965882499, 0.0 ], [ 52.623321243701419, 28.000706412846561, 0.0 ], [ 52.621714030677829, 27.997276714437412, 0.0 ], [ 52.620831651133678, 27.996498237533629, 0.0 ], [ 52.620022675104153, 27.995718382311068, 0.0 ], [ 52.619871046633932, 27.995248956894208, 0.0 ], [ 52.619497740542727, 27.994691055191851, 0.0 ], [ 52.619414119560119, 27.994654887673509, 0.0 ], [ 52.61951879870459, 27.99417907502723, 0.0 ], [ 52.619974391856204, 27.993472850761361, 0.0 ], [ 52.6195500545724, 27.992293091369621, 0.0 ], [ 52.619593812810557, 27.9917517389427, 0.0 ], [ 52.617877609799891, 27.990689982231672, 0.0 ], [ 52.617163717677911, 27.989705943309879, 0.0 ], [ 52.616151426356552, 27.98880798741699, 0.0 ], [ 52.615091238565427, 27.987659677501242, 0.0 ], [ 52.615006776527864, 27.986654336692919, 0.0 ], [ 52.614964331076962, 27.985246605780279, 0.0 ], [ 52.615089188354787, 27.983608409946729, 0.0 ], [ 52.615521556797162, 27.982178793615979, 0.0 ], [ 52.615925815456187, 27.980998332873341, 0.0 ], [ 52.615158036561162, 27.98014384660388, 0.0 ], [ 52.613956546429741, 27.979714991839661, 0.0 ], [ 52.613100477498953, 27.979061091457421, 0.0 ], [ 52.612972708874402, 27.976997244459039, 0.0 ], [ 52.61311727180906, 27.97599502558986, 0.0 ], [ 52.612704724459142, 27.975440307574139, 0.0 ], [ 52.611646053799483, 27.975538362298959, 0.0 ], [ 52.611550551373071, 27.975529298048091, 0.0 ], [ 52.611255648753669, 27.974880543895729, 0.0 ], [ 52.611662574063082, 27.973652936126129, 0.0 ], [ 52.611251259220289, 27.972709738934061, 0.0 ], [ 52.610446614986088, 27.9717532106012, 0.0 ], [ 52.61002327048827, 27.970192766046068, 0.0 ], [ 52.610315693618752, 27.969231364335791, 0.0 ], [ 52.611182112951823, 27.968649360215771, 0.0 ], [ 52.61264769450905, 27.96829900212423, 0.0 ], [ 52.614273493435981, 27.968101571716971, 0.0 ], [ 52.615706658827577, 27.967926982419709, 0.0 ], [ 52.616801457956342, 27.966669190636139, 0.0 ], [ 52.616316418255451, 27.965514269821401, 0.0 ], [ 52.615952699534667, 27.964191796424849, 0.0 ], [ 52.616003886289313, 27.96288387675256, 0.0 ], [ 52.616364099997568, 27.9621094100862, 0.0 ], [ 52.616687174664108, 27.961542853012229, 0.0 ], [ 52.617526864433458, 27.960467526930891, 0.0 ], [ 52.61752340643605, 27.959720478677632, 0.0 ], [ 52.617175212641818, 27.959381732080939, 0.0 ], [ 52.616550584938452, 27.959141089560589, 0.0 ], [ 52.616367861620702, 27.958137150765531, 0.0 ], [ 52.61694637048619, 27.957229515426761, 0.0 ], [ 52.617657241250207, 27.95584683168854, 0.0 ], [ 52.617994823154042, 27.955543187691109, 0.0 ], [ 52.619019821099798, 27.955001143254819, 0.0 ], [ 52.619191868854962, 27.954025474366251, 0.0 ], [ 52.619783724224114, 27.95336178062805, 0.0 ], [ 52.620455905035087, 27.952097602791319, 0.0 ], [ 52.621492791898618, 27.950496561216521, 0.0 ], [ 52.622681906635727, 27.950252077912278, 0.0 ], [ 52.624218371454823, 27.949308124687288, 0.0 ], [ 52.625331361287721, 27.948341792800381, 0.0 ], [ 52.626927147288143, 27.948696093229781, 0.0 ], [ 52.629179688107463, 27.949559266279248, 0.0 ], [ 52.629867231557583, 27.949336891987588, 0.0 ], [ 52.630940368308487, 27.947285162344329, 0.0 ], [ 52.630843672239578, 27.94542868872238, 0.0 ], [ 52.63123804689495, 27.944380462779979, 0.0 ], [ 52.632467950881122, 27.9436808997404, 0.0 ], [ 52.634147437576082, 27.9442518045798, 0.0 ], [ 52.636812783382702, 27.945150763900621, 0.0 ], [ 52.639030228682252, 27.944829420789109, 0.0 ], [ 52.6408984981122, 27.9433713567946, 0.0 ], [ 52.643346900094919, 27.940801336807741, 0.0 ], [ 52.642997956109703, 27.93848881565896, 0.0 ], [ 52.643455790758168, 27.937528689762178, 0.0 ], [ 52.644208866685346, 27.93629156607896, 0.0 ], [ 52.645624772809462, 27.935395493153099, 0.0 ], [ 52.646530006271917, 27.9343319558992, 0.0 ], [ 52.647734313107378, 27.932533975336479, 0.0 ], [ 52.648986426497913, 27.931063733945692, 0.0 ], [ 52.650943425838413, 27.927024603331549, 0.0 ], [ 52.653433407278087, 27.926399590673249, 0.0 ], [ 52.653974640112473, 27.924971251689001, 0.0 ], [ 52.654733096953677, 27.922717064327781, 0.0 ], [ 52.657067838856257, 27.92162201451784, 0.0 ], [ 52.659675462869302, 27.919202837156721, 0.0 ], [ 52.661333669259569, 27.916901738118568, 0.0 ], [ 52.662239792936859, 27.91303886744895, 0.0 ], [ 52.665054986059722, 27.91073224462744, 0.0 ], [ 52.667197544345107, 27.908571290386849, 0.0 ], [ 52.667974186230033, 27.906654176677829, 0.0 ], [ 52.666571362185508, 27.905162554144258, 0.0 ], [ 52.667860759586119, 27.905145886246761, 0.0 ], [ 52.668340248017159, 27.904724957579759, 0.0 ], [ 52.670161582417023, 27.904935613106861, 0.0 ], [ 52.671264003136372, 27.90406783544837, 0.0 ], [ 52.670539634038192, 27.90299625010455, 0.0 ], [ 52.67272345127563, 27.90199729040383, 0.0 ], [ 52.674140040317262, 27.900119043741672, 0.0 ], [ 52.675242969742008, 27.89839710238844, 0.0 ], [ 52.677508342500992, 27.897444046220262, 0.0 ], [ 52.680290973559757, 27.89500541833663, 0.0 ], [ 52.681490252380662, 27.893384155947292, 0.0 ], [ 52.682367839781122, 27.892997785784111, 0.0 ], [ 52.683771313135097, 27.893651347553931, 0.0 ], [ 52.684777529838811, 27.893433896924911, 0.0 ], [ 52.685999447712767, 27.891576620697538, 0.0 ], [ 52.686167605266903, 27.89063250115591, 0.0 ], [ 52.68796719522679, 27.890774598557631, 0.0 ], [ 52.688677538136758, 27.890316956567411, 0.0 ], [ 52.689331963464248, 27.888852437156309, 0.0 ], [ 52.688883263996829, 27.88793581493319, 0.0 ], [ 52.690004610050877, 27.88655898662218, 0.0 ], [ 52.690606114242698, 27.88522156567571, 0.0 ], [ 52.691289569242812, 27.883833689411361, 0.0 ], [ 52.691782391787143, 27.883166395103711, 0.0 ], [ 52.691456333066881, 27.8823051521683, 0.0 ], [ 52.692897427058497, 27.8819526802877, 0.0 ], [ 52.69515770101782, 27.88151978217946, 0.0 ], [ 52.696851199277042, 27.881542045530701, 0.0 ], [ 52.699440212952332, 27.88186456024448, 0.0 ], [ 52.69898354587697, 27.880763505569639, 0.0 ], [ 52.698568482667653, 27.878746296435711, 0.0 ], [ 52.699591331834647, 27.876861847958409, 0.0 ], [ 52.700359822282572, 27.875183916606112, 0.0 ], [ 52.69923141208637, 27.873539694822099, 0.0 ], [ 52.700402126554103, 27.871842267479611, 0.0 ], [ 52.70053894255247, 27.86974805826965, 0.0 ], [ 52.699849853195367, 27.868578160740999, 0.0 ], [ 52.699429910916948, 27.868431880436528, 0.0 ], [ 52.699311696552208, 27.868137049346469, 0.0 ], [ 52.69961999162004, 27.867850118549221, 0.0 ], [ 52.700266935968862, 27.867683816951651, 0.0 ], [ 52.700722323435627, 27.867354328333342, 0.0 ], [ 52.701134323272242, 27.867214937383761, 0.0 ], [ 52.701199663804097, 27.867175223564249, 0.0 ], [ 52.701377722782297, 27.867123552245861, 0.0 ], [ 52.701540289237641, 27.867063305686919, 0.0 ], [ 52.70183907565589, 27.866908354905998, 0.0 ], [ 52.702208189566562, 27.866851501333109, 0.0 ], [ 52.702598032108369, 27.866546146054439, 0.0 ], [ 52.703009848824337, 27.86630110730016, 0.0 ], [ 52.703202260497342, 27.86611470496894, 0.0 ], [ 52.703222702298063, 27.865680069040259, 0.0 ], [ 52.703218738580603, 27.865656235482572, 0.0 ], [ 52.703302595153197, 27.865434656008279, 0.0 ], [ 52.703548719947712, 27.865070023230871, 0.0 ], [ 52.703723078201179, 27.864581799213219, 0.0 ], [ 52.70398167092857, 27.864241271457342, 0.0 ], [ 52.704054942283193, 27.864004448819919, 0.0 ], [ 52.704290720228123, 27.8633313327934, 0.0 ], [ 52.704100840054977, 27.862691856736902, 0.0 ], [ 52.704422233182129, 27.861052692213299, 0.0 ], [ 52.704387186045047, 27.859717105605512, 0.0 ], [ 52.703986208269271, 27.85892598029233, 0.0 ], [ 52.703354354017627, 27.858452241294739, 0.0 ], [ 52.702759992040278, 27.85829318083178, 0.0 ], [ 52.701461190800842, 27.85842445835431, 0.0 ], [ 52.700587882844772, 27.858369616832711, 0.0 ], [ 52.700247284838653, 27.8578769853812, 0.0 ], [ 52.699549786448642, 27.857261959468161, 0.0 ], [ 52.698924524139919, 27.856592625006389, 0.0 ], [ 52.698338287857602, 27.856741182782269, 0.0 ], [ 52.698028525273422, 27.85653325744612, 0.0 ], [ 52.697485760984257, 27.855560958214749, 0.0 ], [ 52.697206251370048, 27.854851432754639, 0.0 ], [ 52.696462934553949, 27.854222913901641, 0.0 ], [ 52.695898721040962, 27.853670446669241, 0.0 ], [ 52.69503186732431, 27.852454505602719, 0.0 ], [ 52.694235914179707, 27.851697738899901, 0.0 ], [ 52.693626762503897, 27.851242345651428, 0.0 ], [ 52.693052996248028, 27.851189057904062, 0.0 ], [ 52.692149427155442, 27.851550698661519, 0.0 ], [ 52.691573471065581, 27.852020894887669, 0.0 ], [ 52.690718729767198, 27.851822816480912, 0.0 ], [ 52.690543542139586, 27.85109079551971, 0.0 ], [ 52.690611621835643, 27.85045537054279, 0.0 ], [ 52.689735024691167, 27.84940003394496, 0.0 ], [ 52.690846903097913, 27.847542073627039, 0.0 ], [ 52.692111444683867, 27.844952840544739, 0.0 ], [ 52.692601869980493, 27.842994527824359, 0.0 ], [ 52.694039093535302, 27.84068540542707, 0.0 ], [ 52.69318755982431, 27.839549173773779, 0.0 ], [ 52.693442507123542, 27.836980935875189, 0.0 ], [ 52.693882896419652, 27.834662451662339, 0.0 ], [ 52.693955282553581, 27.832982201404612, 0.0 ], [ 52.695383704136638, 27.830946167084232, 0.0 ], [ 52.695869657696747, 27.829745487618499, 0.0 ], [ 52.696838953247813, 27.828595554558159, 0.0 ], [ 52.696694213938322, 27.82723520166779, 0.0 ], [ 52.697370750125387, 27.826634912923961, 0.0 ], [ 52.709890334565927, 27.824392214733521, 0.0 ], [ 52.711433802500082, 27.82397311340408, 0.0 ], [ 52.730447778068182, 27.815613946914951, 0.0 ], [ 52.734338341284897, 27.814288958715078, 0.0 ], [ 52.734959173076362, 27.813870642287501, 0.0 ], [ 52.737411480522937, 27.8130265788446, 0.0 ], [ 52.739657384780628, 27.811630711242771, 0.0 ], [ 52.741700848177643, 27.810134974582489, 0.0 ], [ 52.744552567462442, 27.808682439564421, 0.0 ], [ 52.75464257749725, 27.803819590211909, 0.0 ], [ 52.759731891852752, 27.800501511193239, 0.0 ], [ 52.763362696444247, 27.798414868576671, 0.0 ], [ 52.765698752751327, 27.796856637248581, 0.0 ], [ 52.768262460845193, 27.79517248497158, 0.0 ], [ 52.770222697674363, 27.79429415599655, 0.0 ], [ 52.7713796820372, 27.793760940597121, 0.0 ], [ 52.776046019396667, 27.790752468275208, 0.0 ], [ 52.783638129627597, 27.783281866849219, 0.0 ], [ 52.785681493289523, 27.781477560948449, 0.0 ], [ 52.787357903253607, 27.780607551268069, 0.0 ], [ 52.791413850112299, 27.778886630165928, 0.0 ], [ 52.800508382045521, 27.7746118769128, 0.0 ], [ 52.807816319437833, 27.770836202881611, 0.0 ], [ 52.818857124854233, 27.765070806585399, 0.0 ], [ 52.822090976293261, 27.762998194197639, 0.0 ], [ 52.835697902397641, 27.755897484433628, 0.0 ], [ 52.847316250689367, 27.749886855829828, 0.0 ], [ 52.856065451802372, 27.74575367975763, 0.0 ], [ 52.869138342630222, 27.740133844018469, 0.0 ], [ 52.870365731706677, 27.73963451854733, 0.0 ], [ 52.872114843984527, 27.738819396946479, 0.0 ], [ 52.873606983486582, 27.73819504875749, 0.0 ], [ 52.874065081721163, 27.737857645165061, 0.0 ], [ 52.874635051001931, 27.73748566030703, 0.0 ], [ 52.874761414965313, 27.73778085712318, 0.0 ], [ 52.875033859632893, 27.737953525368159, 0.0 ], [ 52.875165989969517, 27.737883319074861, 0.0 ], [ 52.876624830689828, 27.7380855235117, 0.0 ], [ 52.87800465298713, 27.738573037234129, 0.0 ], [ 52.879069529470158, 27.73943043973161, 0.0 ], [ 52.879201876759012, 27.740680348137179, 0.0 ], [ 52.880541145944157, 27.7417209717742, 0.0 ], [ 52.882037137845202, 27.741805096196909, 0.0 ], [ 52.882896972509307, 27.740980652363469, 0.0 ], [ 52.884219039615459, 27.739933033200771, 0.0 ], [ 52.888261287955309, 27.738708028465521, 0.0 ], [ 52.88996941246107, 27.738545271099259, 0.0 ], [ 52.899858344192992, 27.734113101486809, 0.0 ], [ 52.912161657299457, 27.72936914249302, 0.0 ], [ 52.92944437547844, 27.72500142976768, 0.0 ], [ 52.942580463699059, 27.720819668688549, 0.0 ], [ 52.953881527589871, 27.717038772606251, 0.0 ], [ 52.958479738811249, 27.714447601009759, 0.0 ], [ 52.992750083237759, 27.70171461910375, 0.0 ], [ 53.004229765432839, 27.697736791889611, 0.0 ], [ 53.012479335752218, 27.69484000366624, 0.0 ], [ 53.025979133101892, 27.693961463771331, 0.0 ], [ 53.033640015987359, 27.693321843154809, 0.0 ], [ 53.039231330427, 27.692777588402791, 0.0 ], [ 53.044422031968871, 27.69211656734662, 0.0 ], [ 53.049594151714317, 27.69011448507533, 0.0 ], [ 53.054044340753677, 27.68837286176344, 0.0 ], [ 53.057607185356503, 27.688084568764129, 0.0 ], [ 53.070623783624427, 27.685416235435429, 0.0 ], [ 53.078473906228261, 27.683745172420949, 0.0 ], [ 53.101261634366203, 27.676971852583669, 0.0 ], [ 53.140930485009967, 27.6648693684797, 0.0 ], [ 53.159294800253022, 27.660037023781911, 0.0 ], [ 53.171005973139039, 27.65623789481425, 0.0 ], [ 53.182864987059787, 27.652882047022722, 0.0 ], [ 53.192899968670567, 27.647547854120731, 0.0 ], [ 53.202149407544553, 27.641851069243629, 0.0 ], [ 53.208725451164199, 27.639435657217678, 0.0 ], [ 53.214746477455833, 27.64064910383134, 0.0 ], [ 53.217206669458818, 27.641303970262509, 0.0 ], [ 53.221370532741268, 27.640556041782482, 0.0 ], [ 53.227691677173439, 27.639051022800562, 0.0 ], [ 53.233258283257797, 27.637713846637201, 0.0 ], [ 53.23573066889854, 27.637617965145861, 0.0 ], [ 53.237084615001649, 27.637443605883352, 0.0 ], [ 53.237772525306532, 27.636483838708649, 0.0 ], [ 53.239257564785319, 27.63497712695845, 0.0 ], [ 53.241580462878957, 27.634166600240778, 0.0 ], [ 53.244279951380051, 27.634022088750491, 0.0 ], [ 53.246947196258809, 27.634238724042319, 0.0 ], [ 53.250091999368927, 27.63438401148175, 0.0 ], [ 53.252796847763157, 27.634819139077869, 0.0 ], [ 53.25574434535212, 27.635437808137532, 0.0 ], [ 53.257761467706104, 27.6357672720221, 0.0 ], [ 53.259367824322268, 27.63658575693983, 0.0 ], [ 53.260468009533213, 27.636758178338781, 0.0 ], [ 53.262517077117103, 27.63645151756057, 0.0 ], [ 53.264152221315612, 27.635793306488608, 0.0 ], [ 53.266362554855583, 27.63514403673549, 0.0 ], [ 53.27001719398578, 27.634672734454679, 0.0 ], [ 53.273087883001359, 27.634960584269471, 0.0 ], [ 53.276837588050981, 27.635467853405249, 0.0 ], [ 53.280065782522563, 27.636363411898291, 0.0 ], [ 53.28211508557149, 27.636938552769742, 0.0 ], [ 53.285323166235528, 27.63786464429241, 0.0 ], [ 53.286363380612492, 27.638399957916711, 0.0 ], [ 53.287502212281971, 27.63879312862926, 0.0 ], [ 53.288981412918922, 27.639059019728919, 0.0 ], [ 53.28996120352268, 27.63893164424212, 0.0 ], [ 53.29171315828183, 27.638724205623841, 0.0 ], [ 53.292428114141423, 27.638935475119339, 0.0 ], [ 53.292843448197289, 27.639249804934629, 0.0 ], [ 53.293292675006199, 27.639420725985179, 0.0 ], [ 53.293655972008892, 27.639526422634859, 0.0 ], [ 53.294237888593841, 27.63964608600595, 0.0 ], [ 53.294682667084963, 27.6398477472694, 0.0 ], [ 53.294305969692843, 27.63991904428941, 0.0 ], [ 53.294278245578603, 27.640356438497221, 0.0 ], [ 53.294617735344893, 27.641224331728619, 0.0 ], [ 53.294876754322402, 27.64201480985885, 0.0 ], [ 53.294405440350722, 27.64237800524926, 0.0 ], [ 53.293956250564982, 27.642996411556421, 0.0 ], [ 53.293882041053052, 27.64337039454615, 0.0 ], [ 53.293777406609777, 27.644092227979741, 0.0 ], [ 53.29486092334615, 27.643816585711889, 0.0 ], [ 53.296022257508753, 27.643658547420241, 0.0 ], [ 53.296706836877377, 27.643459924221951, 0.0 ], [ 53.297249482888432, 27.64356245077472, 0.0 ], [ 53.297807475587589, 27.643552078198041, 0.0 ], [ 53.298312264750074, 27.643250800347129, 0.0 ], [ 53.298848927283473, 27.643320228330889, 0.0 ], [ 53.299679101980182, 27.642912534478299, 0.0 ], [ 53.300762624046691, 27.643049698880048, 0.0 ], [ 53.301800834592314, 27.64273420443164, 0.0 ], [ 53.302529849393672, 27.642743194971882, 0.0 ], [ 53.30345497529256, 27.642897834124479, 0.0 ], [ 53.304671492688058, 27.642919391360561, 0.0 ], [ 53.305232201868712, 27.642933294853758, 0.0 ], [ 53.306671997661446, 27.643041027788652, 0.0 ], [ 53.307634306551471, 27.642794276870351, 0.0 ], [ 53.308361097377471, 27.64222225629992, 0.0 ], [ 53.308988099216961, 27.64046198893821, 0.0 ], [ 53.309719219563192, 27.638737317503701, 0.0 ], [ 53.309898214648413, 27.63760668347102, 0.0 ], [ 53.310616774264467, 27.637854817773409, 0.0 ], [ 53.312682195852297, 27.638310019504591, 0.0 ], [ 53.313955259924867, 27.638612978222511, 0.0 ], [ 53.314133815808788, 27.63867494066492, 0.0 ], [ 53.314906481530628, 27.63900046843375, 0.0 ], [ 53.315919513687312, 27.639039983771671, 0.0 ], [ 53.316825807936603, 27.639433842543941, 0.0 ], [ 53.317939530027907, 27.639481536056358, 0.0 ], [ 53.318994767386123, 27.640045927997509, 0.0 ], [ 53.319529798971679, 27.640376508978338, 0.0 ], [ 53.320204447673859, 27.640266179417491, 0.0 ], [ 53.321128941538241, 27.640446540634208, 0.0 ], [ 53.322240914167899, 27.640751135872598, 0.0 ], [ 53.323816388290503, 27.640824449992341, 0.0 ], [ 53.324007136248127, 27.640820672446459, 0.0 ], [ 53.325116880218609, 27.640995980892221, 0.0 ], [ 53.326321536549571, 27.64086232338552, 0.0 ], [ 53.326415366612771, 27.640850062858679, 0.0 ], [ 53.327220450567403, 27.640936138688989, 0.0 ], [ 53.328159567949818, 27.641091764656419, 0.0 ], [ 53.328648551595109, 27.641136442134819, 0.0 ], [ 53.329290539644269, 27.641097460611931, 0.0 ], [ 53.329974945490953, 27.64147340560287, 0.0 ], [ 53.330680873841963, 27.641679590814292, 0.0 ], [ 53.331646092611507, 27.641576903217381, 0.0 ], [ 53.332358583403121, 27.64169781925041, 0.0 ], [ 53.33302185751463, 27.641973045708671, 0.0 ], [ 53.333942417339998, 27.642065505398939, 0.0 ], [ 53.334837387140873, 27.642118582963281, 0.0 ], [ 53.335187130910263, 27.642792710775769, 0.0 ], [ 53.33571774010376, 27.643549032269291, 0.0 ], [ 53.336287532830603, 27.644109673069469, 0.0 ], [ 53.336845065889797, 27.644331720495241, 0.0 ], [ 53.33713852406192, 27.645415480857132, 0.0 ], [ 53.338308010639743, 27.645997230515778, 0.0 ], [ 53.34116703273353, 27.648074168584792, 0.0 ], [ 53.344749470794973, 27.65060909207946, 0.0 ], [ 53.348258426548533, 27.652737688163889, 0.0 ], [ 53.358045224856582, 27.662359779692359, 0.0 ], [ 53.358739155992168, 27.663503876673762, 0.0 ], [ 53.35928619635898, 27.66444472802155, 0.0 ], [ 53.36090971388883, 27.66606454205921, 0.0 ], [ 53.361714160421137, 27.6667149247167, 0.0 ], [ 53.363189389304232, 27.669185998667199, 0.0 ], [ 53.363582437221517, 27.670497880281541, 0.0 ], [ 53.363838699752641, 27.671773222361161, 0.0 ], [ 53.364079493410053, 27.673448604200939, 0.0 ], [ 53.363988962763912, 27.675077927610129, 0.0 ], [ 53.363531951390613, 27.677481615764009, 0.0 ], [ 53.363002149959442, 27.680004838769189, 0.0 ], [ 53.361835978238211, 27.683053256940401, 0.0 ], [ 53.357926367423481, 27.687550301157451, 0.0 ], [ 53.353556408391128, 27.69164915824571, 0.0 ], [ 53.350692284172013, 27.694698151015299, 0.0 ], [ 53.349369936675323, 27.697142481520661, 0.0 ], [ 53.348729987472083, 27.698581410225088, 0.0 ], [ 53.347665360620653, 27.701188955038042, 0.0 ], [ 53.345841156243452, 27.702558586679181, 0.0 ], [ 53.343285174795639, 27.70380571823317, 0.0 ], [ 53.338094598963451, 27.70594421697713, 0.0 ], [ 53.335878363902218, 27.706862123356359, 0.0 ], [ 53.333595611451962, 27.707878502531582, 0.0 ], [ 53.331235605920632, 27.709050320306631, 0.0 ], [ 53.328028790526567, 27.710237343129709, 0.0 ], [ 53.323479821558813, 27.712518383913409, 0.0 ], [ 53.318401221032182, 27.71457838723169, 0.0 ], [ 53.312348359556736, 27.717249713679699, 0.0 ], [ 53.30918429889023, 27.718148585711191, 0.0 ], [ 53.305472297671713, 27.718697817165499, 0.0 ], [ 53.302521871480657, 27.72012146414405, 0.0 ], [ 53.299552810789763, 27.722175961687139, 0.0 ], [ 53.295391428876698, 27.724110516115388, 0.0 ], [ 53.292499829601482, 27.72566891976324, 0.0 ], [ 53.291183155230463, 27.72700987441803, 0.0 ], [ 53.290167608162299, 27.72829946637318, 0.0 ], [ 53.288435377418459, 27.730090753671551, 0.0 ], [ 53.286675491677798, 27.73210855625225, 0.0 ], [ 53.28179324789734, 27.735030778432691, 0.0 ], [ 53.279630538964639, 27.735925130306288, 0.0 ], [ 53.277684673398092, 27.737359155039879, 0.0 ], [ 53.27495815567805, 27.73868900448976, 0.0 ], [ 53.272956288318923, 27.739920047229148, 0.0 ], [ 53.269673448819333, 27.7433863227795, 0.0 ], [ 53.268485281230369, 27.746203714975159, 0.0 ], [ 53.268575896144583, 27.747735461987912, 0.0 ], [ 53.268687937766437, 27.75047824309371, 0.0 ], [ 53.268739780606822, 27.752924741584579, 0.0 ], [ 53.268803402879868, 27.75432215267606, 0.0 ], [ 53.269145084498312, 27.754512790769098, 0.0 ], [ 53.270165938810877, 27.755557288119672, 0.0 ], [ 53.271668299479501, 27.755868286923938, 0.0 ], [ 53.274882992138572, 27.756990726452379, 0.0 ], [ 53.276581890110677, 27.75787035717908, 0.0 ], [ 53.280103083326637, 27.759812724473282, 0.0 ], [ 53.281164796981997, 27.760387370639609, 0.0 ], [ 53.281996892409758, 27.7612791372086, 0.0 ], [ 53.281687928569532, 27.7623494281703, 0.0 ], [ 53.280765501980333, 27.76377928233665, 0.0 ], [ 53.278717698431322, 27.765408008154459, 0.0 ], [ 53.277186135237727, 27.7663185794115, 0.0 ], [ 53.275433636303198, 27.767400784989452, 0.0 ], [ 53.27386130907734, 27.767572895344021, 0.0 ], [ 53.271555250663347, 27.768196117992471, 0.0 ], [ 53.259713054942956, 27.773725732156819, 0.0 ], [ 53.259396731342449, 27.774056011033029, 0.0 ], [ 53.258991894892247, 27.774609523850849, 0.0 ], [ 53.258592283957633, 27.775099146142921, 0.0 ], [ 53.257722466619192, 27.775310898439379, 0.0 ], [ 53.256979714730242, 27.775531780621961, 0.0 ], [ 53.256067513644084, 27.7758500313405, 0.0 ], [ 53.255118431630549, 27.776035155587628, 0.0 ], [ 53.254841577393009, 27.77642255780798, 0.0 ], [ 53.254516637093793, 27.776866543544148, 0.0 ], [ 53.253874301489716, 27.777478944164489, 0.0 ], [ 53.252875168337141, 27.777531641986791, 0.0 ], [ 53.25215868196991, 27.777613872385128, 0.0 ], [ 53.251378223901618, 27.777723945383759, 0.0 ], [ 53.250619701140131, 27.77786213433664, 0.0 ], [ 53.249887250414353, 27.77782199203104, 0.0 ], [ 53.249225682487861, 27.777936075958308, 0.0 ], [ 53.247767698171103, 27.778199433394239, 0.0 ], [ 53.246157799128909, 27.778490850308199, 0.0 ], [ 53.245587774955887, 27.778599434821629, 0.0 ], [ 53.245110942098293, 27.77848617504495, 0.0 ], [ 53.24392159334792, 27.778366817484311, 0.0 ], [ 53.243122405343428, 27.778567277646101, 0.0 ], [ 53.242045803664737, 27.77880392410761, 0.0 ], [ 53.241409758439971, 27.779192966027889, 0.0 ], [ 53.240446418737562, 27.779618502046429, 0.0 ], [ 53.239460056341599, 27.779817609613421, 0.0 ], [ 53.238346251952763, 27.78044654198149, 0.0 ], [ 53.236721867411248, 27.781378343016101, 0.0 ], [ 53.234963210816062, 27.782282138634852, 0.0 ], [ 53.233792005637262, 27.782731270285481, 0.0 ], [ 53.231355076459401, 27.783343817806738, 0.0 ], [ 53.228463159298258, 27.784042235393791, 0.0 ], [ 53.227414466138349, 27.78434758492493, 0.0 ], [ 53.226375407942697, 27.784617449050771, 0.0 ], [ 53.226072172997682, 27.785218349813519, 0.0 ], [ 53.225407054708867, 27.7855941011757, 0.0 ], [ 53.22454987640225, 27.785842250663858, 0.0 ], [ 53.222798112299323, 27.785949571695969, 0.0 ], [ 53.221588639400437, 27.785894224922519, 0.0 ], [ 53.221437821255947, 27.7859128445, 0.0 ], [ 53.220297362502443, 27.78598584603446, 0.0 ], [ 53.219613913537017, 27.785712310539999, 0.0 ], [ 53.219286814404072, 27.785121258879109, 0.0 ], [ 53.219405935807053, 27.784449639357629, 0.0 ], [ 53.219714003119194, 27.78368655296703, 0.0 ], [ 53.219149906458291, 27.78258493822085, 0.0 ], [ 53.218672462694691, 27.781698501980561, 0.0 ], [ 53.21809048390157, 27.781165720060979, 0.0 ], [ 53.216798510211461, 27.78106008469948, 0.0 ], [ 53.215503824595388, 27.780633130735179, 0.0 ], [ 53.214458477246502, 27.780534588823031, 0.0 ], [ 53.213984219441564, 27.78059576880807, 0.0 ], [ 53.21299275876963, 27.780359156784769, 0.0 ], [ 53.212142601863718, 27.78031403648535, 0.0 ], [ 53.210918377489648, 27.78009782574021, 0.0 ], [ 53.210442259511119, 27.78014337070621, 0.0 ], [ 53.20913884823733, 27.78003182239042, 0.0 ], [ 53.208458809616403, 27.780202739944329, 0.0 ], [ 53.207696270350901, 27.779985106135442, 0.0 ], [ 53.206671342404071, 27.779754015221229, 0.0 ], [ 53.206540910073258, 27.779754495052131, 0.0 ], [ 53.205545798657432, 27.779719166645609, 0.0 ], [ 53.204092572315801, 27.77945869805043, 0.0 ], [ 53.203424204790238, 27.779380984472741, 0.0 ], [ 53.202421482636453, 27.779329767274739, 0.0 ], [ 53.201576873597858, 27.779422103881899, 0.0 ], [ 53.200902824325382, 27.778947481159982, 0.0 ], [ 53.200246998415402, 27.778124171171029, 0.0 ], [ 53.199865658802914, 27.77771162350372, 0.0 ], [ 53.199471050691692, 27.777318030116358, 0.0 ], [ 53.199177437133621, 27.77747801912512, 0.0 ], [ 53.198569434156582, 27.777544708373121, 0.0 ], [ 53.197929108905711, 27.77726851095035, 0.0 ], [ 53.197483243875261, 27.777064753143531, 0.0 ], [ 53.196708456667828, 27.776736228817182, 0.0 ], [ 53.196310885910151, 27.776039262445771, 0.0 ], [ 53.195553446638328, 27.77560243577129, 0.0 ], [ 53.19469606743705, 27.775722238327852, 0.0 ], [ 53.193572990206683, 27.77596686582967, 0.0 ], [ 53.192626539463383, 27.77606923083146, 0.0 ], [ 53.192113577374059, 27.775915606745212, 0.0 ], [ 53.191737679578367, 27.776005243770971, 0.0 ], [ 53.191379548634472, 27.776192987525992, 0.0 ], [ 53.191490380034281, 27.776723937819479, 0.0 ], [ 53.191236726753182, 27.77714114686659, 0.0 ], [ 53.1911472392501, 27.777435654714861, 0.0 ], [ 53.190773716740253, 27.777806972055821, 0.0 ], [ 53.190014671660592, 27.777642475789492, 0.0 ], [ 53.189110416819538, 27.77717589675672, 0.0 ], [ 53.187920390140661, 27.776909331572352, 0.0 ], [ 53.187158811623291, 27.776780235427498, 0.0 ], [ 53.185404583362683, 27.777652935804699, 0.0 ], [ 53.184342435435497, 27.77832017685499, 0.0 ], [ 53.18270764541635, 27.779287487104089, 0.0 ], [ 53.179838078898833, 27.780540187795911, 0.0 ], [ 53.177502549635882, 27.78127048789079, 0.0 ], [ 53.175741454626852, 27.781699559148439, 0.0 ], [ 53.174971396453309, 27.781722272070539, 0.0 ], [ 53.174188496464112, 27.781670359489379, 0.0 ], [ 53.173925180076047, 27.781896821258719, 0.0 ], [ 53.172690382546392, 27.782368673506198, 0.0 ], [ 53.170086787312343, 27.783298683742419, 0.0 ], [ 53.168673257315326, 27.783542723075598, 0.0 ], [ 53.166960007148518, 27.78351121010844, 0.0 ], [ 53.167786713848287, 27.784817026512091, 0.0 ], [ 53.168725463161742, 27.78718161390082, 0.0 ], [ 53.169581774789819, 27.788955018590158, 0.0 ], [ 53.169648548761302, 27.789546226529328, 0.0 ], [ 53.164414699617822, 27.789490787739609, 0.0 ], [ 53.15995490811072, 27.789102424613869, 0.0 ], [ 53.15659295447675, 27.788009568483361, 0.0 ], [ 53.153091409341627, 27.78722108586112, 0.0 ], [ 53.148335569675552, 27.78693000182621, 0.0 ], [ 53.143552350730033, 27.786867588085631, 0.0 ], [ 53.139147063677918, 27.78636238094591, 0.0 ], [ 53.136616163785057, 27.786139505917919, 0.0 ], [ 53.132145366299042, 27.785794511398681, 0.0 ], [ 53.127908143448927, 27.785753068286901, 0.0 ], [ 53.124202037262421, 27.786147083211631, 0.0 ], [ 53.11909151171124, 27.78664452214068, 0.0 ], [ 53.112196356043022, 27.786177547699442, 0.0 ], [ 53.089607702006148, 27.782613824757171, 0.0 ], [ 53.084125972563392, 27.781533213583671, 0.0 ], [ 53.079974520294748, 27.781905980168869, 0.0 ], [ 53.075126685284843, 27.781869895043592, 0.0 ], [ 53.069634102814518, 27.781259421378479, 0.0 ], [ 53.064917396024299, 27.7801323653933, 0.0 ], [ 53.063694533733951, 27.780157882783829, 0.0 ], [ 53.060255942346402, 27.78051761775048, 0.0 ], [ 53.054479670524223, 27.781188611911709, 0.0 ], [ 53.052680744571788, 27.781445430741119, 0.0 ], [ 53.050463777920612, 27.781595808509959, 0.0 ], [ 53.049824363512307, 27.78181358519176, 0.0 ], [ 53.048868378982597, 27.78253223809843, 0.0 ], [ 53.047351016106418, 27.783564586137761, 0.0 ], [ 53.048135835795698, 27.785222761548141, 0.0 ], [ 53.049873745948489, 27.787803900927731, 0.0 ], [ 53.050862480010991, 27.789543310478081, 0.0 ], [ 53.053122675550682, 27.791976178798731, 0.0 ], [ 53.054303938529031, 27.79338092265068, 0.0 ], [ 53.060311293999021, 27.798772981294071, 0.0 ], [ 53.065016257488082, 27.802696974547921, 0.0 ], [ 53.06705531489272, 27.804687873789629, 0.0 ], [ 53.067437145213319, 27.805666448452371, 0.0 ], [ 53.067878206548372, 27.807714517385691, 0.0 ], [ 53.068558015493949, 27.809877240015641, 0.0 ], [ 53.070089293219013, 27.812128017911181, 0.0 ], [ 53.071399455868857, 27.813721521464728, 0.0 ], [ 53.073460799507323, 27.81740921195642, 0.0 ], [ 53.075180869325337, 27.81834519816864, 0.0 ], [ 53.076088476258313, 27.818613596691652, 0.0 ], [ 53.076746420721662, 27.818996450502819, 0.0 ], [ 53.076906308888532, 27.819647112648578, 0.0 ], [ 53.07800008886052, 27.82068521585682, 0.0 ], [ 53.07870691163491, 27.821697014679859, 0.0 ], [ 53.079201400613513, 27.823196190065929, 0.0 ], [ 53.080351683869452, 27.8265055849856, 0.0 ], [ 53.081842534456342, 27.830282684236959, 0.0 ], [ 53.082861839012423, 27.833039565720149, 0.0 ], [ 53.083579372018882, 27.834846750858759, 0.0 ], [ 53.083912912972423, 27.83595659163085, 0.0 ], [ 53.084504415711372, 27.83887017125393, 0.0 ], [ 53.085026812791362, 27.840147069268969, 0.0 ], [ 53.085498472681543, 27.842403327798941, 0.0 ], [ 53.086233236378867, 27.845967006129339, 0.0 ], [ 53.086821476521152, 27.847940982658489, 0.0 ], [ 53.087754303636807, 27.850591910749369, 0.0 ], [ 53.088959812802223, 27.85305547031804, 0.0 ], [ 53.091169385599997, 27.856050900214719, 0.0 ], [ 53.092372184125772, 27.857339294521442, 0.0 ], [ 53.093004041544283, 27.859434662474708, 0.0 ], [ 53.0932944241044, 27.861168374169839, 0.0 ], [ 53.092897130716374, 27.8628064825716, 0.0 ], [ 53.091731540137907, 27.86560706774053, 0.0 ], [ 53.091129135594457, 27.866463722359889, 0.0 ], [ 53.088068331152492, 27.867785626296961, 0.0 ], [ 53.085659690200202, 27.868337481218891, 0.0 ], [ 53.082692252814219, 27.86902971861273, 0.0 ], [ 53.079334163820661, 27.870043679191149, 0.0 ], [ 53.074028041804887, 27.87143527375218, 0.0 ], [ 53.072448388451022, 27.871754386181621, 0.0 ], [ 53.066508353090867, 27.872869699659031, 0.0 ], [ 53.064839879854503, 27.87305871686851, 0.0 ], [ 53.062890995209429, 27.873673951941679, 0.0 ], [ 53.060246723492398, 27.8743042594079, 0.0 ], [ 53.057170099398391, 27.874893207994798, 0.0 ], [ 53.054731904627467, 27.875473379826179, 0.0 ], [ 53.052599800552819, 27.875892579938679, 0.0 ], [ 53.051143689601012, 27.8762927129562, 0.0 ], [ 53.047281660734022, 27.87717091313074, 0.0 ], [ 53.043385970914237, 27.877836952835171, 0.0 ], [ 53.040699959148803, 27.87833504682526, 0.0 ], [ 53.035614656954863, 27.878888437318938, 0.0 ], [ 53.032446144925352, 27.879947492821991, 0.0 ], [ 53.029499428261353, 27.880728604959479, 0.0 ], [ 53.02883281591243, 27.881407382934871, 0.0 ], [ 53.028249570175483, 27.88195045268224, 0.0 ], [ 53.028178432351091, 27.883243517302098, 0.0 ], [ 53.027644556976817, 27.884748354736121, 0.0 ], [ 53.02697400390911, 27.88671443023776, 0.0 ], [ 53.026118602120953, 27.888414973312798, 0.0 ], [ 53.025659783897247, 27.890165032647332, 0.0 ], [ 53.024907273663203, 27.891913264045129, 0.0 ], [ 53.024754926467551, 27.893974663439678, 0.0 ], [ 53.024311399205033, 27.896390703476509, 0.0 ], [ 53.02382146235658, 27.898713917352872, 0.0 ], [ 53.021718265813732, 27.899946962213281, 0.0 ], [ 53.018660982485237, 27.90167783455605, 0.0 ], [ 53.01383862603587, 27.903528805806051, 0.0 ], [ 53.009058360580283, 27.905007272548961, 0.0 ], [ 53.004294700910833, 27.906050014968169, 0.0 ], [ 53.00322752007353, 27.906578491723689, 0.0 ], [ 53.000603755532659, 27.90793588722325, 0.0 ], [ 52.997892040840952, 27.909663406450679, 0.0 ], [ 52.996435259860739, 27.911154661891409, 0.0 ], [ 52.994317571017064, 27.913346017490952, 0.0 ], [ 52.993475538424732, 27.91462019416684, 0.0 ], [ 52.993625846309143, 27.915526721235729, 0.0 ], [ 52.993280880026362, 27.91683338406774, 0.0 ], [ 52.989200791654682, 27.918114303485201, 0.0 ], [ 52.985759857751432, 27.919328898437929, 0.0 ], [ 52.978587300715837, 27.92143086376193, 0.0 ], [ 52.972357711501893, 27.92314634492022, 0.0 ], [ 52.970179570469547, 27.923697245636632, 0.0 ], [ 52.967714917367097, 27.924086189380279, 0.0 ], [ 52.963061124936317, 27.925107215708561, 0.0 ], [ 52.961472313934237, 27.925597448393169, 0.0 ], [ 52.957446661250913, 27.926973548979529, 0.0 ], [ 52.956837248058477, 27.927050773863261, 0.0 ], [ 52.955497809871879, 27.926874385114051, 0.0 ], [ 52.953578508651077, 27.92674394676369, 0.0 ], [ 52.951655785178808, 27.926763438435572, 0.0 ], [ 52.95106412921443, 27.926723912254481, 0.0 ], [ 52.949579745995408, 27.927048521121741, 0.0 ], [ 52.949139333323593, 27.92753612482991, 0.0 ], [ 52.949368374063489, 27.92827941530804, 0.0 ], [ 52.949420759811588, 27.928798167166271, 0.0 ], [ 52.949155731911837, 27.929079061867689, 0.0 ], [ 52.949118395463231, 27.929888309155348, 0.0 ], [ 52.949348929027749, 27.93075921433784, 0.0 ], [ 52.95021822762665, 27.9311148775741, 0.0 ], [ 52.950062084796777, 27.93154155722279, 0.0 ], [ 52.948815016524939, 27.932142037857329, 0.0 ], [ 52.938790435467283, 27.935226130607042, 0.0 ], [ 52.936702216692943, 27.93584092957661, 0.0 ], [ 52.934355298327617, 27.93681051162925, 0.0 ], [ 52.930808481194667, 27.938499433824191, 0.0 ], [ 52.928574650098483, 27.93951537538419, 0.0 ], [ 52.926801587537632, 27.939863749640711, 0.0 ], [ 52.925251369878708, 27.940388808494149, 0.0 ], [ 52.923209127796227, 27.941425079515419, 0.0 ], [ 52.91921010655004, 27.943408667647091, 0.0 ], [ 52.917779797869301, 27.94400065313636, 0.0 ], [ 52.916456305026102, 27.94466260746243, 0.0 ], [ 52.915356135026236, 27.945048785658731, 0.0 ], [ 52.914590497446113, 27.94522729154145, 0.0 ], [ 52.913087593672678, 27.946033250153061, 0.0 ], [ 52.912329895153107, 27.945963826188841, 0.0 ], [ 52.910904736179802, 27.946062384530531, 0.0 ], [ 52.909384092432951, 27.946753071392909, 0.0 ], [ 52.90874057787947, 27.947368670983931, 0.0 ], [ 52.907329414737653, 27.94869813857531, 0.0 ], [ 52.905401911579929, 27.949883580154889, 0.0 ], [ 52.904198028309096, 27.9502844445562, 0.0 ], [ 52.901964964546828, 27.950980741615648, 0.0 ], [ 52.901646989709171, 27.951645490834562, 0.0 ], [ 52.896546158652363, 27.954883179650491, 0.0 ], [ 52.889398270224483, 27.95842118253907, 0.0 ], [ 52.881486861020008, 27.962503228500719, 0.0 ], [ 52.86471008157222, 27.969991779147549, 0.0 ], [ 52.860568683487152, 27.971101284264851, 0.0 ], [ 52.858700861492082, 27.973769150741141, 0.0 ], [ 52.856515325679467, 27.979144724362701, 0.0 ], [ 52.853638190828107, 27.982469955112251, 0.0 ], [ 52.849754435179349, 27.986399711227168, 0.0 ], [ 52.846992764451407, 27.989344674100849, 0.0 ], [ 52.843720399103191, 27.991245342296441, 0.0 ], [ 52.830665519837297, 27.996513523883291, 0.0 ], [ 52.826951279181984, 27.997938350681679, 0.0 ], [ 52.822696976028702, 27.999811206851181, 0.0 ], [ 52.820607173917743, 28.000700515400752, 0.0 ], [ 52.818799865932668, 28.001186235232058, 0.0 ], [ 52.810197199358171, 28.000342790973271, 0.0 ], [ 52.808036940010922, 28.000370914233311, 0.0 ], [ 52.805909762719651, 27.999949798557981, 0.0 ], [ 52.797823350885551, 27.998459491820721, 0.0 ], [ 52.788676196428803, 27.997052781056809, 0.0 ], [ 52.786167564651556, 27.99678248548404, 0.0 ], [ 52.782813550791197, 27.99742564194829, 0.0 ], [ 52.781559624421618, 27.998032139831999, 0.0 ], [ 52.777866180236089, 27.99930554725195, 0.0 ], [ 52.775361766857444, 28.00009362993503, 0.0 ], [ 52.773517868483822, 28.000461498883968, 0.0 ], [ 52.77238325621552, 28.00049178369763, 0.0 ], [ 52.771689402490047, 28.000127341136022, 0.0 ], [ 52.770101087371927, 27.999685579045789, 0.0 ], [ 52.768086622797107, 27.99934717398553, 0.0 ], [ 52.766578334356957, 27.999369263085121, 0.0 ], [ 52.765353236561232, 28.000583046716692, 0.0 ], [ 52.764220809715823, 28.001590194510651, 0.0 ], [ 52.76244120075286, 28.002119728147349, 0.0 ], [ 52.760331120446217, 28.002477186101672, 0.0 ], [ 52.759022986740781, 28.002392670476169, 0.0 ], [ 52.756366945288129, 28.002442418752828, 0.0 ], [ 52.753787848842478, 28.003074864412952, 0.0 ], [ 52.751811455060967, 28.00382769438523, 0.0 ], [ 52.750350769178112, 28.003302601198019, 0.0 ], [ 52.748774197356902, 28.00213625359476, 0.0 ], [ 52.748209186232224, 28.001301835740911, 0.0 ], [ 52.747641113067587, 27.999814428047781, 0.0 ], [ 52.747147003659919, 27.997915636578639, 0.0 ], [ 52.746204294681682, 27.997273440534219, 0.0 ], [ 52.744908783869008, 27.996934734297881, 0.0 ], [ 52.742485159349407, 27.99708325144638, 0.0 ], [ 52.738429794925302, 27.997497240841142, 0.0 ], [ 52.736421609051433, 27.997702832843171, 0.0 ], [ 52.734094290658987, 27.997407744565191, 0.0 ], [ 52.730862731005679, 27.99559198970281, 0.0 ], [ 52.72445141363599, 27.99114650234965, 0.0 ], [ 52.722571668755563, 27.99086932433163, 0.0 ], [ 52.719828973130667, 27.992450411725439, 0.0 ], [ 52.716566895955012, 27.99455665575363, 0.0 ], [ 52.707481800413973, 28.000705963807711, 0.0 ], [ 52.698597066463222, 28.006558772618639, 0.0 ], [ 52.690782736018662, 28.010733412349499, 0.0 ], [ 52.685019958096561, 28.014177731330449, 0.0 ], [ 52.67678900825446, 28.01927918577552, 0.0 ], [ 52.674145602088501, 28.02068237665533, 0.0 ], [ 52.659841849070347, 28.023423133878911, 0.0 ], [ 52.653052850520098, 28.024792091471909, 0.0 ], [ 52.651451408462137, 28.02486211629833, 0.0 ], [ 52.647846398903063, 28.024739741326052, 0.0 ], [ 52.645264381617132, 28.025279739580359, 0.0 ], [ 52.640278400745352, 28.027259647410691, 0.0 ], [ 52.632983396340478, 28.028795010948361, 0.0 ], [ 52.629719247098983, 28.02902973097277, 0.0 ], [ 52.626524196767953, 28.02693415751877, 0.0 ], [ 52.624697523849584, 28.02580972065012, 0.0 ], [ 52.624349848218579, 28.024809528480951, 0.0 ], [ 52.619449638642671, 28.02158251955855, 0.0 ], [ 52.616889553760267, 28.02229505396782, 0.0 ], [ 52.612083157985083, 28.023220821543859, 0.0 ] ] ] } },
{ "type": "Feature", "properties": { "Name": "منطقه شکار ممنوع بصيران", "description": null, "timestamp": null, "begin": null, "end": null, "altitudeMode": null, "tessellate": -1, "extrude": 0, "visibility": -1, "drawOrder": null, "icon": null }, "geometry": { "type": "Polygon", "coordinates": [ [ [ 53.038959949744118, 30.896053580443731, 0.0 ], [ 53.032869829989622, 30.898955650024739, 0.0 ], [ 53.022020120061612, 30.902997660812652, 0.0 ], [ 53.014090420251151, 30.90641328063483, 0.0 ], [ 53.009174269944069, 30.908514460420829, 0.0 ], [ 53.003844726875244, 30.91000992294013, 0.0 ], [ 52.997271550038647, 30.914942709969409, 0.0 ], [ 52.993179839491582, 30.919106080135951, 0.0 ], [ 52.981735860228682, 30.928865800394551, 0.0 ], [ 52.973213389772773, 30.936087400095271, 0.0 ], [ 52.968270779854777, 30.940907913343761, 0.0 ], [ 52.959285937638953, 30.946473797566281, 0.0 ], [ 52.949848670138039, 30.956047730754349, 0.0 ], [ 52.937665239410158, 30.96528023021278, 0.0 ], [ 52.923582800090692, 30.970461000849951, 0.0 ], [ 52.917209709328489, 30.973011020164542, 0.0 ], [ 52.913619649921102, 30.975481000238361, 0.0 ], [ 52.908699121324361, 30.977663308628038, 0.0 ], [ 52.906731320029088, 30.98005626017104, 0.0 ], [ 52.9003234474485, 30.96004895868737, 0.0 ], [ 52.899387429697072, 30.955640200322669, 0.0 ], [ 52.898881079895112, 30.953938500144702, 0.0 ], [ 52.897464926452507, 30.951771843342289, 0.0 ], [ 52.897279549801802, 30.950770900381411, 0.0 ], [ 52.895449109329768, 30.949916780860779, 0.0 ], [ 52.894793309937619, 30.949858700398298, 0.0 ], [ 52.8926073901767, 30.948888990638849, 0.0 ], [ 52.890314439588302, 30.946703750662522, 0.0 ], [ 52.889037209969629, 30.946071590067049, 0.0 ], [ 52.88885422944098, 30.944814300767579, 0.0 ], [ 52.890197599749463, 30.943401280828361, 0.0 ], [ 52.890925729674848, 30.942143070685649, 0.0 ], [ 52.891511959334181, 30.940252450652881, 0.0 ], [ 52.891809940246837, 30.93834129048971, 0.0 ], [ 52.891209379849187, 30.93722256040434, 0.0 ], [ 52.890372949424282, 30.936065440387221, 0.0 ], [ 52.889289329529099, 30.934353770347791, 0.0 ], [ 52.888326089374061, 30.932334480800218, 0.0 ], [ 52.887777160137837, 30.930841920558699, 0.0 ], [ 52.885992559678627, 30.92841829026181, 0.0 ], [ 52.884280229273642, 30.92571218998139, 0.0 ], [ 52.8836760601802, 30.924415260107811, 0.0 ], [ 52.882884390275727, 30.923053370313479, 0.0 ], [ 52.88183731999893, 30.921478580779581, 0.0 ], [ 52.880650690266492, 30.91877625004475, 0.0 ], [ 52.878350529248117, 30.916471230416949, 0.0 ], [ 52.876981599777537, 30.914915970669838, 0.0 ], [ 52.875733279595842, 30.913568910233039, 0.0 ], [ 52.875553489531441, 30.912173740248061, 0.0 ], [ 52.871645930086864, 30.90713027039747, 0.0 ], [ 52.869556240221627, 30.90465501066673, 0.0 ], [ 52.866892049316952, 30.901385060008241, 0.0 ], [ 52.865051300035148, 30.899078190205699, 0.0 ], [ 52.864070030143083, 30.897909250482719, 0.0 ], [ 52.863348770066423, 30.896889430366329, 0.0 ], [ 52.862240429529471, 30.895649660636369, 0.0 ], [ 52.861445989534772, 30.895272060793818, 0.0 ], [ 52.859109029427771, 30.898150650363011, 0.0 ], [ 52.858556330252227, 30.899351110731679, 0.0 ], [ 52.857404319298112, 30.89910954043863, 0.0 ], [ 52.856697309269592, 30.898022830042599, 0.0 ], [ 52.856177210216487, 30.896983390175659, 0.0 ], [ 52.855447990045242, 30.893953500510019, 0.0 ], [ 52.854951859872664, 30.893000390756381, 0.0 ], [ 52.8529328295281, 30.89228290009537, 0.0 ], [ 52.851847209652497, 30.892257250368271, 0.0 ], [ 52.850643480163939, 30.891122930248279, 0.0 ], [ 52.849331129286647, 30.889401200305461, 0.0 ], [ 52.848103683390534, 30.888760467822511, 0.0 ], [ 52.847533789632337, 30.887551150172811, 0.0 ], [ 52.847046890008492, 30.886914960715622, 0.0 ], [ 52.846875980257849, 30.886456980172088, 0.0 ], [ 52.844526449840671, 30.890203269975139, 0.0 ], [ 52.842093690052891, 30.893979650374849, 0.0 ], [ 52.840344296008674, 30.897050904368459, 0.0 ], [ 52.8384324692992, 30.89842977072491, 0.0 ], [ 52.836765201325399, 30.89915807829524, 0.0 ], [ 52.835061439553371, 30.89971320999177, 0.0 ], [ 52.833622622248882, 30.899775318963659, 0.0 ], [ 52.832551389919033, 30.90028116078129, 0.0 ], [ 52.830761019839173, 30.900894970277921, 0.0 ], [ 52.827427620001053, 30.902726840810828, 0.0 ], [ 52.824606019466032, 30.903441480104291, 0.0 ], [ 52.820697869430518, 30.904070870051811, 0.0 ], [ 52.817093399827733, 30.904385110687318, 0.0 ], [ 52.81565707951971, 30.904128460464332, 0.0 ], [ 52.813407209363902, 30.903638120158892, 0.0 ], [ 52.81120595988564, 30.903510460758682, 0.0 ], [ 52.807344500173897, 30.903206870260181, 0.0 ], [ 52.802744724890587, 30.90396178044114, 0.0 ], [ 52.796700149273427, 30.906554850598859, 0.0 ], [ 52.794113659802591, 30.90678744998041, 0.0 ], [ 52.789226090185359, 30.90621287069866, 0.0 ], [ 52.7849661600291, 30.905951100081481, 0.0 ], [ 52.782153779335367, 30.905994440878668, 0.0 ], [ 52.775955545916531, 30.90604111978201, 0.0 ], [ 52.77146693017707, 30.90557291030207, 0.0 ], [ 52.766353969680573, 30.905673410796108, 0.0 ], [ 52.754711590153242, 30.905969120351759, 0.0 ], [ 52.75206441964221, 30.905910120640399, 0.0 ], [ 52.751175019433127, 30.90511618016312, 0.0 ], [ 52.748291209671059, 30.903657832328509, 0.0 ], [ 52.74729536964098, 30.900805870817109, 0.0 ], [ 52.745961389624533, 30.899321350480982, 0.0 ], [ 52.74555921944809, 30.89851560017166, 0.0 ], [ 52.74693343925604, 30.896186690332961, 0.0 ], [ 52.748268840281717, 30.894958990848171, 0.0 ], [ 52.74989770006421, 30.893573210192859, 0.0 ], [ 52.750771260094012, 30.89203211020779, 0.0 ], [ 52.748969570021153, 30.890865440046721, 0.0 ], [ 52.746353749785769, 30.889137510729132, 0.0 ], [ 52.745423917149601, 30.888449577471409, 0.0 ], [ 52.744761939860737, 30.885598920328711, 0.0 ], [ 52.742919339651493, 30.884185560630751, 0.0 ], [ 52.740625549830838, 30.884221610637969, 0.0 ], [ 52.737425589741378, 30.883511490016499, 0.0 ], [ 52.736123720110918, 30.8837315208206, 0.0 ], [ 52.73332675988393, 30.884086320442879, 0.0 ], [ 52.729961339903547, 30.884414470080511, 0.0 ], [ 52.728055209366232, 30.88436645086362, 0.0 ], [ 52.725591439246386, 30.884514720285281, 0.0 ], [ 52.721598970157743, 30.88458790077355, 0.0 ], [ 52.719655370053957, 30.884191260536699, 0.0 ], [ 52.716546689640673, 30.883472260078651, 0.0 ], [ 52.718107739907722, 30.881147460117109, 0.0 ], [ 52.718794719692582, 30.87880882077129, 0.0 ], [ 52.717813949335529, 30.876440010040842, 0.0 ], [ 52.717169049542079, 30.873586400704689, 0.0 ], [ 52.717059079842024, 30.869765920436429, 0.0 ], [ 52.71875129930973, 30.866603940831681, 0.0 ], [ 52.721484299293849, 30.863737070119971, 0.0 ], [ 52.723542819796151, 30.860380120791611, 0.0 ], [ 52.725989999518447, 30.855235640006129, 0.0 ], [ 52.724541520168032, 30.85163444039393, 0.0 ], [ 52.724063669674337, 30.844669420828001, 0.0 ], [ 52.723865349551929, 30.843377180530592, 0.0 ], [ 52.719529059685513, 30.84151254078386, 0.0 ], [ 52.717402650049102, 30.841100990870199, 0.0 ], [ 52.71483677924423, 30.839866080218819, 0.0 ], [ 52.698242790037789, 30.831174130514949, 0.0 ], [ 52.699378369333097, 30.828363930131509, 0.0 ], [ 52.69932648970611, 30.824475570127209, 0.0 ], [ 52.69692381999684, 30.820923230856909, 0.0 ], [ 52.696060899334633, 30.81930913048291, 0.0 ], [ 52.694912409731451, 30.816239850416689, 0.0 ], [ 52.694509910232412, 30.814020820047521, 0.0 ], [ 52.692583840059449, 30.812943330235068, 0.0 ], [ 52.690612999382267, 30.812723800182528, 0.0 ], [ 52.687626391243683, 30.811631450106731, 0.0 ], [ 52.685171719932498, 30.811661400237551, 0.0 ], [ 52.684156749543597, 30.811759380459328, 0.0 ], [ 52.681353849261733, 30.812781560683149, 0.0 ], [ 52.678495449331741, 30.812002790364719, 0.0 ], [ 52.676179869344587, 30.812038580014079, 0.0 ], [ 52.672804140076991, 30.81087962078086, 0.0 ], [ 52.667444934669383, 30.80702934492583, 0.0 ], [ 52.663162940135777, 30.805803790134419, 0.0 ], [ 52.660739900131148, 30.807080519988379, 0.0 ], [ 52.659954929767558, 30.80935369050604, 0.0 ], [ 52.654822939403893, 30.810375610207739, 0.0 ], [ 52.652286330158233, 30.80946350073539, 0.0 ], [ 52.646501980233552, 30.811190250415748, 0.0 ], [ 52.644447149279401, 30.809038370156571, 0.0 ], [ 52.64362086961323, 30.806986730390729, 0.0 ], [ 52.644271909051803, 30.80548526262605, 0.0 ], [ 52.645253740212809, 30.803504210790479, 0.0 ], [ 52.645740608198409, 30.802311950275961, 0.0 ], [ 52.645840639814892, 30.799722550579862, 0.0 ], [ 52.648442809497382, 30.7954680605501, 0.0 ], [ 52.649296750202758, 30.79335281030902, 0.0 ], [ 52.648472230186421, 30.79249886020683, 0.0 ], [ 52.648639609527287, 30.790531540454609, 0.0 ], [ 52.649369009957262, 30.788927250042331, 0.0 ], [ 52.649659269370567, 30.787817230747208, 0.0 ], [ 52.648737769879453, 30.78345185062194, 0.0 ], [ 52.649279739836842, 30.781999770765111, 0.0 ], [ 52.650759650198673, 30.781340280704629, 0.0 ], [ 52.650117589956771, 30.779296770538188, 0.0 ], [ 52.646789389568717, 30.77617535001945, 0.0 ], [ 52.644572969956037, 30.773848620220459, 0.0 ], [ 52.643811720118272, 30.772367790016041, 0.0 ], [ 52.642840340241058, 30.770230990348189, 0.0 ], [ 52.643865620178133, 30.76703598042592, 0.0 ], [ 52.646282260289482, 30.76260873294494, 0.0 ], [ 52.64808363947121, 30.761609620446531, 0.0 ], [ 52.64967728936994, 30.761118350357481, 0.0 ], [ 52.652751813268011, 30.758188755227071, 0.0 ], [ 52.653913929606333, 30.757416740563599, 0.0 ], [ 52.655432059397292, 30.755419000756142, 0.0 ], [ 52.658671660118287, 30.75398016041618, 0.0 ], [ 52.663064619255991, 30.753124450560971, 0.0 ], [ 52.667098659495402, 30.751935220510049, 0.0 ], [ 52.668847289828783, 30.751697350608961, 0.0 ], [ 52.675785329774328, 30.751484530869408, 0.0 ], [ 52.677900749505802, 30.752021980643288, 0.0 ], [ 52.680838486087758, 30.750598349651039, 0.0 ], [ 52.684905089603092, 30.748844230242351, 0.0 ], [ 52.686731419248083, 30.747065090174559, 0.0 ], [ 52.68807077010954, 30.745046050594759, 0.0 ], [ 52.690028359931937, 30.74335090030841, 0.0 ], [ 52.69237042936993, 30.742038630326899, 0.0 ], [ 52.694096429430807, 30.74100187052337, 0.0 ], [ 52.696283939707477, 30.73935173037648, 0.0 ], [ 52.697802239912647, 30.735817580300019, 0.0 ], [ 52.699904760232222, 30.73433759043219, 0.0 ], [ 52.702549749916173, 30.732231130316659, 0.0 ], [ 52.704386229948298, 30.731179200751999, 0.0 ], [ 52.706960979574362, 30.729698960156149, 0.0 ], [ 52.709109849488932, 30.729341640210919, 0.0 ], [ 52.710347690056338, 30.730504540547699, 0.0 ], [ 52.711734890176032, 30.731070910463028, 0.0 ], [ 52.717300899597603, 30.730468500056389, 0.0 ], [ 52.719689740181821, 30.729855950148309, 0.0 ], [ 52.723656309964447, 30.72936242080748, 0.0 ], [ 52.724586367817381, 30.728861720891391, 0.0 ], [ 52.727621718294593, 30.72842701445019, 0.0 ], [ 52.729659839531607, 30.728341930608689, 0.0 ], [ 52.73157954960611, 30.727825520466521, 0.0 ], [ 52.735043209278551, 30.72826490008941, 0.0 ], [ 52.738061529747867, 30.727500220416509, 0.0 ], [ 52.738072009396497, 30.72614335021791, 0.0 ], [ 52.743775639859109, 30.7243413302368, 0.0 ], [ 52.745785200067417, 30.723410770639259, 0.0 ], [ 52.751357069345673, 30.72218332041248, 0.0 ], [ 52.751938859371307, 30.724112750080149, 0.0 ], [ 52.754891889780829, 30.725634240785141, 0.0 ], [ 52.756495600141577, 30.726319880748701, 0.0 ], [ 52.756876299252063, 30.727974470149238, 0.0 ], [ 52.760029659739857, 30.73020145007294, 0.0 ], [ 52.761373797625978, 30.730339206910319, 0.0 ], [ 52.763340260038923, 30.731134530117529, 0.0 ], [ 52.765434809891012, 30.733720680868561, 0.0 ], [ 52.766037049259047, 30.734066680205501, 0.0 ], [ 52.767765899937643, 30.73401765035868, 0.0 ], [ 52.768897290090997, 30.735578440674271, 0.0 ], [ 52.773737170187772, 30.733347520462711, 0.0 ], [ 52.776450343659903, 30.73105376152931, 0.0 ], [ 52.780627009815163, 30.73100795999763, 0.0 ], [ 52.783249789497077, 30.730769330783961, 0.0 ], [ 52.786419239961042, 30.730395830212771, 0.0 ], [ 52.789042137239683, 30.72904057847305, 0.0 ], [ 52.793353339302762, 30.727410870613031, 0.0 ], [ 52.796619099968837, 30.72719922068573, 0.0 ], [ 52.798457500167117, 30.728930000186011, 0.0 ], [ 52.799260149754723, 30.726906360154061, 0.0 ], [ 52.801184129710983, 30.723509010643468, 0.0 ], [ 52.802177969343447, 30.72271868009118, 0.0 ], [ 52.805235110205317, 30.72380195041119, 0.0 ], [ 52.808917429662912, 30.72600477134613, 0.0 ], [ 52.811179379693229, 30.725649330043058, 0.0 ], [ 52.813899979996123, 30.724771660533548, 0.0 ], [ 52.815972159702497, 30.725913520595139, 0.0 ], [ 52.820436949974791, 30.72775218042025, 0.0 ], [ 52.822770889606282, 30.72874024071147, 0.0 ], [ 52.822869120010367, 30.73075868014099, 0.0 ], [ 52.822531830168792, 30.73605076023513, 0.0 ], [ 52.822996687319439, 30.73842596487243, 0.0 ], [ 52.823134739755282, 30.74078025084976, 0.0 ], [ 52.823949380038158, 30.741869150750439, 0.0 ], [ 52.825941759712279, 30.744769870497489, 0.0 ], [ 52.826422879293823, 30.745306400514821, 0.0 ], [ 52.825695839505883, 30.747841750350929, 0.0 ], [ 52.82510029932719, 30.748785980132102, 0.0 ], [ 52.824935679550727, 30.75152082006225, 0.0 ], [ 52.825204819635033, 30.752378880500679, 0.0 ], [ 52.827904720110553, 30.753052110439949, 0.0 ], [ 52.828659760030646, 30.753273230098578, 0.0 ], [ 52.831740530263531, 30.756072780369379, 0.0 ], [ 52.833999789897497, 30.757840530788108, 0.0 ], [ 52.835241569913322, 30.759206110516448, 0.0 ], [ 52.836458700017417, 30.758885920866611, 0.0 ], [ 52.837787149678817, 30.760011860465049, 0.0 ], [ 52.839836360261799, 30.759391350364709, 0.0 ], [ 52.845512999418702, 30.757321690501929, 0.0 ], [ 52.846658139593657, 30.756774680622659, 0.0 ], [ 52.848601729780739, 30.754230360484449, 0.0 ], [ 52.849999330146822, 30.754298170279949, 0.0 ], [ 52.851347899236544, 30.75550541053742, 0.0 ], [ 52.853948209526422, 30.757650430580892, 0.0 ], [ 52.855585450089507, 30.757898360155121, 0.0 ], [ 52.857875720109377, 30.760506220253191, 0.0 ], [ 52.859229150211732, 30.761528980203959, 0.0 ], [ 52.859211959930853, 30.76295198015691, 0.0 ], [ 52.859653099708837, 30.764692480281699, 0.0 ], [ 52.860309489567989, 30.76577752055745, 0.0 ], [ 52.862307319590244, 30.766206760070659, 0.0 ], [ 52.863490259956862, 30.76571072000468, 0.0 ], [ 52.86483329021199, 30.76428043048314, 0.0 ], [ 52.868064089838583, 30.762776800123959, 0.0 ], [ 52.874302160122753, 30.760622730782821, 0.0 ], [ 52.876169980017217, 30.760291560027198, 0.0 ], [ 52.877009259290702, 30.761573160309059, 0.0 ], [ 52.875951039682597, 30.765105040583862, 0.0 ], [ 52.876281040183883, 30.76698560062751, 0.0 ], [ 52.875599339352299, 30.768622840018729, 0.0 ], [ 52.87540805981061, 30.770601720133339, 0.0 ], [ 52.874840690226499, 30.772729390700871, 0.0 ], [ 52.875418879490887, 30.77545877999221, 0.0 ], [ 52.876649509749541, 30.77739073084139, 0.0 ], [ 52.87749917953451, 30.779907650264072, 0.0 ], [ 52.877648129385932, 30.782153830119778, 0.0 ], [ 52.877814009385858, 30.783775060713641, 0.0 ], [ 52.879472029432122, 30.78537458021329, 0.0 ], [ 52.881423669631609, 30.783401480413421, 0.0 ], [ 52.882410469665103, 30.782151150522321, 0.0 ], [ 52.883625099746929, 30.780994110125469, 0.0 ], [ 52.885060660266909, 30.779345640235711, 0.0 ], [ 52.886576029745889, 30.777995740026501, 0.0 ], [ 52.888624819607529, 30.777042800821079, 0.0 ], [ 52.890536309991113, 30.77537228054728, 0.0 ], [ 52.894170539475503, 30.773643430431939, 0.0 ], [ 52.896527529383789, 30.772660650755899, 0.0 ], [ 52.89947099967285, 30.771456170746561, 0.0 ], [ 52.901391550169649, 30.77009671061278, 0.0 ], [ 52.90298544970053, 30.768356130731789, 0.0 ], [ 52.904312390134422, 30.76745465032031, 0.0 ], [ 52.906165879608082, 30.76688384997524, 0.0 ], [ 52.908697549932427, 30.76674722070171, 0.0 ], [ 52.911851149891397, 30.765883130655951, 0.0 ], [ 52.913330980204812, 30.765933930149849, 0.0 ], [ 52.916395569707369, 30.76558464997494, 0.0 ], [ 52.917988299658262, 30.76532213070762, 0.0 ], [ 52.921453629999583, 30.76443273060789, 0.0 ], [ 52.924054870019958, 30.76389662024479, 0.0 ], [ 52.927211750002229, 30.76320603032821, 0.0 ], [ 52.929265149585547, 30.763050130049411, 0.0 ], [ 52.929899149745957, 30.764187890235029, 0.0 ], [ 52.929777450100161, 30.765435120680479, 0.0 ], [ 52.930368869957093, 30.76600534038413, 0.0 ], [ 52.9302683800463, 30.76759094024754, 0.0 ], [ 52.930713789632833, 30.768186140401141, 0.0 ], [ 52.932483959802042, 30.768515300698041, 0.0 ], [ 52.935990529323547, 30.769149560626101, 0.0 ], [ 52.937512971668539, 30.770216505530449, 0.0 ], [ 52.938982960004282, 30.770349850141962, 0.0 ], [ 52.939114049616613, 30.771408980522281, 0.0 ], [ 52.939694579852564, 30.77247600004246, 0.0 ], [ 52.940564029347613, 30.772556470119898, 0.0 ], [ 52.943038459802501, 30.772676999986391, 0.0 ], [ 52.944418289289729, 30.771865970700858, 0.0 ], [ 52.945260829356812, 30.772410869983791, 0.0 ], [ 52.946681820267912, 30.77322299997665, 0.0 ], [ 52.948650309548839, 30.774884880289971, 0.0 ], [ 52.94952746935563, 30.77552785042834, 0.0 ], [ 52.951022469651193, 30.77615842004878, 0.0 ], [ 52.950841340032973, 30.777579990290459, 0.0 ], [ 52.950117140277762, 30.778656230700729, 0.0 ], [ 52.949973890014107, 30.779393420760091, 0.0 ], [ 52.950498940256992, 30.78051902016206, 0.0 ], [ 52.950100879492879, 30.781424270189071, 0.0 ], [ 52.94938439979483, 30.78190992055967, 0.0 ], [ 52.94761556007294, 30.782478710672319, 0.0 ], [ 52.946539999693741, 30.783647150760569, 0.0 ], [ 52.945058660047387, 30.784349970855931, 0.0 ], [ 52.943967249939298, 30.785288580443019, 0.0 ], [ 52.942457670146133, 30.786369420509669, 0.0 ], [ 52.94217737938493, 30.787768950743612, 0.0 ], [ 52.940781459425352, 30.790025690752199, 0.0 ], [ 52.940455910097647, 30.790777470412721, 0.0 ], [ 52.941187649595129, 30.792232650173531, 0.0 ], [ 52.942426659395437, 30.794038530440741, 0.0 ], [ 52.944155849639678, 30.79386117032378, 0.0 ], [ 52.94805518942718, 30.79224874070476, 0.0 ], [ 52.951396810172447, 30.789636350074218, 0.0 ], [ 52.953898549736763, 30.787310380693999, 0.0 ], [ 52.955763779926777, 30.78791169055906, 0.0 ], [ 52.957677449903912, 30.78785880083614, 0.0 ], [ 52.959309159527372, 30.787488910048619, 0.0 ], [ 52.961125849763128, 30.786226260640831, 0.0 ], [ 52.965015140215222, 30.782503190289979, 0.0 ], [ 52.967020169975797, 30.781629630434772, 0.0 ], [ 52.971330559424658, 30.781818130106711, 0.0 ], [ 52.974180240221472, 30.783788640833549, 0.0 ], [ 52.972535459315523, 30.785543470076739, 0.0 ], [ 52.972249469265627, 30.786082090503921, 0.0 ], [ 52.973695519900353, 30.787262520627571, 0.0 ], [ 52.973579849491173, 30.78961322036487, 0.0 ], [ 52.972943409691993, 30.791153140505919, 0.0 ], [ 52.972845590191262, 30.793607110570669, 0.0 ], [ 52.97324323012284, 30.7938976308461, 0.0 ], [ 52.973605659777448, 30.795274690745661, 0.0 ], [ 52.974018979953527, 30.79582094059425, 0.0 ], [ 52.974684499393717, 30.796073240598862, 0.0 ], [ 52.975736339572521, 30.796323690611789, 0.0 ], [ 52.977233798528637, 30.796692073736828, 0.0 ], [ 52.979293289700323, 30.795418440331009, 0.0 ], [ 52.982312949848733, 30.794862890581928, 0.0 ], [ 52.983182409482581, 30.793751030183259, 0.0 ], [ 52.984336179956863, 30.792115050054331, 0.0 ], [ 52.986393260199442, 30.791865190354041, 0.0 ], [ 52.986769949918582, 30.790557440578691, 0.0 ], [ 52.98792848942599, 30.78857915071616, 0.0 ], [ 52.987660189944918, 30.787030250745438, 0.0 ], [ 52.987890860177963, 30.785453620589809, 0.0 ], [ 52.989028109578882, 30.78376709086314, 0.0 ], [ 52.990577679866888, 30.78344598060276, 0.0 ], [ 52.992004279442718, 30.782938540541981, 0.0 ], [ 52.99448129978704, 30.781571620709581, 0.0 ], [ 52.996456159599518, 30.780707950374971, 0.0 ], [ 52.998066490235999, 30.781503140606389, 0.0 ], [ 52.999704059493233, 30.78275884022835, 0.0 ], [ 53.000528614771852, 30.782008411219341, 0.0 ], [ 53.002797650095317, 30.7807025899852, 0.0 ], [ 53.00369367925051, 30.77834895048754, 0.0 ], [ 53.005295799820253, 30.775674950862779, 0.0 ], [ 53.005350529502387, 30.77428356059897, 0.0 ], [ 53.007197819792893, 30.772424370288508, 0.0 ], [ 53.007549769414688, 30.76985448017415, 0.0 ], [ 53.0088275993661, 30.76935198006019, 0.0 ], [ 53.009862169424402, 30.768880500159788, 0.0 ], [ 53.013339477756041, 30.76853541299862, 0.0 ], [ 53.015964700195759, 30.768340200261051, 0.0 ], [ 53.018106779421082, 30.76838396026427, 0.0 ], [ 53.021281180143603, 30.767482570067109, 0.0 ], [ 53.02184678973304, 30.767508380063848, 0.0 ], [ 53.023614949975503, 30.76302976026934, 0.0 ], [ 53.024157590027713, 30.76248695079066, 0.0 ], [ 53.025969839949717, 30.761990580489559, 0.0 ], [ 53.027445309840068, 30.761709870115329, 0.0 ], [ 53.029173069293698, 30.76103948030806, 0.0 ], [ 53.030953220274043, 30.760058550413799, 0.0 ], [ 53.030638684251983, 30.758802539151681, 0.0 ], [ 53.031799039689432, 30.756244860656722, 0.0 ], [ 53.032168179323172, 30.754434290485889, 0.0 ], [ 53.033950170096389, 30.752219370591199, 0.0 ], [ 53.035604589507898, 30.75264450052941, 0.0 ], [ 53.037624290165823, 30.751829780070189, 0.0 ], [ 53.039117529345042, 30.750243670086, 0.0 ], [ 53.040598440209337, 30.749490480039508, 0.0 ], [ 53.043128269585367, 30.747998250340061, 0.0 ], [ 53.046590829752923, 30.744899460386179, 0.0 ], [ 53.047934869648891, 30.742794840769442, 0.0 ], [ 53.049190899669597, 30.740763660548101, 0.0 ], [ 53.050276189679508, 30.739012930376429, 0.0 ], [ 53.051980309365753, 30.738279600279501, 0.0 ], [ 53.053607579274967, 30.738341620492989, 0.0 ], [ 53.05806843021265, 30.739081490099451, 0.0 ], [ 53.060561789667432, 30.739658590271379, 0.0 ], [ 53.06199567983947, 30.739829490747312, 0.0 ], [ 53.065118029406129, 30.74088134000085, 0.0 ], [ 53.067213249434452, 30.741114770048981, 0.0 ], [ 53.07005310465486, 30.741619104035308, 0.0 ], [ 53.073989939700063, 30.740596520059292, 0.0 ], [ 53.078972559479922, 30.739533530433889, 0.0 ], [ 53.080889830071001, 30.739236390350591, 0.0 ], [ 53.083226619694329, 30.739046289996889, 0.0 ], [ 53.086199689528492, 30.738219670278419, 0.0 ], [ 53.088240831612083, 30.738304686538331, 0.0 ], [ 53.094360809369967, 30.737829910032659, 0.0 ], [ 53.098721573696729, 30.737478393708098, 0.0 ], [ 53.101629260050181, 30.73542019022177, 0.0 ], [ 53.10541158931845, 30.733700140318419, 0.0 ], [ 53.108044019648837, 30.731936930836721, 0.0 ], [ 53.11002272949046, 30.732661790156168, 0.0 ], [ 53.110423219992633, 30.733527640450749, 0.0 ], [ 53.113195370195207, 30.73585446076018, 0.0 ], [ 53.111623669895792, 30.739041850665789, 0.0 ], [ 53.11262052953446, 30.739660930828808, 0.0 ], [ 53.114629009531583, 30.741049810819941, 0.0 ], [ 53.111722749305621, 30.747678890146091, 0.0 ], [ 53.108672409977977, 30.751076250412961, 0.0 ], [ 53.109862129613589, 30.753324690512429, 0.0 ], [ 53.111588219570748, 30.753623260682978, 0.0 ], [ 53.113909919704057, 30.753385960423209, 0.0 ], [ 53.115968849402392, 30.753170890218652, 0.0 ], [ 53.118815009789841, 30.752303860020412, 0.0 ], [ 53.120953399666462, 30.752770230276901, 0.0 ], [ 53.123809619834432, 30.752513240835331, 0.0 ], [ 53.126024869296899, 30.752568899983949, 0.0 ], [ 53.127782640271313, 30.75322210045929, 0.0 ], [ 53.130024969941061, 30.752871570317421, 0.0 ], [ 53.134065629929943, 30.752142170278422, 0.0 ], [ 53.136390189280348, 30.752059360531391, 0.0 ], [ 53.138617703284801, 30.75153413341911, 0.0 ], [ 53.140345939614441, 30.750791929981759, 0.0 ], [ 53.142828910164567, 30.75352611061275, 0.0 ], [ 53.147059679439003, 30.75483226072873, 0.0 ], [ 53.148531119327622, 30.755263340617521, 0.0 ], [ 53.156272979613753, 30.75136668074391, 0.0 ], [ 53.158862819637861, 30.750888660384089, 0.0 ], [ 53.161423909326473, 30.750177290474952, 0.0 ], [ 53.164463699935013, 30.748370570685939, 0.0 ], [ 53.165237932139448, 30.74662914038289, 0.0 ], [ 53.167747140067881, 30.745114870121991, 0.0 ], [ 53.170330689920263, 30.74807854001968, 0.0 ], [ 53.173812029561461, 30.75180279003327, 0.0 ], [ 53.175738608659202, 30.753994750742649, 0.0 ], [ 53.178126449802413, 30.75682707012751, 0.0 ], [ 53.179590406556748, 30.758855015556421, 0.0 ], [ 53.180889463822233, 30.761141740543788, 0.0 ], [ 53.181282239875991, 30.764408340173379, 0.0 ], [ 53.182100389351518, 30.76542783003487, 0.0 ], [ 53.181270669841261, 30.767798230834469, 0.0 ], [ 53.177794439269263, 30.771263310506431, 0.0 ], [ 53.173560489339962, 30.776117430812739, 0.0 ], [ 53.171159999721368, 30.78546426024629, 0.0 ], [ 53.168264640096588, 30.7918217702112, 0.0 ], [ 53.167518479704079, 30.80003209064952, 0.0 ], [ 53.154293009451521, 30.810767300280681, 0.0 ], [ 53.14652451571115, 30.823908209748421, 0.0 ], [ 53.132505009780431, 30.83485907015833, 0.0 ], [ 53.119072170008117, 30.848432720404801, 0.0 ], [ 53.097834100110312, 30.87021804036964, 0.0 ], [ 53.073753569497207, 30.8811825807663, 0.0 ], [ 53.04426175952991, 30.893422250393439, 0.0 ], [ 53.038959949744118, 30.896053580443731, 0.0 ] ] ] } },
{ "type": "Feature", "properties": { "Name": "منطقه شکار ممنوع بناب", "description": null, "timestamp": null, "begin": null, "end": null, "altitudeMode": null, "tessellate": -1, "extrude": 0, "visibility": -1, "drawOrder": null, "icon": null }, "geometry": { "type": "Polygon", "coordinates": [ [ [ 53.359939141809363, 28.109253405060269, 0.0 ], [ 53.358275118451502, 28.10958990109247, 0.0 ], [ 53.354825178816533, 28.109820549928621, 0.0 ], [ 53.352235850159161, 28.110449989027661, 0.0 ], [ 53.35039817475819, 28.110499144007271, 0.0 ], [ 53.347737686130337, 28.110766670564811, 0.0 ], [ 53.346473203093709, 28.111312710673069, 0.0 ], [ 53.345650400461757, 28.111659401315379, 0.0 ], [ 53.344234051537022, 28.112637694655682, 0.0 ], [ 53.342923921801962, 28.113212569918471, 0.0 ], [ 53.34228093030076, 28.113646753125021, 0.0 ], [ 53.341700482515122, 28.113881633907958, 0.0 ], [ 53.340590135634599, 28.114248951302621, 0.0 ], [ 53.339972284335467, 28.114751612096011, 0.0 ], [ 53.339460101987342, 28.115119518188639, 0.0 ], [ 53.339301684928827, 28.115309883030609, 0.0 ], [ 53.338903562215307, 28.11562352624593, 0.0 ], [ 53.338440057882721, 28.116036914612032, 0.0 ], [ 53.337942333542102, 28.116346714576029, 0.0 ], [ 53.337603726587062, 28.116522473636099, 0.0 ], [ 53.336817441497992, 28.11675861500628, 0.0 ], [ 53.336287764974102, 28.11705383253042, 0.0 ], [ 53.336014443500687, 28.117318695317959, 0.0 ], [ 53.335586413651683, 28.11768071957038, 0.0 ], [ 53.334555397448192, 28.117952364784539, 0.0 ], [ 53.333824152508427, 28.118383188552158, 0.0 ], [ 53.333143759760851, 28.118670850012862, 0.0 ], [ 53.332260507155603, 28.118908865184949, 0.0 ], [ 53.331700208335931, 28.118986293671291, 0.0 ], [ 53.331072759325593, 28.118786731177121, 0.0 ], [ 53.330416333723882, 28.11862388113515, 0.0 ], [ 53.330099019895101, 28.118366096655748, 0.0 ], [ 53.329550861960698, 28.117872615323751, 0.0 ], [ 53.329488231722742, 28.117479070354982, 0.0 ], [ 53.329399607354532, 28.117277801769259, 0.0 ], [ 53.329136651575183, 28.11695650027492, 0.0 ], [ 53.328865934810622, 28.11682667931926, 0.0 ], [ 53.328684942569581, 28.116752759067339, 0.0 ], [ 53.326229029140919, 28.116716294536271, 0.0 ], [ 53.325207486213472, 28.116612783394849, 0.0 ], [ 53.324631951446833, 28.11620926964439, 0.0 ], [ 53.323182302383643, 28.11525441379181, 0.0 ], [ 53.319811110730043, 28.112888222391511, 0.0 ], [ 53.318830721490343, 28.11188027271055, 0.0 ], [ 53.318210326371812, 28.11103665739962, 0.0 ], [ 53.317482504669393, 28.11020548060419, 0.0 ], [ 53.316848457127278, 28.10966037466541, 0.0 ], [ 53.316234917155128, 28.109288939704818, 0.0 ], [ 53.315753576333726, 28.10903153558808, 0.0 ], [ 53.315047834372102, 28.108937425227811, 0.0 ], [ 53.31456149268022, 28.108874453650461, 0.0 ], [ 53.314084678980727, 28.10903419919585, 0.0 ], [ 53.313667912630549, 28.109446859428591, 0.0 ], [ 53.313255789288462, 28.109581461213949, 0.0 ], [ 53.312573527077248, 28.10968387149461, 0.0 ], [ 53.312252551574431, 28.109889237759241, 0.0 ], [ 53.311837101500132, 28.110454149723171, 0.0 ], [ 53.311109067361592, 28.110865812811351, 0.0 ], [ 53.310399115374643, 28.11085662416686, 0.0 ], [ 53.309924286887217, 28.11073670449743, 0.0 ], [ 53.30914310350736, 28.110781881599291, 0.0 ], [ 53.308510138666861, 28.111188168928951, 0.0 ], [ 53.308288816811178, 28.11133998797796, 0.0 ], [ 53.307798710148163, 28.111812075220818, 0.0 ], [ 53.307349246544391, 28.112269766155372, 0.0 ], [ 53.306746234066239, 28.112454811603659, 0.0 ], [ 53.30654095303079, 28.111955385207938, 0.0 ], [ 53.306335483896717, 28.111422777460909, 0.0 ], [ 53.306004647563668, 28.110905348373489, 0.0 ], [ 53.305392044643163, 28.110509695759021, 0.0 ], [ 53.30497516481902, 28.110270792066551, 0.0 ], [ 53.304531318797487, 28.109837561288298, 0.0 ], [ 53.303949621124247, 28.109412709482321, 0.0 ], [ 53.303595602753482, 28.109205475835999, 0.0 ], [ 53.303266387048339, 28.109128977494581, 0.0 ], [ 53.302905896147692, 28.109183111057529, 0.0 ], [ 53.302552000244667, 28.10927625965553, 0.0 ], [ 53.302185935579892, 28.10976605673126, 0.0 ], [ 53.302012005173637, 28.11012466199923, 0.0 ], [ 53.301665407364077, 28.110495270862579, 0.0 ], [ 53.301291506452877, 28.110732387066339, 0.0 ], [ 53.300954324763786, 28.11107912535714, 0.0 ], [ 53.300714158218177, 28.111410733280099, 0.0 ], [ 53.300482494466401, 28.111813589614151, 0.0 ], [ 53.300292968302202, 28.1120242858787, 0.0 ], [ 53.299866991830541, 28.112173443836848, 0.0 ], [ 53.29948651076333, 28.11259680931984, 0.0 ], [ 53.299196987609882, 28.113062467772881, 0.0 ], [ 53.298933996463937, 28.113330690570891, 0.0 ], [ 53.298636141039211, 28.113551373010491, 0.0 ], [ 53.298092804245407, 28.11350285551843, 0.0 ], [ 53.297125423576922, 28.113082816578839, 0.0 ], [ 53.296445883777622, 28.112928385495199, 0.0 ], [ 53.295928873922797, 28.112887332284689, 0.0 ], [ 53.295415209277913, 28.112869441111538, 0.0 ], [ 53.295180863117707, 28.11262779025537, 0.0 ], [ 53.295152155781757, 28.11237022035785, 0.0 ], [ 53.294332506895799, 28.111996391763761, 0.0 ], [ 53.293472111409663, 28.111837001599941, 0.0 ], [ 53.292937496829943, 28.111711682185849, 0.0 ], [ 53.292421072183849, 28.11147855151173, 0.0 ], [ 53.292044336918941, 28.111169403910289, 0.0 ], [ 53.291577335501607, 28.111070441750542, 0.0 ], [ 53.290875743844637, 28.11107792852934, 0.0 ], [ 53.290402531719991, 28.111094343594839, 0.0 ], [ 53.290048527125592, 28.111042617003591, 0.0 ], [ 53.289553052173893, 28.110849696619528, 0.0 ], [ 53.289060221902488, 28.1109080096202, 0.0 ], [ 53.288409701298193, 28.111140007631558, 0.0 ], [ 53.28797200917888, 28.111282617820379, 0.0 ], [ 53.287456750783413, 28.111353397735819, 0.0 ], [ 53.287244953199902, 28.111406802932091, 0.0 ], [ 53.286826974894169, 28.111357192997492, 0.0 ], [ 53.286497229005818, 28.111403377472371, 0.0 ], [ 53.286371503608521, 28.111224662934049, 0.0 ], [ 53.285772533326067, 28.110837680055621, 0.0 ], [ 53.285430216060938, 28.110972907890549, 0.0 ], [ 53.284346909388532, 28.110919086808241, 0.0 ], [ 53.283988309481799, 28.110754132781921, 0.0 ], [ 53.282731301735993, 28.11021675184389, 0.0 ], [ 53.281832316928913, 28.109783392438811, 0.0 ], [ 53.280633314868084, 28.109226452380341, 0.0 ], [ 53.279423032267019, 28.108588299074832, 0.0 ], [ 53.278645528561078, 28.107772481053772, 0.0 ], [ 53.278021292553603, 28.107077483051299, 0.0 ], [ 53.277773376004987, 28.106106680545711, 0.0 ], [ 53.277290881206909, 28.105223778106069, 0.0 ], [ 53.27704942282962, 28.105082212761829, 0.0 ], [ 53.276835849708988, 28.104906413729019, 0.0 ], [ 53.276132451873373, 28.104965103970919, 0.0 ], [ 53.275570882537423, 28.104956429030281, 0.0 ], [ 53.275254010718427, 28.105066946468479, 0.0 ], [ 53.274869975316363, 28.105175913186049, 0.0 ], [ 53.274516784268833, 28.105170379127159, 0.0 ], [ 53.274198413332371, 28.10538490937336, 0.0 ], [ 53.273686593340017, 28.105411117921939, 0.0 ], [ 53.273228146794217, 28.105509383822788, 0.0 ], [ 53.272833554678947, 28.105524959555499, 0.0 ], [ 53.272399258910291, 28.105670686701249, 0.0 ], [ 53.272150905412403, 28.105619745564741, 0.0 ], [ 53.270959682506167, 28.105624836787982, 0.0 ], [ 53.270194502032624, 28.105669890083711, 0.0 ], [ 53.269902099014303, 28.10602478580309, 0.0 ], [ 53.269740526917332, 28.10626554426333, 0.0 ], [ 53.26942523923352, 28.10662737512385, 0.0 ], [ 53.268908068525462, 28.106928870205309, 0.0 ], [ 53.26872532858664, 28.10677404017083, 0.0 ], [ 53.268331134083212, 28.106498174389859, 0.0 ], [ 53.267713218264213, 28.10633651280698, 0.0 ], [ 53.267108127925063, 28.106083209567348, 0.0 ], [ 53.26628972414899, 28.105731638440421, 0.0 ], [ 53.26537753960573, 28.10551717749674, 0.0 ], [ 53.264017235836903, 28.1052415803609, 0.0 ], [ 53.263000960264762, 28.105240625056389, 0.0 ], [ 53.262200607199581, 28.105228751711721, 0.0 ], [ 53.261392264690571, 28.105330273071122, 0.0 ], [ 53.260486123079417, 28.105887131610121, 0.0 ], [ 53.259445650006413, 28.106311066746919, 0.0 ], [ 53.258598853669113, 28.106988346501041, 0.0 ], [ 53.257593822628607, 28.107677888606691, 0.0 ], [ 53.256814980893139, 28.108312389521821, 0.0 ], [ 53.256278983325373, 28.108978364253382, 0.0 ], [ 53.255389520827798, 28.109598553907809, 0.0 ], [ 53.254498303289232, 28.110145559668339, 0.0 ], [ 53.254114819443473, 28.110214296362081, 0.0 ], [ 53.252005286158457, 28.109845628191049, 0.0 ], [ 53.250961651635372, 28.109417235077458, 0.0 ], [ 53.251941438150887, 28.10708959386513, 0.0 ], [ 53.252905509388818, 28.105300138756078, 0.0 ], [ 53.253673667972599, 28.10370685435494, 0.0 ], [ 53.254351304185342, 28.101914863133128, 0.0 ], [ 53.255388025632151, 28.0998462047571, 0.0 ], [ 53.255179898608091, 28.09902356142932, 0.0 ], [ 53.252846590511481, 28.09438494680894, 0.0 ], [ 53.251041503246583, 28.0910636030859, 0.0 ], [ 53.250378433178533, 28.0899228871613, 0.0 ], [ 53.249345773430527, 28.087843284346459, 0.0 ], [ 53.247878729195563, 28.085080482784051, 0.0 ], [ 53.247078395004159, 28.083450853263091, 0.0 ], [ 53.246069999181799, 28.081518594187621, 0.0 ], [ 53.245249832888597, 28.079884285879182, 0.0 ], [ 53.244403580606267, 28.078199062682671, 0.0 ], [ 53.243269732870083, 28.076587726771852, 0.0 ], [ 53.241987794847788, 28.075348762531171, 0.0 ], [ 53.242322664614193, 28.075145530769429, 0.0 ], [ 53.24366257893724, 28.073988299675399, 0.0 ], [ 53.245083549282029, 28.073047051215219, 0.0 ], [ 53.246000608389522, 28.07222255083218, 0.0 ], [ 53.247268696781333, 28.071225788422609, 0.0 ], [ 53.24821240336226, 28.070137046954301, 0.0 ], [ 53.24913192843502, 28.069069218622669, 0.0 ], [ 53.250736147988583, 28.067538219374331, 0.0 ], [ 53.252569706478262, 28.066346186346241, 0.0 ], [ 53.254731073966603, 28.065248711449762, 0.0 ], [ 53.256219563093438, 28.06447557313108, 0.0 ], [ 53.258267483469197, 28.063379638903829, 0.0 ], [ 53.260728369767619, 28.06245258401545, 0.0 ], [ 53.263384380129537, 28.061308508240138, 0.0 ], [ 53.267609122246533, 28.060109636228869, 0.0 ], [ 53.270844329176398, 28.059243620504141, 0.0 ], [ 53.277956658986419, 28.056980438777749, 0.0 ], [ 53.280455477250527, 28.056189647239581, 0.0 ], [ 53.281498906940058, 28.054949645077869, 0.0 ], [ 53.283482515498747, 28.05200545652459, 0.0 ], [ 53.284113127621552, 28.050934657496629, 0.0 ], [ 53.287313703804628, 28.0485174343981, 0.0 ], [ 53.289853908121238, 28.046262374754569, 0.0 ], [ 53.292167908952187, 28.04465876531733, 0.0 ], [ 53.300774888854178, 28.03769434669848, 0.0 ], [ 53.305110080396972, 28.034824732933188, 0.0 ], [ 53.308506802192007, 28.033576243656469, 0.0 ], [ 53.312425213334961, 28.03167692927957, 0.0 ], [ 53.314339350558157, 28.030316353877868, 0.0 ], [ 53.316373959717758, 28.029548535980091, 0.0 ], [ 53.320568776676268, 28.028905551149151, 0.0 ], [ 53.323821614625061, 28.028237793137269, 0.0 ], [ 53.332255018445707, 28.024822755089151, 0.0 ], [ 53.335584412043367, 28.02320715808829, 0.0 ], [ 53.337599895181668, 28.021853339624482, 0.0 ], [ 53.340891695477183, 28.019317697904128, 0.0 ], [ 53.344808515712728, 28.016655748807981, 0.0 ], [ 53.349488102690927, 28.01409996347077, 0.0 ], [ 53.350738041776438, 28.013641471107341, 0.0 ], [ 53.353987128045667, 28.01355761301858, 0.0 ], [ 53.355631941197387, 28.013469867394541, 0.0 ], [ 53.357969307178763, 28.01238737530937, 0.0 ], [ 53.359631287721662, 28.011299599215089, 0.0 ], [ 53.36137020554736, 28.009615724742709, 0.0 ], [ 53.367226592898632, 28.005358326707039, 0.0 ], [ 53.368725643785012, 28.003972189937439, 0.0 ], [ 53.370748343073032, 27.998432481410411, 0.0 ], [ 53.374422513758013, 27.991258733676201, 0.0 ], [ 53.38166308019386, 27.982258239050321, 0.0 ], [ 53.388442528681097, 27.975891413805751, 0.0 ], [ 53.403967894485731, 27.967174190948469, 0.0 ], [ 53.413071538528463, 27.962299113586191, 0.0 ], [ 53.421828647613538, 27.95859268118172, 0.0 ], [ 53.425123270887333, 27.957344004578481, 0.0 ], [ 53.428792119853917, 27.95658134658105, 0.0 ], [ 53.433005663310709, 27.956232131023651, 0.0 ], [ 53.437455151666072, 27.954411997131011, 0.0 ], [ 53.443599939159469, 27.951663243285829, 0.0 ], [ 53.445912915714267, 27.949921705536379, 0.0 ], [ 53.446566229651182, 27.9490677361905, 0.0 ], [ 53.446919740810053, 27.94785990925871, 0.0 ], [ 53.448007941637982, 27.948383378607978, 0.0 ], [ 53.449183157584777, 27.94798609857607, 0.0 ], [ 53.452980654280523, 27.94754395723665, 0.0 ], [ 53.456146177108778, 27.946785696757601, 0.0 ], [ 53.458525942152008, 27.946942707382458, 0.0 ], [ 53.460057038972813, 27.94745886075431, 0.0 ], [ 53.461580625940918, 27.948590456442862, 0.0 ], [ 53.462008148816622, 27.94810304101188, 0.0 ], [ 53.463079704644528, 27.947127726884101, 0.0 ], [ 53.464647183315989, 27.945666995555289, 0.0 ], [ 53.467330669866001, 27.944162324039699, 0.0 ], [ 53.467612902031078, 27.944042726636599, 0.0 ], [ 53.468683914763261, 27.942822998550909, 0.0 ], [ 53.469478795552142, 27.941536898559772, 0.0 ], [ 53.470185172466167, 27.941176459393489, 0.0 ], [ 53.472026880199607, 27.939782773044119, 0.0 ], [ 53.473231180670759, 27.939059522194871, 0.0 ], [ 53.475764647744768, 27.938235649294011, 0.0 ], [ 53.478638492367317, 27.937295444075811, 0.0 ], [ 53.480677612896031, 27.936121513808221, 0.0 ], [ 53.485375169796257, 27.935001548210519, 0.0 ], [ 53.49161395408408, 27.932898930542301, 0.0 ], [ 53.498400882480972, 27.930357959012792, 0.0 ], [ 53.504098330571637, 27.927633457890199, 0.0 ], [ 53.508765892666233, 27.92575442188409, 0.0 ], [ 53.51294464602249, 27.922733442698089, 0.0 ], [ 53.515948338058188, 27.92086657217391, 0.0 ], [ 53.519571385473512, 27.917794763982339, 0.0 ], [ 53.52160557051284, 27.91600763675838, 0.0 ], [ 53.523591806751007, 27.91435745488798, 0.0 ], [ 53.524224954462348, 27.914632007725132, 0.0 ], [ 53.52516714627172, 27.914753932219028, 0.0 ], [ 53.525796788084293, 27.915488891502829, 0.0 ], [ 53.526095352953277, 27.915868655366499, 0.0 ], [ 53.526727979358142, 27.916118673440469, 0.0 ], [ 53.527336508238257, 27.915885967310899, 0.0 ], [ 53.527849854140172, 27.91594642920963, 0.0 ], [ 53.528388072731993, 27.91632868229933, 0.0 ], [ 53.528867036748352, 27.91665677890829, 0.0 ], [ 53.529417526256609, 27.91639615233645, 0.0 ], [ 53.530029094581948, 27.916163024062762, 0.0 ], [ 53.530267528329659, 27.916407920402051, 0.0 ], [ 53.530963275040577, 27.916525094030089, 0.0 ], [ 53.531045967028042, 27.916955350227841, 0.0 ], [ 53.53155250187622, 27.917417984033019, 0.0 ], [ 53.532598583716862, 27.918155342579599, 0.0 ], [ 53.53296177628016, 27.918187230884239, 0.0 ], [ 53.533579313170023, 27.91768748634453, 0.0 ], [ 53.533782745829221, 27.91806493051665, 0.0 ], [ 53.534472805995748, 27.918449499109339, 0.0 ], [ 53.535946438199531, 27.919059116126409, 0.0 ], [ 53.536780665903208, 27.919712495336618, 0.0 ], [ 53.537339956741491, 27.920333814851059, 0.0 ], [ 53.537525366529053, 27.921159707288339, 0.0 ], [ 53.538367122864329, 27.921646236276722, 0.0 ], [ 53.538945592149403, 27.92183857510534, 0.0 ], [ 53.539461472746517, 27.922136387357241, 0.0 ], [ 53.540237033737867, 27.922229699007449, 0.0 ], [ 53.540893961983912, 27.922241418630598, 0.0 ], [ 53.541494811482309, 27.922038867592779, 0.0 ], [ 53.541638752867243, 27.922732581643739, 0.0 ], [ 53.542501501361492, 27.922789461177182, 0.0 ], [ 53.543221424492756, 27.92248408310051, 0.0 ], [ 53.544065371632733, 27.922258286530589, 0.0 ], [ 53.544817083758787, 27.921952772199521, 0.0 ], [ 53.545512458354779, 27.921776926643439, 0.0 ], [ 53.54636210424318, 27.921628126977971, 0.0 ], [ 53.546787782726803, 27.921368096442031, 0.0 ], [ 53.546931032705082, 27.92071045809837, 0.0 ], [ 53.547694019406137, 27.920320581374138, 0.0 ], [ 53.54857544131049, 27.91985413238579, 0.0 ], [ 53.549842950577712, 27.919684698144469, 0.0 ], [ 53.550900336297502, 27.919564336218048, 0.0 ], [ 53.552346585241779, 27.919422515598281, 0.0 ], [ 53.553344036400333, 27.9190633414469, 0.0 ], [ 53.554725919768941, 27.9188406499397, 0.0 ], [ 53.556910708963983, 27.9184464688879, 0.0 ], [ 53.558214127180577, 27.91854048875436, 0.0 ], [ 53.55915146968271, 27.917838869617249, 0.0 ], [ 53.55981906812228, 27.917220970914681, 0.0 ], [ 53.560761256371741, 27.916457486702068, 0.0 ], [ 53.562119604794397, 27.914950436888091, 0.0 ], [ 53.563138297207153, 27.913970313369859, 0.0 ], [ 53.564219952561523, 27.91290357564127, 0.0 ], [ 53.565249445832272, 27.91175409953653, 0.0 ], [ 53.56641008691291, 27.910359008876782, 0.0 ], [ 53.566898130258167, 27.910830981274898, 0.0 ], [ 53.567138329934117, 27.910876281074302, 0.0 ], [ 53.567693812900821, 27.91074584159735, 0.0 ], [ 53.568386133836917, 27.910321211271011, 0.0 ], [ 53.569214252842528, 27.909778255634318, 0.0 ], [ 53.569683718136012, 27.909740929091701, 0.0 ], [ 53.570197222942276, 27.909862430883969, 0.0 ], [ 53.57034863425126, 27.909664146008531, 0.0 ], [ 53.570635465312563, 27.909227526734401, 0.0 ], [ 53.570773071414322, 27.90841269838392, 0.0 ], [ 53.570883360132306, 27.907403486074362, 0.0 ], [ 53.571200333608303, 27.906145901090131, 0.0 ], [ 53.571662834597007, 27.9054119360902, 0.0 ], [ 53.572711108477023, 27.904810221364428, 0.0 ], [ 53.573764004114338, 27.90411044355557, 0.0 ], [ 53.57451633112715, 27.903546097942328, 0.0 ], [ 53.575563779807702, 27.902931021812819, 0.0 ], [ 53.577863090893551, 27.901275196413589, 0.0 ], [ 53.579271738352944, 27.900445753289208, 0.0 ], [ 53.581702462019372, 27.898769796042981, 0.0 ], [ 53.583058959517672, 27.898146488008191, 0.0 ], [ 53.58443874170473, 27.897640051013539, 0.0 ], [ 53.585796651472478, 27.89715778133834, 0.0 ], [ 53.586716511814807, 27.89709825482003, 0.0 ], [ 53.588658139875221, 27.89745449936537, 0.0 ], [ 53.590167501865778, 27.89756874791043, 0.0 ], [ 53.594310783001198, 27.89810195277725, 0.0 ], [ 53.598044367064283, 27.898720895057, 0.0 ], [ 53.598695260547473, 27.898443405259659, 0.0 ], [ 53.599696435695222, 27.898074581499891, 0.0 ], [ 53.600211342509283, 27.89784298229435, 0.0 ], [ 53.601757965209273, 27.89736530940171, 0.0 ], [ 53.603718504228482, 27.896816405347661, 0.0 ], [ 53.604125479881183, 27.896438879822298, 0.0 ], [ 53.604435475785081, 27.89594798035543, 0.0 ], [ 53.604840025415641, 27.895177717528821, 0.0 ], [ 53.605415151813617, 27.895086197523529, 0.0 ], [ 53.606717467438813, 27.894478854630592, 0.0 ], [ 53.607318164667277, 27.89381854075026, 0.0 ], [ 53.609152820439697, 27.892857229904969, 0.0 ], [ 53.610025444004272, 27.891990328029731, 0.0 ], [ 53.610449168576913, 27.89129885332299, 0.0 ], [ 53.611351010171667, 27.89070360160963, 0.0 ], [ 53.612632374714778, 27.889962576354399, 0.0 ], [ 53.620377903567707, 27.89148736462252, 0.0 ], [ 53.624095038765638, 27.890113566536709, 0.0 ], [ 53.625485656838137, 27.88901248597675, 0.0 ], [ 53.627232642091563, 27.888279367524159, 0.0 ], [ 53.628507146926822, 27.888194827597619, 0.0 ], [ 53.629648878983517, 27.888816596960499, 0.0 ], [ 53.629877255146582, 27.890085449321042, 0.0 ], [ 53.633431192337198, 27.889368177289992, 0.0 ], [ 53.63395396906698, 27.888248202781298, 0.0 ], [ 53.63550952007035, 27.88706074776702, 0.0 ], [ 53.63785499957261, 27.886328592862242, 0.0 ], [ 53.64008446636943, 27.885813789660251, 0.0 ], [ 53.643140484009727, 27.88538221238257, 0.0 ], [ 53.644896246883313, 27.884470515862411, 0.0 ], [ 53.647012085450783, 27.883322080804, 0.0 ], [ 53.649008380741172, 27.883516554710859, 0.0 ], [ 53.650903922887423, 27.88254395012175, 0.0 ], [ 53.652484751234361, 27.881568805393901, 0.0 ], [ 53.655814297540417, 27.880670392047751, 0.0 ], [ 53.657892352376066, 27.879870271507048, 0.0 ], [ 53.6594533159587, 27.87988983537937, 0.0 ], [ 53.660772086398637, 27.879631245065891, 0.0 ], [ 53.662697127581652, 27.879875468753362, 0.0 ], [ 53.664099658075124, 27.878790357884721, 0.0 ], [ 53.666874376351501, 27.877113651820491, 0.0 ], [ 53.669160401255233, 27.877088983957378, 0.0 ], [ 53.672105518447999, 27.876906775024871, 0.0 ], [ 53.678508192599182, 27.87715742877435, 0.0 ], [ 53.681585621405837, 27.876923089557678, 0.0 ], [ 53.687185424867259, 27.875074295716701, 0.0 ], [ 53.692241080991437, 27.874207266423898, 0.0 ], [ 53.699019598205382, 27.872704642746211, 0.0 ], [ 53.700587191952742, 27.873079037400011, 0.0 ], [ 53.701234988631079, 27.874528094886859, 0.0 ], [ 53.702704208402928, 27.876961108333528, 0.0 ], [ 53.703269742918742, 27.878043685684212, 0.0 ], [ 53.703839514984473, 27.878824676768531, 0.0 ], [ 53.704281217179371, 27.880626580998278, 0.0 ], [ 53.704525467720053, 27.881182139955481, 0.0 ], [ 53.704109779790237, 27.882079902029439, 0.0 ], [ 53.703411141549353, 27.88312386733676, 0.0 ], [ 53.702522165788537, 27.88343685359651, 0.0 ], [ 53.701043661159567, 27.884305411389519, 0.0 ], [ 53.69959529306, 27.88488971837991, 0.0 ], [ 53.699180090939997, 27.885606427485371, 0.0 ], [ 53.699249220405427, 27.886388293910858, 0.0 ], [ 53.699693019032843, 27.88691104962869, 0.0 ], [ 53.700250270470193, 27.887181485673089, 0.0 ], [ 53.700829374865712, 27.888061651868341, 0.0 ], [ 53.701170352026971, 27.88943337465945, 0.0 ], [ 53.702040989575231, 27.89163095127897, 0.0 ], [ 53.702010051539453, 27.893512241578591, 0.0 ], [ 53.701618672199842, 27.895306988548722, 0.0 ], [ 53.70196099367692, 27.896473141255878, 0.0 ], [ 53.702537355569419, 27.897080789343121, 0.0 ], [ 53.70459983205793, 27.897467856903528, 0.0 ], [ 53.706263598861781, 27.897410011752619, 0.0 ], [ 53.706442024592413, 27.897968753601528, 0.0 ], [ 53.707201086418763, 27.898615979691769, 0.0 ], [ 53.708540609039872, 27.89911061557514, 0.0 ], [ 53.71081856391212, 27.89981514865034, 0.0 ], [ 53.712685776615572, 27.900552679462638, 0.0 ], [ 53.713890668931093, 27.900805381998978, 0.0 ], [ 53.714701046929079, 27.900298112035141, 0.0 ], [ 53.715736253663458, 27.89951614518283, 0.0 ], [ 53.71689638407419, 27.898855690123948, 0.0 ], [ 53.718892625698153, 27.89840532626674, 0.0 ], [ 53.720680821556627, 27.898388375616101, 0.0 ], [ 53.722658044863223, 27.898571695299491, 0.0 ], [ 53.724768630417387, 27.89907289972929, 0.0 ], [ 53.726259738157992, 27.899170178227791, 0.0 ], [ 53.728080876933063, 27.898600064572019, 0.0 ], [ 53.73020900730986, 27.898153749335702, 0.0 ], [ 53.732639275846509, 27.89747602578586, 0.0 ], [ 53.734117071634891, 27.896745965335921, 0.0 ], [ 53.735774286916822, 27.895661124857149, 0.0 ], [ 53.737661995162007, 27.895374021067411, 0.0 ], [ 53.740573586494357, 27.894707816219679, 0.0 ], [ 53.745843026554823, 27.892878328025301, 0.0 ], [ 53.749485346321691, 27.891946229320361, 0.0 ], [ 53.754293853002324, 27.891474044271899, 0.0 ], [ 53.757350675299463, 27.890848059393491, 0.0 ], [ 53.760779901603932, 27.89020112724916, 0.0 ], [ 53.762672151736119, 27.889993906208591, 0.0 ], [ 53.763830390043623, 27.890466845940161, 0.0 ], [ 53.765494413890018, 27.890995631007701, 0.0 ], [ 53.76641936482126, 27.891319284105698, 0.0 ], [ 53.767082192388457, 27.891328114536769, 0.0 ], [ 53.768583765525733, 27.891151484482499, 0.0 ], [ 53.769731432414609, 27.890182416360201, 0.0 ], [ 53.77148980819819, 27.88948775220803, 0.0 ], [ 53.772719832318423, 27.88929812179618, 0.0 ], [ 53.774525801621088, 27.889033190740811, 0.0 ], [ 53.777089569035297, 27.889056090540141, 0.0 ], [ 53.778901069554763, 27.88902442707322, 0.0 ], [ 53.779651216964282, 27.889021852488789, 0.0 ], [ 53.779961211333209, 27.88906341396105, 0.0 ], [ 53.781108184853728, 27.88941803664919, 0.0 ], [ 53.782039899092453, 27.889582329278731, 0.0 ], [ 53.78369414147808, 27.88920090480325, 0.0 ], [ 53.78449959808777, 27.889045742686729, 0.0 ], [ 53.78543516270603, 27.88917209317772, 0.0 ], [ 53.78713386396668, 27.88918427816758, 0.0 ], [ 53.788530391417893, 27.8887939771597, 0.0 ], [ 53.789699579696119, 27.888565952354188, 0.0 ], [ 53.790956369476852, 27.888575182513261, 0.0 ], [ 53.792936388312491, 27.888509402632121, 0.0 ], [ 53.795065410695521, 27.888239771728919, 0.0 ], [ 53.796824469073613, 27.88758814498, 0.0 ], [ 53.797845741372612, 27.887387917387731, 0.0 ], [ 53.799876139176099, 27.887388578218921, 0.0 ], [ 53.80331510415089, 27.887296852033518, 0.0 ], [ 53.806680676407652, 27.886947583124599, 0.0 ], [ 53.809000483587333, 27.886907266818628, 0.0 ], [ 53.811418578801472, 27.887017974291339, 0.0 ], [ 53.813434276478517, 27.887650402624839, 0.0 ], [ 53.815185966649587, 27.888324705856849, 0.0 ], [ 53.817636233537712, 27.889666149639979, 0.0 ], [ 53.818770039575838, 27.890532548587089, 0.0 ], [ 53.820575048857322, 27.89105421985008, 0.0 ], [ 53.822597528675821, 27.89223879413953, 0.0 ], [ 53.823822296035587, 27.893263774831379, 0.0 ], [ 53.824699856026108, 27.893818385458879, 0.0 ], [ 53.825131505536199, 27.894291833040018, 0.0 ], [ 53.82516770608256, 27.89476011208324, 0.0 ], [ 53.825198718061337, 27.895462454833559, 0.0 ], [ 53.825727092056617, 27.89585732744553, 0.0 ], [ 53.826341279241213, 27.896059530663099, 0.0 ], [ 53.826906253805753, 27.89672854799959, 0.0 ], [ 53.826545758286592, 27.897464464497052, 0.0 ], [ 53.826132460475058, 27.898629028009591, 0.0 ], [ 53.825234499778382, 27.899944012126909, 0.0 ], [ 53.8241164225443, 27.901218013473841, 0.0 ], [ 53.823791145744963, 27.90202643346176, 0.0 ], [ 53.822988050845659, 27.903601758398619, 0.0 ], [ 53.823009651470507, 27.905402271313939, 0.0 ], [ 53.821839403339908, 27.90711057809062, 0.0 ], [ 53.818164108282261, 27.910857336757221, 0.0 ], [ 53.81716767972064, 27.911655850594869, 0.0 ], [ 53.815990497432551, 27.912974560428921, 0.0 ], [ 53.814630672435342, 27.914149774407051, 0.0 ], [ 53.81200041206192, 27.91566948473579, 0.0 ], [ 53.811133161990213, 27.916316015575699, 0.0 ], [ 53.80892980968855, 27.91732466129848, 0.0 ], [ 53.806952551275273, 27.918620664285331, 0.0 ], [ 53.805442594450419, 27.919091277614161, 0.0 ], [ 53.803134555731312, 27.919005996399871, 0.0 ], [ 53.802585348394352, 27.918798168424718, 0.0 ], [ 53.801846446708389, 27.918501584904529, 0.0 ], [ 53.801046011510621, 27.9177439064261, 0.0 ], [ 53.801113724905953, 27.917170805014091, 0.0 ], [ 53.801234271497307, 27.916631391178171, 0.0 ], [ 53.800174522043037, 27.916134934780938, 0.0 ], [ 53.79815957668707, 27.915362399673182, 0.0 ], [ 53.79623517888416, 27.915160030555231, 0.0 ], [ 53.795435012844408, 27.915642347710008, 0.0 ], [ 53.793901887417597, 27.91583494899389, 0.0 ], [ 53.792878659077459, 27.916294220618621, 0.0 ], [ 53.791516709790123, 27.916597536887242, 0.0 ], [ 53.790371263766723, 27.917066883059011, 0.0 ], [ 53.789150315135757, 27.91795426342588, 0.0 ], [ 53.788153818851193, 27.91867508577025, 0.0 ], [ 53.787140589648537, 27.919300119468449, 0.0 ], [ 53.786650536279929, 27.919968710137031, 0.0 ], [ 53.782612071838273, 27.92089498460976, 0.0 ], [ 53.779867487591723, 27.920962434777209, 0.0 ], [ 53.77587728576237, 27.920939157956141, 0.0 ], [ 53.769864208494177, 27.92133424350606, 0.0 ], [ 53.766259339805977, 27.92070481779546, 0.0 ], [ 53.761434616974249, 27.921864553302971, 0.0 ], [ 53.758473661861593, 27.92329895928712, 0.0 ], [ 53.753371367635069, 27.925140895532088, 0.0 ], [ 53.750669964790447, 27.92537759602526, 0.0 ], [ 53.746867236921943, 27.92640877918728, 0.0 ], [ 53.742189440183857, 27.927373929711859, 0.0 ], [ 53.739965680560502, 27.927761587016111, 0.0 ], [ 53.738018358562321, 27.929181828728229, 0.0 ], [ 53.737191423212842, 27.93079602521998, 0.0 ], [ 53.736127850349988, 27.93076089338674, 0.0 ], [ 53.734228159635691, 27.930622998033321, 0.0 ], [ 53.732475852236867, 27.930924082321109, 0.0 ], [ 53.730799051250003, 27.931098195730598, 0.0 ], [ 53.729797787518798, 27.931557775165061, 0.0 ], [ 53.728677523772511, 27.93195093926046, 0.0 ], [ 53.727611500002929, 27.932004695704119, 0.0 ], [ 53.726753896028178, 27.932628452417202, 0.0 ], [ 53.72505585893488, 27.93328171893528, 0.0 ], [ 53.721804521182612, 27.933540228280091, 0.0 ], [ 53.718750836591099, 27.934230890695869, 0.0 ], [ 53.716229100651958, 27.934646862735448, 0.0 ], [ 53.714160779282537, 27.935155383908938, 0.0 ], [ 53.711688590730191, 27.935619195505421, 0.0 ], [ 53.709689024988933, 27.93641184054918, 0.0 ], [ 53.707766445972013, 27.93731727021267, 0.0 ], [ 53.705073487496563, 27.938095960242769, 0.0 ], [ 53.703552787133091, 27.938478933984928, 0.0 ], [ 53.702061984974328, 27.939031439257779, 0.0 ], [ 53.701148149009789, 27.939313884276832, 0.0 ], [ 53.699372132825673, 27.939347877908741, 0.0 ], [ 53.697760890193763, 27.939488981702151, 0.0 ], [ 53.696814634164738, 27.93983072602699, 0.0 ], [ 53.69638383821615, 27.940448492240009, 0.0 ], [ 53.696413527396018, 27.941143798890032, 0.0 ], [ 53.696087122314687, 27.9421382841903, 0.0 ], [ 53.694451081739921, 27.942585928612271, 0.0 ], [ 53.693839151373297, 27.943145291016709, 0.0 ], [ 53.69383280622062, 27.94377956769836, 0.0 ], [ 53.693293681135252, 27.94430823057052, 0.0 ], [ 53.692104110340807, 27.94506305935872, 0.0 ], [ 53.691269484183309, 27.944952394382732, 0.0 ], [ 53.69080525590617, 27.944821755961289, 0.0 ], [ 53.689287732457672, 27.945827644595841, 0.0 ], [ 53.687622327095767, 27.94666285889928, 0.0 ], [ 53.686692743049072, 27.947757361698152, 0.0 ], [ 53.685009238805463, 27.94887180537917, 0.0 ], [ 53.68365084936633, 27.948946962144142, 0.0 ], [ 53.683040898710793, 27.949008702640729, 0.0 ], [ 53.681094237244253, 27.949396950141612, 0.0 ], [ 53.67991169387038, 27.94988556695909, 0.0 ], [ 53.679039115632918, 27.950040583430031, 0.0 ], [ 53.677822777270528, 27.95035969368957, 0.0 ], [ 53.676038715120882, 27.950704883884999, 0.0 ], [ 53.675127290816206, 27.950927959726791, 0.0 ], [ 53.674208805893883, 27.951516079417981, 0.0 ], [ 53.673456909852327, 27.951478833935042, 0.0 ], [ 53.672805801842351, 27.952004677740021, 0.0 ], [ 53.67292068030757, 27.952732946491729, 0.0 ], [ 53.672675758174478, 27.953408718598801, 0.0 ], [ 53.672343537789672, 27.953979210276579, 0.0 ], [ 53.671771520079282, 27.954469849375879, 0.0 ], [ 53.671165129781741, 27.955300609792459, 0.0 ], [ 53.670871673555261, 27.95495672376753, 0.0 ], [ 53.669986967788383, 27.9540871702742, 0.0 ], [ 53.669111729462522, 27.953166179861672, 0.0 ], [ 53.668817702184711, 27.953008242513459, 0.0 ], [ 53.667940418637031, 27.952381349154521, 0.0 ], [ 53.667159210178824, 27.95155118863012, 0.0 ], [ 53.666322759646192, 27.95077809055288, 0.0 ], [ 53.665425502200407, 27.950392284777831, 0.0 ], [ 53.664711600413561, 27.94983435410909, 0.0 ], [ 53.664264527323972, 27.949152882318408, 0.0 ], [ 53.663828351835853, 27.94930538846025, 0.0 ], [ 53.664133563109338, 27.949836419961422, 0.0 ], [ 53.664261797621663, 27.950573067182841, 0.0 ], [ 53.664539862501393, 27.951108215700501, 0.0 ], [ 53.66427131941402, 27.9514655600072, 0.0 ], [ 53.664343513514801, 27.952130071853109, 0.0 ], [ 53.664765996611543, 27.952693232712939, 0.0 ], [ 53.665071902415043, 27.95344217952675, 0.0 ], [ 53.66548661143608, 27.954295554134241, 0.0 ], [ 53.664887347386852, 27.954377382839141, 0.0 ], [ 53.664105227174979, 27.954625975914219, 0.0 ], [ 53.662682485985279, 27.954983263385589, 0.0 ], [ 53.662179025529312, 27.955134111526249, 0.0 ], [ 53.661690004605241, 27.955284765069688, 0.0 ], [ 53.661293878917789, 27.95538741409921, 0.0 ], [ 53.65946583683656, 27.955797499098161, 0.0 ], [ 53.656442450080412, 27.95688592759446, 0.0 ], [ 53.65474574305081, 27.958168839367431, 0.0 ], [ 53.653945356011363, 27.95885434921388, 0.0 ], [ 53.652600464573148, 27.959750624100469, 0.0 ], [ 53.651128039004561, 27.95981893733881, 0.0 ], [ 53.649266213442722, 27.96027329206466, 0.0 ], [ 53.648134561263042, 27.960779260250451, 0.0 ], [ 53.646620425332067, 27.961149163955309, 0.0 ], [ 53.644520332831618, 27.96215879738941, 0.0 ], [ 53.64174089085752, 27.963285370599611, 0.0 ], [ 53.640426156187793, 27.964103565640769, 0.0 ], [ 53.638702195057697, 27.965687198139548, 0.0 ], [ 53.637653359648262, 27.967274507195938, 0.0 ], [ 53.636168880120948, 27.968261070469449, 0.0 ], [ 53.632093429271073, 27.968917984139111, 0.0 ], [ 53.632176457164078, 27.970114371180991, 0.0 ], [ 53.633842038548927, 27.97072333132714, 0.0 ], [ 53.636181347864309, 27.97204510437491, 0.0 ], [ 53.635803856532164, 27.97363978138555, 0.0 ], [ 53.636334445389203, 27.97534867300001, 0.0 ], [ 53.637536271074303, 27.977770745225829, 0.0 ], [ 53.637635913347573, 27.980087314540249, 0.0 ], [ 53.637311984966168, 27.983099108043199, 0.0 ], [ 53.638943425618059, 27.98553872462999, 0.0 ], [ 53.639356593112844, 27.987671000883189, 0.0 ], [ 53.64069373943898, 27.989160768531601, 0.0 ], [ 53.642490212529268, 27.990257730499739, 0.0 ], [ 53.642764983009997, 27.993223596988301, 0.0 ], [ 53.643509569608703, 27.994038929408561, 0.0 ], [ 53.644858410759433, 27.99513863754343, 0.0 ], [ 53.644673233578963, 27.99794128901685, 0.0 ], [ 53.645716232830772, 27.999164219167401, 0.0 ], [ 53.647357440453369, 27.99971440858878, 0.0 ], [ 53.64914518123738, 28.00066882971803, 0.0 ], [ 53.648792189131363, 28.003576366838381, 0.0 ], [ 53.65086740712588, 28.005330272754438, 0.0 ], [ 53.653504311850291, 28.009208778417719, 0.0 ], [ 53.656299795794503, 28.012693593782629, 0.0 ], [ 53.655204758902258, 28.015331638322039, 0.0 ], [ 53.652848603886277, 28.017857066072519, 0.0 ], [ 53.651908599879853, 28.018908827710991, 0.0 ], [ 53.651532691612417, 28.020433716264058, 0.0 ], [ 53.650641643873392, 28.021141714515601, 0.0 ], [ 53.647269647114008, 28.02227271438991, 0.0 ], [ 53.645702245048867, 28.022875191643958, 0.0 ], [ 53.645089079387432, 28.022317336983061, 0.0 ], [ 53.644383855216446, 28.021546743580409, 0.0 ], [ 53.643471667025914, 28.020807253219779, 0.0 ], [ 53.642013526644583, 28.02111309680344, 0.0 ], [ 53.641439868521182, 28.020763133000589, 0.0 ], [ 53.639904796586492, 28.020560635476709, 0.0 ], [ 53.639205608749549, 28.020885383778879, 0.0 ], [ 53.637115214686062, 28.021251560307899, 0.0 ], [ 53.63527833211397, 28.02194993635705, 0.0 ], [ 53.634469201080123, 28.023009974913869, 0.0 ], [ 53.63341413794074, 28.02378413915374, 0.0 ], [ 53.632593718857393, 28.02430074322454, 0.0 ], [ 53.631649111617847, 28.02465632058362, 0.0 ], [ 53.630777507220031, 28.024858767112281, 0.0 ], [ 53.629430594411701, 28.025170866784268, 0.0 ], [ 53.62813582208031, 28.026378021341699, 0.0 ], [ 53.627659795327183, 28.02693171272648, 0.0 ], [ 53.627563830639822, 28.027949554072691, 0.0 ], [ 53.62699164806498, 28.030523617516401, 0.0 ], [ 53.625614553409108, 28.033498474011701, 0.0 ], [ 53.624563937426458, 28.035784177794788, 0.0 ], [ 53.623768026652449, 28.037806740986881, 0.0 ], [ 53.623741084631803, 28.039031714863331, 0.0 ], [ 53.623690696816837, 28.04001620252193, 0.0 ], [ 53.62404967002356, 28.04109075872115, 0.0 ], [ 53.624444260942703, 28.042665588289658, 0.0 ], [ 53.622937633168362, 28.045658303572331, 0.0 ], [ 53.621186269343802, 28.048173467376721, 0.0 ], [ 53.617820188826471, 28.052833642936079, 0.0 ], [ 53.615814304938652, 28.05502596792563, 0.0 ], [ 53.613767611169578, 28.05905723571286, 0.0 ], [ 53.610814531987707, 28.06490630922179, 0.0 ], [ 53.610214416949653, 28.06826892498399, 0.0 ], [ 53.610697257537602, 28.07174646241732, 0.0 ], [ 53.611197094812887, 28.073684753843011, 0.0 ], [ 53.610280110239053, 28.075631043173789, 0.0 ], [ 53.610537119629022, 28.076582166586739, 0.0 ], [ 53.610534065654591, 28.077938836122211, 0.0 ], [ 53.610793037917702, 28.07940452345839, 0.0 ], [ 53.6107109166283, 28.080750505324509, 0.0 ], [ 53.608942688339233, 28.08193585329553, 0.0 ], [ 53.607617677018801, 28.081904485148531, 0.0 ], [ 53.604228289543279, 28.0835069671047, 0.0 ], [ 53.601102805195552, 28.083687200811781, 0.0 ], [ 53.598638980399294, 28.08535869142942, 0.0 ], [ 53.597216526243344, 28.08677274394498, 0.0 ], [ 53.595916682106932, 28.08762913606412, 0.0 ], [ 53.593378261052777, 28.087757046947761, 0.0 ], [ 53.590253825463932, 28.089198486280051, 0.0 ], [ 53.58672651119354, 28.091807996145249, 0.0 ], [ 53.582192423692007, 28.094930046435259, 0.0 ], [ 53.580542450915956, 28.095908071472579, 0.0 ], [ 53.579323699400327, 28.096894697840661, 0.0 ], [ 53.577978876546652, 28.097795267183479, 0.0 ], [ 53.57687030504394, 28.098506694093629, 0.0 ], [ 53.57475269311589, 28.099294142366411, 0.0 ], [ 53.573613821372057, 28.099611154605991, 0.0 ], [ 53.572633289820033, 28.099874671688109, 0.0 ], [ 53.568306989157108, 28.103124528042219, 0.0 ], [ 53.567687367106082, 28.103658742216069, 0.0 ], [ 53.566642887456069, 28.10432690418666, 0.0 ], [ 53.565327910840999, 28.10508724511304, 0.0 ], [ 53.563911624408703, 28.106165816511961, 0.0 ], [ 53.559823051540597, 28.109508678510569, 0.0 ], [ 53.559537859344822, 28.10974141703003, 0.0 ], [ 53.55886522249336, 28.11020881330575, 0.0 ], [ 53.55762593654454, 28.11128926934974, 0.0 ], [ 53.555919561418143, 28.112507882871469, 0.0 ], [ 53.555140475584778, 28.113215776209259, 0.0 ], [ 53.553541812871167, 28.114454355546279, 0.0 ], [ 53.553232693746232, 28.114171978042179, 0.0 ], [ 53.552306299627453, 28.113284853920572, 0.0 ], [ 53.549948190377222, 28.11128887687525, 0.0 ], [ 53.548844612720892, 28.110523157283151, 0.0 ], [ 53.54816458682042, 28.109490841801499, 0.0 ], [ 53.547945489057327, 28.108266033158831, 0.0 ], [ 53.547549785588572, 28.10654239418556, 0.0 ], [ 53.548140882958663, 28.105593421420789, 0.0 ], [ 53.549135596276258, 28.104531950201832, 0.0 ], [ 53.549227454060158, 28.103976452851789, 0.0 ], [ 53.54854831167227, 28.10384737755594, 0.0 ], [ 53.548248178261069, 28.10310697436498, 0.0 ], [ 53.547357510344597, 28.102025836097472, 0.0 ], [ 53.541216303573933, 28.10059330038845, 0.0 ], [ 53.534520653912658, 28.099799128423861, 0.0 ], [ 53.530573989801297, 28.099099761688581, 0.0 ], [ 53.526714016985679, 28.097221003593202, 0.0 ], [ 53.517828908038652, 28.094261184433918, 0.0 ], [ 53.517256068330823, 28.094404730156668, 0.0 ], [ 53.515224145623208, 28.094894434820969, 0.0 ], [ 53.514394157791671, 28.094883432467739, 0.0 ], [ 53.513487142169978, 28.094716101108212, 0.0 ], [ 53.51270284179737, 28.094872481746211, 0.0 ], [ 53.511863638759948, 28.094985067164391, 0.0 ], [ 53.511512623116197, 28.094637386119519, 0.0 ], [ 53.511230607981084, 28.094551157490049, 0.0 ], [ 53.510633515255691, 28.09417922671631, 0.0 ], [ 53.510233919783182, 28.093850133386479, 0.0 ], [ 53.510177679181041, 28.09307287056485, 0.0 ], [ 53.509786222234233, 28.093153386262919, 0.0 ], [ 53.509033404825892, 28.093376194374681, 0.0 ], [ 53.508558260863438, 28.093128231970031, 0.0 ], [ 53.508220363278397, 28.092898094450231, 0.0 ], [ 53.507397833471977, 28.092817399908661, 0.0 ], [ 53.506749397076121, 28.09278633800993, 0.0 ], [ 53.506190883287907, 28.092795133981721, 0.0 ], [ 53.504922186592168, 28.09282691139974, 0.0 ], [ 53.504652775325631, 28.093023166215261, 0.0 ], [ 53.504125705727901, 28.093191409652, 0.0 ], [ 53.503653891479829, 28.093298015624772, 0.0 ], [ 53.503176975628023, 28.09343147072666, 0.0 ], [ 53.503014500315501, 28.093585519692319, 0.0 ], [ 53.503192597486752, 28.093937818317869, 0.0 ], [ 53.503023576865488, 28.094047220632159, 0.0 ], [ 53.502870885337032, 28.093814749381188, 0.0 ], [ 53.502636439760593, 28.093788929383489, 0.0 ], [ 53.502416109729452, 28.094122062703821, 0.0 ], [ 53.502338985117603, 28.094183816290869, 0.0 ], [ 53.502098428411493, 28.094010554496951, 0.0 ], [ 53.501956818980702, 28.09418562074001, 0.0 ], [ 53.501996827005357, 28.094472047763919, 0.0 ], [ 53.502060245587941, 28.09478130445601, 0.0 ], [ 53.501819557882662, 28.094911304807411, 0.0 ], [ 53.501617760818959, 28.0944384190005, 0.0 ], [ 53.501544590606073, 28.093704202118492, 0.0 ], [ 53.50132709968743, 28.093280773817671, 0.0 ], [ 53.500687793360122, 28.092515435056381, 0.0 ], [ 53.500304903876042, 28.091896295587489, 0.0 ], [ 53.49993120669096, 28.091374132791319, 0.0 ], [ 53.498995617292408, 28.09049004309971, 0.0 ], [ 53.49837866213592, 28.08989896744901, 0.0 ], [ 53.49754104569336, 28.089252061560831, 0.0 ], [ 53.49501950218049, 28.086869115084369, 0.0 ], [ 53.494484219440672, 28.08639234689236, 0.0 ], [ 53.493902835433417, 28.08584734743604, 0.0 ], [ 53.49315709540781, 28.085087110400629, 0.0 ], [ 53.49256238004633, 28.084488039270369, 0.0 ], [ 53.491966518138192, 28.083926678928599, 0.0 ], [ 53.491489268492032, 28.083484036757039, 0.0 ], [ 53.491135138139832, 28.083110614769868, 0.0 ], [ 53.490842562116782, 28.082505796720181, 0.0 ], [ 53.490631280271039, 28.08208313104517, 0.0 ], [ 53.490239568287869, 28.081696285875068, 0.0 ], [ 53.489977674081828, 28.081442150871229, 0.0 ], [ 53.48951944904136, 28.08115839381426, 0.0 ], [ 53.489661298536511, 28.080922339651, 0.0 ], [ 53.489414084012743, 28.08049595616804, 0.0 ], [ 53.489514026042187, 28.080046956079808, 0.0 ], [ 53.489325724454233, 28.079700150708589, 0.0 ], [ 53.489127994021963, 28.07916514790217, 0.0 ], [ 53.48916879710923, 28.078737411583852, 0.0 ], [ 53.488792497506552, 28.07807532699201, 0.0 ], [ 53.488420512607107, 28.077842017470399, 0.0 ], [ 53.488163902872408, 28.07780341737827, 0.0 ], [ 53.48773266037621, 28.076686301981919, 0.0 ], [ 53.48595122382266, 28.073157130080372, 0.0 ], [ 53.485534977840217, 28.072621959545518, 0.0 ], [ 53.485172527134409, 28.071852364558659, 0.0 ], [ 53.484038552103812, 28.069403361958109, 0.0 ], [ 53.48354828919738, 28.06778160166845, 0.0 ], [ 53.483351552906967, 28.067224596172, 0.0 ], [ 53.483219048636208, 28.066668549795821, 0.0 ], [ 53.482787130190523, 28.06495112327578, 0.0 ], [ 53.48259128170757, 28.06446992295135, 0.0 ], [ 53.482371082594312, 28.063647057296141, 0.0 ], [ 53.482258807202243, 28.0630719740697, 0.0 ], [ 53.482174121339597, 28.0626129798131, 0.0 ], [ 53.482161094522333, 28.062034959568951, 0.0 ], [ 53.48206927160706, 28.061473553947479, 0.0 ], [ 53.482240770949872, 28.060933364252339, 0.0 ], [ 53.481846996946743, 28.0601308037803, 0.0 ], [ 53.481363732645093, 28.05953869053215, 0.0 ], [ 53.480819938945061, 28.058643165719278, 0.0 ], [ 53.480613362854029, 28.05796548426617, 0.0 ], [ 53.480786395173823, 28.057508179486849, 0.0 ], [ 53.480900217751937, 28.056411775262639, 0.0 ], [ 53.48060279510635, 28.055863195327039, 0.0 ], [ 53.480467385885227, 28.05530176883958, 0.0 ], [ 53.480442736595514, 28.05494323529792, 0.0 ], [ 53.480482149235407, 28.054216050264969, 0.0 ], [ 53.48063518445295, 28.05342971545894, 0.0 ], [ 53.48032819916456, 28.052844101140661, 0.0 ], [ 53.479909752401092, 28.05209462980703, 0.0 ], [ 53.479903578119682, 28.05180664541194, 0.0 ], [ 53.479817114448693, 28.051495199738731, 0.0 ], [ 53.480034624869333, 28.051198872562129, 0.0 ], [ 53.480325747271593, 28.050948181338239, 0.0 ], [ 53.480152639376222, 28.050414924828321, 0.0 ], [ 53.480103730256623, 28.050138394342898, 0.0 ], [ 53.480251150947723, 28.049895606066251, 0.0 ], [ 53.480108333364363, 28.049672565178049, 0.0 ], [ 53.479966305205117, 28.049025720148069, 0.0 ], [ 53.480327950925847, 28.048556196629409, 0.0 ], [ 53.480571030477897, 28.048016565745709, 0.0 ], [ 53.480777554119413, 28.047748000823891, 0.0 ], [ 53.480843261694353, 28.047137125270432, 0.0 ], [ 53.480553566088517, 28.046384696826919, 0.0 ], [ 53.480530127075362, 28.045876619436839, 0.0 ], [ 53.480582476831692, 28.04543706872569, 0.0 ], [ 53.480557938016389, 28.04468815135948, 0.0 ], [ 53.480287520424511, 28.043897672910429, 0.0 ], [ 53.480249922443257, 28.043257349492979, 0.0 ], [ 53.480274514910761, 28.0426131090029, 0.0 ], [ 53.47982018373304, 28.042095337297191, 0.0 ], [ 53.479325274109563, 28.041850076822389, 0.0 ], [ 53.47871753228533, 28.04133019044723, 0.0 ], [ 53.478414512176727, 28.040950813038901, 0.0 ], [ 53.477886347174874, 28.040022819123319, 0.0 ], [ 53.477485961922639, 28.038926805872642, 0.0 ], [ 53.476648196527663, 28.036834164171118, 0.0 ], [ 53.476319731640658, 28.036798495148179, 0.0 ], [ 53.476066320224092, 28.03499242756665, 0.0 ], [ 53.475406546815819, 28.03348196115606, 0.0 ], [ 53.474693894329562, 28.032378895497569, 0.0 ], [ 53.474211619224697, 28.031415525928409, 0.0 ], [ 53.473403640407767, 28.030413803689569, 0.0 ], [ 53.472778140592737, 28.028732063009141, 0.0 ], [ 53.471960251610128, 28.02714894041236, 0.0 ], [ 53.471497606567489, 28.026041921791151, 0.0 ], [ 53.471494597506251, 28.024940326265948, 0.0 ], [ 53.471123622599862, 28.02434978439619, 0.0 ], [ 53.47011062293295, 28.02488014671788, 0.0 ], [ 53.468769241693622, 28.026263801851758, 0.0 ], [ 53.466407622481277, 28.02839361363489, 0.0 ], [ 53.466171200458483, 28.028663981917369, 0.0 ], [ 53.46580526721641, 28.02951718245275, 0.0 ], [ 53.465478454912393, 28.03033676819603, 0.0 ], [ 53.464924039771283, 28.031048671321159, 0.0 ], [ 53.464255253993599, 28.031485211023899, 0.0 ], [ 53.463172385797847, 28.031433078623749, 0.0 ], [ 53.460039540080118, 28.032137836319869, 0.0 ], [ 53.456764425220847, 28.033722377671719, 0.0 ], [ 53.453388345942741, 28.034834587953512, 0.0 ], [ 53.452301689829703, 28.035466672361569, 0.0 ], [ 53.449750093444592, 28.03655095414604, 0.0 ], [ 53.447153064625319, 28.037636340538331, 0.0 ], [ 53.446301221621098, 28.038273457084291, 0.0 ], [ 53.445081443192358, 28.039532201749029, 0.0 ], [ 53.444121923976603, 28.040459338644482, 0.0 ], [ 53.442941613798332, 28.040997831944559, 0.0 ], [ 53.44232923135521, 28.041495357369691, 0.0 ], [ 53.440093980779139, 28.042938304322259, 0.0 ], [ 53.438318137584723, 28.044272135858321, 0.0 ], [ 53.437601200007663, 28.044599721167, 0.0 ], [ 53.436833919260643, 28.045310742627979, 0.0 ], [ 53.435893399811562, 28.046166976506829, 0.0 ], [ 53.435698032188682, 28.046502798201359, 0.0 ], [ 53.434704511196507, 28.046996535185809, 0.0 ], [ 53.434478759353297, 28.047695791019851, 0.0 ], [ 53.434167497342131, 28.048734653761802, 0.0 ], [ 53.433537694599053, 28.05052450603695, 0.0 ], [ 53.432412106012677, 28.052900420609831, 0.0 ], [ 53.431931050162973, 28.053550438731719, 0.0 ], [ 53.431074432610707, 28.055556492031439, 0.0 ], [ 53.430593849547527, 28.056742108341371, 0.0 ], [ 53.430015096591887, 28.05797669079028, 0.0 ], [ 53.429185164171543, 28.05903957463002, 0.0 ], [ 53.428254011658922, 28.059373034608811, 0.0 ], [ 53.427204693819633, 28.06014358964898, 0.0 ], [ 53.426088434410602, 28.060350800836751, 0.0 ], [ 53.424463538279269, 28.061956142596721, 0.0 ], [ 53.423973721635072, 28.062633209075759, 0.0 ], [ 53.423120401947401, 28.064005110116891, 0.0 ], [ 53.422779408591047, 28.064880001610859, 0.0 ], [ 53.422098181454032, 28.065780103774539, 0.0 ], [ 53.419532636564142, 28.06980750328923, 0.0 ], [ 53.418598641423742, 28.070794145259988, 0.0 ], [ 53.41714577880829, 28.072316926800699, 0.0 ], [ 53.416122941459392, 28.074276112885581, 0.0 ], [ 53.41561465382761, 28.07560939456976, 0.0 ], [ 53.415144211299953, 28.0769536539817, 0.0 ], [ 53.414573275249758, 28.07770864284085, 0.0 ], [ 53.413729582408287, 28.07787990757209, 0.0 ], [ 53.412968760670317, 28.078161969929081, 0.0 ], [ 53.412746775761541, 28.078718145638529, 0.0 ], [ 53.412523961898941, 28.079485939750619, 0.0 ], [ 53.411458127376463, 28.08039910355847, 0.0 ], [ 53.410316823565317, 28.08152944360727, 0.0 ], [ 53.407954018670992, 28.083714855238611, 0.0 ], [ 53.40746973580481, 28.084186345269028, 0.0 ], [ 53.406498174742531, 28.085425156113772, 0.0 ], [ 53.405332032421263, 28.086302441562822, 0.0 ], [ 53.402007764364122, 28.087935653470169, 0.0 ], [ 53.400647623445543, 28.088324155893929, 0.0 ], [ 53.400018113702423, 28.08892892326071, 0.0 ], [ 53.399768322674547, 28.089813582373679, 0.0 ], [ 53.398794681356421, 28.090411756337559, 0.0 ], [ 53.396657447206607, 28.09253395954061, 0.0 ], [ 53.396233494331597, 28.09290109515895, 0.0 ], [ 53.395739347881438, 28.09275510039739, 0.0 ], [ 53.392662907360268, 28.09178275203033, 0.0 ], [ 53.391794283694189, 28.09221754661667, 0.0 ], [ 53.390781784342551, 28.092679282764301, 0.0 ], [ 53.389488893324987, 28.09382175739648, 0.0 ], [ 53.38735475585932, 28.095262339434861, 0.0 ], [ 53.38605455096085, 28.096200794495601, 0.0 ], [ 53.38498539845768, 28.097210868909951, 0.0 ], [ 53.3837107644746, 28.098340341195769, 0.0 ], [ 53.382146467210227, 28.099762954516951, 0.0 ], [ 53.378916353249011, 28.103594002150398, 0.0 ], [ 53.377976004310213, 28.105204636106009, 0.0 ], [ 53.377383425869539, 28.105980620404829, 0.0 ], [ 53.377103235528253, 28.106887475093409, 0.0 ], [ 53.37690669058501, 28.108068985815869, 0.0 ], [ 53.376373485485807, 28.10860129014964, 0.0 ], [ 53.375088646920872, 28.109381052902009, 0.0 ], [ 53.373755158321572, 28.109593498180061, 0.0 ], [ 53.372591908101832, 28.10931846127788, 0.0 ], [ 53.370784895976733, 28.108879806049352, 0.0 ], [ 53.367411744187493, 28.108313945136779, 0.0 ], [ 53.365520423931002, 28.10815592283673, 0.0 ], [ 53.363787180883193, 28.108619446764369, 0.0 ], [ 53.359939141809363, 28.109253405060269, 0.0 ] ] ] } },
{ "type": "Feature", "properties": { "Name": "منطقه شکار ممن.ع آق جلو", "description": null, "timestamp": null, "begin": null, "end": null, "altitudeMode": null, "tessellate": -1, "extrude": 0, "visibility": -1, "drawOrder": null, "icon": null }, "geometry": { "type": "Polygon", "coordinates": [ [ [ 52.896017235974263, 29.635511685645199, 0.0 ], [ 52.897441093049103, 29.632289083695579, 0.0 ], [ 52.900017436162187, 29.62836037453603, 0.0 ], [ 52.903050386977277, 29.626178570435641, 0.0 ], [ 52.908622906837437, 29.6227916023809, 0.0 ], [ 52.912066537970773, 29.620100825032889, 0.0 ], [ 52.91496724516017, 29.620861225944839, 0.0 ], [ 52.916941987651541, 29.62123849673473, 0.0 ], [ 52.918352643345877, 29.620789613515939, 0.0 ], [ 52.92639186666888, 29.614877459380761, 0.0 ], [ 52.931708610228462, 29.609669052459289, 0.0 ], [ 52.939253567286137, 29.603590163613351, 0.0 ], [ 52.946645705586327, 29.597940996517039, 0.0 ], [ 52.953897204354831, 29.593445698943341, 0.0 ], [ 52.961373787168583, 29.587664606976961, 0.0 ], [ 52.966185753150612, 29.581088868385802, 0.0 ], [ 52.969396661926751, 29.577748022109851, 0.0 ], [ 52.971526166889682, 29.576448086049101, 0.0 ], [ 52.973646886900198, 29.575766403134139, 0.0 ], [ 52.975852364681437, 29.575492661786789, 0.0 ], [ 52.978290362181689, 29.57542309881137, 0.0 ], [ 52.98087943803931, 29.575152016606928, 0.0 ], [ 52.983476225937068, 29.573515032173599, 0.0 ], [ 52.986075688904222, 29.572421510606709, 0.0 ], [ 52.988278682370307, 29.571875239565308, 0.0 ], [ 52.991337870623873, 29.571262927190421, 0.0 ], [ 52.993696353751112, 29.570580345088342, 0.0 ], [ 52.996989955721553, 29.569763299792118, 0.0 ], [ 52.999381639212707, 29.569483237491731, 0.0 ], [ 53.000807633040047, 29.570029634885941, 0.0 ], [ 53.001507821448548, 29.570852780215361, 0.0 ], [ 53.000877877727483, 29.571947806873869, 0.0 ], [ 53.000020175599403, 29.573247898494191, 0.0 ], [ 52.998274527482863, 29.574205780717492, 0.0 ], [ 52.997971562793687, 29.575712605911111, 0.0 ], [ 52.997487712489303, 29.577490946559649, 0.0 ], [ 52.996123910305798, 29.578441592792739, 0.0 ], [ 52.994822311421771, 29.580164241024761, 0.0 ], [ 52.99339569132259, 29.58152916625, 0.0 ], [ 52.992743516914317, 29.582883201433742, 0.0 ], [ 52.992575364175273, 29.584105267046208, 0.0 ], [ 52.993280494068941, 29.585402401243339, 0.0 ], [ 52.994779184880187, 29.586433416012898, 0.0 ], [ 52.995917090326422, 29.58682261565297, 0.0 ], [ 52.997873210425681, 29.58689358580153, 0.0 ], [ 52.999384393406707, 29.58699452663538, 0.0 ], [ 53.000711501112043, 29.587198827959039, 0.0 ], [ 53.001663523891089, 29.587667893279349, 0.0 ], [ 53.002586913895989, 29.587794085708619, 0.0 ], [ 53.00356644028551, 29.58788208071897, 0.0 ], [ 53.004242034177103, 29.587844730231431, 0.0 ], [ 53.004939523492439, 29.587918281741231, 0.0 ], [ 53.005380206397128, 29.587814608974941, 0.0 ], [ 53.005608933378092, 29.587761795873011, 0.0 ], [ 53.006178684631472, 29.58782013697456, 0.0 ], [ 53.006570660230558, 29.587912453094791, 0.0 ], [ 53.007030697032143, 29.587954875662131, 0.0 ], [ 53.007118218382217, 29.588280004656411, 0.0 ], [ 53.007025572468201, 29.588525343083589, 0.0 ], [ 53.006782989059481, 29.588753195418949, 0.0 ], [ 53.006443427681901, 29.58916736375102, 0.0 ], [ 53.006145475329113, 29.589572008067151, 0.0 ], [ 53.006154624159407, 29.589904007405728, 0.0 ], [ 53.006315818290652, 29.59055553947363, 0.0 ], [ 53.0065032514295, 29.591073657598109, 0.0 ], [ 53.006639286112019, 29.591440856841249, 0.0 ], [ 53.006730023626439, 29.59191668926891, 0.0 ], [ 53.006521129764749, 29.592118948894711, 0.0 ], [ 53.006222934848203, 29.592431090481771, 0.0 ], [ 53.005915533351057, 29.592602356360288, 0.0 ], [ 53.00572564600413, 29.59290855958503, 0.0 ], [ 53.005728264108981, 29.59295103225385, 0.0 ], [ 53.005412304394227, 29.593275489959829, 0.0 ], [ 53.005145800191812, 29.593519790642588, 0.0 ], [ 53.004881020594397, 29.593684128853148, 0.0 ], [ 53.004642964394797, 29.5938569444093, 0.0 ], [ 53.004278079810447, 29.593957778032589, 0.0 ], [ 53.003872097680343, 29.594065149958979, 0.0 ], [ 53.003482721283063, 29.594133591261329, 0.0 ], [ 53.003077815861737, 29.59422997159816, 0.0 ], [ 53.002639453090417, 29.59426262667348, 0.0 ], [ 53.002249314293067, 29.594549823011789, 0.0 ], [ 53.001886498307378, 29.594835455701769, 0.0 ], [ 53.001841155104387, 29.594864994072161, 0.0 ], [ 53.001421835902633, 29.595268673455159, 0.0 ], [ 53.001038276541202, 29.595650527750941, 0.0 ], [ 53.000563158366148, 29.596063398031031, 0.0 ], [ 53.000212867701237, 29.596338233616081, 0.0 ], [ 52.999711006338927, 29.596812755832921, 0.0 ], [ 52.999434556798029, 29.597122187868958, 0.0 ], [ 52.999022478771167, 29.59767357464191, 0.0 ], [ 52.997931003956197, 29.59922849312089, 0.0 ], [ 52.997156660031223, 29.60027363843778, 0.0 ], [ 52.996004412656937, 29.601398408931679, 0.0 ], [ 52.995551841171938, 29.601769827404141, 0.0 ], [ 52.995220003045681, 29.60205347842637, 0.0 ], [ 52.994941649793311, 29.601725583706351, 0.0 ], [ 52.994545239633133, 29.601294684104079, 0.0 ], [ 52.994207168592133, 29.600982959335841, 0.0 ], [ 52.993801070491394, 29.60075076471643, 0.0 ], [ 52.993548781119273, 29.60056822285004, 0.0 ], [ 52.993107896929402, 29.600499128551281, 0.0 ], [ 52.992780775216602, 29.600650305295201, 0.0 ], [ 52.99241935972902, 29.601062716695029, 0.0 ], [ 52.992026919486797, 29.60138621858091, 0.0 ], [ 52.99175459378197, 29.601779896447979, 0.0 ], [ 52.991399457642707, 29.60214802496737, 0.0 ], [ 52.991300040155352, 29.602352583085729, 0.0 ], [ 52.991256768787473, 29.602587999352409, 0.0 ], [ 52.991541727205892, 29.602895857235559, 0.0 ], [ 52.992036751928303, 29.603249133093641, 0.0 ], [ 52.99285624834998, 29.60395388769404, 0.0 ], [ 52.99048969952252, 29.606185095982131, 0.0 ], [ 52.987730095664247, 29.608270127431911, 0.0 ], [ 52.98694113245277, 29.609896981698849, 0.0 ], [ 52.984803231804698, 29.613827509334168, 0.0 ], [ 52.98245461777168, 29.61718825962787, 0.0 ], [ 52.982851636385057, 29.61805272878745, 0.0 ], [ 52.983392875080533, 29.618373941643441, 0.0 ], [ 52.984303970954592, 29.61882550182397, 0.0 ], [ 52.984898953186082, 29.619476656830599, 0.0 ], [ 52.984590628714081, 29.620800570960771, 0.0 ], [ 52.984311755719709, 29.622497169792791, 0.0 ], [ 52.98487379197708, 29.623441778474149, 0.0 ], [ 52.985263624869653, 29.624119252368651, 0.0 ], [ 52.985806726036643, 29.624983822995901, 0.0 ], [ 52.985720278156791, 29.62544004425623, 0.0 ], [ 52.98566147048102, 29.62591951624546, 0.0 ], [ 52.985438287784419, 29.626256935123379, 0.0 ], [ 52.985108474247099, 29.62650587372223, 0.0 ], [ 52.984751175661941, 29.626709152189012, 0.0 ], [ 52.984304206788153, 29.626876189072259, 0.0 ], [ 52.983608093024152, 29.627071529421318, 0.0 ], [ 52.983219433295723, 29.627174883290181, 0.0 ], [ 52.982715093266087, 29.62686985990187, 0.0 ], [ 52.982242337993647, 29.626776962059651, 0.0 ], [ 52.981601847393812, 29.62673561555032, 0.0 ], [ 52.981044258440242, 29.626780675899091, 0.0 ], [ 52.980431977418753, 29.626725390411419, 0.0 ], [ 52.97979224955499, 29.626842221554579, 0.0 ], [ 52.979263081941227, 29.62706028129357, 0.0 ], [ 52.978677970552717, 29.627302993683589, 0.0 ], [ 52.978118813358897, 29.62742906791625, 0.0 ], [ 52.977421050858759, 29.62728451525512, 0.0 ], [ 52.976518283605607, 29.62713023634576, 0.0 ], [ 52.97579128240465, 29.627302394927948, 0.0 ], [ 52.975195792140468, 29.627246353263281, 0.0 ], [ 52.97481007095967, 29.627269439206682, 0.0 ], [ 52.974085101420833, 29.626708690725181, 0.0 ], [ 52.973300205843501, 29.626129760978049, 0.0 ], [ 52.972154819682181, 29.62537708762996, 0.0 ], [ 52.97140846630932, 29.62513331953992, 0.0 ], [ 52.96996901182699, 29.625995479240149, 0.0 ], [ 52.968350866730631, 29.627028865984169, 0.0 ], [ 52.965898928859488, 29.628875398580242, 0.0 ], [ 52.967862957387702, 29.631223704139291, 0.0 ], [ 52.964680577915082, 29.633690615081331, 0.0 ], [ 52.963909364325687, 29.634822824579452, 0.0 ], [ 52.963499913628432, 29.635576222854411, 0.0 ], [ 52.963672245726983, 29.636256367931072, 0.0 ], [ 52.964028292233891, 29.636765562622159, 0.0 ], [ 52.964518066193037, 29.637127898783682, 0.0 ], [ 52.96498501364858, 29.637380830377669, 0.0 ], [ 52.965508635605623, 29.637615479772741, 0.0 ], [ 52.965790454265182, 29.637883084982018, 0.0 ], [ 52.965738637252862, 29.638038891952942, 0.0 ], [ 52.965456005890552, 29.638083068617821, 0.0 ], [ 52.964854501363213, 29.638133752954431, 0.0 ], [ 52.964111959154401, 29.638486303453391, 0.0 ], [ 52.962936023168659, 29.63890299019074, 0.0 ], [ 52.962195880840149, 29.639248611581689, 0.0 ], [ 52.96158162865715, 29.639665782319959, 0.0 ], [ 52.961274537726027, 29.639733554723492, 0.0 ], [ 52.960738435319684, 29.639796587304371, 0.0 ], [ 52.960000306898053, 29.639744881590019, 0.0 ], [ 52.959207784036202, 29.639813062133349, 0.0 ], [ 52.957952142043297, 29.639884333506028, 0.0 ], [ 52.956904592329757, 29.640038544579738, 0.0 ], [ 52.951739453139488, 29.639783541841378, 0.0 ], [ 52.949881860635152, 29.639250916081082, 0.0 ], [ 52.948436771495963, 29.638837068342561, 0.0 ], [ 52.947266916315911, 29.638539937108821, 0.0 ], [ 52.946370391774551, 29.639087349968989, 0.0 ], [ 52.944847687700239, 29.640571735405508, 0.0 ], [ 52.944042316256343, 29.642011588424321, 0.0 ], [ 52.944176174935642, 29.64189399390245, 0.0 ], [ 52.944175447115718, 29.642281160541959, 0.0 ], [ 52.94421993580653, 29.642319375777131, 0.0 ], [ 52.944443567918803, 29.64349016682716, 0.0 ], [ 52.945068235252378, 29.644779606976499, 0.0 ], [ 52.946228593034519, 29.645545531820719, 0.0 ], [ 52.947951330841093, 29.64600728888179, 0.0 ], [ 52.948313477673487, 29.646595842249951, 0.0 ], [ 52.948080614229923, 29.648515209647289, 0.0 ], [ 52.948486484051557, 29.649731248540391, 0.0 ], [ 52.949388921667747, 29.650830963624468, 0.0 ], [ 52.950979415034958, 29.6517450343222, 0.0 ], [ 52.95116246999023, 29.651747083562061, 0.0 ], [ 52.952116477533842, 29.652144541563288, 0.0 ], [ 52.951386389570033, 29.652689341159569, 0.0 ], [ 52.949324387951727, 29.65379106265156, 0.0 ], [ 52.948446316196467, 29.654351011928831, 0.0 ], [ 52.947727187011147, 29.654602539328138, 0.0 ], [ 52.947196114099313, 29.65484016908097, 0.0 ], [ 52.946826833043211, 29.6552374625497, 0.0 ], [ 52.946502452921557, 29.655422515675038, 0.0 ], [ 52.946227092715333, 29.65550159729321, 0.0 ], [ 52.945885476248982, 29.655461489891689, 0.0 ], [ 52.945639978496608, 29.65551393527597, 0.0 ], [ 52.945422520661232, 29.655500352243351, 0.0 ], [ 52.944594594300838, 29.656159504622789, 0.0 ], [ 52.944367090045247, 29.656529029802002, 0.0 ], [ 52.943985108145817, 29.65721230680802, 0.0 ], [ 52.943835624434563, 29.657573107818969, 0.0 ], [ 52.943872417675138, 29.657905492325249, 0.0 ], [ 52.943703748051682, 29.658050648522789, 0.0 ], [ 52.943181780304492, 29.658009365739311, 0.0 ], [ 52.942559936340047, 29.65789917375006, 0.0 ], [ 52.942105231337322, 29.658075502052299, 0.0 ], [ 52.941541554201947, 29.658293682537781, 0.0 ], [ 52.941174612675297, 29.658575117826771, 0.0 ], [ 52.937167269205368, 29.659249850561022, 0.0 ], [ 52.935955877897818, 29.65919262119553, 0.0 ], [ 52.934772605972178, 29.659573646227219, 0.0 ], [ 52.933787174702722, 29.659790560257239, 0.0 ], [ 52.932962284060437, 29.659812049787071, 0.0 ], [ 52.932142448864113, 29.65958380958757, 0.0 ], [ 52.931448446997692, 29.660077613289381, 0.0 ], [ 52.93115975192201, 29.661100003204272, 0.0 ], [ 52.931216685768213, 29.66177582575699, 0.0 ], [ 52.930737348251931, 29.66233395462875, 0.0 ], [ 52.930256857037442, 29.662810305757048, 0.0 ], [ 52.929530576064671, 29.662827673843861, 0.0 ], [ 52.929210881283737, 29.663023527826731, 0.0 ], [ 52.928764440585262, 29.663383755436591, 0.0 ], [ 52.928408356398627, 29.6638617250271, 0.0 ], [ 52.927841059301258, 29.66415710482288, 0.0 ], [ 52.9267368136722, 29.66451699630618, 0.0 ], [ 52.925927040240822, 29.664776737249731, 0.0 ], [ 52.925238487740913, 29.664717736223739, 0.0 ], [ 52.924879743511113, 29.6645598700708, 0.0 ], [ 52.92422135940128, 29.66429981475191, 0.0 ], [ 52.923952719905962, 29.664168238056739, 0.0 ], [ 52.923561025566151, 29.664510126830152, 0.0 ], [ 52.923258903368172, 29.664800100235482, 0.0 ], [ 52.922330426469237, 29.66505670006206, 0.0 ], [ 52.920971269311949, 29.665995329521859, 0.0 ], [ 52.919728135385149, 29.66663051287993, 0.0 ], [ 52.918083578356509, 29.666992026722511, 0.0 ], [ 52.916997462331672, 29.666982553657661, 0.0 ], [ 52.915950766470928, 29.667289581163441, 0.0 ], [ 52.914935274179072, 29.667497709867352, 0.0 ], [ 52.911628140846403, 29.66783638136128, 0.0 ], [ 52.910446450266818, 29.668181894457248, 0.0 ], [ 52.910074714155527, 29.667984779445462, 0.0 ], [ 52.909778560604643, 29.667983245253609, 0.0 ], [ 52.908843673924487, 29.667956500505991, 0.0 ], [ 52.908059067218012, 29.667931992538371, 0.0 ], [ 52.9074200706862, 29.66797468736349, 0.0 ], [ 52.907224695514003, 29.667526213521509, 0.0 ], [ 52.906929761135757, 29.666779645116531, 0.0 ], [ 52.906782636584133, 29.666352644267569, 0.0 ], [ 52.90611390302513, 29.665945792044699, 0.0 ], [ 52.905423338424832, 29.665495543381269, 0.0 ], [ 52.904936542638943, 29.665132553253791, 0.0 ], [ 52.904738097284067, 29.66476830822425, 0.0 ], [ 52.904971846742022, 29.664119572479009, 0.0 ], [ 52.905034234226562, 29.66337848797593, 0.0 ], [ 52.904257565268537, 29.66288779257825, 0.0 ], [ 52.903735169463239, 29.662214333651988, 0.0 ], [ 52.902885349007079, 29.662151396836268, 0.0 ], [ 52.902540660933553, 29.66150976194637, 0.0 ], [ 52.902019259553121, 29.66092998556103, 0.0 ], [ 52.901532909231022, 29.660411999033439, 0.0 ], [ 52.90079656046742, 29.659861872895029, 0.0 ], [ 52.900247044680427, 29.65922567093827, 0.0 ], [ 52.899433441435249, 29.658885998646859, 0.0 ], [ 52.899010983236188, 29.65857964170776, 0.0 ], [ 52.898783220381127, 29.659825394298888, 0.0 ], [ 52.8982809854339, 29.660678635858691, 0.0 ], [ 52.897481580418123, 29.661260762690791, 0.0 ], [ 52.896338039860922, 29.66157471522272, 0.0 ], [ 52.894224877050782, 29.661524303540059, 0.0 ], [ 52.890121828806343, 29.659163844164411, 0.0 ], [ 52.889152829833833, 29.658642482120559, 0.0 ], [ 52.888477050462569, 29.658119156801199, 0.0 ], [ 52.887975729584198, 29.657760680349082, 0.0 ], [ 52.88758064816102, 29.657634297292571, 0.0 ], [ 52.887200045046441, 29.657461024109249, 0.0 ], [ 52.886970761796583, 29.657398219452219, 0.0 ], [ 52.886813906903022, 29.65730173326638, 0.0 ], [ 52.886597327084097, 29.657168509118581, 0.0 ], [ 52.886308588442823, 29.657014988656961, 0.0 ], [ 52.886263332741237, 29.656990926302012, 0.0 ], [ 52.885913155291043, 29.656815384628249, 0.0 ], [ 52.885653214847153, 29.656617062723559, 0.0 ], [ 52.885336205796662, 29.656291145640591, 0.0 ], [ 52.885322153031026, 29.656276697411741, 0.0 ], [ 52.885319316222883, 29.656272754303181, 0.0 ], [ 52.885033588697958, 29.65587559310417, 0.0 ], [ 52.884704597423656, 29.65544966264623, 0.0 ], [ 52.88439862517788, 29.655121455883862, 0.0 ], [ 52.884306082789443, 29.655022188916139, 0.0 ], [ 52.883995119588782, 29.654388231000929, 0.0 ], [ 52.883746424306374, 29.653634790817851, 0.0 ], [ 52.88375161921995, 29.6536121172314, 0.0 ], [ 52.883918666210747, 29.65288306723015, 0.0 ], [ 52.884616604057861, 29.651120290029741, 0.0 ], [ 52.887013001497749, 29.646566946496719, 0.0 ], [ 52.888461395319908, 29.644414186142619, 0.0 ], [ 52.891767172996872, 29.641093731419051, 0.0 ], [ 52.892862770508778, 29.639963665673552, 0.0 ], [ 52.893640517403632, 29.639455795166182, 0.0 ], [ 52.894550662928573, 29.638698938143961, 0.0 ], [ 52.894895988873209, 29.638206853821391, 0.0 ], [ 52.895323088516747, 29.63751177029501, 0.0 ], [ 52.895668674182147, 29.636679046077749, 0.0 ], [ 52.895862225069223, 29.635791819874569, 0.0 ], [ 52.895868615456642, 29.635764892677699, 0.0 ], [ 52.896017235974263, 29.635511685645199, 0.0 ] ] ] } },
{ "type": "Feature", "properties": { "Name": "منطقه شکار ممنوع کوه خم", "description": null, "timestamp": null, "begin": null, "end": null, "altitudeMode": null, "tessellate": -1, "extrude": 0, "visibility": -1, "drawOrder": null, "icon": null }, "geometry": { "type": "Polygon", "coordinates": [ [ [ 53.77470712214005, 29.94207689493134, 0.0 ], [ 53.775061578093599, 29.945721220959051, 0.0 ], [ 53.774781132410602, 29.949379806324391, 0.0 ], [ 53.774292841265172, 29.949446449142659, 0.0 ], [ 53.771234803573648, 29.948492753951282, 0.0 ], [ 53.76582020008, 29.94537619852035, 0.0 ], [ 53.758532063502081, 29.941427341870678, 0.0 ], [ 53.752935169841017, 29.938679669681861, 0.0 ], [ 53.748120266589879, 29.937240500168301, 0.0 ], [ 53.741727497726053, 29.935124128414291, 0.0 ], [ 53.736602489102573, 29.934850876455759, 0.0 ], [ 53.721871410192541, 29.937652573522339, 0.0 ], [ 53.719288591943027, 29.9382089277665, 0.0 ], [ 53.716791773714817, 29.938913104941069, 0.0 ], [ 53.707408154401087, 29.941730210052889, 0.0 ], [ 53.695991035067223, 29.944082595035141, 0.0 ], [ 53.686506254947751, 29.946139360578218, 0.0 ], [ 53.682300539211397, 29.946254173126569, 0.0 ], [ 53.673829657620907, 29.947504751801102, 0.0 ], [ 53.666891767053343, 29.948084454039229, 0.0 ], [ 53.659707567531143, 29.948711951790671, 0.0 ], [ 53.655244872956139, 29.949709801169561, 0.0 ], [ 53.649905872240723, 29.951020708805402, 0.0 ], [ 53.646604343348969, 29.951301057307131, 0.0 ], [ 53.645588056401891, 29.951554459368229, 0.0 ], [ 53.644958471327541, 29.952274412679561, 0.0 ], [ 53.643506060645379, 29.95285955553085, 0.0 ], [ 53.638781801755009, 29.954272832016571, 0.0 ], [ 53.637855147116788, 29.954231143910601, 0.0 ], [ 53.637093327243122, 29.95419521954652, 0.0 ], [ 53.635936009713873, 29.954056653734611, 0.0 ], [ 53.6351021741918, 29.953914675992529, 0.0 ], [ 53.634616281844089, 29.953648358263582, 0.0 ], [ 53.633830136153257, 29.953968826036341, 0.0 ], [ 53.632992224911952, 29.95438556871483, 0.0 ], [ 53.63213415868308, 29.954466096816859, 0.0 ], [ 53.630949591165653, 29.954468845322239, 0.0 ], [ 53.629960725675993, 29.954704538361039, 0.0 ], [ 53.628644097247189, 29.95476569976698, 0.0 ], [ 53.628084025767123, 29.954710209412308, 0.0 ], [ 53.627012148386981, 29.95461023247238, 0.0 ], [ 53.626070937565302, 29.954531585107649, 0.0 ], [ 53.6246133286893, 29.954569763083349, 0.0 ], [ 53.623187137881253, 29.954454591274061, 0.0 ], [ 53.621849163644882, 29.95428116750243, 0.0 ], [ 53.619331974778767, 29.9542408238921, 0.0 ], [ 53.61757437038883, 29.954132694883789, 0.0 ], [ 53.615703966846979, 29.95426759143832, 0.0 ], [ 53.615100775248791, 29.954191368568139, 0.0 ], [ 53.614042963149238, 29.954141105129288, 0.0 ], [ 53.612011247088567, 29.95411001134854, 0.0 ], [ 53.610684506270587, 29.953959470105829, 0.0 ], [ 53.608789314714777, 29.953525295165988, 0.0 ], [ 53.606154306042967, 29.953008857799201, 0.0 ], [ 53.604007429559978, 29.95253254307929, 0.0 ], [ 53.601754698662639, 29.95204773675896, 0.0 ], [ 53.600264834759393, 29.951654349768901, 0.0 ], [ 53.598596588485108, 29.951535241971161, 0.0 ], [ 53.598470600783358, 29.95124004481012, 0.0 ], [ 53.598231035480083, 29.94863412107312, 0.0 ], [ 53.595172433502029, 29.946881810419981, 0.0 ], [ 53.59249952228479, 29.945936163599729, 0.0 ], [ 53.583525826560852, 29.944747067183279, 0.0 ], [ 53.583072258115088, 29.945617154722459, 0.0 ], [ 53.58249742358835, 29.94721579535409, 0.0 ], [ 53.58158438229114, 29.94823576697042, 0.0 ], [ 53.58039795862031, 29.94873440837295, 0.0 ], [ 53.579575608547763, 29.949155161814641, 0.0 ], [ 53.577503751607942, 29.949207624561421, 0.0 ], [ 53.576067089419887, 29.949108438305011, 0.0 ], [ 53.572583750780787, 29.94720394803916, 0.0 ], [ 53.569542575336641, 29.94512043738688, 0.0 ], [ 53.565072216562882, 29.94180269315045, 0.0 ], [ 53.561417156603632, 29.940410190981041, 0.0 ], [ 53.558682380480313, 29.940107699142349, 0.0 ], [ 53.554353775716443, 29.939600693327449, 0.0 ], [ 53.547445784385523, 29.93890104684554, 0.0 ], [ 53.54280699749755, 29.93841239821467, 0.0 ], [ 53.540149050388983, 29.937672788027449, 0.0 ], [ 53.536643952248369, 29.936992345281379, 0.0 ], [ 53.530251296691979, 29.934198709129731, 0.0 ], [ 53.523094542977127, 29.931080213589851, 0.0 ], [ 53.521292940249921, 29.93053935576469, 0.0 ], [ 53.519210698600418, 29.929574895702231, 0.0 ], [ 53.514476221786552, 29.926895541375501, 0.0 ], [ 53.512420844165248, 29.926283326675009, 0.0 ], [ 53.506767186555102, 29.92469030896379, 0.0 ], [ 53.505680260663482, 29.924333164022968, 0.0 ], [ 53.50147455871786, 29.92254651862973, 0.0 ], [ 53.498988016989379, 29.921635318518451, 0.0 ], [ 53.497722744429851, 29.92144713576819, 0.0 ], [ 53.492699710757982, 29.92058602548742, 0.0 ], [ 53.489237685117288, 29.921586819864711, 0.0 ], [ 53.486418769353349, 29.92198115170941, 0.0 ], [ 53.481666073597282, 29.923864724215179, 0.0 ], [ 53.478222732659177, 29.925500444570989, 0.0 ], [ 53.474261473630897, 29.926075018449861, 0.0 ], [ 53.47015613960442, 29.92602823063628, 0.0 ], [ 53.467214590064671, 29.92526814687519, 0.0 ], [ 53.465401431322917, 29.924078811505801, 0.0 ], [ 53.463985854026937, 29.923967400537709, 0.0 ], [ 53.461418873712873, 29.923759411763861, 0.0 ], [ 53.459097680039399, 29.922522532075309, 0.0 ], [ 53.456190973701851, 29.92198610727953, 0.0 ], [ 53.450586105685829, 29.921983500278831, 0.0 ], [ 53.444500493381703, 29.92183730953148, 0.0 ], [ 53.441184325972714, 29.921638432356239, 0.0 ], [ 53.43853979760182, 29.920859409757689, 0.0 ], [ 53.435700509286363, 29.918781311207329, 0.0 ], [ 53.426667445529453, 29.916418646790859, 0.0 ], [ 53.417590546596287, 29.915576267092419, 0.0 ], [ 53.414252943675208, 29.914212871557869, 0.0 ], [ 53.411373031428731, 29.913015582496179, 0.0 ], [ 53.408292937339802, 29.909210170459328, 0.0 ], [ 53.406059955806512, 29.90670569065998, 0.0 ], [ 53.403877189265479, 29.904879281620381, 0.0 ], [ 53.401800780378167, 29.903870657581809, 0.0 ], [ 53.400525677352597, 29.90302707572156, 0.0 ], [ 53.398306030770982, 29.9016540225992, 0.0 ], [ 53.397482505789817, 29.901019273961989, 0.0 ], [ 53.398953360175263, 29.900620466808089, 0.0 ], [ 53.400118368575619, 29.89988264583549, 0.0 ], [ 53.400722417601543, 29.898831114193651, 0.0 ], [ 53.402376057417811, 29.896689678874779, 0.0 ], [ 53.40448917687231, 29.895152854728401, 0.0 ], [ 53.404910539247979, 29.89346884554574, 0.0 ], [ 53.404913665291893, 29.890902997955141, 0.0 ], [ 53.406054543815138, 29.886752921594059, 0.0 ], [ 53.407582732795497, 29.882798914730611, 0.0 ], [ 53.408878169754317, 29.88097090882512, 0.0 ], [ 53.4109783441438, 29.87812016924245, 0.0 ], [ 53.414779573627179, 29.874296121642519, 0.0 ], [ 53.417764041732823, 29.871906622805241, 0.0 ], [ 53.419511012939999, 29.87018272395089, 0.0 ], [ 53.422833098935818, 29.865424292663889, 0.0 ], [ 53.424700497245162, 29.863715175854811, 0.0 ], [ 53.428306522861313, 29.861852868894331, 0.0 ], [ 53.432037030424013, 29.859619781637139, 0.0 ], [ 53.437609543331249, 29.856301091291609, 0.0 ], [ 53.450783400266261, 29.850707555260051, 0.0 ], [ 53.453216777494383, 29.849149400084968, 0.0 ], [ 53.454476581212532, 29.847769492461438, 0.0 ], [ 53.458439333667741, 29.846658306970301, 0.0 ], [ 53.458744436113292, 29.842488221475779, 0.0 ], [ 53.460070764233578, 29.840600234319091, 0.0 ], [ 53.461289645865413, 29.839194030864611, 0.0 ], [ 53.460752941319001, 29.837366278384049, 0.0 ], [ 53.459927746242649, 29.836377842086439, 0.0 ], [ 53.459779906028338, 29.83489895232314, 0.0 ], [ 53.459912114772969, 29.834307038067418, 0.0 ], [ 53.461378573470533, 29.833072987163789, 0.0 ], [ 53.463321639550358, 29.83122406574758, 0.0 ], [ 53.464441437619591, 29.83020806358622, 0.0 ], [ 53.464971241081663, 29.82934338205628, 0.0 ], [ 53.465328266564747, 29.828288925751529, 0.0 ], [ 53.466003899421182, 29.826535578640271, 0.0 ], [ 53.467144265692909, 29.82511859342107, 0.0 ], [ 53.467766374221547, 29.82457558986831, 0.0 ], [ 53.46845693351203, 29.823973179768061, 0.0 ], [ 53.469455803653908, 29.823062472641389, 0.0 ], [ 53.469841150679883, 29.822910243133549, 0.0 ], [ 53.470130099135801, 29.822938146575229, 0.0 ], [ 53.470690649700842, 29.82309420794402, 0.0 ], [ 53.470924689386713, 29.823365156549091, 0.0 ], [ 53.471258087655272, 29.823686588855342, 0.0 ], [ 53.47159221228943, 29.823880533208762, 0.0 ], [ 53.471931717816119, 29.824219724499571, 0.0 ], [ 53.472189972492373, 29.82435019263799, 0.0 ], [ 53.472506385460953, 29.824398659340162, 0.0 ], [ 53.472905599762292, 29.824494113341341, 0.0 ], [ 53.473305805698082, 29.824539467110561, 0.0 ], [ 53.473481374174597, 29.824370899743101, 0.0 ], [ 53.473899059448399, 29.824231428339068, 0.0 ], [ 53.474283165777713, 29.824277972942681, 0.0 ], [ 53.474553148067393, 29.824066909799921, 0.0 ], [ 53.475114457979018, 29.823731996818491, 0.0 ], [ 53.475485726360617, 29.82397144077451, 0.0 ], [ 53.476074948862014, 29.82464896474416, 0.0 ], [ 53.476681759270093, 29.82452281081806, 0.0 ], [ 53.476670506590352, 29.82405780536735, 0.0 ], [ 53.476292218403927, 29.82338684721795, 0.0 ], [ 53.478242094468257, 29.82301985263015, 0.0 ], [ 53.479105206689191, 29.82271713408041, 0.0 ], [ 53.481341265499857, 29.820339086915219, 0.0 ], [ 53.482495917214457, 29.818641741420979, 0.0 ], [ 53.482978205912012, 29.818586542807989, 0.0 ], [ 53.483926137469894, 29.81847804558166, 0.0 ], [ 53.484070047218211, 29.818461573210438, 0.0 ], [ 53.484802397833079, 29.818171584115738, 0.0 ], [ 53.487069250845032, 29.81727394060038, 0.0 ], [ 53.487463844994622, 29.817117681413709, 0.0 ], [ 53.490038227399829, 29.815929784759589, 0.0 ], [ 53.492126090595612, 29.814944070896772, 0.0 ], [ 53.494480880459832, 29.813832274643069, 0.0 ], [ 53.496916714785748, 29.812357220720109, 0.0 ], [ 53.498077436437541, 29.811616276474741, 0.0 ], [ 53.498108224220857, 29.811596622986752, 0.0 ], [ 53.501193835925797, 29.809227574332301, 0.0 ], [ 53.508326954074633, 29.811324611128668, 0.0 ], [ 53.510084735235353, 29.81172766016893, 0.0 ], [ 53.511219311365792, 29.811755182939681, 0.0 ], [ 53.511933503972003, 29.81123365307802, 0.0 ], [ 53.511534950354502, 29.811004330403971, 0.0 ], [ 53.511581238200009, 29.81077767720452, 0.0 ], [ 53.512174672442761, 29.8106234607143, 0.0 ], [ 53.512248846792183, 29.81062544510883, 0.0 ], [ 53.512891048614499, 29.810754044200049, 0.0 ], [ 53.513254732019377, 29.811185578265409, 0.0 ], [ 53.513763073058797, 29.811352650402139, 0.0 ], [ 53.514137456086097, 29.81164807609364, 0.0 ], [ 53.514345488487081, 29.811895490248169, 0.0 ], [ 53.514880826697443, 29.81223526972272, 0.0 ], [ 53.515287318549419, 29.81272816747618, 0.0 ], [ 53.516014848835198, 29.813262837480849, 0.0 ], [ 53.518300944744453, 29.81367914674555, 0.0 ], [ 53.519048496071662, 29.813561798886081, 0.0 ], [ 53.519397576849698, 29.813931953690052, 0.0 ], [ 53.519294375439721, 29.814511072616899, 0.0 ], [ 53.519731246671107, 29.81476975135821, 0.0 ], [ 53.520807360543003, 29.815198917644562, 0.0 ], [ 53.520932353416264, 29.815653426605099, 0.0 ], [ 53.521296751827343, 29.816302333451439, 0.0 ], [ 53.522247053788263, 29.81592148373268, 0.0 ], [ 53.522749372567723, 29.815244705779399, 0.0 ], [ 53.522985485865028, 29.814836722048518, 0.0 ], [ 53.523199349203097, 29.815390215515301, 0.0 ], [ 53.523727613765558, 29.815978007195511, 0.0 ], [ 53.524156250113727, 29.81583533328994, 0.0 ], [ 53.525644618432757, 29.8151000664859, 0.0 ], [ 53.526716459378477, 29.814956440133692, 0.0 ], [ 53.527419624162363, 29.81469657351446, 0.0 ], [ 53.528289531938583, 29.814520511893502, 0.0 ], [ 53.530696895463507, 29.815848013423562, 0.0 ], [ 53.531866870139197, 29.816227884378659, 0.0 ], [ 53.532769923137543, 29.81628965078896, 0.0 ], [ 53.53328501842325, 29.81664723249061, 0.0 ], [ 53.53384036838203, 29.81741121006489, 0.0 ], [ 53.534605850751078, 29.817779312470851, 0.0 ], [ 53.536166192483378, 29.817582559420799, 0.0 ], [ 53.537345533314692, 29.817992629412519, 0.0 ], [ 53.538764708735442, 29.819265325663469, 0.0 ], [ 53.540803880784892, 29.820077942271709, 0.0 ], [ 53.54776884113312, 29.822236950591229, 0.0 ], [ 53.554149324195222, 29.82397117548253, 0.0 ], [ 53.557899067934997, 29.825265807685291, 0.0 ], [ 53.560248482113849, 29.82626869111991, 0.0 ], [ 53.563953087735442, 29.827563209375221, 0.0 ], [ 53.572662137227972, 29.829543414769351, 0.0 ], [ 53.578602322378217, 29.830287821498651, 0.0 ], [ 53.586330723764512, 29.831681143371931, 0.0 ], [ 53.595649850682022, 29.833603395449568, 0.0 ], [ 53.600022841689437, 29.834167029244441, 0.0 ], [ 53.603116387070394, 29.833687451050039, 0.0 ], [ 53.607310765867162, 29.83329055326924, 0.0 ], [ 53.611295792160462, 29.833083646910481, 0.0 ], [ 53.61587128852841, 29.833168594705558, 0.0 ], [ 53.616176540114338, 29.833174256075768, 0.0 ], [ 53.618949371729258, 29.8331740144815, 0.0 ], [ 53.619044978834367, 29.833174005512401, 0.0 ], [ 53.619089830116017, 29.833145594571238, 0.0 ], [ 53.620879953151302, 29.832011622487681, 0.0 ], [ 53.625446302540723, 29.830285492358009, 0.0 ], [ 53.626436854157483, 29.83001202472531, 0.0 ], [ 53.640003275698561, 29.82626577553637, 0.0 ], [ 53.644027460236998, 29.82515582695201, 0.0 ], [ 53.647857742887531, 29.822772770267338, 0.0 ], [ 53.656980019007463, 29.819945953752882, 0.0 ], [ 53.661700089731127, 29.819169541354778, 0.0 ], [ 53.67395834556865, 29.819164090537669, 0.0 ], [ 53.681990601318248, 29.817646133906351, 0.0 ], [ 53.688385368521658, 29.81657167446205, 0.0 ], [ 53.69345403478696, 29.815689434260278, 0.0 ], [ 53.697608049369919, 29.813834511016839, 0.0 ], [ 53.702336781933226, 29.81246546666252, 0.0 ], [ 53.708414590460457, 29.81265518085527, 0.0 ], [ 53.714998056378832, 29.81276675261762, 0.0 ], [ 53.717719484048693, 29.813282112170491, 0.0 ], [ 53.720342764258831, 29.813838100038161, 0.0 ], [ 53.722230134013827, 29.814274698949941, 0.0 ], [ 53.724637690133576, 29.815459948746611, 0.0 ], [ 53.727299164337282, 29.817052715635992, 0.0 ], [ 53.729459367935121, 29.817725091232589, 0.0 ], [ 53.740000899696021, 29.818133564097039, 0.0 ], [ 53.744516099549429, 29.81898695580082, 0.0 ], [ 53.748464790693568, 29.820349414731702, 0.0 ], [ 53.752478514878817, 29.821797455915942, 0.0 ], [ 53.756514160345994, 29.824903543618699, 0.0 ], [ 53.760499579647608, 29.82458411949024, 0.0 ], [ 53.766160747201667, 29.82290334085776, 0.0 ], [ 53.772589524958804, 29.82242970731626, 0.0 ], [ 53.782072341701493, 29.823764775323401, 0.0 ], [ 53.793776539610192, 29.825599282566639, 0.0 ], [ 53.795053240168578, 29.82614329655917, 0.0 ], [ 53.797309262217311, 29.826343072676138, 0.0 ], [ 53.799014833739648, 29.82681526467157, 0.0 ], [ 53.801306462669068, 29.82829921812688, 0.0 ], [ 53.802756944389003, 29.829579054725819, 0.0 ], [ 53.804822849580198, 29.8297720042547, 0.0 ], [ 53.808174163777387, 29.829485364609202, 0.0 ], [ 53.811978214684267, 29.827759574618121, 0.0 ], [ 53.823412124981751, 29.847495046421869, 0.0 ], [ 53.824179656536259, 29.849654838652889, 0.0 ], [ 53.825578722732999, 29.85258802442635, 0.0 ], [ 53.825386808891139, 29.853395169564759, 0.0 ], [ 53.824536141925471, 29.854490689022231, 0.0 ], [ 53.823935369594217, 29.856672353707541, 0.0 ], [ 53.823908698721162, 29.857394346674671, 0.0 ], [ 53.823674731144841, 29.85815001170938, 0.0 ], [ 53.823063813860372, 29.859345305320549, 0.0 ], [ 53.82228060547574, 29.860721823877331, 0.0 ], [ 53.821568820586592, 29.862093541305128, 0.0 ], [ 53.82097180650382, 29.863708558423209, 0.0 ], [ 53.820376068734859, 29.864491097521331, 0.0 ], [ 53.818827168967573, 29.866372756573021, 0.0 ], [ 53.817713968106517, 29.867554509654539, 0.0 ], [ 53.817835000808792, 29.86875968235865, 0.0 ], [ 53.817543402632182, 29.8694074008584, 0.0 ], [ 53.817042410976221, 29.870104270079409, 0.0 ], [ 53.816711072879258, 29.87079305720259, 0.0 ], [ 53.816882935721182, 29.87156560626531, 0.0 ], [ 53.816963380851817, 29.87215016750493, 0.0 ], [ 53.816713580140743, 29.872627152052232, 0.0 ], [ 53.816289132203337, 29.872469002207328, 0.0 ], [ 53.815454396178879, 29.872260920178679, 0.0 ], [ 53.814739655853067, 29.872659594153589, 0.0 ], [ 53.814677507257997, 29.87315920677235, 0.0 ], [ 53.81499140248134, 29.873630275396859, 0.0 ], [ 53.816027589626863, 29.874741680512791, 0.0 ], [ 53.816413483819353, 29.875920672891478, 0.0 ], [ 53.81626869459857, 29.876483997638491, 0.0 ], [ 53.816051255380422, 29.876863385545619, 0.0 ], [ 53.816006530276397, 29.877308076071941, 0.0 ], [ 53.815873406165352, 29.87759697965879, 0.0 ], [ 53.815760062488621, 29.87798381842218, 0.0 ], [ 53.815541918515578, 29.878654313450479, 0.0 ], [ 53.815542420194632, 29.879384081952981, 0.0 ], [ 53.815684430361657, 29.879908733620091, 0.0 ], [ 53.815800361856233, 29.88086442255344, 0.0 ], [ 53.815996236780627, 29.881588474468671, 0.0 ], [ 53.816261993852052, 29.88210678894804, 0.0 ], [ 53.816783524740089, 29.882682287632392, 0.0 ], [ 53.817307249990577, 29.883294468820768, 0.0 ], [ 53.817187793179777, 29.883544923996329, 0.0 ], [ 53.816169180325787, 29.88427496745814, 0.0 ], [ 53.815763109463937, 29.884721001971219, 0.0 ], [ 53.814319910158922, 29.8858925121604, 0.0 ], [ 53.813894354119228, 29.886249212226002, 0.0 ], [ 53.813233429984876, 29.886719666710409, 0.0 ], [ 53.812873587555472, 29.887434798241369, 0.0 ], [ 53.812626677181001, 29.887923855845621, 0.0 ], [ 53.812072236552751, 29.888380108201599, 0.0 ], [ 53.811548706364633, 29.889224826064009, 0.0 ], [ 53.810891060078362, 29.889923382775532, 0.0 ], [ 53.809896097445453, 29.890852957357598, 0.0 ], [ 53.808925422044616, 29.891635680896059, 0.0 ], [ 53.808676685028843, 29.892234027720431, 0.0 ], [ 53.808549577073236, 29.892804574168242, 0.0 ], [ 53.80848060049027, 29.893537379722591, 0.0 ], [ 53.808061388572057, 29.894138889193549, 0.0 ], [ 53.807555771835503, 29.895371851962789, 0.0 ], [ 53.807135328066813, 29.895946533001901, 0.0 ], [ 53.806429535303543, 29.896576745317201, 0.0 ], [ 53.803905565697313, 29.89696941814605, 0.0 ], [ 53.801829440708538, 29.898430043871102, 0.0 ], [ 53.800239922854118, 29.900227496512191, 0.0 ], [ 53.792085372548193, 29.90898688746724, 0.0 ], [ 53.79092771133039, 29.91040649017194, 0.0 ], [ 53.789333281479081, 29.91220658077896, 0.0 ], [ 53.787219071744147, 29.914484657141148, 0.0 ], [ 53.785880956977373, 29.916205377219409, 0.0 ], [ 53.784729418503673, 29.917345866603071, 0.0 ], [ 53.78428422052103, 29.91857401095125, 0.0 ], [ 53.783319339369413, 29.919946873386142, 0.0 ], [ 53.781774244098848, 29.923294510395621, 0.0 ], [ 53.780112949417628, 29.926591562525498, 0.0 ], [ 53.779177291004359, 29.928229569719061, 0.0 ], [ 53.778178512041578, 29.929869572562261, 0.0 ], [ 53.776931023198038, 29.93259192223476, 0.0 ], [ 53.776417053091123, 29.933842435671391, 0.0 ], [ 53.775442002225027, 29.93574540214895, 0.0 ], [ 53.77497445443359, 29.936861419357761, 0.0 ], [ 53.774828772333528, 29.937354848849829, 0.0 ], [ 53.774677988050549, 29.93786555402685, 0.0 ], [ 53.774248343928789, 29.939137509818949, 0.0 ], [ 53.774196547582733, 29.939290848328639, 0.0 ], [ 53.774216314193367, 29.939415050529679, 0.0 ], [ 53.774293053376972, 29.93989724553149, 0.0 ], [ 53.774351117643413, 29.940262089833102, 0.0 ], [ 53.77451348085556, 29.94146032258368, 0.0 ], [ 53.774678398310407, 29.941985436022371, 0.0 ], [ 53.774679045851563, 29.941987496829409, 0.0 ], [ 53.77470712214005, 29.94207689493134, 0.0 ] ] ] } },
{ "type": "Feature", "properties": { "Name": "منطقه شکار ممنوع شیکوه", "description": null, "timestamp": null, "begin": null, "end": null, "altitudeMode": null, "tessellate": -1, "extrude": 0, "visibility": -1, "drawOrder": null, "icon": null }, "geometry": { "type": "Polygon", "coordinates": [ [ [ 52.803241099569711, 31.072461003055491, 0.0 ], [ 52.836977370259582, 31.052831055001921, 0.0 ], [ 52.881129631939253, 31.050471375066319, 0.0 ], [ 52.894397471807856, 31.037496981921709, 0.0 ], [ 52.916593509016991, 31.042595353555662, 0.0 ], [ 52.932529960339778, 31.077181864347221, 0.0 ], [ 52.912362153887123, 31.133259587391141, 0.0 ], [ 52.910226889531707, 31.151055103350281, 0.0 ], [ 52.916494823965657, 31.168632930775981, 0.0 ], [ 52.919444168548416, 31.187322361391221, 0.0 ], [ 52.903440076356773, 31.203846358429679, 0.0 ], [ 52.895637519193563, 31.211300379695071, 0.0 ], [ 52.892394534433429, 31.225831652988521, 0.0 ], [ 52.880535200881482, 31.227600259670069, 0.0 ], [ 52.877645351610347, 31.238297736715609, 0.0 ], [ 52.864540892819342, 31.248021971570161, 0.0 ], [ 52.853566831461698, 31.250619509132282, 0.0 ], [ 52.841481820211897, 31.257770829897211, 0.0 ], [ 52.832823811041422, 31.269514693630772, 0.0 ], [ 52.814860964213793, 31.27968777830079, 0.0 ], [ 52.81482976281093, 31.279734364717122, 0.0 ], [ 52.791484167392618, 31.266952588795881, 0.0 ], [ 52.769629478609943, 31.25732633664704, 0.0 ], [ 52.741604945187539, 31.247668870167839, 0.0 ], [ 52.707762025702593, 31.22471329704679, 0.0 ], [ 52.693321134242083, 31.188164434876839, 0.0 ], [ 52.703079599625312, 31.172571217150839, 0.0 ], [ 52.712477801631472, 31.166720649243061, 0.0 ], [ 52.725202688398952, 31.160314780295369, 0.0 ], [ 52.743006763934659, 31.140488599406819, 0.0 ], [ 52.757252471444893, 31.11548656882491, 0.0 ], [ 52.774718478033563, 31.096439415168891, 0.0 ], [ 52.803241099569711, 31.072461003055491, 0.0 ] ] ] } }
]
}
