{
"type": "FeatureCollection",
"name": "mohitzist",
"crs": { "type": "name", "properties": { "name": "urn:ogc:def:crs:OGC:1.3:CRS84" } },
"features": [
{ "type": "Feature", "properties": { "Name": "منطقه حفاظت شده تنگ بستانک", "description": "<html xmlns:fo=\"http://www.w3.org/1999/XSL/Format\" xmlns:msxsl=\"urn:schemas-microsoft-com:xslt\">\n\n<head>\n\n<META http-equiv=\"Content-Type\" content=\"text/html\">\n\n<meta http-equiv=\"content-type\" content=\"text/html; charset=UTF-8\">\n\n</head>\n\n<body style=\"margin:0px 0px 0px 0px;overflow:auto;background:#FFFFFF;\">\n\n<table style=\"font-family:Arial,Verdana,Times;font-size:12px;text-align:left;width:100%;border-collapse:collapse;padding:3px 3px 3px 3px\">\n\n<tr style=\"text-align:center;font-weight:bold;background:#9CBCE2\">\n\n<td>منطقه حفاظت شده تنگ بستانک</td>\n\n</tr>\n\n<tr>\n\n<td>\n\n<table style=\"font-family:Arial,Verdana,Times;font-size:12px;text-align:left;width:100%;border-spacing:0px; padding:3px 3px 3px 3px\">\n\n<tr>\n\n<td>FID</td>\n\n<td>0</td>\n\n</tr>\n\n<tr bgcolor=\"#D4E4F3\">\n\n<td>OBJECTID_1</td>\n\n<td>1</td>\n\n</tr>\n\n<tr>\n\n<td>cod</td>\n\n<td>8</td>\n\n</tr>\n\n<tr bgcolor=\"#D4E4F3\">\n\n<td>tafkik_id</td>\n\n<td>3</td>\n\n</tr>\n\n<tr>\n\n<td>tafkik_nam</td>\n\n<td>منطقه حفاظت شده</td>\n\n</tr>\n\n<tr bgcolor=\"#D4E4F3\">\n\n<td>shahrestan</td>\n\n<td>مرودشت - سپیدان</td>\n\n</tr>\n\n<tr>\n\n<td>NAME1</td>\n\n<td>منطقه حفاظت شده تنگ بستانک</td>\n\n</tr>\n\n<tr bgcolor=\"#D4E4F3\">\n\n<td>sal_mosava</td>\n\n<td>1378</td>\n\n</tr>\n\n<tr>\n\n<td>AREA_ha</td>\n\n<td>15301</td>\n\n</tr>\n\n<tr bgcolor=\"#D4E4F3\">\n\n<td>F_AREA</td>\n\n<td>153013510.181</td>\n\n</tr>\n\n<tr>\n\n<td>Shape_Leng</td>\n\n<td>61791.743235</td>\n\n</tr>\n\n</table>\n\n</td>\n\n</tr>\n\n</table>\n\n</body>\n\n</html>\n\n", "timestamp": null, "begin": null, "end": null, "altitudeMode": "clampToGround", "tessellate": -1, "extrude": 0, "visibility": -1, "drawOrder": null, "icon": null, "snippet": "" }, "geometry": { "type": "MultiPolygon", "coordinates": [ [ [ [ 52.099064315009258, 30.395191516505061, 0.0 ], [ 52.098461898326917, 30.39559811884877, 0.0 ], [ 52.098427200679623, 30.39563675946685, 0.0 ], [ 52.098412441209092, 30.3956549300907, 0.0 ], [ 52.098287652640288, 30.395723653838619, 0.0 ], [ 52.097945073534383, 30.39580548748053, 0.0 ], [ 52.097790271492919, 30.395982742066408, 0.0 ], [ 52.097246157640413, 30.39630989541871, 0.0 ], [ 52.096904265991938, 30.396569929815879, 0.0 ], [ 52.096764362378522, 30.39662524419581, 0.0 ], [ 52.096516161522153, 30.39682809550316, 0.0 ], [ 52.096329572149948, 30.39689733623608, 0.0 ], [ 52.096141878560793, 30.396925981337908, 0.0 ], [ 52.095751550352567, 30.39692700075528, 0.0 ], [ 52.095423591034987, 30.39686207734843, 0.0 ], [ 52.094687625702527, 30.396554689677441, 0.0 ], [ 52.094278891989781, 30.396246812420149, 0.0 ], [ 52.094153866827767, 30.396177929596199, 0.0 ], [ 52.09363761482426, 30.39608750907886, 0.0 ], [ 52.093371479354502, 30.395965667407278, 0.0 ], [ 52.092979768099553, 30.395725317892879, 0.0 ], [ 52.092539691496214, 30.395347767022631, 0.0 ], [ 52.092210384000033, 30.39516103267232, 0.0 ], [ 52.091723323325077, 30.39547189546909, 0.0 ], [ 52.091385240779871, 30.395490511562951, 0.0 ], [ 52.091168731602927, 30.39573594854755, 0.0 ], [ 52.090824893783683, 30.395763634548111, 0.0 ], [ 52.09044905289241, 30.395604354140509, 0.0 ], [ 52.090043868879121, 30.395673154907652, 0.0 ], [ 52.089764907916461, 30.395919110800349, 0.0 ], [ 52.08842207604846, 30.395912261231839, 0.0 ], [ 52.087873581521848, 30.395670946783749, 0.0 ], [ 52.087559494167373, 30.395389329516028, 0.0 ], [ 52.087167697131399, 30.395257242206259, 0.0 ], [ 52.086962772281353, 30.394904784450901, 0.0 ], [ 52.08665479287901, 30.39470432348811, 0.0 ], [ 52.086258767828099, 30.39471889668431, 0.0 ], [ 52.08540293007357, 30.395156872561241, 0.0 ], [ 52.084751291284093, 30.39558863557064, 0.0 ], [ 52.084241567482742, 30.394674749894001, 0.0 ], [ 52.084108374369073, 30.393983319219739, 0.0 ], [ 52.084049110860711, 30.393859741064759, 0.0 ], [ 52.083876065107589, 30.39368296744653, 0.0 ], [ 52.083782992793758, 30.39373787937625, 0.0 ], [ 52.083768374275088, 30.393886884701178, 0.0 ], [ 52.083611659657407, 30.393834045252671, 0.0 ], [ 52.083545487500878, 30.39332026750948, 0.0 ], [ 52.083230726361769, 30.392916830768261, 0.0 ], [ 52.082978581004667, 30.392645967416389, 0.0 ], [ 52.082757045251427, 30.392201151713909, 0.0 ], [ 52.082553105331527, 30.392053957954651, 0.0 ], [ 52.082366162392638, 30.39215025156027, 0.0 ], [ 52.082273012107798, 30.39225704691632, 0.0 ], [ 52.082262014325238, 30.392852674420261, 0.0 ], [ 52.082404077481947, 30.393110916512448, 0.0 ], [ 52.08243952142179, 30.393611414680279, 0.0 ], [ 52.082331081519612, 30.39374766242954, 0.0 ], [ 52.08216016961854, 30.393882171860501, 0.0 ], [ 52.081832174564319, 30.393871353937339, 0.0 ], [ 52.081628530687709, 30.39375122618506, 0.0 ], [ 52.081487160034399, 30.39361479177937, 0.0 ], [ 52.081265872589988, 30.39325118099373, 0.0 ], [ 52.08120213877897, 30.393075754617691, 0.0 ], [ 52.081152729516191, 30.392724255682481, 0.0 ], [ 52.081025805086561, 30.392481677606561, 0.0 ], [ 52.080837329539158, 30.39232081823663, 0.0 ], [ 52.080335464128893, 30.391997875997731, 0.0 ], [ 52.080084098352373, 30.391796930848621, 0.0 ], [ 52.080020516555557, 30.39163503747713, 0.0 ], [ 52.080015971695673, 30.390985398645409, 0.0 ], [ 52.079983613045457, 30.39082324707018, 0.0 ], [ 52.079888784867869, 30.390659356109779, 0.0 ], [ 52.079699719359589, 30.390444360136161, 0.0 ], [ 52.079323078719597, 30.390149704285061, 0.0 ], [ 52.079118404345188, 30.389934836386171, 0.0 ], [ 52.078851559271477, 30.38974529566125, 0.0 ], [ 52.078350184312981, 30.389465201925301, 0.0 ], [ 52.078192860257943, 30.389355965256449, 0.0 ], [ 52.077847301632978, 30.389047513481991, 0.0 ], [ 52.077361759814004, 30.388846238972331, 0.0 ], [ 52.077110316304548, 30.38857761373659, 0.0 ], [ 52.077046890085199, 30.388429252383901, 0.0 ], [ 52.076921169130863, 30.388294939497289, 0.0 ], [ 52.076873000640013, 30.388173522139809, 0.0 ], [ 52.076840648232462, 30.38801136956981, 0.0 ], [ 52.076839220629857, 30.38782189219285, 0.0 ], [ 52.07679146284147, 30.387619261768759, 0.0 ], [ 52.076805646073844, 30.387429655701709, 0.0 ], [ 52.077115689830869, 30.387169935835139, 0.0 ], [ 52.077349312288703, 30.387059729848989, 0.0 ], [ 52.077536219247207, 30.38701983930633, 0.0 ], [ 52.077770527408028, 30.387031441370439, 0.0 ], [ 52.078020892023019, 30.387083515328872, 0.0 ], [ 52.078239589715992, 30.38709524536625, 0.0 ], [ 52.078410142479612, 30.386987813874029, 0.0 ], [ 52.078471600283358, 30.386838422209841, 0.0 ], [ 52.078237175122503, 30.386756891849419, 0.0 ], [ 52.077844348441083, 30.386408225112731, 0.0 ], [ 52.077545336001883, 30.386072318298599, 0.0 ], [ 52.077246541296262, 30.385815362785461, 0.0 ], [ 52.077105453406617, 30.38576238634624, 0.0 ], [ 52.076324758034893, 30.385753029990479, 0.0 ], [ 52.076044123806838, 30.385728271918762, 0.0 ], [ 52.075730555810502, 30.385606783988571, 0.0 ], [ 52.075275004630399, 30.385231555830249, 0.0 ], [ 52.075211435288637, 30.385069659664389, 0.0 ], [ 52.075209624158241, 30.38478544065272, 0.0 ], [ 52.075160389584113, 30.384447472124791, 0.0 ], [ 52.074955917680818, 30.384189734845059, 0.0 ], [ 52.074563112899469, 30.383841057578149, 0.0 ], [ 52.074452361051058, 30.38370661895366, 0.0 ], [ 52.074296169881833, 30.383640228650009, 0.0 ], [ 52.074108231634639, 30.383585378298829, 0.0 ], [ 52.073936520387733, 30.383586789925719, 0.0 ], [ 52.073779679319777, 30.383520404336959, 0.0 ], [ 52.073607434904581, 30.38341354027256, 0.0 ], [ 52.073357648828527, 30.383413336882349, 0.0 ], [ 52.07318652944921, 30.383468882479239, 0.0 ], [ 52.072782086280689, 30.383661693548781, 0.0 ], [ 52.072532151711208, 30.383647954852069, 0.0 ], [ 52.072140864094521, 30.383556421850798, 0.0 ], [ 52.072015156153839, 30.383422103832618, 0.0 ], [ 52.072060332359257, 30.383151033957489, 0.0 ], [ 52.072541938188706, 30.382876381925659, 0.0 ], [ 52.072775876303602, 30.382795507282989, 0.0 ], [ 52.07325845489904, 30.38266972919704, 0.0 ], [ 52.073414169523367, 30.382573705219109, 0.0 ], [ 52.074128578306279, 30.382055761096129, 0.0 ], [ 52.074578887854578, 30.381715940026549, 0.0 ], [ 52.075244438319771, 30.380954762561249, 0.0 ], [ 52.075476327591453, 30.380628014989139, 0.0 ], [ 52.075536954549442, 30.38034328182928, 0.0 ], [ 52.075535233634717, 30.3801267366816, 0.0 ], [ 52.075671799376607, 30.37953007426907, 0.0 ], [ 52.07566481757955, 30.37936771224825, 0.0 ], [ 52.075640160169797, 30.379313775411489, 0.0 ], [ 52.075632157836971, 30.37929579467982, 0.0 ], [ 52.075615502787947, 30.37925983856897, 0.0 ], [ 52.075571300805287, 30.379262458278131, 0.0 ], [ 52.075528127904327, 30.379240255409488, 0.0 ], [ 52.075402621382338, 30.378950379795981, 0.0 ], [ 52.075323436024959, 30.378842658905359, 0.0 ], [ 52.075300713752242, 30.378727798746091, 0.0 ], [ 52.07519713746435, 30.3786542088468, 0.0 ], [ 52.075086390842209, 30.37851977053511, 0.0 ], [ 52.075037070277453, 30.3781141274868, 0.0 ], [ 52.074830539075371, 30.37766691700838, 0.0 ], [ 52.074782050585043, 30.377396616590371, 0.0 ], [ 52.074670623742477, 30.377140368779159, 0.0 ], [ 52.074513168785877, 30.376898034345881, 0.0 ], [ 52.074340195340113, 30.376723502133991, 0.0 ], [ 52.073933210889457, 30.37656217239466, 0.0 ], [ 52.073370670714837, 30.376510399068881, 0.0 ], [ 52.073010688035787, 30.376364471091371, 0.0 ], [ 52.072775430192188, 30.376203983172701, 0.0 ], [ 52.072555077835652, 30.375919301885531, 0.0 ], [ 52.072397806813441, 30.375812312964712, 0.0 ], [ 52.072256056729813, 30.375637521614031, 0.0 ], [ 52.072056726198383, 30.375312061985969, 0.0 ], [ 52.071849079468038, 30.37505885677114, 0.0 ], [ 52.071822020714123, 30.375022985461221, 0.0 ], [ 52.071716447190809, 30.374408009978001, 0.0 ], [ 52.071321364825707, 30.373666825944259, 0.0 ], [ 52.071100986992938, 30.373438537901549, 0.0 ], [ 52.07083256016729, 30.373336969718949, 0.0 ], [ 52.070772752164103, 30.373339715654861, 0.0 ], [ 52.070717201631702, 30.373315356714912, 0.0 ], [ 52.070588136548793, 30.373289344246, 0.0 ], [ 52.070473551360642, 30.373279003840601, 0.0 ], [ 52.070397484528982, 30.37328188279762, 0.0 ], [ 52.070161455179289, 30.37328832768933, 0.0 ], [ 52.070115280042543, 30.373288705843301, 0.0 ], [ 52.069984878245677, 30.37331909948497, 0.0 ], [ 52.069864955728882, 30.373356174690802, 0.0 ], [ 52.069654264471701, 30.373240596357451, 0.0 ], [ 52.069588787049177, 30.373200527376721, 0.0 ], [ 52.069498154252891, 30.373120059298682, 0.0 ], [ 52.069483318190542, 30.37301190084828, 0.0 ], [ 52.069676309896693, 30.372577201652099, 0.0 ], [ 52.069731601377761, 30.37251809742709, 0.0 ], [ 52.06976198305729, 30.372441150459739, 0.0 ], [ 52.0700074306895, 30.372105277895859, 0.0 ], [ 52.070402647030853, 30.371427547689269, 0.0 ], [ 52.070459432891447, 30.37126691852707, 0.0 ], [ 52.070442475471729, 30.370486539854959, 0.0 ], [ 52.070349706774458, 30.370209832472849, 0.0 ], [ 52.070262978207587, 30.370129332877919, 0.0 ], [ 52.070039296003273, 30.369716091627058, 0.0 ], [ 52.069902442514859, 30.369511931451768, 0.0 ], [ 52.069617531524713, 30.368611930925422, 0.0 ], [ 52.069270134554053, 30.367886139963328, 0.0 ], [ 52.069011382208757, 30.36669943290892, 0.0 ], [ 52.068937075233158, 30.366564690722999, 0.0 ], [ 52.068687872409967, 30.366374982960849, 0.0 ], [ 52.068332229043143, 30.3661455398525, 0.0 ], [ 52.067865041891082, 30.36588542553968, 0.0 ], [ 52.06728636799722, 30.36524047237846, 0.0 ], [ 52.066906453214457, 30.364871361708261, 0.0 ], [ 52.066520429988607, 30.364538393071239, 0.0 ], [ 52.066265398291563, 30.36429007633668, 0.0 ], [ 52.065935080603737, 30.364055908133189, 0.0 ], [ 52.065785321459813, 30.363919523527219, 0.0 ], [ 52.065548907124082, 30.363648495142922, 0.0 ], [ 52.065269237500253, 30.363226677885969, 0.0 ], [ 52.065151183281372, 30.363135150794971, 0.0 ], [ 52.064639695982507, 30.362985921460869, 0.0 ], [ 52.064533778186487, 30.362873992409639, 0.0 ], [ 52.06434744768751, 30.36248299445948, 0.0 ], [ 52.064236881032272, 30.36188158652217, 0.0 ], [ 52.064044408184813, 30.361463568009128, 0.0 ], [ 52.063963982063427, 30.361243150742339, 0.0 ], [ 52.063921556258919, 30.36098858654298, 0.0 ], [ 52.063941350106553, 30.36047409460803, 0.0 ], [ 52.064004763095468, 30.360144226201779, 0.0 ], [ 52.06416844504524, 30.359705261249051, 0.0 ], [ 52.064418093891547, 30.358557263118019, 0.0 ], [ 52.06443455172451, 30.358455616408179, 0.0 ], [ 52.064605288874532, 30.357407517251069, 0.0 ], [ 52.064623184115128, 30.357258486205328, 0.0 ], [ 52.064597497546643, 30.357168461901679, 0.0 ], [ 52.064534517808767, 30.356997531150689, 0.0 ], [ 52.064284786405423, 30.3567559342351, 0.0 ], [ 52.064234659574247, 30.35669092305919, 0.0 ], [ 52.06416275730286, 30.356596763245491, 0.0 ], [ 52.064063096502728, 30.356401316634749, 0.0 ], [ 52.063821648114583, 30.355963393395111, 0.0 ], [ 52.063568961286506, 30.35556842202509, 0.0 ], [ 52.063320725124441, 30.35518947457868, 0.0 ], [ 52.063041484804032, 30.35511929272301, 0.0 ], [ 52.062190723190561, 30.35370130123486, 0.0 ], [ 52.061876321911477, 30.353891635289699, 0.0 ], [ 52.06155654035674, 30.354286076476871, 0.0 ], [ 52.061523740972007, 30.35382747429929, 0.0 ], [ 52.061325696563152, 30.35353927097924, 0.0 ], [ 52.061178129866789, 30.35276763701064, 0.0 ], [ 52.061393329206624, 30.352065511859831, 0.0 ], [ 52.061635328359607, 30.351266564562209, 0.0 ], [ 52.061489848726183, 30.35068812200543, 0.0 ], [ 52.061494967939062, 30.35028615540929, 0.0 ], [ 52.061504919446662, 30.3495046015219, 0.0 ], [ 52.061136432440783, 30.34890381787044, 0.0 ], [ 52.060463491443329, 30.348474560336221, 0.0 ], [ 52.059461308952493, 30.348794669704429, 0.0 ], [ 52.05902003655283, 30.34889682804512, 0.0 ], [ 52.058962268260927, 30.348704088480591, 0.0 ], [ 52.058806498215603, 30.348567436039708, 0.0 ], [ 52.058714856708413, 30.348474855791, 0.0 ], [ 52.058778078815521, 30.3483074114184, 0.0 ], [ 52.058940695708962, 30.348010578920729, 0.0 ], [ 52.058947447946387, 30.347852615221509, 0.0 ], [ 52.058861274070459, 30.347458540652799, 0.0 ], [ 52.058762094915082, 30.34730594654533, 0.0 ], [ 52.058662198463601, 30.34720749840211, 0.0 ], [ 52.058313398156479, 30.34706143671454, 0.0 ], [ 52.058126310229582, 30.347017834169339, 0.0 ], [ 52.057964118538251, 30.34693116886087, 0.0 ], [ 52.057864533759307, 30.346801135749882, 0.0 ], [ 52.057790301420901, 30.346609989653569, 0.0 ], [ 52.057685006343291, 30.346432629869859, 0.0 ], [ 52.057473242924772, 30.346150106516831, 0.0 ], [ 52.05708745192706, 30.345889292576789, 0.0 ], [ 52.056856344449933, 30.345803183024419, 0.0 ], [ 52.056501094389461, 30.34560077237149, 0.0 ], [ 52.056339811269993, 30.34535618849754, 0.0 ], [ 52.056135380658041, 30.3447871112791, 0.0 ], [ 52.055886755880522, 30.34446202185805, 0.0 ], [ 52.055737283137049, 30.34434818079519, 0.0 ], [ 52.055575699684233, 30.344256995784612, 0.0 ], [ 52.055425487339051, 30.344255952595521, 0.0 ], [ 52.055113051432222, 30.344346452297259, 0.0 ], [ 52.054973033997378, 30.34435535941569, 0.0 ], [ 52.054926906864161, 30.344345867242421, 0.0 ], [ 52.054844747673222, 30.344308012011069, 0.0 ], [ 52.054847073497179, 30.34361544860165, 0.0 ], [ 52.054805618313068, 30.342842027868478, 0.0 ], [ 52.054645034089077, 30.342419224170559, 0.0 ], [ 52.054520980625803, 30.342007404840938, 0.0 ], [ 52.053875051320333, 30.340950108828391, 0.0 ], [ 52.053564939877539, 30.340467600788621, 0.0 ], [ 52.053297931849748, 30.339941883616959, 0.0 ], [ 52.053193151862892, 30.339568256896321, 0.0 ], [ 52.053145902154107, 30.338555761715391, 0.0 ], [ 52.052968194942189, 30.337503711653099, 0.0 ], [ 52.052931662422807, 30.33731000284531, 0.0 ], [ 52.052844517372058, 30.337125724931418, 0.0 ], [ 52.052545939724233, 30.336929613889069, 0.0 ], [ 52.051841207504793, 30.336630744871481, 0.0 ], [ 52.051504374562903, 30.33656577835762, 0.0 ], [ 52.051130005169647, 30.33663871952476, 0.0 ], [ 52.050654218348761, 30.33701701422212, 0.0 ], [ 52.05038480495373, 30.337298903962061, 0.0 ], [ 52.050228968736313, 30.337379110394171, 0.0 ], [ 52.049960011308521, 30.337399317057631, 0.0 ], [ 52.050054857265252, 30.337087248200259, 0.0 ], [ 52.050218374261753, 30.336691161321781, 0.0 ], [ 52.050262895134964, 30.336415590068938, 0.0 ], [ 52.050235397768787, 30.33609322437017, 0.0 ], [ 52.050326606002663, 30.335927814758509, 0.0 ], [ 52.05060210777588, 30.335668434722798, 0.0 ], [ 52.050971079030013, 30.33539476784685, 0.0 ], [ 52.051077792058493, 30.33528111766212, 0.0 ], [ 52.05119129285881, 30.3349508512262, 0.0 ], [ 52.05124139735419, 30.334772236294871, 0.0 ], [ 52.051467771475977, 30.334235779829068, 0.0 ], [ 52.051612859460832, 30.333880444682581, 0.0 ], [ 52.051606933896842, 30.333691000908079, 0.0 ], [ 52.051494443164017, 30.333689649603841, 0.0 ], [ 52.051363412959098, 30.333717773310141, 0.0 ], [ 52.05058202239281, 30.334213572658911, 0.0 ], [ 52.050413020585438, 30.33427809408321, 0.0 ], [ 52.050300481010481, 30.334272230452939, 0.0 ], [ 52.05025711698292, 30.334168809599049, 0.0 ], [ 52.050269974579507, 30.334033355295482, 0.0 ], [ 52.050515542161513, 30.333406512183331, 0.0 ], [ 52.051930431727968, 30.33001587394763, 0.0 ], [ 52.052250830346892, 30.329214725043151, 0.0 ], [ 52.052604559656153, 30.32794408991094, 0.0 ], [ 52.052761743331757, 30.327505189495401, 0.0 ], [ 52.053000998106377, 30.326959603098469, 0.0 ], [ 52.054876902608207, 30.323655454374251, 0.0 ], [ 52.055591429258129, 30.322693208387999, 0.0 ], [ 52.056768706870493, 30.32135951682401, 0.0 ], [ 52.057119298967059, 30.320894234134311, 0.0 ], [ 52.057367368504188, 30.320628294336721, 0.0 ], [ 52.057395003926992, 30.32059874485876, 0.0 ], [ 52.057951146411867, 30.32026714937335, 0.0 ], [ 52.059500390919503, 30.31961620391036, 0.0 ], [ 52.060932820506139, 30.318623298332419, 0.0 ], [ 52.061420840993428, 30.318125307786971, 0.0 ], [ 52.062837856439756, 30.315828624354911, 0.0 ], [ 52.063176914153694, 30.315142345985251, 0.0 ], [ 52.063579837278382, 30.313929933888598, 0.0 ], [ 52.064420989651602, 30.31218834200677, 0.0 ], [ 52.064648347110683, 30.3114533398014, 0.0 ], [ 52.06484287255666, 30.310928398749109, 0.0 ], [ 52.065080985315177, 30.310707642751499, 0.0 ], [ 52.065261684664883, 30.31064751938975, 0.0 ], [ 52.065461890915387, 30.31064814495474, 0.0 ], [ 52.06558627370098, 30.31066969047594, 0.0 ], [ 52.06573654747686, 30.310621093533701, 0.0 ], [ 52.065930461585488, 30.31040069605168, 0.0 ], [ 52.066018087241417, 30.310269142634802, 0.0 ], [ 52.066227268028697, 30.309777917968301, 0.0 ], [ 52.066237349547272, 30.309748509718709, 0.0 ], [ 52.066257106823947, 30.309712255054549, 0.0 ], [ 52.06631065126426, 30.309614816988901, 0.0 ], [ 52.06672725036556, 30.308950456048549, 0.0 ], [ 52.067178055512933, 30.308324164310299, 0.0 ], [ 52.067723702498377, 30.307453464966152, 0.0 ], [ 52.067949640999849, 30.307070381777791, 0.0 ], [ 52.068106791750687, 30.306457762714562, 0.0 ], [ 52.068327732864013, 30.30573408578115, 0.0 ], [ 52.068526665893927, 30.3052587320899, 0.0 ], [ 52.068539971356877, 30.305227041479661, 0.0 ], [ 52.068547574474863, 30.305208932558941, 0.0 ], [ 52.068587759948223, 30.305138672911319, 0.0 ], [ 52.068719035446257, 30.304837572193531, 0.0 ], [ 52.068793717147777, 30.304651982177091, 0.0 ], [ 52.068831365174198, 30.304527602689561, 0.0 ], [ 52.06885895735374, 30.304434887289158, 0.0 ], [ 52.068878185119992, 30.30440991582762, 0.0 ], [ 52.068861140899848, 30.30439651993624, 0.0 ], [ 52.068913934851331, 30.30417050327187, 0.0 ], [ 52.069092016529119, 30.303690807332728, 0.0 ], [ 52.069208223396302, 30.303139429421169, 0.0 ], [ 52.069210007028673, 30.302225793842339, 0.0 ], [ 52.069325508449992, 30.301909030386419, 0.0 ], [ 52.070047417791322, 30.30081580713453, 0.0 ], [ 52.070528342207318, 30.30015541990668, 0.0 ], [ 52.070967730275576, 30.299441230379291, 0.0 ], [ 52.071502150006602, 30.29820290297242, 0.0 ], [ 52.071648796177627, 30.297942278829581, 0.0 ], [ 52.071859752617023, 30.297678871942939, 0.0 ], [ 52.072224369854972, 30.297680396694972, 0.0 ], [ 52.072578195025777, 30.297526354903209, 0.0 ], [ 52.073004570173268, 30.297410066856479, 0.0 ], [ 52.07334454109197, 30.297416302292451, 0.0 ], [ 52.073441442767773, 30.297422275037501, 0.0 ], [ 52.073499304178618, 30.297424056259921, 0.0 ], [ 52.07358368665323, 30.29741434061399, 0.0 ], [ 52.073880374036513, 30.297384836067671, 0.0 ], [ 52.074349900214081, 30.297053883404018, 0.0 ], [ 52.074552157396923, 30.296887545438992, 0.0 ], [ 52.074575980412831, 30.296867047134981, 0.0 ], [ 52.07461335183703, 30.296837414156681, 0.0 ], [ 52.0746273779137, 30.296812484582642, 0.0 ], [ 52.074650329660543, 30.296771690731131, 0.0 ], [ 52.074680700301087, 30.296755650348992, 0.0 ], [ 52.075064082132137, 30.296332912544969, 0.0 ], [ 52.075532639572153, 30.296211758128351, 0.0 ], [ 52.076796728907468, 30.29591712555419, 0.0 ], [ 52.077537557749743, 30.295674163220632, 0.0 ], [ 52.0779025786373, 30.29559445821333, 0.0 ], [ 52.078446945209748, 30.295215501746881, 0.0 ], [ 52.078887245779597, 30.295126150242389, 0.0 ], [ 52.079466941224261, 30.295184533867609, 0.0 ], [ 52.080046425309597, 30.295342174181439, 0.0 ], [ 52.080468183177601, 30.295221388462249, 0.0 ], [ 52.08083344051748, 30.29522288407713, 0.0 ], [ 52.081170241650383, 30.29511858869779, 0.0 ], [ 52.081413682348689, 30.295094018788181, 0.0 ], [ 52.081583103629413, 30.294957267566708, 0.0 ], [ 52.081921739902263, 30.294487507028261, 0.0 ], [ 52.082287333784528, 30.294342365445338, 0.0 ], [ 52.082788079991921, 30.294313409040161, 0.0 ], [ 52.082821535104181, 30.294164245997909, 0.0 ], [ 52.083376570084027, 30.293516734693171, 0.0 ], [ 52.083882911461487, 30.29316965270672, 0.0 ], [ 52.08401471080478, 30.29303997753345, 0.0 ], [ 52.084221774183973, 30.292781095167591, 0.0 ], [ 52.085019371840851, 30.292149614180801, 0.0 ], [ 52.085854545146297, 30.291567445434818, 0.0 ], [ 52.086596761277207, 30.290983787396168, 0.0 ], [ 52.086915676464862, 30.29079164776272, 0.0 ], [ 52.087683356132743, 30.290573220191281, 0.0 ], [ 52.087861253027832, 30.29055820656097, 0.0 ], [ 52.088947224398169, 30.290562710796021, 0.0 ], [ 52.0893495308665, 30.290448826252788, 0.0 ], [ 52.089884172823972, 30.29025488378625, 0.0 ], [ 52.090417812452174, 30.29008801772293, 0.0 ], [ 52.090905064111197, 30.289957629767311, 0.0 ], [ 52.091354725554517, 30.289895228975851, 0.0 ], [ 52.091553364458179, 30.289816873585011, 0.0 ], [ 52.091562261801577, 30.28979875257863, 0.0 ], [ 52.091843824553457, 30.289697146642169, 0.0 ], [ 52.092361712529282, 30.289516869037829, 0.0 ], [ 52.092794376553329, 30.289504233902449, 0.0 ], [ 52.093024403726673, 30.28944366103083, 0.0 ], [ 52.093134618782607, 30.289420182071691, 0.0 ], [ 52.093156936360273, 30.289381646226371, 0.0 ], [ 52.093240458421747, 30.28923657422094, 0.0 ], [ 52.093326830283878, 30.289172688956949, 0.0 ], [ 52.094119520013592, 30.288750988602949, 0.0 ], [ 52.094351952417092, 30.2890829111698, 0.0 ], [ 52.094529622706858, 30.289164891953408, 0.0 ], [ 52.094791836940402, 30.2890769766394, 0.0 ], [ 52.095029153061397, 30.28879526606379, 0.0 ], [ 52.095050970308847, 30.288770269188799, 0.0 ], [ 52.095130688805469, 30.28857559915091, 0.0 ], [ 52.095206461731038, 30.288493754554231, 0.0 ], [ 52.095487715980397, 30.288365073266061, 0.0 ], [ 52.095888254402873, 30.288210578357472, 0.0 ], [ 52.096005715293572, 30.288196059738329, 0.0 ], [ 52.096046476280613, 30.28817992746897, 0.0 ], [ 52.097005518475036, 30.287817724689059, 0.0 ], [ 52.097512010666577, 30.287549544363319, 0.0 ], [ 52.097764057245811, 30.287657967289999, 0.0 ], [ 52.098382172589169, 30.287609920577129, 0.0 ], [ 52.098747614982877, 30.28745571153161, 0.0 ], [ 52.099066985088427, 30.287132699717279, 0.0 ], [ 52.100353178222633, 30.285982690060241, 0.0 ], [ 52.100878932960988, 30.28557898410045, 0.0 ], [ 52.101508427794009, 30.28498040017082, 0.0 ], [ 52.102662783214292, 30.284016457269288, 0.0 ], [ 52.103536468835422, 30.283233082865241, 0.0 ], [ 52.103948007531649, 30.283193519224579, 0.0 ], [ 52.104883462515957, 30.283284884003599, 0.0 ], [ 52.10722181912918, 30.283429802610438, 0.0 ], [ 52.107573867353032, 30.283474197089578, 0.0 ], [ 52.109340245407481, 30.283028372800398, 0.0 ], [ 52.110905236281113, 30.282588745833049, 0.0 ], [ 52.112282677747558, 30.282229648677429, 0.0 ], [ 52.113613696911557, 30.281846117805379, 0.0 ], [ 52.114626168448183, 30.281508147353151, 0.0 ], [ 52.115170404382447, 30.2813095095329, 0.0 ], [ 52.115808197678057, 30.28099502399445, 0.0 ], [ 52.116588425135099, 30.280462759527989, 0.0 ], [ 52.117834252027123, 30.280134053173541, 0.0 ], [ 52.118434048389403, 30.28002290542452, 0.0 ], [ 52.119237982082367, 30.280092733076241, 0.0 ], [ 52.119957887597828, 30.280201624015561, 0.0 ], [ 52.120368754185478, 30.28033345882741, 0.0 ], [ 52.122039590343903, 30.281095157924899, 0.0 ], [ 52.122282351839907, 30.281129170359922, 0.0 ], [ 52.123107371365883, 30.28082432357451, 0.0 ], [ 52.123502018793758, 30.280615655527381, 0.0 ], [ 52.123690469100723, 30.280388453877698, 0.0 ], [ 52.123973993560448, 30.27989424639852, 0.0 ], [ 52.124634703174472, 30.278857652365961, 0.0 ], [ 52.124719932345513, 30.2787531514346, 0.0 ], [ 52.124880708825117, 30.27843595220622, 0.0 ], [ 52.124957491123418, 30.278103683696791, 0.0 ], [ 52.125025575786204, 30.277692535416602, 0.0 ], [ 52.124999458696763, 30.277681480645999, 0.0 ], [ 52.12503679440524, 30.277308945889079, 0.0 ], [ 52.125579575075363, 30.27573421426094, 0.0 ], [ 52.125834215304558, 30.275386880872428, 0.0 ], [ 52.126435755314198, 30.274862862894871, 0.0 ], [ 52.126944435050163, 30.27434415325385, 0.0 ], [ 52.127263947812082, 30.274102283316122, 0.0 ], [ 52.127516521202807, 30.27408657332634, 0.0 ], [ 52.12826443001012, 30.2742042014406, 0.0 ], [ 52.128517003436862, 30.27418848951806, 0.0 ], [ 52.12883688174599, 30.273865402358851, 0.0 ], [ 52.129251335709768, 30.273403892397528, 0.0 ], [ 52.129656328663962, 30.272910881006961, 0.0 ], [ 52.129938879676217, 30.27261969506926, 0.0 ], [ 52.130248996125587, 30.27240948087378, 0.0 ], [ 52.130624101119857, 30.27225735664533, 0.0 ], [ 52.130942211625452, 30.27217791060766, 0.0 ], [ 52.13126105182868, 30.27204882899143, 0.0 ], [ 52.131505730787183, 30.27179857211825, 0.0 ], [ 52.131977525787327, 30.27112676494119, 0.0 ], [ 52.132337365545979, 30.270437877643221, 0.0 ], [ 52.133287355192508, 30.269540856984911, 0.0 ], [ 52.133906903379703, 30.269120418311719, 0.0 ], [ 52.135488677148992, 30.26903903529282, 0.0 ], [ 52.13621841749783, 30.269048495743821, 0.0 ], [ 52.137126213612987, 30.268948125573552, 0.0 ], [ 52.138052926437723, 30.26891074823169, 0.0 ], [ 52.13882938831614, 30.268915276360179, 0.0 ], [ 52.139174874829322, 30.26901378375937, 0.0 ], [ 52.139654271864963, 30.26923068421722, 0.0 ], [ 52.139819080577603, 30.269380390827632, 0.0 ], [ 52.140096390297217, 30.26970732893059, 0.0 ], [ 52.140303065257278, 30.26988148456433, 0.0 ], [ 52.140416835508923, 30.269943657161331, 0.0 ], [ 52.140791011435986, 30.2699381417439, 0.0 ], [ 52.141145666202142, 30.269817747647881, 0.0 ], [ 52.14219051109044, 30.269208584280911, 0.0 ], [ 52.142742550568308, 30.26907744056642, 0.0 ], [ 52.143418858419878, 30.269017396210899, 0.0 ], [ 52.144761464831262, 30.268874826195571, 0.0 ], [ 52.144968938237952, 30.26889331463828, 0.0 ], [ 52.145124209103898, 30.26894835270064, 0.0 ], [ 52.145422071866179, 30.269365332975539, 0.0 ], [ 52.145574640045297, 30.26969109451397, 0.0 ], [ 52.145729430571393, 30.26987246286695, 0.0 ], [ 52.145916478699363, 30.269866314296191, 0.0 ], [ 52.146031153105753, 30.269838240588459, 0.0 ], [ 52.146125525429078, 30.26974041357272, 0.0 ], [ 52.146282704231943, 30.26962398996465, 0.0 ], [ 52.146387260842609, 30.26950802691433, 0.0 ], [ 52.146772708405663, 30.269466302361369, 0.0 ], [ 52.147136585964518, 30.269413486478761, 0.0 ], [ 52.147450375015268, 30.269243805086091, 0.0 ], [ 52.147722605282631, 30.26902034718756, 0.0 ], [ 52.147963880949121, 30.268761066756799, 0.0 ], [ 52.148246503046273, 30.26853751668623, 0.0 ], [ 52.148863590460273, 30.268135076603851, 0.0 ], [ 52.149304278832687, 30.267704856260949, 0.0 ], [ 52.149397958321323, 30.26771531314013, 0.0 ], [ 52.149428472450907, 30.267769185334728, 0.0 ], [ 52.149427011260883, 30.267922594984292, 0.0 ], [ 52.149014686878772, 30.268668383813381, 0.0 ], [ 52.148992541458959, 30.268830998302079, 0.0 ], [ 52.149136521969453, 30.26897636405857, 0.0 ], [ 52.149601970088447, 30.269276816028029, 0.0 ], [ 52.150118312007741, 30.2696512617877, 0.0 ], [ 52.150284086389789, 30.26971522472806, 0.0 ], [ 52.150616427153018, 30.269743886287259, 0.0 ], [ 52.150678609638803, 30.269727548982949, 0.0 ], [ 52.150898044167548, 30.26960154945143, 0.0 ], [ 52.151226851279247, 30.26893769934992, 0.0 ], [ 52.151289569069931, 30.268855937855221, 0.0 ], [ 52.151540315524798, 30.268740941127241, 0.0 ], [ 52.152529312422637, 30.268585610245019, 0.0 ], [ 52.152976925100482, 30.268471133625809, 0.0 ], [ 52.153227747615013, 30.26836290054101, 0.0 ], [ 52.153583370141597, 30.26810485867745, 0.0 ], [ 52.154275792527663, 30.267424262178391, 0.0 ], [ 52.154599972766754, 30.267200332299531, 0.0 ], [ 52.154831042717007, 30.26695917618742, 0.0 ], [ 52.155051025532593, 30.266770001657239, 0.0 ], [ 52.155645274071908, 30.26658429165224, 0.0 ], [ 52.155967585539791, 30.266534074133592, 0.0 ], [ 52.156176052819269, 30.266471326087711, 0.0 ], [ 52.156468590153253, 30.266319857738171, 0.0 ], [ 52.157263935211319, 30.26577594260505, 0.0 ], [ 52.157660634776008, 30.26558745769502, 0.0 ], [ 52.157983605708367, 30.2654830894549, 0.0 ], [ 52.158378749376332, 30.26543898947099, 0.0 ], [ 52.159710329497223, 30.265359528084169, 0.0 ], [ 52.160168299332852, 30.265299075456841, 0.0 ], [ 52.160376761125889, 30.265236320848381, 0.0 ], [ 52.160523415483297, 30.265110950406989, 0.0 ], [ 52.160618762404653, 30.264931894601339, 0.0 ], [ 52.161393319835199, 30.263176757172069, 0.0 ], [ 52.161573069573841, 30.262827764651021, 0.0 ], [ 52.16159629231614, 30.26259295207214, 0.0 ], [ 52.161733552728968, 30.262332313693829, 0.0 ], [ 52.162101376845023, 30.261900441861929, 0.0 ], [ 52.162361836545223, 30.26178533860902, 0.0 ], [ 52.162987988625311, 30.261554196055702, 0.0 ], [ 52.163258828391797, 30.26149313883624, 0.0 ], [ 52.163477817920743, 30.261387425097009, 0.0 ], [ 52.163783494025132, 30.260920007496861, 0.0 ], [ 52.163961978727343, 30.26074021046049, 0.0 ], [ 52.16413947190884, 30.26064163196159, 0.0 ], [ 52.164671635064408, 30.260429363650189, 0.0 ], [ 52.16519396638985, 30.260099877425919, 0.0 ], [ 52.165696800353601, 30.259660026951639, 0.0 ], [ 52.166042508193357, 30.25939301693688, 0.0 ], [ 52.167640489103661, 30.25850126059272, 0.0 ], [ 52.167932655476449, 30.258376840442789, 0.0 ], [ 52.168380852119377, 30.258262306874869, 0.0 ], [ 52.169036421486211, 30.258159455826409, 0.0 ], [ 52.169213674521288, 30.25815110596357, 0.0 ], [ 52.16961001777117, 30.25799191453709, 0.0 ], [ 52.169902187905024, 30.25781335007747, 0.0 ], [ 52.170194677890763, 30.257661852091051, 0.0 ], [ 52.170591533322607, 30.257491374013242, 0.0 ], [ 52.170815989309752, 30.25746455343738, 0.0 ], [ 52.17121646538007, 30.257325622751239, 0.0 ], [ 52.172520664497497, 30.25681090269034, 0.0 ], [ 52.172895856074412, 30.256676704967258, 0.0 ], [ 52.173364088637157, 30.25660934753396, 0.0 ], [ 52.173977709047357, 30.25658580185906, 0.0 ], [ 52.174310010238628, 30.2566144043133, 0.0 ], [ 52.174631263746271, 30.256697244911582, 0.0 ], [ 52.175365936801917, 30.25707414451044, 0.0 ], [ 52.175604456182157, 30.257137422699252, 0.0 ], [ 52.175988316999131, 30.257185860472781, 0.0 ], [ 52.176268982461828, 30.257187851613189, 0.0 ], [ 52.177120168488067, 30.257365181764921, 0.0 ], [ 52.177784016760519, 30.25746749307951, 0.0 ], [ 52.178168640334611, 30.257470801002921, 0.0 ], [ 52.178522629745778, 30.257411220300298, 0.0 ], [ 52.178877028758322, 30.257277192655149, 0.0 ], [ 52.179743728838083, 30.25684980432516, 0.0 ], [ 52.180077446035661, 30.256724983092919, 0.0 ], [ 52.180441934437987, 30.256620186117999, 0.0 ], [ 52.182013954977073, 30.256342075823749, 0.0 ], [ 52.182274807899859, 30.25626302318971, 0.0 ], [ 52.182671311310258, 30.256065442181139, 0.0 ], [ 52.183214559425387, 30.255753743018278, 0.0 ], [ 52.183622778623537, 30.255450029509849, 0.0 ], [ 52.184030129109082, 30.255182415829889, 0.0 ], [ 52.185188487039042, 30.254648587018249, 0.0 ], [ 52.185595398387072, 30.254507298780929, 0.0 ], [ 52.18581388834582, 30.254471483371699, 0.0 ], [ 52.186291305217232, 30.254575439589761, 0.0 ], [ 52.186631294326517, 30.254865616914309, 0.0 ], [ 52.186971286863617, 30.255209933073981, 0.0 ], [ 52.187343026732819, 30.255493053213691, 0.0 ], [ 52.188095153295137, 30.25623742184025, 0.0 ], [ 52.188218495840061, 30.256446094482289, 0.0 ], [ 52.188349751107083, 30.256880277573721, 0.0 ], [ 52.188452521817467, 30.25699890366921, 0.0 ], [ 52.18981753415455, 30.257764768552448, 0.0 ], [ 52.19010773277661, 30.25785687628521, 0.0 ], [ 52.190326258728767, 30.25787744849822, 0.0 ], [ 52.190638855913619, 30.25777986236362, 0.0 ], [ 52.191097624070522, 30.25757492250774, 0.0 ], [ 52.19215093987463, 30.257166057964341, 0.0 ], [ 52.192317495369529, 30.25713296021593, 0.0 ], [ 52.192526780906633, 30.25703405433811, 0.0 ], [ 52.192776693009201, 30.256964103812141, 0.0 ], [ 52.193129785116923, 30.256992469013191, 0.0 ], [ 52.193514509799172, 30.25695061451561, 0.0 ], [ 52.19454991468627, 30.256244125727012, 0.0 ], [ 52.194988950489311, 30.255913026439611, 0.0 ], [ 52.19518764665564, 30.255798422254511, 0.0 ], [ 52.195426708547707, 30.255798496220979, 0.0 ], [ 52.195519949421573, 30.255826970793319, 0.0 ], [ 52.195705979280447, 30.255953854314718, 0.0 ], [ 52.196006248803663, 30.256072926896969, 0.0 ], [ 52.196453441375667, 30.256093656343062, 0.0 ], [ 52.196859589146527, 30.25599745668903, 0.0 ], [ 52.197746339411403, 30.255623907118778, 0.0 ], [ 52.19801734299606, 30.25547254428264, 0.0 ], [ 52.198321238232502, 30.255194554020211, 0.0 ], [ 52.198889268067433, 30.254467493069392, 0.0 ], [ 52.199193716999751, 30.254128588624951, 0.0 ], [ 52.200241403368182, 30.253155756559249, 0.0 ], [ 52.200296284465082, 30.253128183778809, 0.0 ], [ 52.200394474641861, 30.252976143944199, 0.0 ], [ 52.201616840167027, 30.25189342074399, 0.0 ], [ 52.202570745465309, 30.251438013632509, 0.0 ], [ 52.203643987879353, 30.250967968182081, 0.0 ], [ 52.204633916988129, 30.25048514542906, 0.0 ], [ 52.205694770535253, 30.250012941583069, 0.0 ], [ 52.205764862512218, 30.250007784727892, 0.0 ], [ 52.205783560557997, 30.249996333506001, 0.0 ], [ 52.20629351951883, 30.249680334994579, 0.0 ], [ 52.20784273670737, 30.249465290433861, 0.0 ], [ 52.210077462302493, 30.24889650058973, 0.0 ], [ 52.211856580289542, 30.248679284792772, 0.0 ], [ 52.213292663322193, 30.2486163625478, 0.0 ], [ 52.214101081335301, 30.248908895352962, 0.0 ], [ 52.214567060021039, 30.249403110595491, 0.0 ], [ 52.214975237284499, 30.249897860231119, 0.0 ], [ 52.215211885781002, 30.25001973472077, 0.0 ], [ 52.215283876025381, 30.25011606683989, 0.0 ], [ 52.215338573555997, 30.250126838404199, 0.0 ], [ 52.215423276496843, 30.25020049433477, 0.0 ], [ 52.215635932892333, 30.250272962734559, 0.0 ], [ 52.215952910618647, 30.250324160032939, 0.0 ], [ 52.217095665683388, 30.250387988232241, 0.0 ], [ 52.217953770255143, 30.250283011780351, 0.0 ], [ 52.218464181826441, 30.25005945070199, 0.0 ], [ 52.218545342381738, 30.25005643986265, 0.0 ], [ 52.219015398481652, 30.249826484659039, 0.0 ], [ 52.219653249274337, 30.249770918914109, 0.0 ], [ 52.220321860338757, 30.24983913320737, 0.0 ], [ 52.220738523579001, 30.250072110954829, 0.0 ], [ 52.221014974461262, 30.250155255038731, 0.0 ], [ 52.22176196134275, 30.250362591617169, 0.0 ], [ 52.222006169108127, 30.250412197146801, 0.0 ], [ 52.222557448433051, 30.250289750515918, 0.0 ], [ 52.22289073657695, 30.25024152299282, 0.0 ], [ 52.223409798017478, 30.25029758271296, 0.0 ], [ 52.224608590734739, 30.250532263456741, 0.0 ], [ 52.224930511529386, 30.250614974050919, 0.0 ], [ 52.225132413489661, 30.250710085558879, 0.0 ], [ 52.225282522964562, 30.25081921612713, 0.0 ], [ 52.225830572312752, 30.251326157032921, 0.0 ], [ 52.226006378706487, 30.251464371759091, 0.0 ], [ 52.226358764670913, 30.251646049215829, 0.0 ], [ 52.226727198487907, 30.251759901103409, 0.0 ], [ 52.227256517048843, 30.251856453873781, 0.0 ], [ 52.227516379869769, 30.2518585303112, 0.0 ], [ 52.227709066286032, 30.251786794223111, 0.0 ], [ 52.227943811043467, 30.251597361477849, 0.0 ], [ 52.228261969222118, 30.251481587829879, 0.0 ], [ 52.228376820959241, 30.251471487504681, 0.0 ], [ 52.228451318600513, 30.251454998142819, 0.0 ], [ 52.229111484615608, 30.251365339801769, 0.0 ], [ 52.229769254484673, 30.251187724116701, 0.0 ], [ 52.231119192930649, 30.25062236946939, 0.0 ], [ 52.231576530784771, 30.25062483743638, 0.0 ], [ 52.231767680807181, 30.250690714188519, 0.0 ], [ 52.23190850716442, 30.25078413367164, 0.0 ], [ 52.23198251877524, 30.25088494889328, 0.0 ], [ 52.232023602572362, 30.25100186445496, 0.0 ], [ 52.232029689006097, 30.251333410924161, 0.0 ], [ 52.232003330036648, 30.251615634805489, 0.0 ], [ 52.23201950535605, 30.25176662175479, 0.0 ], [ 52.232068353593299, 30.251933092005999, 0.0 ], [ 52.232183848900277, 30.252078632987299, 0.0 ], [ 52.232887854508817, 30.252534448428769, 0.0 ], [ 52.233397247491808, 30.25363499758036, 0.0 ], [ 52.234001777977298, 30.254134603684822, 0.0 ], [ 52.234208608834493, 30.254258979886838, 0.0 ], [ 52.234366444058878, 30.254309375948981, 0.0 ], [ 52.234641365686088, 30.254268435888811, 0.0 ], [ 52.235159157716339, 30.253857508738029, 0.0 ], [ 52.235483865924579, 30.25369428391355, 0.0 ], [ 52.236125005052848, 30.253537095403502, 0.0 ], [ 52.237064585929737, 30.253505666149369, 0.0 ], [ 52.238012385690652, 30.253559873037929, 0.0 ], [ 52.238527038931693, 30.253676820689289, 0.0 ], [ 52.239821732578072, 30.25414505721805, 0.0 ], [ 52.240144446248969, 30.25439239602926, 0.0 ], [ 52.240691007577212, 30.254876728749579, 0.0 ], [ 52.240873250829793, 30.255008094552611, 0.0 ], [ 52.242258907627047, 30.255475444475731, 0.0 ], [ 52.243064604209962, 30.255695635687552, 0.0 ], [ 52.243404803694212, 30.25583452173127, 0.0 ], [ 52.244554223676133, 30.2569875970886, 0.0 ], [ 52.245082875774827, 30.257645777414311, 0.0 ], [ 52.246106515224021, 30.25902110219031, 0.0 ], [ 52.246601992631568, 30.259571313122269, 0.0 ], [ 52.247123224205183, 30.26005134702174, 0.0 ], [ 52.247645268909977, 30.26044113905224, 0.0 ], [ 52.247951225880627, 30.26074726803181, 0.0 ], [ 52.248181955101217, 30.26111501984084, 0.0 ], [ 52.249046941071271, 30.26262717941739, 0.0 ], [ 52.24966573410078, 30.263575477425981, 0.0 ], [ 52.250080320527907, 30.26419863144984, 0.0 ], [ 52.250098116714817, 30.264218763715728, 0.0 ], [ 52.250163941029832, 30.26433769245671, 0.0 ], [ 52.250165941524493, 30.264495579049122, 0.0 ], [ 52.250196438495408, 30.264646426180452, 0.0 ], [ 52.250197896053002, 30.264761457834162, 0.0 ], [ 52.250199696576928, 30.264903555756469, 0.0 ], [ 52.250203097601599, 30.26517196293436, 0.0 ], [ 52.250186574209764, 30.265354840115169, 0.0 ], [ 52.250169429747856, 30.26553997901512, 0.0 ], [ 52.250171859049637, 30.26573169841264, 0.0 ], [ 52.250153542744613, 30.265824360890338, 0.0 ], [ 52.250136190387302, 30.265941827907909, 0.0 ], [ 52.25009943558937, 30.26606624754675, 0.0 ], [ 52.250071375085057, 30.26615900304007, 0.0 ], [ 52.250043849825701, 30.26624273023705, 0.0 ], [ 52.250015674915574, 30.266326463630019, 0.0 ], [ 52.249969175729483, 30.26645097625611, 0.0 ], [ 52.249981640230907, 30.266511763731419, 0.0 ], [ 52.249698342030477, 30.26681674442359, 0.0 ], [ 52.249037910438837, 30.267405041230099, 0.0 ], [ 52.248301999818132, 30.26819030860327, 0.0 ], [ 52.248150735995218, 30.268507561961052, 0.0 ], [ 52.247734126536962, 30.268701019523391, 0.0 ], [ 52.247283319760577, 30.268964731213838, 0.0 ], [ 52.246973970278823, 30.269317326055859, 0.0 ], [ 52.246670865730557, 30.269958602527399, 0.0 ], [ 52.246461770842863, 30.27022452134824, 0.0 ], [ 52.246177812897997, 30.270376106854211, 0.0 ], [ 52.24596918887972, 30.27057660236607, 0.0 ], [ 52.245634470840798, 30.270979063055659, 0.0 ], [ 52.245166076863981, 30.271497839870101, 0.0 ], [ 52.244573239483657, 30.271835078648241, 0.0 ], [ 52.244038519575632, 30.272401853732791, 0.0 ], [ 52.243801181557863, 30.273159800221521, 0.0 ], [ 52.243432254869553, 30.273736276692969, 0.0 ], [ 52.243488691976999, 30.274089900524899, 0.0 ], [ 52.243487049327697, 30.274371890528069, 0.0 ], [ 52.243310091615839, 30.27476607954603, 0.0 ], [ 52.24272409413112, 30.27549349787461, 0.0 ], [ 52.242155479787243, 30.276105703173219, 0.0 ], [ 52.241736699578283, 30.276594672009931, 0.0 ], [ 52.241453456233998, 30.277269585294739, 0.0 ], [ 52.241016378791358, 30.277544424877849, 0.0 ], [ 52.240341738492482, 30.27778767717961, 0.0 ], [ 52.239683700589531, 30.277956327580981, 0.0 ], [ 52.239123721586658, 30.278482718084351, 0.0 ], [ 52.237928409215797, 30.279538460529452, 0.0 ], [ 52.237725946563557, 30.280129137699571, 0.0 ], [ 52.237332774740501, 30.280538897885329, 0.0 ], [ 52.236839714696153, 30.280963135543541, 0.0 ], [ 52.236378969334432, 30.281581064622308, 0.0 ], [ 52.236281293268092, 30.28203089051291, 0.0 ], [ 52.236263186880791, 30.282089712206059, 0.0 ], [ 52.236249036056627, 30.28220489143029, 0.0 ], [ 52.236231326276581, 30.28234717381055, 0.0 ], [ 52.236221891626819, 30.282372076664789, 0.0 ], [ 52.235920601873808, 30.283166705999079, 0.0 ], [ 52.235493175047282, 30.283851991315998, 0.0 ], [ 52.234963001166669, 30.284946543687312, 0.0 ], [ 52.2348421229294, 30.285256728072529, 0.0 ], [ 52.234786697795229, 30.285397110253829, 0.0 ], [ 52.234762996570957, 30.285424403385619, 0.0 ], [ 52.234513835786153, 30.285972656068349, 0.0 ], [ 52.234241310509667, 30.286367734541681, 0.0 ], [ 52.234224246795463, 30.286561893825109, 0.0 ], [ 52.234244162010057, 30.286751192811408, 0.0 ], [ 52.234367160530077, 30.287077123153701, 0.0 ], [ 52.234319700212133, 30.28723096478441, 0.0 ], [ 52.234141950806602, 30.287410848725461, 0.0 ], [ 52.233927928039883, 30.287548214305431, 0.0 ], [ 52.233734159396469, 30.28774629508894, 0.0 ], [ 52.233189006387803, 30.288529681907509, 0.0 ], [ 52.232926836067392, 30.28897428764127, 0.0 ], [ 52.232628758270067, 30.289353812996449, 0.0 ], [ 52.232268219805398, 30.289571508564261, 0.0 ], [ 52.232060208097707, 30.289670466068969, 0.0 ], [ 52.23148648426335, 30.28998942119869, 0.0 ], [ 52.23133994349493, 30.290119380295291, 0.0 ], [ 52.231313525017818, 30.290241441779791, 0.0 ], [ 52.231239701486267, 30.290366205027372, 0.0 ], [ 52.23113536674029, 30.290493511045391, 0.0 ], [ 52.230780755165647, 30.290666030957631, 0.0 ], [ 52.230331095532087, 30.291085325161099, 0.0 ], [ 52.229794198020727, 30.29138813628596, 0.0 ], [ 52.229658389612077, 30.29149317895283, 0.0 ], [ 52.229532862196237, 30.291640985007358, 0.0 ], [ 52.229458948331647, 30.29181086404018, 0.0 ], [ 52.229405768255212, 30.29202791996449, 0.0 ], [ 52.229164449334448, 30.292479089920441, 0.0 ], [ 52.229068573688217, 30.292816103844618, 0.0 ], [ 52.22870258227929, 30.293171444569161, 0.0 ], [ 52.228136331891868, 30.294092612572332, 0.0 ], [ 52.227998576532158, 30.294511227364929, 0.0 ], [ 52.227898550239992, 30.294724210663311, 0.0 ], [ 52.227762587799539, 30.294921740472841, 0.0 ], [ 52.227600527498083, 30.29500672521019, 0.0 ], [ 52.22747027546054, 30.295141038896951, 0.0 ], [ 52.227122143936811, 30.295627043933852, 0.0 ], [ 52.22709787263608, 30.295661108450641, 0.0 ], [ 52.227009379035529, 30.29575668160679, 0.0 ], [ 52.226990137610578, 30.295777164172598, 0.0 ], [ 52.226872422712027, 30.295979033584011, 0.0 ], [ 52.226710408024687, 30.29617229498616, 0.0 ], [ 52.226501353714461, 30.29634569492276, 0.0 ], [ 52.226214293250237, 30.296517569701571, 0.0 ], [ 52.225729969340811, 30.296713849654591, 0.0 ], [ 52.225542215729732, 30.296875769602529, 0.0 ], [ 52.225234240971012, 30.297090698253061, 0.0 ], [ 52.224727976568808, 30.297404481356342, 0.0 ], [ 52.224106820220641, 30.297834382913731, 0.0 ], [ 52.223521219352662, 30.298354180979921, 0.0 ], [ 52.222974003855029, 30.298668340342871, 0.0 ], [ 52.221964965515681, 30.299580085240699, 0.0 ], [ 52.221640624822562, 30.299944041001559, 0.0 ], [ 52.221426808947477, 30.30010168692117, 0.0 ], [ 52.221108508375373, 30.300271586565781, 0.0 ], [ 52.220962588533617, 30.300401528573989, 0.0 ], [ 52.220684638741851, 30.300733468014499, 0.0 ], [ 52.220542567257723, 30.301016767797581, 0.0 ], [ 52.220326886525051, 30.301548891496822, 0.0 ], [ 52.220225130068158, 30.302043859756079, 0.0 ], [ 52.21999464038462, 30.302377610974329, 0.0 ], [ 52.219670151372839, 30.302678401098561, 0.0 ], [ 52.219100920286643, 30.3031596788292, 0.0 ], [ 52.218573725808248, 30.3034668663704, 0.0 ], [ 52.218448270140307, 30.303675567931489, 0.0 ], [ 52.21828452258724, 30.304098926533651, 0.0 ], [ 52.21790017809635, 30.304921358547791, 0.0 ], [ 52.217742588209248, 30.305159683903099, 0.0 ], [ 52.217500925528981, 30.305642417367419, 0.0 ], [ 52.217343277818848, 30.305876231201299, 0.0 ], [ 52.216925141202069, 30.306279396810741, 0.0 ], [ 52.21676260763558, 30.306486185860411, 0.0 ], [ 52.216193173453448, 30.306953918434321, 0.0 ], [ 52.216072749881093, 30.307097152925401, 0.0 ], [ 52.215230444720717, 30.307996018610819, 0.0 ], [ 52.214953979128893, 30.308188073105271, 0.0 ], [ 52.214227967984563, 30.30860987956294, 0.0 ], [ 52.211637674427401, 30.309441469382289, 0.0 ], [ 52.210475218653137, 30.309734204613669, 0.0 ], [ 52.209593902149138, 30.310055911768451, 0.0 ], [ 52.208690982358434, 30.310524439518691, 0.0 ], [ 52.206759583471467, 30.311825818440632, 0.0 ], [ 52.205938507190027, 30.31245147849101, 0.0 ], [ 52.205533432153537, 30.312865767211889, 0.0 ], [ 52.205038982525487, 30.313253808431948, 0.0 ], [ 52.204680115896942, 30.313620297164139, 0.0 ], [ 52.204528942905739, 30.313696130539551, 0.0 ], [ 52.204367244999261, 30.313814920811069, 0.0 ], [ 52.203990470829673, 30.314046224654831, 0.0 ], [ 52.203650591495212, 30.314211769813081, 0.0 ], [ 52.203468964233842, 30.314348788756529, 0.0 ], [ 52.202197542833233, 30.315093613858881, 0.0 ], [ 52.201775719913563, 30.315309534855839, 0.0 ], [ 52.201238181647767, 30.31568442309684, 0.0 ], [ 52.200119296681031, 30.316254131080221, 0.0 ], [ 52.198958298022873, 30.316729472087491, 0.0 ], [ 52.198430207530421, 30.316867403457699, 0.0 ], [ 52.197721987580337, 30.316946075531799, 0.0 ], [ 52.196881770950483, 30.317021439988409, 0.0 ], [ 52.196322900805569, 30.317087458922661, 0.0 ], [ 52.196128544782013, 30.317141119671479, 0.0 ], [ 52.195935249444567, 30.317228607448879, 0.0 ], [ 52.195770743562697, 30.31733162238158, 0.0 ], [ 52.195437140887222, 30.317641460433919, 0.0 ], [ 52.195010353436032, 30.318200287083119, 0.0 ], [ 52.19479478556638, 30.31843460374262, 0.0 ], [ 52.194655536271362, 30.318690781069652, 0.0 ], [ 52.194360766126763, 30.319040866206539, 0.0 ], [ 52.193996001734902, 30.319515658674899, 0.0 ], [ 52.193706523216783, 30.31976643884094, 0.0 ], [ 52.193074327573562, 30.320112832646, 0.0 ], [ 52.19254987549391, 30.320338683720468, 0.0 ], [ 52.191998558835742, 30.320600870366281, 0.0 ], [ 52.191006299398218, 30.32106106940088, 0.0 ], [ 52.190701522090052, 30.321176634281048, 0.0 ], [ 52.19049115528145, 30.32130487401669, 0.0 ], [ 52.190178849466449, 30.321443064236849, 0.0 ], [ 52.189796761813277, 30.321724004015572, 0.0 ], [ 52.189447125062998, 30.32210841449022, 0.0 ], [ 52.189333906878893, 30.32231472198534, 0.0 ], [ 52.189277428259032, 30.32253630410111, 0.0 ], [ 52.188391603874457, 30.32470766934382, 0.0 ], [ 52.187726444403502, 30.326313074558861, 0.0 ], [ 52.187640978309837, 30.326503337971069, 0.0 ], [ 52.187525269726002, 30.326881107413641, 0.0 ], [ 52.187411283446266, 30.327078397037379, 0.0 ], [ 52.187326765463773, 30.327293465447369, 0.0 ], [ 52.186969979571693, 30.327734329427791, 0.0 ], [ 52.18658073815083, 30.328071720089518, 0.0 ], [ 52.186389933782678, 30.328206543362381, 0.0 ], [ 52.186038580646802, 30.328559379350612, 0.0 ], [ 52.185460314645063, 30.329072177545669, 0.0 ], [ 52.185182543353143, 30.329381484070581, 0.0 ], [ 52.18481934352252, 30.329669005997921, 0.0 ], [ 52.184557573690149, 30.32990372482363, 0.0 ], [ 52.1843220743513, 30.33010662401912, 0.0 ], [ 52.184124358033301, 30.33031594810312, 0.0 ], [ 52.184000230478468, 30.330481745450161, 0.0 ], [ 52.183803601564129, 30.330943708948951, 0.0 ], [ 52.18371934391368, 30.331181330755541, 0.0 ], [ 52.183664745171683, 30.331452521076528, 0.0 ], [ 52.183573065958967, 30.33172179117242, 0.0 ], [ 52.183517518096053, 30.331968176202938, 0.0 ], [ 52.183397072772642, 30.332224171701881, 0.0 ], [ 52.183279774092647, 30.332795950728251, 0.0 ], [ 52.183074226456462, 30.333273784419472, 0.0 ], [ 52.182923089079537, 30.333464638931542, 0.0 ], [ 52.182733434511562, 30.333642306843259, 0.0 ], [ 52.181176790711334, 30.334761719142339, 0.0 ], [ 52.180275535493557, 30.3353992253897, 0.0 ], [ 52.179939955165857, 30.335661671034629, 0.0 ], [ 52.179528963474041, 30.33592479609873, 0.0 ], [ 52.179193568580587, 30.336203028809059, 0.0 ], [ 52.178827402991658, 30.33640935244302, 0.0 ], [ 52.177917205033189, 30.337062714033451, 0.0 ], [ 52.177059142273997, 30.337618600664481, 0.0 ], [ 52.176243266458442, 30.33827786917476, 0.0 ], [ 52.175767351550633, 30.338550589891799, 0.0 ], [ 52.175349155023952, 30.338865650334981, 0.0 ], [ 52.172679614370182, 30.340725842681358, 0.0 ], [ 52.172206514876279, 30.34107296693951, 0.0 ], [ 52.171732385746871, 30.341388517517561, 0.0 ], [ 52.171383447675836, 30.341788665374519, 0.0 ], [ 52.171248806591727, 30.34216659058163, 0.0 ], [ 52.171193115264721, 30.342403948712519, 0.0 ], [ 52.171215186348988, 30.34272858653685, 0.0 ], [ 52.171243893955953, 30.34279149183488, 0.0 ], [ 52.17109742562107, 30.343049965298931, 0.0 ], [ 52.171000570207269, 30.34343431917722, 0.0 ], [ 52.170850527437601, 30.34366575475703, 0.0 ], [ 52.170654458462543, 30.343908881300131, 0.0 ], [ 52.169844943431698, 30.34472821590613, 0.0 ], [ 52.168743123004113, 30.345518577800519, 0.0 ], [ 52.168459717676633, 30.345690296183282, 0.0 ], [ 52.168117045708293, 30.346018193880319, 0.0 ], [ 52.168262440916003, 30.346598891697798, 0.0 ], [ 52.168006121831617, 30.34697113348269, 0.0 ], [ 52.167797559743718, 30.347148949209782, 0.0 ], [ 52.167614223752381, 30.34747993386075, 0.0 ], [ 52.167561435591132, 30.347798473406929, 0.0 ], [ 52.167567074267737, 30.348163862966949, 0.0 ], [ 52.167605190146112, 30.348362033112309, 0.0 ], [ 52.167370961644558, 30.348404729305901, 0.0 ], [ 52.167325931846442, 30.348445735827649, 0.0 ], [ 52.16722071933188, 30.34840155920925, 0.0 ], [ 52.167018024025793, 30.348252230054719, 0.0 ], [ 52.166894607185903, 30.34820821567159, 0.0 ], [ 52.166725510337713, 30.348205213291461, 0.0 ], [ 52.166447337962083, 30.348270858026389, 0.0 ], [ 52.165640943418957, 30.34826225992942, 0.0 ], [ 52.165454479065872, 30.348275201376609, 0.0 ], [ 52.16529691603607, 30.348312698775981, 0.0 ], [ 52.165125111794303, 30.348465368852811, 0.0 ], [ 52.164666865884897, 30.3491935648103, 0.0 ], [ 52.164480496668432, 30.3494343401278, 0.0 ], [ 52.164238291451333, 30.34968237987011, 0.0 ], [ 52.164022690326341, 30.349760997084399, 0.0 ], [ 52.163855549085582, 30.349868507960799, 0.0 ], [ 52.163688007078889, 30.349942185152798, 0.0 ], [ 52.16335220178582, 30.350028638642151, 0.0 ], [ 52.162988801686737, 30.350201057288121, 0.0 ], [ 52.162680659263771, 30.35026244913864, 0.0 ], [ 52.162316094230903, 30.350281481682629, 0.0 ], [ 52.161915177786128, 30.350415882286342, 0.0 ], [ 52.161766131587257, 30.35051420649193, 0.0 ], [ 52.161561739534719, 30.350606254906221, 0.0 ], [ 52.161413529363138, 30.35072036191378, 0.0 ], [ 52.161050043261689, 30.350886008605759, 0.0 ], [ 52.160586499937793, 30.351223983737071, 0.0 ], [ 52.160262078925747, 30.3515043274381, 0.0 ], [ 52.160094824058241, 30.35160281139142, 0.0 ], [ 52.159771023976333, 30.35188089258887, 0.0 ], [ 52.159632497742876, 30.35204453938973, 0.0 ], [ 52.15928986582496, 30.352325042283699, 0.0 ], [ 52.158809367940108, 30.352825579494532, 0.0 ], [ 52.158354139890712, 30.353098054871541, 0.0 ], [ 52.158281093997431, 30.35324532939034, 0.0 ], [ 52.158114604654713, 30.35340922239828, 0.0 ], [ 52.157966279970637, 30.353514303388319, 0.0 ], [ 52.157698305583601, 30.353785117625911, 0.0 ], [ 52.157271028892289, 30.35405734176522, 0.0 ], [ 52.156906673921078, 30.354150799140839, 0.0 ], [ 52.156645701440127, 30.35424334077431, 0.0 ], [ 52.155965262782402, 30.354443359028821, 0.0 ], [ 52.155254554538168, 30.35455792072861, 0.0 ], [ 52.15505874722399, 30.35460702300314, 0.0 ], [ 52.154659127210103, 30.35485418051169, 0.0 ], [ 52.154511114425468, 30.35498632455953, 0.0 ], [ 52.154280944869782, 30.355265821269821, 0.0 ], [ 52.154189299808657, 30.355435815873509, 0.0 ], [ 52.154077950784988, 30.35553379863082, 0.0 ], [ 52.153762403060227, 30.355741862478251, 0.0 ], [ 52.153557236292663, 30.355824882232611, 0.0 ], [ 52.153178437082687, 30.356184641814291, 0.0 ], [ 52.152750105648373, 30.356368884374429, 0.0 ], [ 52.152396707109951, 30.356565999769352, 0.0 ], [ 52.152079814935618, 30.35671542055772, 0.0 ], [ 52.151922296227333, 30.356813808450308, 0.0 ], [ 52.151595348080512, 30.356882107714871, 0.0 ], [ 52.151314846035802, 30.356918415797029, 0.0 ], [ 52.151006938558588, 30.357002336524971, 0.0 ], [ 52.150651369189113, 30.357014490336621, 0.0 ], [ 52.150266608993142, 30.356977272341709, 0.0 ], [ 52.150079897355702, 30.35702628721781, 0.0 ], [ 52.149810097431477, 30.357143706932529, 0.0 ], [ 52.149380410178843, 30.357212904416869, 0.0 ], [ 52.149211455798557, 30.35722341321371, 0.0 ], [ 52.148875585479303, 30.35730757481096, 0.0 ], [ 52.148669752185953, 30.357334197698421, 0.0 ], [ 52.148334645097357, 30.357483769595461, 0.0 ], [ 52.14788948788663, 30.35778770199839, 0.0 ], [ 52.147797170988923, 30.35790130302253, 0.0 ], [ 52.147334127417373, 30.358288855481931, 0.0 ], [ 52.146696598083409, 30.358993750154639, 0.0 ], [ 52.146586650710958, 30.359157132762679, 0.0 ], [ 52.146319839337963, 30.359531681127841, 0.0 ], [ 52.146042641057242, 30.359852180682878, 0.0 ], [ 52.145645230493223, 30.3602368960006, 0.0 ], [ 52.145487338455538, 30.360360093432519, 0.0 ], [ 52.145320920707228, 30.360532993131759, 0.0 ], [ 52.145078961085773, 30.360641136083341, 0.0 ], [ 52.144911097081717, 30.36068997858094, 0.0 ], [ 52.14465085710232, 30.360847908629321, 0.0 ], [ 52.144456003274463, 30.36098045176826, 0.0 ], [ 52.144355626312262, 30.361184353269351, 0.0 ], [ 52.144372229361053, 30.361493253405541, 0.0 ], [ 52.144315786878991, 30.361728351473548, 0.0 ], [ 52.144112378596994, 30.361908340954852, 0.0 ], [ 52.143715929349923, 30.362432902145152, 0.0 ], [ 52.143679520370597, 30.36248961591545, 0.0 ], [ 52.143577618120553, 30.362562693396949, 0.0 ], [ 52.143457435297179, 30.362685558482301, 0.0 ], [ 52.143327130791512, 30.362776930713391, 0.0 ], [ 52.1429734275615, 30.362951465741229, 0.0 ], [ 52.142554591078927, 30.363117546022739, 0.0 ], [ 52.142189532067363, 30.363154574019759, 0.0 ], [ 52.141888420503918, 30.363042159041669, 0.0 ], [ 52.141652253220741, 30.36286601346918, 0.0 ], [ 52.141348056808283, 30.36254383407806, 0.0 ], [ 52.140891866374297, 30.362013190699759, 0.0 ], [ 52.140826189722212, 30.36201376399088, 0.0 ], [ 52.140704014442562, 30.36196520259826, 0.0 ], [ 52.140571247717517, 30.36184454766542, 0.0 ], [ 52.140389411744032, 30.36153032125199, 0.0 ], [ 52.139999456647963, 30.36104646855355, 0.0 ], [ 52.139788437353658, 30.360682867961351, 0.0 ], [ 52.13968420624628, 30.360555195780631, 0.0 ], [ 52.139299966704257, 30.359834431014129, 0.0 ], [ 52.139151621582307, 30.359210864848819, 0.0 ], [ 52.13904588013002, 30.359008763542789, 0.0 ], [ 52.138884897687873, 30.358865794532029, 0.0 ], [ 52.138806435121488, 30.358548409020401, 0.0 ], [ 52.138748636003449, 30.35844288953616, 0.0 ], [ 52.13848640610157, 30.358429383213181, 0.0 ], [ 52.13834540556843, 30.35838323927555, 0.0 ], [ 52.138268854563947, 30.358286906117669, 0.0 ], [ 52.13819847927121, 30.357881473149131, 0.0 ], [ 52.137976385992012, 30.35734652407551, 0.0 ], [ 52.137759490265893, 30.35726043561035, 0.0 ], [ 52.137403812707831, 30.357263531109972, 0.0 ], [ 52.137179197292447, 30.35729706681364, 0.0 ], [ 52.136908154245432, 30.3573084478593, 0.0 ], [ 52.136223169787471, 30.357233194831771, 0.0 ], [ 52.135670288998583, 30.357222209012932, 0.0 ], [ 52.135591610760109, 30.357222892582989, 0.0 ], [ 52.135472591993647, 30.357221670737061, 0.0 ], [ 52.135341375094733, 30.357234089604479, 0.0 ], [ 52.135240042856751, 30.357243992978759, 0.0 ], [ 52.135212759092767, 30.357246485751929, 0.0 ], [ 52.135041982035588, 30.357268271139141, 0.0 ], [ 52.134451829440401, 30.357239557321581, 0.0 ], [ 52.134199148739803, 30.357264308250421, 0.0 ], [ 52.133664474476717, 30.35742234186521, 0.0 ], [ 52.133082278921492, 30.357632668955681, 0.0 ], [ 52.132527832008442, 30.35793749717886, 0.0 ], [ 52.132359315554112, 30.357986329248551, 0.0 ], [ 52.132115241252677, 30.358024536500078, 0.0 ], [ 52.13160964160631, 30.357997333347459, 0.0 ], [ 52.131179026001277, 30.35804392114855, 0.0 ], [ 52.130831587251187, 30.358141671648049, 0.0 ], [ 52.130484485004636, 30.358268743892239, 0.0 ], [ 52.130306213256652, 30.3583176577107, 0.0 ], [ 52.129630786684267, 30.358508473477869, 0.0 ], [ 52.129021425834701, 30.35861976167341, 0.0 ], [ 52.128777268048857, 30.358707591351521, 0.0 ], [ 52.128626480582028, 30.35888484691597, 0.0 ], [ 52.128381510308188, 30.359071938679481, 0.0 ], [ 52.127968907549388, 30.35921536047724, 0.0 ], [ 52.127772218738649, 30.359246383306822, 0.0 ], [ 52.127612150728353, 30.35929513642407, 0.0 ], [ 52.127518042332447, 30.359368134318618, 0.0 ], [ 52.12749852457037, 30.35953748871637, 0.0 ], [ 52.1274032895017, 30.359739077630849, 0.0 ], [ 52.127299423212378, 30.359868554882659, 0.0 ], [ 52.127083424867173, 30.360030580434259, 0.0 ], [ 52.126800441917602, 30.36030597382145, 0.0 ], [ 52.126743680985278, 30.360403463141768, 0.0 ], [ 52.126338964409008, 30.360725021200739, 0.0 ], [ 52.12604753245953, 30.360887695117711, 0.0 ], [ 52.12562516460067, 30.361031193789039, 0.0 ], [ 52.125475578779813, 30.36103022615859, 0.0 ], [ 52.125101059095599, 30.360979311107702, 0.0 ], [ 52.125040843041077, 30.361002387588581, 0.0 ], [ 52.124954827906443, 30.36098733725893, 0.0 ], [ 52.124745309925501, 30.361034256719311, 0.0 ], [ 52.124556801472693, 30.36115543695292, 0.0 ], [ 52.124162881611412, 30.361341546646781, 0.0 ], [ 52.124058911521807, 30.361405603666249, 0.0 ], [ 52.123871237768547, 30.361486171091279, 0.0 ], [ 52.123786305535909, 30.361565854893168, 0.0 ], [ 52.123748868322231, 30.361647386102831, 0.0 ], [ 52.123813703321296, 30.361743828655449, 0.0 ], [ 52.1239070782418, 30.36177686295321, 0.0 ], [ 52.124009742902857, 30.361769212634279, 0.0 ], [ 52.124375718822748, 30.361698390303211, 0.0 ], [ 52.124431848095043, 30.361715953936049, 0.0 ], [ 52.124440946676259, 30.361772271012139, 0.0 ], [ 52.124393575311977, 30.361838097163751, 0.0 ], [ 52.124054733908316, 30.362120732722399, 0.0 ], [ 52.123855982384612, 30.3624269768302, 0.0 ], [ 52.123749597868283, 30.362962519519439, 0.0 ], [ 52.123785919373297, 30.363124625819498, 0.0 ], [ 52.123869169499237, 30.363238956473449, 0.0 ], [ 52.123972036678232, 30.36330574627479, 0.0 ], [ 52.124093375036303, 30.36333853991842, 0.0 ], [ 52.124347204750428, 30.363185216990679, 0.0 ], [ 52.124585628530753, 30.363106467992861, 0.0 ], [ 52.124589133679287, 30.36346962381743, 0.0 ], [ 52.124503565783293, 30.36366436003928, 0.0 ], [ 52.124428231597733, 30.363730426791729, 0.0 ], [ 52.124193893712572, 30.36376853573244, 0.0 ], [ 52.123154862030702, 30.36367370164556, 0.0 ], [ 52.122761938960153, 30.363663542863559, 0.0 ], [ 52.12249901396612, 30.363704150168889, 0.0 ], [ 52.12205927067135, 30.363694391393739, 0.0 ], [ 52.121656013584953, 30.363747480813341, 0.0 ], [ 52.121478461488159, 30.3637467486868, 0.0 ], [ 52.120701468763443, 30.36364739041931, 0.0 ], [ 52.120523446552532, 30.363662451727851, 0.0 ], [ 52.120448366771392, 30.363751072198301, 0.0 ], [ 52.120522594208467, 30.363815854453339, 0.0 ], [ 52.120643667680078, 30.363882490801579, 0.0 ], [ 52.121192460782432, 30.364443993429539, 0.0 ], [ 52.121117200921752, 30.36451682511758, 0.0 ], [ 52.120751792235247, 30.364524470829821, 0.0 ], [ 52.12033934234114, 30.364627263003939, 0.0 ], [ 52.120254797703069, 30.36468438309517, 0.0 ], [ 52.120338780040697, 30.364749081819181, 0.0 ], [ 52.120674188815478, 30.365019159687229, 0.0 ], [ 52.120906074676697, 30.36527884552147, 0.0 ], [ 52.121186218958456, 30.365493000630231, 0.0 ], [ 52.12129750798313, 30.3656138597925, 0.0 ], [ 52.12145555334169, 30.365842596708891, 0.0 ], [ 52.121697487508492, 30.366070613421449, 0.0 ], [ 52.122153692458973, 30.366438906236731, 0.0 ], [ 52.122807231104403, 30.366773920727759, 0.0 ], [ 52.123060062846541, 30.366816864504781, 0.0 ], [ 52.123255264497907, 30.366995651908638, 0.0 ], [ 52.12324523498922, 30.367142365946691, 0.0 ], [ 52.123065361676368, 30.367394307066991, 0.0 ], [ 52.123017588425348, 30.367539089626, 0.0 ], [ 52.123016662808787, 30.36768572540787, 0.0 ], [ 52.122817447258498, 30.368066413730361, 0.0 ], [ 52.122713007140149, 30.368317706235661, 0.0 ], [ 52.122597782555673, 30.368706695865281, 0.0 ], [ 52.122586909142399, 30.36895041702056, 0.0 ], [ 52.122642090417642, 30.36911236147764, 0.0 ], [ 52.122668195813958, 30.36946178811781, 0.0 ], [ 52.122533178265797, 30.370053970784181, 0.0 ], [ 52.122324851788861, 30.37043473659698, 0.0 ], [ 52.122126555124012, 30.37066878817415, 0.0 ], [ 52.122050267726401, 30.370822838457649, 0.0 ], [ 52.121901059657127, 30.370799305617229, 0.0 ], [ 52.121854873634682, 30.37068465571436, 0.0 ], [ 52.121770511585382, 30.37070117062056, 0.0 ], [ 52.121619403695867, 30.37091000241988, 0.0 ], [ 52.121599242942366, 30.37113801248881, 0.0 ], [ 52.12161586110151, 30.37139728823804, 0.0 ], [ 52.121502793341079, 30.371520072532022, 0.0 ], [ 52.120995533029728, 30.371752262109091, 0.0 ], [ 52.12061019154325, 30.372010474013099, 0.0 ], [ 52.12024332197629, 30.372234689263081, 0.0 ], [ 52.120026634762148, 30.372396709399759, 0.0 ], [ 52.119894413683767, 30.37255123787477, 0.0 ], [ 52.119828141150357, 30.37267136388472, 0.0 ], [ 52.119733377247968, 30.373030850105639, 0.0 ], [ 52.119702726430667, 30.37308074062156, 0.0 ], [ 52.119550818805287, 30.373562530206609, 0.0 ], [ 52.119513964996337, 30.373695938870789, 0.0 ], [ 52.119461955253733, 30.373755035571541, 0.0 ], [ 52.119359321202552, 30.373823589179182, 0.0 ], [ 52.119217743259497, 30.37389924371789, 0.0 ], [ 52.119055268884267, 30.374024704933571, 0.0 ], [ 52.119001351008677, 30.374144724723561, 0.0 ], [ 52.118860332196931, 30.374669280691108, 0.0 ], [ 52.118747061155752, 30.37488906431388, 0.0 ], [ 52.11849672698839, 30.375067160748891, 0.0 ], [ 52.118419796959678, 30.375108423865019, 0.0 ], [ 52.118038791269257, 30.37546359118868, 0.0 ], [ 52.117856057673428, 30.37552380575022, 0.0 ], [ 52.117606721817133, 30.37561842692709, 0.0 ], [ 52.117465832723703, 30.375754980647471, 0.0 ], [ 52.11712927204016, 30.376644392723609, 0.0 ], [ 52.116938799060939, 30.376767834942939, 0.0 ], [ 52.116789478282499, 30.37690671584215, 0.0 ], [ 52.116614776396752, 30.376987162369929, 0.0 ], [ 52.116190716987361, 30.377103576275822, 0.0 ], [ 52.115983152899531, 30.377211372445291, 0.0 ], [ 52.115877433045391, 30.3776386238718, 0.0 ], [ 52.115861922946728, 30.377819221299841, 0.0 ], [ 52.115721300314618, 30.378036980143779, 0.0 ], [ 52.115630494046712, 30.378116708953421, 0.0 ], [ 52.115531802066563, 30.378361179306339, 0.0 ], [ 52.115291260132331, 30.37854369776614, 0.0 ], [ 52.115058173564343, 30.378638175495858, 0.0 ], [ 52.114792659571101, 30.37879834805149, 0.0 ], [ 52.114527451845738, 30.378985587211261, 0.0 ], [ 52.114303831426177, 30.379226610661, 0.0 ], [ 52.114080747212192, 30.3795150012206, 0.0 ], [ 52.113660060628447, 30.380274284803541, 0.0 ], [ 52.11295758717624, 30.381308921045079, 0.0 ], [ 52.112677303891942, 30.381888796251609, 0.0 ], [ 52.112422023243347, 30.3823218302038, 0.0 ], [ 52.112116264034803, 30.382777851490498, 0.0 ], [ 52.111801547937887, 30.383132436770779, 0.0 ], [ 52.111412542703377, 30.38353276956061, 0.0 ], [ 52.110766085091001, 30.38411801117811, 0.0 ], [ 52.110343887559637, 30.3845750183667, 0.0 ], [ 52.109704661856, 30.38499551911703, 0.0 ], [ 52.109580837906272, 30.385147710267649, 0.0 ], [ 52.109440840473852, 30.385480503612161, 0.0 ], [ 52.109168574409573, 30.38590916398454, 0.0 ], [ 52.108638948359193, 30.3865317521314, 0.0 ], [ 52.108183227477333, 30.38695971144049, 0.0 ], [ 52.10753705570076, 30.38768930699738, 0.0 ], [ 52.106408003575282, 30.389325314940681, 0.0 ], [ 52.106264350574833, 30.389450601227761, 0.0 ], [ 52.106208610170263, 30.389584166162901, 0.0 ], [ 52.106018388113881, 30.38979105576454, 0.0 ], [ 52.105663177116639, 30.390308387919379, 0.0 ], [ 52.104299722208431, 30.39164182731902, 0.0 ], [ 52.103632201960103, 30.392213677672931, 0.0 ], [ 52.101533778218233, 30.393390878094401, 0.0 ], [ 52.100602197909481, 30.394086753754351, 0.0 ], [ 52.100167645648639, 30.39449420506406, 0.0 ], [ 52.099608087981053, 30.394835033026961, 0.0 ], [ 52.099375837815089, 30.39506708093386, 0.0 ], [ 52.099064315009258, 30.395191516505061, 0.0 ] ] ] ] } },
{ "type": "Feature", "properties": { "Name": "منطقه حفاظت شده میانجنگل فسا", "description": "<html xmlns:fo=\"http://www.w3.org/1999/XSL/Format\" xmlns:msxsl=\"urn:schemas-microsoft-com:xslt\">\n\n<head>\n\n<META http-equiv=\"Content-Type\" content=\"text/html\">\n\n<meta http-equiv=\"content-type\" content=\"text/html; charset=UTF-8\">\n\n</head>\n\n<body style=\"margin:0px 0px 0px 0px;overflow:auto;background:#FFFFFF;\">\n\n<table style=\"font-family:Arial,Verdana,Times;font-size:12px;text-align:left;width:100%;border-collapse:collapse;padding:3px 3px 3px 3px\">\n\n<tr style=\"text-align:center;font-weight:bold;background:#9CBCE2\">\n\n<td>منطقه حفاظت شده میانجنگل فسا</td>\n\n</tr>\n\n<tr>\n\n<td>\n\n<table style=\"font-family:Arial,Verdana,Times;font-size:12px;text-align:left;width:100%;border-spacing:0px; padding:3px 3px 3px 3px\">\n\n<tr>\n\n<td>FID</td>\n\n<td>1</td>\n\n</tr>\n\n<tr bgcolor=\"#D4E4F3\">\n\n<td>OBJECTID_1</td>\n\n<td>2</td>\n\n</tr>\n\n<tr>\n\n<td>cod</td>\n\n<td>12</td>\n\n</tr>\n\n<tr bgcolor=\"#D4E4F3\">\n\n<td>tafkik_id</td>\n\n<td>3</td>\n\n</tr>\n\n<tr>\n\n<td>tafkik_nam</td>\n\n<td>منطقه حفاظت شده</td>\n\n</tr>\n\n<tr bgcolor=\"#D4E4F3\">\n\n<td>shahrestan</td>\n\n<td>فسا- جهرم - سروستان</td>\n\n</tr>\n\n<tr>\n\n<td>NAME1</td>\n\n<td>منطقه حفاظت شده میانجنگل فسا</td>\n\n</tr>\n\n<tr bgcolor=\"#D4E4F3\">\n\n<td>sal_mosava</td>\n\n<td>1375.1396</td>\n\n</tr>\n\n<tr>\n\n<td>AREA_ha</td>\n\n<td>53273</td>\n\n</tr>\n\n<tr bgcolor=\"#D4E4F3\">\n\n<td>F_AREA</td>\n\n<td>532730644.594</td>\n\n</tr>\n\n<tr>\n\n<td>Shape_Leng</td>\n\n<td>126011.877343</td>\n\n</tr>\n\n</table>\n\n</td>\n\n</tr>\n\n</table>\n\n</body>\n\n</html>\n\n", "timestamp": null, "begin": null, "end": null, "altitudeMode": "clampToGround", "tessellate": -1, "extrude": 0, "visibility": -1, "drawOrder": null, "icon": null, "snippet": "" }, "geometry": { "type": "MultiPolygon", "coordinates": [ [ [ [ 53.293621383906959, 29.21182839734319, 0.0 ], [ 53.291386001933773, 29.212409339441859, 0.0 ], [ 53.279710568092419, 29.215519526699069, 0.0 ], [ 53.275150050919621, 29.21699267480826, 0.0 ], [ 53.274421463167648, 29.216841611418179, 0.0 ], [ 53.273685823966808, 29.216789541508358, 0.0 ], [ 53.27327726225262, 29.216233674578159, 0.0 ], [ 53.2684176779523, 29.209919626907439, 0.0 ], [ 53.263639799272511, 29.20121316766194, 0.0 ], [ 53.259346283116692, 29.195800373124381, 0.0 ], [ 53.259725547688262, 29.193403137584841, 0.0 ], [ 53.271554111787808, 29.165144486903209, 0.0 ], [ 53.271880569434202, 29.16363227417175, 0.0 ], [ 53.273155473075278, 29.158982350863571, 0.0 ], [ 53.280239299349518, 29.14046607616833, 0.0 ], [ 53.287573633598413, 29.120375376562219, 0.0 ], [ 53.295430606529173, 29.100807683049169, 0.0 ], [ 53.303964410643069, 29.078548439743539, 0.0 ], [ 53.307814579843729, 29.068359588611649, 0.0 ], [ 53.316544301738809, 29.045437686126451, 0.0 ], [ 53.323722715062438, 29.026737372722121, 0.0 ], [ 53.324406278766688, 29.021510838133199, 0.0 ], [ 53.325361640434757, 29.018796727006059, 0.0 ], [ 53.325183842014248, 29.017275090300519, 0.0 ], [ 53.324783720713953, 29.0154505536985, 0.0 ], [ 53.324367581411117, 29.01428489740761, 0.0 ], [ 53.323917520742071, 29.013895717510049, 0.0 ], [ 53.323076343865637, 29.012999047335828, 0.0 ], [ 53.324440606362749, 29.012046179963448, 0.0 ], [ 53.324095535759312, 29.01130332553771, 0.0 ], [ 53.322702014430263, 29.010948505414781, 0.0 ], [ 53.319776119209507, 29.00356492847515, 0.0 ], [ 53.318578873239147, 28.996367975803349, 0.0 ], [ 53.318122234895817, 28.993380539697629, 0.0 ], [ 53.321341351883419, 28.98313909703851, 0.0 ], [ 53.319608550548352, 28.972622240696769, 0.0 ], [ 53.318635835761093, 28.966628678137209, 0.0 ], [ 53.319037793116287, 28.965781625894419, 0.0 ], [ 53.319081031454651, 28.964576068451571, 0.0 ], [ 53.319270498687438, 28.963003901516931, 0.0 ], [ 53.319541480735573, 28.96162150301706, 0.0 ], [ 53.319923982133822, 28.960053878822581, 0.0 ], [ 53.320698974625088, 28.95803400209688, 0.0 ], [ 53.32141416447103, 28.95642273467471, 0.0 ], [ 53.322723819502762, 28.953206159938961, 0.0 ], [ 53.323133099957211, 28.95298044758901, 0.0 ], [ 53.323201696187127, 28.952341548112159, 0.0 ], [ 53.323535835348487, 28.951534081809569, 0.0 ], [ 53.323588374400082, 28.950454528739261, 0.0 ], [ 53.323763569478189, 28.949886285974731, 0.0 ], [ 53.323632058234097, 28.949573656357089, 0.0 ], [ 53.323825783287887, 28.949186949356559, 0.0 ], [ 53.324180914736147, 28.949057590879971, 0.0 ], [ 53.325200318401997, 28.94690583253071, 0.0 ], [ 53.325818829483573, 28.946000987274608, 0.0 ], [ 53.326916841358248, 28.944645471672779, 0.0 ], [ 53.328818045096988, 28.940570871617869, 0.0 ], [ 53.329262088486132, 28.93885176045378, 0.0 ], [ 53.330164601649322, 28.937172628092039, 0.0 ], [ 53.331117572366139, 28.936088190943831, 0.0 ], [ 53.332377932957947, 28.93475334346083, 0.0 ], [ 53.333155198566793, 28.933645254473731, 0.0 ], [ 53.333617041323869, 28.933274294417888, 0.0 ], [ 53.334612197555153, 28.932331021734711, 0.0 ], [ 53.335291033082022, 28.932300561544132, 0.0 ], [ 53.335617560278983, 28.932089407940811, 0.0 ], [ 53.337688708284439, 28.9313185163547, 0.0 ], [ 53.338394793714613, 28.9311239554516, 0.0 ], [ 53.339120544069353, 28.931146064151822, 0.0 ], [ 53.340699381369653, 28.931587356971761, 0.0 ], [ 53.341118137552137, 28.931779724618501, 0.0 ], [ 53.341753918212348, 28.932279876922749, 0.0 ], [ 53.345421972833797, 28.93804420437209, 0.0 ], [ 53.347698518923792, 28.941667426339141, 0.0 ], [ 53.347753686619527, 28.9427491023777, 0.0 ], [ 53.349108416495262, 28.945513244937871, 0.0 ], [ 53.352498072663018, 28.94663588437551, 0.0 ], [ 53.355352547948421, 28.94812868606596, 0.0 ], [ 53.357218014579303, 28.950333450175151, 0.0 ], [ 53.359124167020319, 28.952519427058981, 0.0 ], [ 53.362217590267143, 28.960909650871791, 0.0 ], [ 53.362825796640898, 28.964652081715059, 0.0 ], [ 53.363726558831928, 28.979059631623979, 0.0 ], [ 53.363569318345228, 28.979363403132059, 0.0 ], [ 53.36358676285348, 28.979610808715819, 0.0 ], [ 53.36365326121139, 28.97998990855055, 0.0 ], [ 53.36366287647639, 28.980325957440868, 0.0 ], [ 53.363699100081718, 28.980623436232872, 0.0 ], [ 53.363725997144677, 28.980896912071561, 0.0 ], [ 53.363741302259257, 28.981339998508499, 0.0 ], [ 53.363741966096811, 28.981706048256651, 0.0 ], [ 53.363790103870677, 28.98186490176904, 0.0 ], [ 53.363823971040233, 28.982018908867531, 0.0 ], [ 53.363805467556112, 28.982159472354908, 0.0 ], [ 53.363851317257641, 28.982320792050949, 0.0 ], [ 53.363859804716753, 28.982563811571229, 0.0 ], [ 53.363883944303232, 28.98277365928049, 0.0 ], [ 53.363906684015959, 28.983027822755808, 0.0 ], [ 53.363906426249613, 28.98322513599387, 0.0 ], [ 53.363927599800583, 28.98339191030783, 0.0 ], [ 53.364006358246677, 28.98351204897256, 0.0 ], [ 53.364087297531633, 28.983621691049681, 0.0 ], [ 53.364247463069709, 28.983780231031119, 0.0 ], [ 53.364450708342083, 28.98398141450831, 0.0 ], [ 53.364712308660458, 28.98420647132081, 0.0 ], [ 53.364941291048872, 28.984420790798708, 0.0 ], [ 53.36527233553818, 28.984662129585999, 0.0 ], [ 53.365676820892901, 28.98492968882492, 0.0 ], [ 53.366059228652148, 28.985335016089671, 0.0 ], [ 53.366422192425269, 28.985699634052011, 0.0 ], [ 53.366710107906712, 28.98619115886363, 0.0 ], [ 53.366837502276923, 28.986579062722889, 0.0 ], [ 53.367073403115789, 28.98671064658161, 0.0 ], [ 53.36749586684833, 28.986882100595409, 0.0 ], [ 53.368042135653937, 28.987103244811799, 0.0 ], [ 53.368467913984347, 28.987271380327829, 0.0 ], [ 53.368960775068743, 28.987429480595321, 0.0 ], [ 53.369408579017637, 28.987619331019971, 0.0 ], [ 53.369966433595117, 28.98796414919919, 0.0 ], [ 53.370320066851491, 28.988106484344769, 0.0 ], [ 53.370501037933089, 28.988193836565021, 0.0 ], [ 53.370949086277847, 28.98838536706636, 0.0 ], [ 53.37140430061563, 28.988641091776081, 0.0 ], [ 53.372024249068772, 28.989029179113551, 0.0 ], [ 53.372304086977863, 28.98941599171923, 0.0 ], [ 53.372430050707997, 28.989828333818359, 0.0 ], [ 53.372576703046661, 28.990205754979328, 0.0 ], [ 53.372642950376637, 28.99046109006812, 0.0 ], [ 53.372621651310958, 28.990666864781009, 0.0 ], [ 53.372596651726568, 28.99083588034031, 0.0 ], [ 53.372578822612809, 28.990992536568189, 0.0 ], [ 53.372538281540052, 28.991112559094532, 0.0 ], [ 53.372573090739628, 28.991186487545971, 0.0 ], [ 53.372711697914802, 28.99125735720413, 0.0 ], [ 53.372763044336203, 28.9913571064391, 0.0 ], [ 53.372714990193231, 28.991430374221441, 0.0 ], [ 53.37264524142207, 28.99149569516884, 0.0 ], [ 53.3726623507293, 28.991589246468301, 0.0 ], [ 53.372687915660308, 28.99167296711768, 0.0 ], [ 53.372745900810322, 28.991725161346348, 0.0 ], [ 53.372806089515613, 28.991821393778149, 0.0 ], [ 53.37281715517738, 28.991944957385261, 0.0 ], [ 53.372843283341787, 28.992042318102762, 0.0 ], [ 53.37284753151134, 28.992125460609849, 0.0 ], [ 53.372852482826531, 28.992205109168388, 0.0 ], [ 53.372890986473273, 28.992324076088678, 0.0 ], [ 53.372937743218451, 28.992398246326228, 0.0 ], [ 53.372999854863423, 28.992467589352149, 0.0 ], [ 53.373048384006111, 28.9925327803771, 0.0 ], [ 53.373118914253247, 28.992584063597221, 0.0 ], [ 53.373195095944972, 28.992622203182201, 0.0 ], [ 53.373284459158391, 28.992681025257941, 0.0 ], [ 53.373347731618011, 28.992742995700649, 0.0 ], [ 53.373420567902699, 28.992784308576908, 0.0 ], [ 53.373475078348328, 28.992809463097529, 0.0 ], [ 53.37355814204389, 28.992853499377151, 0.0 ], [ 53.373627686363683, 28.992858565480208, 0.0 ], [ 53.373675382917277, 28.992890845740249, 0.0 ], [ 53.373733681824042, 28.992924342488891, 0.0 ], [ 53.373784034061877, 28.9929571586054, 0.0 ], [ 53.373791389694333, 28.992964439205931, 0.0 ], [ 53.3737988174706, 28.99299198339595, 0.0 ], [ 53.373799698192521, 28.99299913478967, 0.0 ], [ 53.373794621513483, 28.993038948550659, 0.0 ], [ 53.373792594957671, 28.993050043326551, 0.0 ], [ 53.373723791886043, 28.993101619592771, 0.0 ], [ 53.373679714560588, 28.99313983977169, 0.0 ], [ 53.373653267225997, 28.993182488587049, 0.0 ], [ 53.373603430104843, 28.993327268242691, 0.0 ], [ 53.373603098629737, 28.993343252685118, 0.0 ], [ 53.373634454390242, 28.99341758641765, 0.0 ], [ 53.373693555249019, 28.99342410722581, 0.0 ], [ 53.373769528263473, 28.993436062430369, 0.0 ], [ 53.373856939081911, 28.993455390267069, 0.0 ], [ 53.373898803305167, 28.99355676800625, 0.0 ], [ 53.373891258550913, 28.993595945123442, 0.0 ], [ 53.373884753440983, 28.993649002021289, 0.0 ], [ 53.373874246884768, 28.993751337444269, 0.0 ], [ 53.373875032266461, 28.993807834584018, 0.0 ], [ 53.373884409271312, 28.993886176993499, 0.0 ], [ 53.373884918588558, 28.993965345484721, 0.0 ], [ 53.37390098628579, 28.994032646041848, 0.0 ], [ 53.373923793744552, 28.994080186975001, 0.0 ], [ 53.373942713995653, 28.994105230247079, 0.0 ], [ 53.37397927420507, 28.994176162713401, 0.0 ], [ 53.373990775196177, 28.994240978124878, 0.0 ], [ 53.374020439826197, 28.99428987566445, 0.0 ], [ 53.374071208579373, 28.99433710839762, 0.0 ], [ 53.374082060295798, 28.994384604312469, 0.0 ], [ 53.374057705346473, 28.994428471176182, 0.0 ], [ 53.374023059498832, 28.994500646346189, 0.0 ], [ 53.374003429201217, 28.994580617232199, 0.0 ], [ 53.374003589490357, 28.994653264577231, 0.0 ], [ 53.374003242583463, 28.994697123167342, 0.0 ], [ 53.374007222751978, 28.994739173113551, 0.0 ], [ 53.374008809236983, 28.994749724093939, 0.0 ], [ 53.374026491560556, 28.994804688499549, 0.0 ], [ 53.374035836755262, 28.994850966017651, 0.0 ], [ 53.374069511286038, 28.994916312578741, 0.0 ], [ 53.374073731520419, 28.994990590606982, 0.0 ], [ 53.374077862157549, 28.995061173067171, 0.0 ], [ 53.374065239918217, 28.99511790437823, 0.0 ], [ 53.374069044582747, 28.99518782858966, 0.0 ], [ 53.374061175804627, 28.99525125853253, 0.0 ], [ 53.374063609613557, 28.995390545215241, 0.0 ], [ 53.374055800107051, 28.99548089979006, 0.0 ], [ 53.374073107637713, 28.99558778517142, 0.0 ], [ 53.374097187562498, 28.995744075370929, 0.0 ], [ 53.374115015760133, 28.995872969338301, 0.0 ], [ 53.374114391630521, 28.996016383397421, 0.0 ], [ 53.374102827790132, 28.996192407118581, 0.0 ], [ 53.37408515364276, 28.996295962620071, 0.0 ], [ 53.374085206746948, 28.99640112835143, 0.0 ], [ 53.374070569617061, 28.99658847283937, 0.0 ], [ 53.37404011192838, 28.99674027655028, 0.0 ], [ 53.37402846152483, 28.996884911203519, 0.0 ], [ 53.374034746261991, 28.997102866103099, 0.0 ], [ 53.373997250052078, 28.997240139093389, 0.0 ], [ 53.373980628692522, 28.99733651714925, 0.0 ], [ 53.374033132258027, 28.997517698868091, 0.0 ], [ 53.374141400299877, 28.99770437739571, 0.0 ], [ 53.374238556927352, 28.997956538682541, 0.0 ], [ 53.374293930469442, 28.99828591905105, 0.0 ], [ 53.3742978014483, 28.99845060018874, 0.0 ], [ 53.374397294878989, 28.998549939735661, 0.0 ], [ 53.374420263461218, 28.9986335496639, 0.0 ], [ 53.374466411552348, 28.998732796174728, 0.0 ], [ 53.374490349419297, 28.998785503607259, 0.0 ], [ 53.37453501399208, 28.998879106082821, 0.0 ], [ 53.374554829766303, 28.998951161500049, 0.0 ], [ 53.374649401815162, 28.999035943563051, 0.0 ], [ 53.374814758260747, 28.999120366673221, 0.0 ], [ 53.374951758499883, 28.999215017251199, 0.0 ], [ 53.375077388485373, 28.999286874735031, 0.0 ], [ 53.37519574002259, 28.999339231065431, 0.0 ], [ 53.375311211083158, 28.999401053394092, 0.0 ], [ 53.375428279434963, 28.99947163915046, 0.0 ], [ 53.375523603238797, 28.999573170714768, 0.0 ], [ 53.375640581978132, 28.999675350497469, 0.0 ], [ 53.375734481989213, 28.99981586873955, 0.0 ], [ 53.375854157436017, 28.999946319245449, 0.0 ], [ 53.375943821414268, 29.000034169715232, 0.0 ], [ 53.376097834744797, 29.000180086017071, 0.0 ], [ 53.376204076469307, 29.000304918587119, 0.0 ], [ 53.376326705339842, 29.000370922194609, 0.0 ], [ 53.37647219597995, 29.000462947125101, 0.0 ], [ 53.37656621151973, 29.000573098798981, 0.0 ], [ 53.376630441086483, 29.000621070210649, 0.0 ], [ 53.376723655570437, 29.000725622550782, 0.0 ], [ 53.376774272843107, 29.000816341017881, 0.0 ], [ 53.376828116894693, 29.000948806800832, 0.0 ], [ 53.376797024121053, 29.00107191654255, 0.0 ], [ 53.37689595272942, 29.0012222607577, 0.0 ], [ 53.377057350467119, 29.001354483562899, 0.0 ], [ 53.37728918819726, 29.001493727338719, 0.0 ], [ 53.377544264069357, 29.001630657645251, 0.0 ], [ 53.377821532492483, 29.00176263412267, 0.0 ], [ 53.377966214384251, 29.001948744810448, 0.0 ], [ 53.378078708710689, 29.002073293617961, 0.0 ], [ 53.378211042602587, 29.002208278505289, 0.0 ], [ 53.378464136016881, 29.002314000375371, 0.0 ], [ 53.378791117591199, 29.00242643927194, 0.0 ], [ 53.379170782405737, 29.002488501214721, 0.0 ], [ 53.379515237378563, 29.002554606774591, 0.0 ], [ 53.379914342040067, 29.00253925343204, 0.0 ], [ 53.380114944635601, 29.002526091395008, 0.0 ], [ 53.380419925630257, 29.00241816583998, 0.0 ], [ 53.380610029723833, 29.002389084261271, 0.0 ], [ 53.380883527318083, 29.002345051369041, 0.0 ], [ 53.38112765170878, 29.00252297969903, 0.0 ], [ 53.381409808457491, 29.002615887619619, 0.0 ], [ 53.381724285965149, 29.00264051057912, 0.0 ], [ 53.382089511732453, 29.002616699801241, 0.0 ], [ 53.382377346760848, 29.002536347694249, 0.0 ], [ 53.382687160182513, 29.002545065374949, 0.0 ], [ 53.382959772730999, 29.00264748132118, 0.0 ], [ 53.38329759725535, 29.00276735811881, 0.0 ], [ 53.383576319645996, 29.002964516849531, 0.0 ], [ 53.383811472356882, 29.00304639437832, 0.0 ], [ 53.38414712676839, 29.003121681131159, 0.0 ], [ 53.384509629375202, 29.003256529626569, 0.0 ], [ 53.384852092960543, 29.003321849124561, 0.0 ], [ 53.385250988485907, 29.00342022034901, 0.0 ], [ 53.38561557250781, 29.00355082012851, 0.0 ], [ 53.385964954722489, 29.003591406022579, 0.0 ], [ 53.386350358223758, 29.003681082844722, 0.0 ], [ 53.386683175905453, 29.003705224761561, 0.0 ], [ 53.386840366355969, 29.0037160197652, 0.0 ], [ 53.386963532438493, 29.003685396555142, 0.0 ], [ 53.387238848260672, 29.003476391125151, 0.0 ], [ 53.387254711785289, 29.003463702473269, 0.0 ], [ 53.387496157077742, 29.003353636775671, 0.0 ], [ 53.387767767916998, 29.003173934870361, 0.0 ], [ 53.388091390298243, 29.003002092409261, 0.0 ], [ 53.388311333446538, 29.002909102343288, 0.0 ], [ 53.388501009474361, 29.00284940723898, 0.0 ], [ 53.388757024901437, 29.002844619820731, 0.0 ], [ 53.389027980190527, 29.00276226583205, 0.0 ], [ 53.38935601179427, 29.00267661639964, 0.0 ], [ 53.389693374427281, 29.002627170599251, 0.0 ], [ 53.389995352939728, 29.002558960243071, 0.0 ], [ 53.390359278339417, 29.002496822049171, 0.0 ], [ 53.390724300768412, 29.002489210810019, 0.0 ], [ 53.391089929450928, 29.002508820008629, 0.0 ], [ 53.391554333843082, 29.002563838662031, 0.0 ], [ 53.391924200787678, 29.002554296566231, 0.0 ], [ 53.392220929699597, 29.002553721611349, 0.0 ], [ 53.392439446929473, 29.002512366584721, 0.0 ], [ 53.39273315763959, 29.002442330636349, 0.0 ], [ 53.393054413728073, 29.002369421656901, 0.0 ], [ 53.393317886365487, 29.002269109241681, 0.0 ], [ 53.393629582029178, 29.002167666494749, 0.0 ], [ 53.393869287960129, 29.002056360345549, 0.0 ], [ 53.394185832789248, 29.001869219737369, 0.0 ], [ 53.394518868469262, 29.001677025522142, 0.0 ], [ 53.394779654248673, 29.001555223300521, 0.0 ], [ 53.395039820284552, 29.00148256865646, 0.0 ], [ 53.395272590840229, 29.001414278606429, 0.0 ], [ 53.39559205588683, 29.001339716720519, 0.0 ], [ 53.395828266791938, 29.001328093194331, 0.0 ], [ 53.396055756294977, 29.001431584525619, 0.0 ], [ 53.396162769545498, 29.00136537336121, 0.0 ], [ 53.396153947272687, 29.00127853572388, 0.0 ], [ 53.396093860965578, 29.001142786129481, 0.0 ], [ 53.396089508002049, 29.00100503027322, 0.0 ], [ 53.396170179253957, 29.00085017471913, 0.0 ], [ 53.396277820855261, 29.000729754981311, 0.0 ], [ 53.396500717453648, 29.000546210157069, 0.0 ], [ 53.396564049496106, 29.000437315573521, 0.0 ], [ 53.396557259698547, 29.00035998131186, 0.0 ], [ 53.396539082601983, 29.00025995386147, 0.0 ], [ 53.396468333844481, 29.000157986215921, 0.0 ], [ 53.396351871277318, 29.00004058301619, 0.0 ], [ 53.396256756938847, 28.999895681346839, 0.0 ], [ 53.396221435722509, 28.999813727056839, 0.0 ], [ 53.396238445078588, 28.999725316303721, 0.0 ], [ 53.396293326606667, 28.99962662641083, 0.0 ], [ 53.396437941306047, 28.999456095275239, 0.0 ], [ 53.396626824462189, 28.999225154059172, 0.0 ], [ 53.396787129061643, 28.999041119516161, 0.0 ], [ 53.396981501363108, 28.998844918340211, 0.0 ], [ 53.397231002755923, 28.998608585178509, 0.0 ], [ 53.397360913487653, 28.99850611849644, 0.0 ], [ 53.397693781509751, 28.9983824943304, 0.0 ], [ 53.397720466855198, 28.998371164034481, 0.0 ], [ 53.39799899834167, 28.99822529765407, 0.0 ], [ 53.398088110021227, 28.998057582410208, 0.0 ], [ 53.398127379417211, 28.99789649819526, 0.0 ], [ 53.398192164357027, 28.997814704516909, 0.0 ], [ 53.398287266325369, 28.99772772615983, 0.0 ], [ 53.398400708667438, 28.99763365764662, 0.0 ], [ 53.398551213307279, 28.997532640159829, 0.0 ], [ 53.398720158405503, 28.99743829237136, 0.0 ], [ 53.398871638599857, 28.997322403719519, 0.0 ], [ 53.399008050201672, 28.99714140514056, 0.0 ], [ 53.399203994267722, 28.99686476840407, 0.0 ], [ 53.399378740488856, 28.996610559116181, 0.0 ], [ 53.399619344416273, 28.996369870797871, 0.0 ], [ 53.399941491411631, 28.99608793519349, 0.0 ], [ 53.400190316120913, 28.995895268015861, 0.0 ], [ 53.400348402871913, 28.995769470317601, 0.0 ], [ 53.40040407424798, 28.995640739549849, 0.0 ], [ 53.400557227840913, 28.995406851795881, 0.0 ], [ 53.400752402855133, 28.995267410551449, 0.0 ], [ 53.400924375237437, 28.995146280080071, 0.0 ], [ 53.401001232420619, 28.995052198365219, 0.0 ], [ 53.401083470148087, 28.994971809297951, 0.0 ], [ 53.401141420238829, 28.994862158233079, 0.0 ], [ 53.401247675421253, 28.994777170026669, 0.0 ], [ 53.401347333665697, 28.99468172615515, 0.0 ], [ 53.401432344159637, 28.994584633198549, 0.0 ], [ 53.401499075124832, 28.99449133936772, 0.0 ], [ 53.401551498266549, 28.994406389226011, 0.0 ], [ 53.401593948242592, 28.99428044027394, 0.0 ], [ 53.401629080258253, 28.994135660205739, 0.0 ], [ 53.401724179211989, 28.993953587786649, 0.0 ], [ 53.401749514965687, 28.9937812797208, 0.0 ], [ 53.401806838272577, 28.993601847395919, 0.0 ], [ 53.401847519879936, 28.99340460046486, 0.0 ], [ 53.401875880807268, 28.993193658616171, 0.0 ], [ 53.401877790392817, 28.993184470118049, 0.0 ], [ 53.401922382974149, 28.99314889960748, 0.0 ], [ 53.40200972431537, 28.993107232163432, 0.0 ], [ 53.402170062269768, 28.99300490566463, 0.0 ], [ 53.402339279947817, 28.99293007728809, 0.0 ], [ 53.402359536077142, 28.992920142169471, 0.0 ], [ 53.402538163433377, 28.992844791669469, 0.0 ], [ 53.402724633405157, 28.99277161839241, 0.0 ], [ 53.402835120133119, 28.992710850736049, 0.0 ], [ 53.402909401729268, 28.992655995523041, 0.0 ], [ 53.403041986361323, 28.992573992316508, 0.0 ], [ 53.403094437172498, 28.99253574760338, 0.0 ], [ 53.403264783332247, 28.992446380146099, 0.0 ], [ 53.4034550801194, 28.992319529375141, 0.0 ], [ 53.403473240205777, 28.99230540670645, 0.0 ], [ 53.403606212242003, 28.992199787054819, 0.0 ], [ 53.40368500772157, 28.992125717393051, 0.0 ], [ 53.403770195095888, 28.992062653542639, 0.0 ], [ 53.403794835383209, 28.992039053052661, 0.0 ], [ 53.403928610723071, 28.99194152476726, 0.0 ], [ 53.404076542207122, 28.99185201602716, 0.0 ], [ 53.404240746059152, 28.991723195167602, 0.0 ], [ 53.404384159422563, 28.991593989203981, 0.0 ], [ 53.404529943864659, 28.991449669859119, 0.0 ], [ 53.404616183070097, 28.99135212455446, 0.0 ], [ 53.404749187715957, 28.991218009016912, 0.0 ], [ 53.404839418997163, 28.991142794015602, 0.0 ], [ 53.404932517324468, 28.991048662294212, 0.0 ], [ 53.405084317549857, 28.9909661707566, 0.0 ], [ 53.405192970194612, 28.99087561636615, 0.0 ], [ 53.405284343433799, 28.990775917310241, 0.0 ], [ 53.405412554155589, 28.990655389809181, 0.0 ], [ 53.405512554561163, 28.990620647846661, 0.0 ], [ 53.405622608446102, 28.990602683088479, 0.0 ], [ 53.405789810969573, 28.990544357649721, 0.0 ], [ 53.406036473817181, 28.99048067312177, 0.0 ], [ 53.406227197564938, 28.990416456131129, 0.0 ], [ 53.406400793658172, 28.99032342614991, 0.0 ], [ 53.406622044238283, 28.990226896438131, 0.0 ], [ 53.40682471726398, 28.990129863701721, 0.0 ], [ 53.406971018729251, 28.990080585587801, 0.0 ], [ 53.407178864144441, 28.990111406762669, 0.0 ], [ 53.407312170839383, 28.990141214581939, 0.0 ], [ 53.407574655206147, 28.99022539507467, 0.0 ], [ 53.407812250232823, 28.990235900301911, 0.0 ], [ 53.408022564600827, 28.99022018334259, 0.0 ], [ 53.408388744858193, 28.990222182658101, 0.0 ], [ 53.408555113667298, 28.990125611273701, 0.0 ], [ 53.408648268242537, 28.99006334446544, 0.0 ], [ 53.408762775484583, 28.9900641094506, 0.0 ], [ 53.409080606019891, 28.99011996806243, 0.0 ], [ 53.409380968908224, 28.990138204562552, 0.0 ], [ 53.409426667604059, 28.990138502982809, 0.0 ], [ 53.409561531834143, 28.99025485214289, 0.0 ], [ 53.409596889240611, 28.990289912579779, 0.0 ], [ 53.409626915016673, 28.99049337602295, 0.0 ], [ 53.40963962734439, 28.990626953712699, 0.0 ], [ 53.409716881452077, 28.990674273041801, 0.0 ], [ 53.409927477470433, 28.990700354666721, 0.0 ], [ 53.410156665036013, 28.990678419115941, 0.0 ], [ 53.410332204359477, 28.990665255576179, 0.0 ], [ 53.410527448026507, 28.9906916612468, 0.0 ], [ 53.410700639490393, 28.99071603359566, 0.0 ], [ 53.410894361729937, 28.99072308105788, 0.0 ], [ 53.411089631978079, 28.990718351484471, 0.0 ], [ 53.411262048912903, 28.99072195006616, 0.0 ], [ 53.411482610541022, 28.990814181652169, 0.0 ], [ 53.411677283832283, 28.99088114485032, 0.0 ], [ 53.411901944292751, 28.990953924418989, 0.0 ], [ 53.412090012130399, 28.991071978222209, 0.0 ], [ 53.412317188259507, 28.991175862068509, 0.0 ], [ 53.41252559753903, 28.991208813646551, 0.0 ], [ 53.412767828380638, 28.991222435772151, 0.0 ], [ 53.413014659579609, 28.99132467447178, 0.0 ], [ 53.413211018195767, 28.991397759704299, 0.0 ], [ 53.413418297853291, 28.991452284810489, 0.0 ], [ 53.413603887168698, 28.991486173197789, 0.0 ], [ 53.413797642241143, 28.991521552080179, 0.0 ], [ 53.413971122488682, 28.991538132805552, 0.0 ], [ 53.414119404409789, 28.99158752505339, 0.0 ], [ 53.414376494057251, 28.99169083267341, 0.0 ], [ 53.41452044420209, 28.99178216659551, 0.0 ], [ 53.414636331623058, 28.99189992217114, 0.0 ], [ 53.414807404939857, 28.99204739938466, 0.0 ], [ 53.414977145561629, 28.992204310843661, 0.0 ], [ 53.41519473671967, 28.99246997655219, 0.0 ], [ 53.415257805730093, 28.992655526233339, 0.0 ], [ 53.415324728678179, 28.992763392030049, 0.0 ], [ 53.415426296516813, 28.99289977510319, 0.0 ], [ 53.415565794490547, 28.993067117119391, 0.0 ], [ 53.415676901821989, 28.99320137618615, 0.0 ], [ 53.415826290938433, 28.99329717575425, 0.0 ], [ 53.415945490178473, 28.99339544499087, 0.0 ], [ 53.416088958150993, 28.993521999203342, 0.0 ], [ 53.416234972801917, 28.993700798088749, 0.0 ], [ 53.41640977773644, 28.993902451542219, 0.0 ], [ 53.416635780414254, 28.994123262615449, 0.0 ], [ 53.416775056798024, 28.99422915233124, 0.0 ], [ 53.417003958058437, 28.99428263762146, 0.0 ], [ 53.417223109365338, 28.994301305484569, 0.0 ], [ 53.417455732628163, 28.994418221280249, 0.0 ], [ 53.41769655667953, 28.994485205614751, 0.0 ], [ 53.41788762974884, 28.994565444481829, 0.0 ], [ 53.418087734008047, 28.994561755085051, 0.0 ], [ 53.41841807389563, 28.994630223349819, 0.0 ], [ 53.418707957046657, 28.994726187285739, 0.0 ], [ 53.41899513776228, 28.994960487179309, 0.0 ], [ 53.419258260091567, 28.995164155223261, 0.0 ], [ 53.41941136200132, 28.995441929454572, 0.0 ], [ 53.419627816584331, 28.995857849219959, 0.0 ], [ 53.419947122356028, 28.996205884688681, 0.0 ], [ 53.420150717338743, 28.996473876550969, 0.0 ], [ 53.420478374981293, 28.996814743984022, 0.0 ], [ 53.42083390931959, 28.997055176068042, 0.0 ], [ 53.421067116689109, 28.99710762198373, 0.0 ], [ 53.421460207763857, 28.997164729105169, 0.0 ], [ 53.421999509729503, 28.99713954444568, 0.0 ], [ 53.422524791783736, 28.997128528138209, 0.0 ], [ 53.422956752567799, 28.99714603127854, 0.0 ], [ 53.4235012051791, 28.997200743707602, 0.0 ], [ 53.424180145337978, 28.99730457541386, 0.0 ], [ 53.424606306125838, 28.997309167710021, 0.0 ], [ 53.425199959841663, 28.997349100045849, 0.0 ], [ 53.425784563728087, 28.997341444210921, 0.0 ], [ 53.426078956733207, 28.997282548194949, 0.0 ], [ 53.42629498692677, 28.997249365604581, 0.0 ], [ 53.426478442930353, 28.997290134141441, 0.0 ], [ 53.426645883672563, 28.997312289509811, 0.0 ], [ 53.426872195934379, 28.99732534209906, 0.0 ], [ 53.427096711212997, 28.99735801276946, 0.0 ], [ 53.427886972349469, 28.997376984047161, 0.0 ], [ 53.428505463163489, 28.99742493140176, 0.0 ], [ 53.429097366644193, 28.99762705740422, 0.0 ], [ 53.429565687911371, 28.997534244428291, 0.0 ], [ 53.429970343348593, 28.997431788733859, 0.0 ], [ 53.430113374181808, 28.997412944813341, 0.0 ], [ 53.430551462468017, 28.997277787320481, 0.0 ], [ 53.430773203289441, 28.997121316431301, 0.0 ], [ 53.430945145167357, 28.99704242743514, 0.0 ], [ 53.431091284251082, 28.996905394240539, 0.0 ], [ 53.431347646336363, 28.996745545320319, 0.0 ], [ 53.4317625628656, 28.99666663825079, 0.0 ], [ 53.432221470658433, 28.996667129587429, 0.0 ], [ 53.432258656857137, 28.996663927657981, 0.0 ], [ 53.432651375628019, 28.996585126512581, 0.0 ], [ 53.432792169793757, 28.996486038602558, 0.0 ], [ 53.433012794607308, 28.996374660085319, 0.0 ], [ 53.433201144215829, 28.996306779807579, 0.0 ], [ 53.433430567755082, 28.99625632674605, 0.0 ], [ 53.433605172090928, 28.99626484553, 0.0 ], [ 53.433871240782722, 28.99629168026118, 0.0 ], [ 53.434047991238067, 28.996312604020929, 0.0 ], [ 53.434254045337049, 28.996305835230089, 0.0 ], [ 53.434429699800518, 28.996316466620701, 0.0 ], [ 53.434685320993196, 28.996370816420981, 0.0 ], [ 53.434877887301809, 28.996473643083199, 0.0 ], [ 53.435038850694333, 28.996562708652281, 0.0 ], [ 53.435231789446881, 28.99665272544021, 0.0 ], [ 53.435234803616773, 28.996655977233448, 0.0 ], [ 53.435442146301973, 28.996702513651599, 0.0 ], [ 53.435582631790872, 28.99673511531234, 0.0 ], [ 53.435800709143678, 28.996775511321431, 0.0 ], [ 53.435967637629517, 28.99679969144605, 0.0 ], [ 53.436149683257383, 28.996817247844461, 0.0 ], [ 53.436352375043313, 28.99679389096994, 0.0 ], [ 53.436487952263917, 28.996782560585231, 0.0 ], [ 53.436667367707649, 28.99681226918084, 0.0 ], [ 53.436896955098867, 28.996865873392249, 0.0 ], [ 53.437061873418187, 28.996960837009478, 0.0 ], [ 53.437351397090211, 28.997133987567221, 0.0 ], [ 53.437670339492414, 28.997260995843959, 0.0 ], [ 53.437999282996493, 28.997378400581269, 0.0 ], [ 53.438332880591943, 28.997448155377949, 0.0 ], [ 53.438346007517033, 28.997456114181581, 0.0 ], [ 53.438498938018213, 28.997558934794039, 0.0 ], [ 53.438700102560539, 28.997546851999711, 0.0 ], [ 53.438971835367163, 28.997580050217401, 0.0 ], [ 53.439255890535257, 28.997572310551458, 0.0 ], [ 53.439508796513699, 28.997588918626011, 0.0 ], [ 53.439758324009667, 28.997595071986659, 0.0 ], [ 53.440100746933439, 28.997609871137701, 0.0 ], [ 53.4404767478119, 28.997634033777441, 0.0 ], [ 53.440490013314189, 28.997632293427511, 0.0 ], [ 53.440684074402178, 28.997634006221251, 0.0 ], [ 53.440935381928639, 28.997627698694519, 0.0 ], [ 53.441203409785928, 28.997674074361139, 0.0 ], [ 53.441504657643812, 28.997737360343521, 0.0 ], [ 53.441913240551671, 28.997781874985009, 0.0 ], [ 53.442139601532737, 28.99777476549286, 0.0 ], [ 53.44246841407233, 28.997725656993101, 0.0 ], [ 53.442482016636568, 28.997723938286398, 0.0 ], [ 53.442708295840923, 28.997645961994579, 0.0 ], [ 53.442855784259102, 28.997598047060951, 0.0 ], [ 53.443048701821787, 28.997501088207471, 0.0 ], [ 53.443297461463338, 28.99742062721743, 0.0 ], [ 53.443503230880133, 28.997425317570968, 0.0 ], [ 53.443709146111637, 28.997432628434549, 0.0 ], [ 53.444133780604297, 28.997437852154299, 0.0 ], [ 53.444281532297509, 28.99738669215029, 0.0 ], [ 53.444483201806328, 28.997338362636931, 0.0 ], [ 53.444698046272357, 28.99734165009119, 0.0 ], [ 53.444723326087839, 28.997342527104959, 0.0 ], [ 53.444814461532957, 28.9973611944231, 0.0 ], [ 53.445028590940503, 28.997359519853919, 0.0 ], [ 53.445301397061321, 28.99735659659785, 0.0 ], [ 53.44560397606584, 28.997395009047882, 0.0 ], [ 53.445742765552573, 28.997436444848049, 0.0 ], [ 53.445842718781023, 28.99749779534427, 0.0 ], [ 53.446007705462442, 28.997552468567019, 0.0 ], [ 53.446239636151141, 28.99763160085794, 0.0 ], [ 53.446532634968968, 28.99765499234751, 0.0 ], [ 53.446741665026913, 28.997660298557619, 0.0 ], [ 53.446792172901112, 28.997656365540259, 0.0 ], [ 53.446918199712002, 28.997630608836509, 0.0 ], [ 53.446971997750403, 28.99760552337781, 0.0 ], [ 53.447002120769483, 28.997596716398562, 0.0 ], [ 53.447140571079331, 28.997544344201291, 0.0 ], [ 53.447176690845019, 28.9975303921142, 0.0 ], [ 53.447298308681752, 28.99745890379344, 0.0 ], [ 53.447325973712097, 28.997442640976349, 0.0 ], [ 53.447416232102412, 28.997367733529249, 0.0 ], [ 53.447443075795888, 28.99733525853847, 0.0 ], [ 53.44757760338338, 28.99728832340281, 0.0 ], [ 53.447738419266628, 28.997246484546451, 0.0 ], [ 53.447911043880197, 28.99717294324639, 0.0 ], [ 53.448178101078803, 28.997070017302882, 0.0 ], [ 53.448366436347619, 28.996874158830479, 0.0 ], [ 53.448578718173323, 28.996684816638119, 0.0 ], [ 53.448853315385577, 28.996555637261189, 0.0 ], [ 53.449095598862897, 28.996457729641619, 0.0 ], [ 53.449449756503213, 28.996324356278951, 0.0 ], [ 53.449458710149287, 28.996316673567389, 0.0 ], [ 53.449764917705892, 28.996169384501929, 0.0 ], [ 53.450063557078309, 28.996006201447269, 0.0 ], [ 53.450257338832998, 28.99587071097983, 0.0 ], [ 53.450289551179829, 28.99582919267414, 0.0 ], [ 53.450385772210517, 28.99569684164528, 0.0 ], [ 53.450482709492789, 28.995547192165851, 0.0 ], [ 53.450570233636533, 28.995433636391869, 0.0 ], [ 53.450691367147911, 28.995306563100421, 0.0 ], [ 53.450889020438368, 28.99508254109713, 0.0 ], [ 53.450896985759698, 28.995066686545499, 0.0 ], [ 53.451053536948208, 28.994884660670511, 0.0 ], [ 53.451061211653027, 28.994877798697701, 0.0 ], [ 53.451300317388153, 28.994750291399381, 0.0 ], [ 53.451505566876463, 28.99461999307151, 0.0 ], [ 53.451660478792057, 28.994580552539119, 0.0 ], [ 53.451810229552443, 28.994480452082371, 0.0 ], [ 53.4519156892948, 28.99438762907586, 0.0 ], [ 53.452090333612922, 28.994218033828531, 0.0 ], [ 53.452263136463174, 28.994044656762419, 0.0 ], [ 53.452337758119093, 28.993937019010971, 0.0 ], [ 53.452346331639028, 28.993931464029199, 0.0 ], [ 53.452458501422697, 28.993885319332449, 0.0 ], [ 53.452475663398893, 28.993874191038021, 0.0 ], [ 53.452572043907672, 28.993776464057721, 0.0 ], [ 53.452747161450837, 28.993675008279052, 0.0 ], [ 53.452889041264513, 28.99357759175518, 0.0 ], [ 53.453066216825789, 28.993445170295171, 0.0 ], [ 53.453260781454127, 28.993310001624661, 0.0 ], [ 53.453403259879963, 28.99314231374456, 0.0 ], [ 53.453559405874387, 28.992993480217319, 0.0 ], [ 53.453742058477708, 28.992877364530639, 0.0 ], [ 53.453870682557501, 28.99278931531807, 0.0 ], [ 53.453893858732663, 28.99277407956847, 0.0 ], [ 53.454085191316857, 28.992698169186461, 0.0 ], [ 53.454261368488012, 28.992618986276529, 0.0 ], [ 53.454417103310213, 28.992537078547759, 0.0 ], [ 53.454611982439729, 28.99243195130456, 0.0 ], [ 53.454767325785042, 28.992336065123482, 0.0 ], [ 53.454942222111171, 28.992211987332912, 0.0 ], [ 53.455122752667997, 28.992115052387181, 0.0 ], [ 53.455245442923072, 28.99205340728663, 0.0 ], [ 53.455479569086151, 28.991966641402911, 0.0 ], [ 53.455679298705967, 28.9918746298043, 0.0 ], [ 53.455905744976732, 28.991769606805871, 0.0 ], [ 53.456087944370267, 28.991679529883449, 0.0 ], [ 53.456212525772727, 28.99160118385824, 0.0 ], [ 53.456223448836333, 28.99159281517688, 0.0 ], [ 53.456396820118911, 28.991529860136922, 0.0 ], [ 53.45640734759413, 28.99152884582514, 0.0 ], [ 53.456622544509287, 28.991453079420189, 0.0 ], [ 53.456783502050961, 28.99137409762201, 0.0 ], [ 53.456989955283561, 28.9912656394403, 0.0 ], [ 53.457196425334438, 28.99115717343237, 0.0 ], [ 53.457448364474317, 28.99101547920095, 0.0 ], [ 53.457667356884421, 28.990886838654731, 0.0 ], [ 53.457874345232199, 28.99073659421698, 0.0 ], [ 53.458040836379119, 28.99061051833597, 0.0 ], [ 53.45816840468818, 28.990524179704959, 0.0 ], [ 53.45834453085304, 28.990451070439729, 0.0 ], [ 53.458559030787733, 28.990322865258371, 0.0 ], [ 53.458751474027729, 28.99023071468168, 0.0 ], [ 53.458901276620651, 28.990162231774061, 0.0 ], [ 53.459074217585552, 28.99008231448359, 0.0 ], [ 53.459216666527652, 28.98996341539452, 0.0 ], [ 53.459372960867533, 28.989873712693701, 0.0 ], [ 53.45957335052767, 28.989725352987929, 0.0 ], [ 53.459720003419392, 28.9895684986082, 0.0 ], [ 53.459839766717607, 28.98942652476731, 0.0 ], [ 53.460016720775798, 28.989243139691311, 0.0 ], [ 53.46013371096825, 28.989123224431001, 0.0 ], [ 53.460249059203868, 28.988994862499379, 0.0 ], [ 53.460378803949553, 28.988886899828319, 0.0 ], [ 53.460389596276642, 28.988880575701099, 0.0 ], [ 53.460447850355763, 28.988766487239641, 0.0 ], [ 53.460515681857324, 28.988692302489518, 0.0 ], [ 53.460598881823792, 28.988640859272881, 0.0 ], [ 53.460690954156227, 28.988568232452479, 0.0 ], [ 53.460811571073428, 28.988455249155191, 0.0 ], [ 53.460959012636707, 28.98831984044601, 0.0 ], [ 53.461142738341508, 28.988175316589331, 0.0 ], [ 53.461273231951601, 28.98806868451949, 0.0 ], [ 53.461336859891269, 28.987913180453472, 0.0 ], [ 53.461466347233511, 28.9877084114081, 0.0 ], [ 53.461556156959759, 28.987533080094629, 0.0 ], [ 53.461617431715787, 28.987349571058999, 0.0 ], [ 53.46171017105538, 28.98722302769815, 0.0 ], [ 53.461773765044121, 28.98714204198108, 0.0 ], [ 53.461831338770423, 28.987026145817321, 0.0 ], [ 53.461891054247509, 28.98688039421495, 0.0 ], [ 53.46194677480333, 28.98671886854455, 0.0 ], [ 53.461967537129347, 28.986529141441061, 0.0 ], [ 53.462024821275641, 28.986384464591701, 0.0 ], [ 53.462077975249777, 28.98628961446304, 0.0 ], [ 53.462126603624718, 28.986143173668019, 0.0 ], [ 53.462154463817292, 28.986037179811461, 0.0 ], [ 53.46217423885151, 28.98592383267297, 0.0 ], [ 53.462172842964591, 28.985874500513159, 0.0 ], [ 53.462187229943588, 28.985807728344248, 0.0 ], [ 53.462248327655558, 28.985737446219321, 0.0 ], [ 53.462309535790048, 28.985728280255142, 0.0 ], [ 53.462416819781552, 28.985639553500938, 0.0 ], [ 53.462510706894619, 28.98555889472339, 0.0 ], [ 53.462603026433051, 28.985481714445779, 0.0 ], [ 53.462716319327242, 28.985417525100001, 0.0 ], [ 53.462798718600347, 28.985382495575301, 0.0 ], [ 53.462911157490943, 28.985335311981849, 0.0 ], [ 53.46299927704591, 28.98527220262682, 0.0 ], [ 53.463083102191227, 28.98520090007969, 0.0 ], [ 53.463190525992587, 28.985134350533929, 0.0 ], [ 53.463266624370199, 28.985065323094421, 0.0 ], [ 53.463336586118807, 28.984998338706109, 0.0 ], [ 53.463444458555053, 28.984922252203152, 0.0 ], [ 53.463505599438037, 28.98488972117649, 0.0 ], [ 53.463453199755918, 28.984973417284269, 0.0 ], [ 53.463366980517492, 28.985090861263249, 0.0 ], [ 53.463281224215081, 28.985228704320789, 0.0 ], [ 53.463245170686193, 28.985314026840481, 0.0 ], [ 53.463199519619891, 28.98542969237258, 0.0 ], [ 53.463142547623967, 28.985557239252611, 0.0 ], [ 53.463081929615853, 28.985659237191321, 0.0 ], [ 53.463037039818133, 28.98576686316736, 0.0 ], [ 53.463012732752169, 28.9858380158385, 0.0 ], [ 53.463019845282261, 28.985904189251219, 0.0 ], [ 53.463047241043533, 28.985961674865131, 0.0 ], [ 53.463063785966021, 28.98602598205494, 0.0 ], [ 53.463051310014947, 28.98613988384945, 0.0 ], [ 53.463042306866058, 28.986199801185869, 0.0 ], [ 53.463031967369879, 28.986289130661401, 0.0 ], [ 53.463006222870362, 28.98637098034774, 0.0 ], [ 53.463017719685602, 28.98647298451872, 0.0 ], [ 53.463024903216407, 28.986604947060091, 0.0 ], [ 53.462995769993583, 28.986679023651192, 0.0 ], [ 53.462956738685428, 28.98675692273579, 0.0 ], [ 53.462915682739443, 28.986844898981861, 0.0 ], [ 53.462865540851212, 28.986905905862791, 0.0 ], [ 53.46277914476758, 28.98697841019478, 0.0 ], [ 53.462701706349833, 28.987058933753818, 0.0 ], [ 53.462630963112517, 28.987125876256371, 0.0 ], [ 53.462579343496373, 28.987181649663668, 0.0 ], [ 53.462492469182543, 28.98723559807523, 0.0 ], [ 53.462396059327631, 28.987297284814431, 0.0 ], [ 53.462337907062711, 28.987350655416481, 0.0 ], [ 53.462226408524018, 28.987462378597382, 0.0 ], [ 53.462064531552713, 28.987633744071061, 0.0 ], [ 53.462061217760663, 28.987640471698921, 0.0 ], [ 53.462033219257343, 28.987726878707861, 0.0 ], [ 53.462020070708853, 28.987803965046691, 0.0 ], [ 53.462003339509707, 28.987866174651469, 0.0 ], [ 53.461965054902343, 28.987978010552229, 0.0 ], [ 53.461958335979297, 28.988101393991499, 0.0 ], [ 53.46195745424356, 28.988196586447181, 0.0 ], [ 53.461973054412347, 28.988309533544768, 0.0 ], [ 53.461998314528607, 28.988417044102469, 0.0 ], [ 53.46203321344241, 28.988523290059291, 0.0 ], [ 53.462127366311762, 28.98863360616674, 0.0 ], [ 53.462212398917337, 28.988742204708551, 0.0 ], [ 53.462268092866907, 28.988823090737888, 0.0 ], [ 53.462345905609432, 28.988923089528729, 0.0 ], [ 53.462354509382543, 28.98892404603377, 0.0 ], [ 53.462477927715952, 28.989015442420651, 0.0 ], [ 53.462483703039261, 28.989019274487749, 0.0 ], [ 53.462616987425839, 28.989082929159249, 0.0 ], [ 53.462624511293441, 28.98909035763657, 0.0 ], [ 53.462709079866201, 28.989163763208079, 0.0 ], [ 53.462712302140197, 28.989170963781461, 0.0 ], [ 53.462820909070047, 28.989282160177261, 0.0 ], [ 53.462912361024557, 28.989390278799831, 0.0 ], [ 53.463003826411857, 28.9895005568589, 0.0 ], [ 53.463082946141903, 28.98956933565789, 0.0 ], [ 53.463092338493126, 28.989577928818491, 0.0 ], [ 53.463212932177832, 28.989651011109071, 0.0 ], [ 53.463278060297668, 28.989723288592831, 0.0 ], [ 53.463343174510889, 28.98981124481088, 0.0 ], [ 53.463437451926637, 28.98994872502282, 0.0 ], [ 53.463498718180091, 28.990045706462698, 0.0 ], [ 53.463571576178147, 28.990144543086721, 0.0 ], [ 53.463652432488523, 28.990262103351672, 0.0 ], [ 53.463718866053632, 28.990370225342801, 0.0 ], [ 53.46379002044241, 28.990463190276181, 0.0 ], [ 53.463829573112847, 28.99053235483041, 0.0 ], [ 53.463868684720019, 28.990677009665699, 0.0 ], [ 53.463951794506187, 28.990888237686232, 0.0 ], [ 53.464030936267839, 28.99104105185047, 0.0 ], [ 53.464092140003252, 28.99116510318839, 0.0 ], [ 53.464154424947317, 28.991269585019239, 0.0 ], [ 53.464200514508441, 28.991417598569551, 0.0 ], [ 53.464326137266561, 28.991543368820981, 0.0 ], [ 53.464335619903082, 28.991559734071799, 0.0 ], [ 53.464441009527711, 28.99165775247479, 0.0 ], [ 53.464523896282117, 28.991750644301849, 0.0 ], [ 53.464524694502877, 28.99175604618377, 0.0 ], [ 53.464611755445098, 28.991787870485531, 0.0 ], [ 53.464648032921303, 28.99180155652186, 0.0 ], [ 53.464769572765277, 28.991836217071469, 0.0 ], [ 53.464790719170587, 28.991840125228791, 0.0 ], [ 53.464903305631402, 28.991859191093528, 0.0 ], [ 53.465028516439283, 28.991866631088239, 0.0 ], [ 53.465111099869212, 28.99186089219447, 0.0 ], [ 53.465187830436633, 28.991875302837219, 0.0 ], [ 53.465277892560458, 28.991885102427968, 0.0 ], [ 53.465422359509063, 28.991897304864889, 0.0 ], [ 53.465591920227297, 28.99186179739425, 0.0 ], [ 53.465631342986903, 28.991780867299362, 0.0 ], [ 53.465768588056051, 28.99173424175293, 0.0 ], [ 53.465947033556922, 28.991738200530971, 0.0 ], [ 53.466085852531499, 28.991748193693901, 0.0 ], [ 53.466226865011578, 28.991766383999369, 0.0 ], [ 53.466348607118057, 28.991721822354531, 0.0 ], [ 53.466456489102363, 28.9916796630372, 0.0 ], [ 53.466547368181423, 28.991690856844681, 0.0 ], [ 53.466651488007827, 28.991689169289248, 0.0 ], [ 53.466768242516551, 28.991712120219201, 0.0 ], [ 53.466905636059053, 28.991723661531001, 0.0 ], [ 53.467041443424613, 28.99173149420977, 0.0 ], [ 53.467139636420647, 28.991755335007859, 0.0 ], [ 53.467280226835129, 28.991796831807559, 0.0 ], [ 53.467423677850533, 28.991812529432799, 0.0 ], [ 53.467545480765637, 28.991860389186979, 0.0 ], [ 53.467731696296532, 28.991875930854899, 0.0 ], [ 53.467843523926952, 28.991883683460259, 0.0 ], [ 53.468000863046782, 28.99186399562997, 0.0 ], [ 53.468177727532179, 28.991830044115758, 0.0 ], [ 53.468277533393433, 28.99176426724609, 0.0 ], [ 53.468396725569583, 28.99168170511156, 0.0 ], [ 53.468522746257989, 28.991662955568451, 0.0 ], [ 53.468631204118537, 28.99168621425148, 0.0 ], [ 53.468672103626822, 28.99169079185366, 0.0 ], [ 53.468722243787752, 28.991696991341509, 0.0 ], [ 53.468769318975077, 28.99171506259076, 0.0 ], [ 53.46877094376898, 28.991715686797999, 0.0 ], [ 53.468852380026597, 28.991737552654321, 0.0 ], [ 53.468919916111027, 28.99177851708264, 0.0 ], [ 53.468998923655967, 28.99179943330147, 0.0 ], [ 53.469069796264577, 28.99182095363668, 0.0 ], [ 53.46917302846478, 28.991848486652341, 0.0 ], [ 53.46930162536507, 28.991833994999251, 0.0 ], [ 53.469364617095252, 28.991809400428579, 0.0 ], [ 53.46941995503007, 28.991806944526381, 0.0 ], [ 53.469512122678637, 28.991828602830669, 0.0 ], [ 53.469524179756483, 28.991832803581989, 0.0 ], [ 53.469572123555608, 28.991849508057712, 0.0 ], [ 53.469595925271271, 28.991857801619371, 0.0 ], [ 53.469683264332943, 28.99188145298659, 0.0 ], [ 53.469689402490488, 28.991885854529599, 0.0 ], [ 53.469712652958599, 28.991893965141379, 0.0 ], [ 53.469778181979137, 28.991932538321269, 0.0 ], [ 53.469795027523773, 28.99193629107517, 0.0 ], [ 53.469851792264997, 28.991998625560779, 0.0 ], [ 53.469869538748107, 28.992011483386332, 0.0 ], [ 53.469953123150773, 28.992084527748059, 0.0 ], [ 53.470001480277233, 28.992136037540199, 0.0 ], [ 53.470019408173442, 28.992194406390691, 0.0 ], [ 53.47002059256193, 28.992203521596419, 0.0 ], [ 53.469986505628903, 28.992257948820939, 0.0 ], [ 53.469912681957098, 28.992336989091061, 0.0 ], [ 53.469936419427263, 28.992434440568811, 0.0 ], [ 53.469941689457933, 28.992476162870119, 0.0 ], [ 53.469967142704569, 28.992548460622181, 0.0 ], [ 53.469970025253929, 28.992571424193262, 0.0 ], [ 53.470006583265828, 28.992646747503219, 0.0 ], [ 53.470013643666277, 28.992659938865561, 0.0 ], [ 53.470053081441662, 28.992716165734411, 0.0 ], [ 53.470109513949147, 28.992779821523051, 0.0 ], [ 53.470168960560599, 28.992824809615389, 0.0 ], [ 53.470213422070579, 28.99283468813335, 0.0 ], [ 53.470242323200907, 28.99285041806662, 0.0 ], [ 53.470302101820451, 28.99289978353881, 0.0 ], [ 53.470314339004091, 28.992912326690909, 0.0 ], [ 53.470360008114653, 28.992969566582371, 0.0 ], [ 53.470361954245568, 28.992983613364281, 0.0 ], [ 53.470354928144957, 28.99305059997614, 0.0 ], [ 53.470382943178713, 28.993095811287571, 0.0 ], [ 53.470388977599207, 28.993100074867669, 0.0 ], [ 53.470407753291909, 28.993117581411202, 0.0 ], [ 53.470472314576512, 28.993150368464821, 0.0 ], [ 53.470489094397372, 28.99315363516908, 0.0 ], [ 53.470528720821008, 28.993164411702221, 0.0 ], [ 53.470583890115229, 28.99316903034498, 0.0 ], [ 53.470610833992602, 28.993166617859082, 0.0 ], [ 53.470643858968543, 28.993168446425901, 0.0 ], [ 53.470723251687602, 28.993163612539728, 0.0 ], [ 53.470743299782278, 28.993164208293152, 0.0 ], [ 53.470769101301428, 28.993168814757858, 0.0 ], [ 53.470828459449208, 28.993170553293961, 0.0 ], [ 53.470834254392429, 28.993174540688109, 0.0 ], [ 53.47085268099773, 28.99316999421734, 0.0 ], [ 53.470924908446399, 28.993189793459742, 0.0 ], [ 53.470940901326529, 28.993196556876178, 0.0 ], [ 53.470998893357539, 28.99325305478672, 0.0 ], [ 53.47109144397966, 28.993306700533399, 0.0 ], [ 53.471272415890184, 28.993409011220681, 0.0 ], [ 53.47140155269387, 28.993512273263569, 0.0 ], [ 53.47163629540934, 28.993629430734739, 0.0 ], [ 53.471757544924543, 28.99372669475617, 0.0 ], [ 53.471894125200983, 28.993796117760041, 0.0 ], [ 53.471920188178217, 28.993802518070002, 0.0 ], [ 53.472075110114233, 28.99386916042436, 0.0 ], [ 53.472232620357353, 28.993904559548699, 0.0 ], [ 53.47225938057737, 28.993915074294449, 0.0 ], [ 53.472472948730143, 28.993964894582771, 0.0 ], [ 53.472489808153462, 28.99397688514988, 0.0 ], [ 53.472587716291557, 28.993992979395799, 0.0 ], [ 53.47273478443644, 28.994028483465179, 0.0 ], [ 53.472787961555767, 28.994038706805689, 0.0 ], [ 53.472825006820138, 28.99405349237616, 0.0 ], [ 53.472942089730097, 28.994084991300682, 0.0 ], [ 53.47301038431695, 28.99409252216466, 0.0 ], [ 53.473154993762819, 28.994153176013072, 0.0 ], [ 53.473222690313939, 28.994193030039551, 0.0 ], [ 53.473310625165652, 28.994241240683341, 0.0 ], [ 53.473398100314867, 28.99427923657813, 0.0 ], [ 53.473459962983831, 28.994271244151712, 0.0 ], [ 53.473557578771931, 28.99425863216959, 0.0 ], [ 53.473732673793791, 28.9942368649772, 0.0 ], [ 53.473853794462421, 28.99419101701044, 0.0 ], [ 53.473869391937917, 28.994182502238331, 0.0 ], [ 53.474045905706937, 28.994155860376679, 0.0 ], [ 53.474194246508937, 28.99414526034117, 0.0 ], [ 53.474208880488433, 28.994142606488811, 0.0 ], [ 53.474455394561552, 28.9941223920471, 0.0 ], [ 53.474475259830022, 28.994128830207341, 0.0 ], [ 53.474679670830888, 28.994097160307149, 0.0 ], [ 53.474819208878621, 28.994045201240521, 0.0 ], [ 53.474841342878413, 28.994041303144829, 0.0 ], [ 53.474984506122667, 28.994010704062621, 0.0 ], [ 53.475013879773982, 28.994003893065472, 0.0 ], [ 53.475022232473947, 28.99400195746362, 0.0 ], [ 53.47519279715371, 28.993930237805319, 0.0 ], [ 53.47524586806027, 28.993912318705942, 0.0 ], [ 53.475278970818593, 28.993903579627741, 0.0 ], [ 53.475321584948993, 28.993894936865239, 0.0 ], [ 53.475391925819707, 28.993881122784831, 0.0 ], [ 53.475435741052351, 28.993862558587921, 0.0 ], [ 53.475489588573573, 28.99384145042826, 0.0 ], [ 53.475590782398157, 28.993843847769291, 0.0 ], [ 53.475872312408853, 28.993925716800181, 0.0 ], [ 53.475964864259048, 28.993944167138579, 0.0 ], [ 53.476115589500509, 28.993911028709039, 0.0 ], [ 53.476147597451323, 28.99390771887337, 0.0 ], [ 53.47624898469364, 28.993868303012729, 0.0 ], [ 53.476257190359441, 28.993867518479199, 0.0 ], [ 53.476386548006253, 28.993826486415418, 0.0 ], [ 53.476406126830391, 28.993812388564571, 0.0 ], [ 53.476418092275708, 28.99380717464657, 0.0 ], [ 53.476512143893487, 28.99379815363303, 0.0 ], [ 53.476544874145851, 28.993795014429569, 0.0 ], [ 53.476688946724181, 28.993780641773579, 0.0 ], [ 53.476697155788933, 28.993779096640431, 0.0 ], [ 53.476734393801031, 28.99377613051081, 0.0 ], [ 53.476800167880228, 28.99377177229346, 0.0 ], [ 53.476845149244802, 28.993771183094431, 0.0 ], [ 53.4768618264305, 28.993773405291169, 0.0 ], [ 53.476869932281872, 28.993772695634561, 0.0 ], [ 53.476886625900342, 28.993774918427409, 0.0 ], [ 53.47696976638408, 28.99378240635339, 0.0 ], [ 53.476998238370427, 28.993779919305819, 0.0 ], [ 53.477027225334083, 28.993781083673191, 0.0 ], [ 53.477221814230617, 28.993842103542271, 0.0 ], [ 53.477243379142642, 28.993847693508449, 0.0 ], [ 53.477256223037607, 28.993850314710478, 0.0 ], [ 53.477376104636498, 28.993833744029569, 0.0 ], [ 53.477477090626309, 28.993816289318431, 0.0 ], [ 53.477625587171069, 28.99376580683618, 0.0 ], [ 53.477775137022057, 28.99372455629149, 0.0 ], [ 53.47791944876689, 28.993666719678771, 0.0 ], [ 53.477946003718003, 28.993654591354829, 0.0 ], [ 53.477957002727642, 28.993647023381339, 0.0 ], [ 53.478052428051413, 28.99363009210072, 0.0 ], [ 53.478229377990203, 28.993614042410289, 0.0 ], [ 53.478241717762302, 28.993613598298921, 0.0 ], [ 53.478477548763323, 28.993551641791779, 0.0 ], [ 53.478502788278597, 28.99355035527045, 0.0 ], [ 53.47869871955352, 28.993505130339891, 0.0 ], [ 53.478715239186108, 28.993499891751139, 0.0 ], [ 53.478847577071477, 28.993457909266901, 0.0 ], [ 53.478864811577381, 28.99345665578689, 0.0 ], [ 53.478873435464642, 28.99345602757046, 0.0 ], [ 53.478994901810808, 28.993414745301092, 0.0 ], [ 53.479129150582231, 28.99334832331947, 0.0 ], [ 53.479277278359547, 28.993341648703641, 0.0 ], [ 53.479305940848391, 28.993344313426689, 0.0 ], [ 53.47939763631522, 28.993346879565461, 0.0 ], [ 53.479415751239593, 28.993344166334889, 0.0 ], [ 53.479611229308112, 28.993303117284992, 0.0 ], [ 53.47961966558514, 28.993297941153731, 0.0 ], [ 53.479693837833587, 28.993283006758379, 0.0 ], [ 53.479844751195188, 28.993256728793391, 0.0 ], [ 53.479857586552448, 28.99325482473721, 0.0 ], [ 53.480061970426782, 28.993239753078381, 0.0 ], [ 53.480078638816963, 28.993237139533051, 0.0 ], [ 53.480233827846597, 28.99320351542849, 0.0 ], [ 53.480392418108337, 28.993171299762359, 0.0 ], [ 53.48061085020278, 28.99312739967958, 0.0 ], [ 53.480753505965978, 28.993138541721581, 0.0 ], [ 53.480893104264247, 28.993209580320759, 0.0 ], [ 53.480893104781813, 28.99321308154051, 0.0 ], [ 53.480997849229936, 28.9932668947426, 0.0 ], [ 53.481108651720326, 28.993367001486149, 0.0 ], [ 53.48121099363928, 28.993433200230989, 0.0 ], [ 53.481374582356914, 28.99353168873284, 0.0 ], [ 53.48147586536102, 28.99360745242171, 0.0 ], [ 53.48157984585194, 28.993700852776978, 0.0 ], [ 53.481649371303817, 28.993802962721599, 0.0 ], [ 53.481742656815229, 28.99393874299852, 0.0 ], [ 53.481798830241956, 28.994058825727912, 0.0 ], [ 53.481855163795572, 28.994179248284201, 0.0 ], [ 53.481978132086198, 28.99431393157656, 0.0 ], [ 53.481982909660381, 28.99431985432031, 0.0 ], [ 53.482064935377593, 28.994426995313251, 0.0 ], [ 53.482153173737537, 28.994523243544212, 0.0 ], [ 53.482157459501778, 28.994525933055129, 0.0 ], [ 53.482263414392001, 28.994586430267539, 0.0 ], [ 53.482412187417111, 28.99470667477593, 0.0 ], [ 53.48241594009567, 28.994706036188841, 0.0 ], [ 53.482522349721272, 28.994770604281239, 0.0 ], [ 53.482525068155731, 28.99485247517179, 0.0 ], [ 53.482557412647338, 28.994967812255759, 0.0 ], [ 53.482557653936347, 28.994970780366511, 0.0 ], [ 53.482596933079932, 28.99504413517375, 0.0 ], [ 53.482648570430328, 28.995097505536631, 0.0 ], [ 53.482743874621889, 28.995165372084891, 0.0 ], [ 53.482803013316627, 28.99524583321946, 0.0 ], [ 53.482935996949429, 28.99531818797141, 0.0 ], [ 53.483027397079823, 28.995369058762041, 0.0 ], [ 53.48310701684327, 28.995397895791729, 0.0 ], [ 53.483110946543668, 28.995400196710229, 0.0 ], [ 53.48318987332496, 28.995408676059469, 0.0 ], [ 53.483197180947471, 28.995410457157831, 0.0 ], [ 53.483212239374033, 28.9954168042037, 0.0 ], [ 53.483284984352167, 28.995404283042301, 0.0 ], [ 53.483295498697991, 28.995402204129949, 0.0 ], [ 53.483408419665523, 28.995376971584712, 0.0 ], [ 53.483482037777549, 28.99536530655427, 0.0 ], [ 53.483518324371893, 28.995361162573221, 0.0 ], [ 53.483531242014926, 28.995358787521329, 0.0 ], [ 53.483604627657108, 28.99534529807385, 0.0 ], [ 53.483614090137927, 28.99534355974415, 0.0 ], [ 53.483733061664147, 28.995329980861179, 0.0 ], [ 53.483746073647531, 28.995333095401008, 0.0 ], [ 53.483862233928392, 28.995355142651121, 0.0 ], [ 53.483933603137856, 28.995361215423301, 0.0 ], [ 53.483943985857742, 28.995364745724331, 0.0 ], [ 53.484012818848292, 28.99536328371688, 0.0 ], [ 53.48402942200525, 28.995365656129071, 0.0 ], [ 53.484124886503039, 28.99535661174291, 0.0 ], [ 53.484131114254453, 28.995355502436261, 0.0 ], [ 53.484196079390443, 28.99534381657103, 0.0 ], [ 53.48421446023692, 28.995337455808361, 0.0 ], [ 53.484298462012667, 28.9953279935411, 0.0 ], [ 53.484310918262914, 28.99532799417381, 0.0 ], [ 53.484323326306097, 28.995327995696719, 0.0 ], [ 53.484399012363717, 28.995322483350591, 0.0 ], [ 53.484413646092577, 28.99531943956891, 0.0 ], [ 53.484501897515301, 28.995276841310218, 0.0 ], [ 53.484511982161393, 28.99526816925751, 0.0 ], [ 53.484596160225522, 28.99524111714037, 0.0 ], [ 53.484612772425649, 28.9952385924725, 0.0 ], [ 53.484656890673023, 28.995231888320561, 0.0 ], [ 53.484671340105997, 28.99523439520668, 0.0 ], [ 53.484682662015558, 28.995235020317089, 0.0 ], [ 53.48479649251906, 28.99523397343965, 0.0 ], [ 53.48480525784619, 28.995237280082211, 0.0 ], [ 53.484884206812843, 28.995234380176729, 0.0 ], [ 53.484892516384427, 28.995235407403889, 0.0 ], [ 53.484906122627407, 28.995235610445221, 0.0 ], [ 53.485033737212881, 28.995263812168361, 0.0 ], [ 53.485097948072379, 28.995285407300798, 0.0 ], [ 53.485104105453118, 28.995288948001281, 0.0 ], [ 53.485188773139093, 28.995300072429291, 0.0 ], [ 53.485308065346999, 28.995294719196881, 0.0 ], [ 53.485395498222253, 28.995292755456749, 0.0 ], [ 53.485492424557599, 28.99526612553133, 0.0 ], [ 53.48557030111148, 28.995247230195421, 0.0 ], [ 53.485646393651983, 28.99521459207736, 0.0 ], [ 53.485726105651921, 28.995184669168719, 0.0 ], [ 53.485813074839292, 28.995179757412469, 0.0 ], [ 53.485958558076327, 28.995170642452869, 0.0 ], [ 53.486078040526948, 28.995182976068399, 0.0 ], [ 53.486169966490927, 28.995227210484419, 0.0 ], [ 53.486244359368989, 28.995265673488159, 0.0 ], [ 53.486305719642239, 28.995302946815791, 0.0 ], [ 53.486367587947221, 28.995340822365581, 0.0 ], [ 53.486437688367737, 28.995359386711598, 0.0 ], [ 53.486591538223408, 28.995449199586869, 0.0 ], [ 53.486753552809958, 28.995549319710829, 0.0 ], [ 53.486877462989398, 28.995660487092511, 0.0 ], [ 53.486977876152757, 28.995708033471789, 0.0 ], [ 53.487077749420891, 28.99591033265893, 0.0 ], [ 53.487156710605497, 28.996065940505321, 0.0 ], [ 53.487365577857723, 28.99616475946355, 0.0 ], [ 53.487563987259762, 28.996231158316188, 0.0 ], [ 53.487572152427511, 28.996241060626691, 0.0 ], [ 53.487745414970533, 28.99629930029397, 0.0 ], [ 53.487771733499542, 28.996301058410879, 0.0 ], [ 53.487785253838503, 28.99630465209696, 0.0 ], [ 53.488011546643911, 28.996343919833439, 0.0 ], [ 53.488251320436021, 28.99635314062925, 0.0 ], [ 53.488257590675119, 28.996352219793561, 0.0 ], [ 53.488437130195358, 28.996302912388298, 0.0 ], [ 53.488629977812373, 28.996240941152639, 0.0 ], [ 53.488642189832063, 28.996239096508901, 0.0 ], [ 53.488790951726862, 28.996168672110961, 0.0 ], [ 53.48889640006869, 28.996079751284999, 0.0 ], [ 53.489009404861548, 28.99596891627569, 0.0 ], [ 53.489086227988878, 28.99591918062109, 0.0 ], [ 53.489112716114548, 28.99591230633931, 0.0 ], [ 53.489144207500857, 28.995890611878121, 0.0 ], [ 53.489302051986499, 28.995873230670501, 0.0 ], [ 53.489349247201957, 28.995851403085009, 0.0 ], [ 53.489385208698693, 28.995831135033331, 0.0 ], [ 53.489395323599787, 28.99582463984083, 0.0 ], [ 53.489415558375192, 28.99581164304654, 0.0 ], [ 53.489528104791702, 28.995770499435189, 0.0 ], [ 53.489842504845377, 28.99571286075145, 0.0 ], [ 53.489869008890373, 28.995703787507772, 0.0 ], [ 53.489896895254887, 28.995699769509351, 0.0 ], [ 53.490045178492871, 28.99575701214172, 0.0 ], [ 53.490057626698572, 28.995760442333381, 0.0 ], [ 53.490332915011017, 28.995891886591131, 0.0 ], [ 53.490582150240833, 28.99600484205164, 0.0 ], [ 53.490810764507323, 28.996075477313489, 0.0 ], [ 53.491020407911172, 28.99614222383228, 0.0 ], [ 53.491038201478368, 28.99614484664259, 0.0 ], [ 53.49105688446857, 28.996152250551969, 0.0 ], [ 53.491316534316468, 28.99628064651295, 0.0 ], [ 53.491351246187989, 28.996285377820271, 0.0 ], [ 53.491574686304347, 28.996390895167931, 0.0 ], [ 53.491592160827651, 28.996393305500451, 0.0 ], [ 53.491783452876582, 28.996504189180321, 0.0 ], [ 53.491801841273798, 28.996511413505111, 0.0 ], [ 53.49196123540095, 28.99657253635867, 0.0 ], [ 53.491986129658713, 28.996583826828839, 0.0 ], [ 53.492135731415843, 28.996715497241748, 0.0 ], [ 53.492162335003087, 28.99673635385583, 0.0 ], [ 53.492369146687622, 28.996933345061109, 0.0 ], [ 53.492376449599163, 28.996942145298672, 0.0 ], [ 53.492578966219988, 28.997089613372911, 0.0 ], [ 53.492597158889197, 28.997096714010659, 0.0 ], [ 53.492704323456962, 28.997230809318751, 0.0 ], [ 53.492869469014792, 28.997345974442339, 0.0 ], [ 53.492881946261008, 28.997353723273079, 0.0 ], [ 53.49303261515881, 28.997455633690389, 0.0 ], [ 53.493039535537392, 28.997464097269781, 0.0 ], [ 53.493053365694699, 28.997481010189741, 0.0 ], [ 53.493142934476488, 28.997553247013261, 0.0 ], [ 53.493144370184147, 28.99756244115666, 0.0 ], [ 53.493245389532959, 28.997670774797129, 0.0 ], [ 53.493416915935747, 28.997818074120669, 0.0 ], [ 53.493424099123843, 28.99783068535551, 0.0 ], [ 53.493639469914882, 28.997951462340161, 0.0 ], [ 53.49365248828547, 28.99796763787214, 0.0 ], [ 53.493833135646391, 28.9981437531079, 0.0 ], [ 53.494054658424112, 28.99836788080696, 0.0 ], [ 53.49413086190399, 28.998468783349519, 0.0 ], [ 53.49421298819756, 28.998628027385411, 0.0 ], [ 53.494300145773053, 28.998758980638129, 0.0 ], [ 53.494331676521192, 28.998886400878241, 0.0 ], [ 53.494418285405771, 28.999003297143268, 0.0 ], [ 53.49449495246067, 28.999136232155969, 0.0 ], [ 53.494549121463933, 28.99922878014063, 0.0 ], [ 53.494573163255893, 28.999346869583551, 0.0 ], [ 53.494604788316593, 28.999406477685319, 0.0 ], [ 53.494609396354377, 28.999409148160439, 0.0 ], [ 53.494663039624882, 28.99948061470586, 0.0 ], [ 53.494740854059103, 28.999572822758459, 0.0 ], [ 53.494777444106418, 28.999666008297609, 0.0 ], [ 53.494780404774552, 28.99974929755928, 0.0 ], [ 53.494705448408382, 28.999789335359711, 0.0 ], [ 53.494589281564927, 28.999842985724911, 0.0 ], [ 53.494456736894989, 28.999905479752659, 0.0 ], [ 53.494448877431132, 28.99991056309814, 0.0 ], [ 53.494325167628503, 28.999965738986379, 0.0 ], [ 53.494321514180108, 28.999973459676522, 0.0 ], [ 53.494216593651743, 29.00002061030245, 0.0 ], [ 53.494123801327767, 29.000037554850511, 0.0 ], [ 53.494101739885913, 29.000041583809569, 0.0 ], [ 53.493968456901918, 29.00006819400398, 0.0 ], [ 53.49378858082936, 29.000107217269811, 0.0 ], [ 53.493603225557017, 29.000188059696772, 0.0 ], [ 53.493505537317837, 29.00024509562482, 0.0 ], [ 53.493411833617429, 29.000331616177661, 0.0 ], [ 53.493288169153402, 29.000466158857979, 0.0 ], [ 53.493161698499783, 29.00060427907983, 0.0 ], [ 53.493038168707137, 29.00069577881165, 0.0 ], [ 53.492965108664521, 29.000771686612591, 0.0 ], [ 53.492874254160903, 29.000820612256621, 0.0 ], [ 53.492780559146979, 29.000908734447339, 0.0 ], [ 53.492680245155071, 29.001041013797291, 0.0 ], [ 53.492563874965377, 29.00114977446351, 0.0 ], [ 53.492472775545508, 29.001236951572359, 0.0 ], [ 53.492396570813632, 29.001288079687491, 0.0 ], [ 53.492310046636383, 29.001396790721628, 0.0 ], [ 53.49222839857493, 29.001447781568519, 0.0 ], [ 53.492152889804821, 29.001513807233341, 0.0 ], [ 53.492122829892502, 29.001558197204488, 0.0 ], [ 53.492100752027703, 29.001626372000938, 0.0 ], [ 53.492075889257997, 29.001691990365689, 0.0 ], [ 53.492068361994697, 29.00176688773233, 0.0 ], [ 53.492066652825009, 29.001833986416582, 0.0 ], [ 53.492057391362778, 29.001870879876819, 0.0 ], [ 53.49202272525595, 29.001928759289989, 0.0 ], [ 53.492029397010647, 29.001960800468421, 0.0 ], [ 53.492031546662751, 29.001963783666831, 0.0 ], [ 53.492027929221997, 29.00201683622786, 0.0 ], [ 53.492027211558643, 29.002019557768449, 0.0 ], [ 53.492032557578057, 29.002057246584609, 0.0 ], [ 53.492044292476649, 29.00207688412236, 0.0 ], [ 53.492046620106507, 29.002080313285081, 0.0 ], [ 53.492077750518703, 29.002107619176751, 0.0 ], [ 53.492079979946887, 29.00210926572537, 0.0 ], [ 53.492092322781517, 29.002153459989561, 0.0 ], [ 53.49209279506411, 29.00215748830982, 0.0 ], [ 53.492096157539827, 29.00218615912755, 0.0 ], [ 53.492109380449463, 29.002228069982351, 0.0 ], [ 53.492137228673478, 29.00226394934819, 0.0 ], [ 53.492140027346927, 29.002268020214231, 0.0 ], [ 53.492171587263783, 29.00228756511186, 0.0 ], [ 53.492198310642017, 29.002313049210059, 0.0 ], [ 53.492226059356582, 29.002340420504421, 0.0 ], [ 53.492256588097419, 29.002355738132689, 0.0 ], [ 53.492294345938852, 29.002387664471769, 0.0 ], [ 53.492358341733748, 29.002436819354291, 0.0 ], [ 53.492416019261803, 29.002466567293869, 0.0 ], [ 53.492417491867577, 29.002468619407011, 0.0 ], [ 53.492516033692169, 29.00254516819053, 0.0 ], [ 53.492519161868707, 29.00254834432512, 0.0 ], [ 53.492581049877202, 29.002587490154671, 0.0 ], [ 53.492636435445377, 29.002622812446909, 0.0 ], [ 53.492699234821039, 29.002673712440981, 0.0 ], [ 53.49273443932082, 29.002694253192281, 0.0 ], [ 53.492778718097263, 29.00272310928251, 0.0 ], [ 53.492832726160238, 29.002759821987389, 0.0 ], [ 53.492868702224349, 29.002787577237211, 0.0 ], [ 53.492932380459017, 29.002847546262512, 0.0 ], [ 53.49304492462079, 29.002932772282961, 0.0 ], [ 53.493060054123788, 29.002956752774669, 0.0 ], [ 53.493064892482337, 29.002970932141679, 0.0 ], [ 53.493067317704401, 29.002978038402539, 0.0 ], [ 53.493093519238343, 29.002999039327531, 0.0 ], [ 53.493094773766693, 29.002998932146141, 0.0 ], [ 53.493129715145592, 29.00303372066449, 0.0 ], [ 53.493203516525483, 29.003095583812051, 0.0 ], [ 53.493256350437989, 29.003145564251891, 0.0 ], [ 53.493316759234197, 29.00319603106389, 0.0 ], [ 53.493371647888068, 29.00325319675569, 0.0 ], [ 53.493374973340089, 29.003256722845521, 0.0 ], [ 53.493442985835628, 29.0033091287996, 0.0 ], [ 53.493443670054837, 29.003313134233341, 0.0 ], [ 53.493453863286298, 29.00335577144617, 0.0 ], [ 53.493485830367398, 29.003396004454508, 0.0 ], [ 53.493525537711491, 29.003432800064601, 0.0 ], [ 53.493574892254387, 29.003502569345521, 0.0 ], [ 53.493587934298219, 29.003521707033791, 0.0 ], [ 53.493594090911721, 29.003524585151251, 0.0 ], [ 53.493621980921212, 29.0035537081638, 0.0 ], [ 53.493624803859333, 29.003553188453509, 0.0 ], [ 53.493632928439489, 29.0035753647111, 0.0 ], [ 53.493631808696833, 29.003603385228189, 0.0 ], [ 53.493629977072906, 29.00367038240325, 0.0 ], [ 53.49362552512153, 29.00370425200601, 0.0 ], [ 53.493624793813723, 29.003708497521728, 0.0 ], [ 53.493618907086073, 29.003750650146621, 0.0 ], [ 53.493619359251468, 29.003753368021371, 0.0 ], [ 53.493621968725783, 29.00378630003015, 0.0 ], [ 53.49361800239268, 29.003822528736521, 0.0 ], [ 53.493611755833392, 29.003853247096181, 0.0 ], [ 53.493611032962598, 29.003857416675402, 0.0 ], [ 53.493621485319409, 29.003903786624981, 0.0 ], [ 53.493622273983469, 29.003907781999011, 0.0 ], [ 53.493637805501272, 29.003918837200739, 0.0 ], [ 53.493639850332237, 29.003921340571829, 0.0 ], [ 53.493672492024068, 29.003930818763241, 0.0 ], [ 53.493710317073948, 29.00394042265134, 0.0 ], [ 53.493711813675873, 29.003940395771171, 0.0 ], [ 53.493745746044311, 29.003949006483371, 0.0 ], [ 53.493802593086293, 29.00394955607884, 0.0 ], [ 53.493855791159682, 29.003934438261432, 0.0 ], [ 53.493903372779997, 29.003922824859831, 0.0 ], [ 53.493955437254698, 29.003920966055201, 0.0 ], [ 53.493962243206433, 29.003922977772149, 0.0 ], [ 53.49399447145408, 29.003924300994871, 0.0 ], [ 53.494003343089652, 29.003927590581402, 0.0 ], [ 53.494041601970089, 29.003951236251989, 0.0 ], [ 53.494065216896317, 29.003989068405229, 0.0 ], [ 53.49406656391519, 29.003994903698828, 0.0 ], [ 53.494078989809552, 29.004020296483581, 0.0 ], [ 53.494098450557978, 29.004062353797941, 0.0 ], [ 53.494099097695958, 29.004065198860751, 0.0 ], [ 53.49410648049934, 29.004097670546059, 0.0 ], [ 53.494100765102893, 29.004129177454249, 0.0 ], [ 53.494095523763733, 29.004174991622879, 0.0 ], [ 53.49410238235069, 29.004211015744989, 0.0 ], [ 53.494103308690661, 29.004214974277659, 0.0 ], [ 53.494127688145838, 29.004239347625919, 0.0 ], [ 53.494131404449107, 29.004241883104552, 0.0 ], [ 53.494141683275743, 29.004245566048521, 0.0 ], [ 53.494136065645122, 29.0042758027333, 0.0 ], [ 53.494140203912679, 29.004293808395332, 0.0 ], [ 53.49417774121828, 29.004293436207959, 0.0 ], [ 53.494223284710067, 29.004279722458161, 0.0 ], [ 53.494260706295691, 29.00427513218505, 0.0 ], [ 53.494263808737642, 29.004273730390711, 0.0 ], [ 53.494318018022099, 29.00425900949682, 0.0 ], [ 53.494350572348267, 29.004231445462629, 0.0 ], [ 53.494371606795141, 29.00420479719487, 0.0 ], [ 53.494438728497272, 29.00417224926786, 0.0 ], [ 53.494483169615052, 29.00414003767505, 0.0 ], [ 53.494551636134048, 29.00412421114688, 0.0 ], [ 53.494599092249423, 29.00414047234575, 0.0 ], [ 53.494652783839683, 29.004145594481979, 0.0 ], [ 53.49469669100209, 29.004154710747059, 0.0 ], [ 53.494731345752413, 29.004179796199271, 0.0 ], [ 53.494777283942938, 29.004213557266151, 0.0 ], [ 53.494828124020437, 29.00423654143097, 0.0 ], [ 53.494881642084543, 29.004283632437922, 0.0 ], [ 53.494931377264272, 29.00432972915516, 0.0 ], [ 53.494994509940582, 29.004384543383949, 0.0 ], [ 53.495039131142804, 29.004423235552029, 0.0 ], [ 53.495102219054601, 29.004485106191179, 0.0 ], [ 53.495147315593933, 29.00453409282823, 0.0 ], [ 53.495180426172311, 29.0045690004644, 0.0 ], [ 53.49521852563047, 29.004596196852649, 0.0 ], [ 53.495222746943668, 29.004598906053001, 0.0 ], [ 53.495255597448931, 29.00462247950551, 0.0 ], [ 53.495295271522671, 29.004636711742361, 0.0 ], [ 53.495297953762218, 29.004639687694379, 0.0 ], [ 53.495328940162977, 29.004667082034729, 0.0 ], [ 53.495330552387777, 29.004666869853921, 0.0 ], [ 53.495369359005913, 29.004702989654891, 0.0 ], [ 53.495373631500037, 29.00470573578923, 0.0 ], [ 53.495407188060391, 29.004731014661509, 0.0 ], [ 53.495407664370212, 29.004732557493451, 0.0 ], [ 53.495435438981723, 29.00479518138307, 0.0 ], [ 53.495457023759371, 29.004844029108149, 0.0 ], [ 53.495483144970748, 29.004870058637142, 0.0 ], [ 53.49552711404192, 29.004893986594929, 0.0 ], [ 53.495575191506958, 29.00493197564095, 0.0 ], [ 53.495624927459453, 29.004964119567038, 0.0 ], [ 53.49569512183097, 29.00501852798514, 0.0 ], [ 53.49574664073922, 29.00504842308267, 0.0 ], [ 53.495772393260317, 29.005062783008459, 0.0 ], [ 53.495828985375923, 29.005083181717819, 0.0 ], [ 53.495879464953298, 29.00511235812165, 0.0 ], [ 53.495929095970908, 29.00513795344219, 0.0 ], [ 53.495954610598417, 29.0051564594729, 0.0 ], [ 53.495994839902473, 29.005200771128671, 0.0 ], [ 53.49603879160906, 29.005251452171478, 0.0 ], [ 53.496073602360873, 29.00529110569979, 0.0 ], [ 53.496127051357583, 29.005351282068471, 0.0 ], [ 53.496167339832262, 29.00539945642813, 0.0 ], [ 53.49620741611011, 29.00545118102643, 0.0 ], [ 53.496252741886472, 29.005498906306389, 0.0 ], [ 53.496295264137061, 29.00554586723236, 0.0 ], [ 53.49633228415977, 29.005588747175889, 0.0 ], [ 53.49636933874222, 29.005630630503781, 0.0 ], [ 53.496404084412717, 29.00568254521437, 0.0 ], [ 53.496413135872793, 29.005721253782909, 0.0 ], [ 53.49642206359718, 29.005754987548318, 0.0 ], [ 53.496449559856572, 29.00580484657652, 0.0 ], [ 53.496484059495138, 29.00583171974554, 0.0 ], [ 53.496518033205049, 29.00587474375202, 0.0 ], [ 53.496520164955719, 29.005877443027071, 0.0 ], [ 53.496545889402192, 29.0059261242905, 0.0 ], [ 53.496573002688052, 29.005978488428759, 0.0 ], [ 53.49657426197075, 29.00598288730971, 0.0 ], [ 53.496601448591584, 29.006036293852549, 0.0 ], [ 53.496626798633322, 29.006073586234699, 0.0 ], [ 53.496627571363533, 29.006076486683799, 0.0 ], [ 53.496650717527992, 29.00612463576682, 0.0 ], [ 53.49666422066975, 29.006165893109539, 0.0 ], [ 53.496697367526203, 29.006212291994999, 0.0 ], [ 53.496734188251232, 29.006239657818909, 0.0 ], [ 53.496767988936789, 29.006273558026091, 0.0 ], [ 53.49683230089714, 29.006313183508439, 0.0 ], [ 53.496894431766059, 29.006341487060961, 0.0 ], [ 53.496917610001432, 29.006358622663821, 0.0 ], [ 53.496976259750276, 29.006385383273319, 0.0 ], [ 53.497048067254767, 29.006402516114811, 0.0 ], [ 53.497093588468907, 29.006389435085708, 0.0 ], [ 53.497161799563841, 29.006366618550992, 0.0 ], [ 53.497202421786717, 29.006359991344571, 0.0 ], [ 53.497225975352229, 29.006394773867878, 0.0 ], [ 53.497260314281007, 29.006440160791371, 0.0 ], [ 53.497298006673063, 29.006495814847749, 0.0 ], [ 53.497332318332631, 29.00652667150807, 0.0 ], [ 53.497357323070268, 29.00657710799954, 0.0 ], [ 53.497409525240023, 29.00660677137882, 0.0 ], [ 53.497485029170548, 29.006631142574491, 0.0 ], [ 53.497513593971632, 29.006681832197369, 0.0 ], [ 53.497530181377037, 29.00675627228653, 0.0 ], [ 53.497516664455027, 29.0068213476818, 0.0 ], [ 53.497494562056772, 29.006890563843509, 0.0 ], [ 53.497459415103243, 29.006959867369169, 0.0 ], [ 53.497411268298137, 29.007019771430631, 0.0 ], [ 53.497369024759251, 29.007049363022681, 0.0 ], [ 53.497348956147583, 29.007083555513059, 0.0 ], [ 53.497333123487941, 29.007129206697929, 0.0 ], [ 53.497303334148768, 29.00718182205452, 0.0 ], [ 53.497266335928501, 29.00724218006652, 0.0 ], [ 53.497237120523579, 29.007310762518259, 0.0 ], [ 53.497227965355542, 29.007365063750608, 0.0 ], [ 53.497238592918258, 29.00743492445546, 0.0 ], [ 53.497225037478323, 29.007485697135081, 0.0 ], [ 53.497193465233522, 29.00753971326024, 0.0 ], [ 53.497153235759001, 29.007583586997619, 0.0 ], [ 53.497097938040717, 29.00762320399301, 0.0 ], [ 53.497079279052258, 29.007650347093961, 0.0 ], [ 53.497048771783732, 29.007682643346818, 0.0 ], [ 53.497023723989138, 29.007714634219621, 0.0 ], [ 53.497032495832499, 29.007744558380331, 0.0 ], [ 53.497033330100813, 29.007746816260902, 0.0 ], [ 53.497061413915112, 29.007772089034489, 0.0 ], [ 53.497086909792742, 29.007788798096311, 0.0 ], [ 53.497121107183688, 29.007839374057362, 0.0 ], [ 53.497142708811907, 29.007876018792391, 0.0 ], [ 53.497150882538563, 29.00792902625788, 0.0 ], [ 53.497165511396339, 29.00799278268136, 0.0 ], [ 53.49719826189208, 29.008043103146861, 0.0 ], [ 53.497232337366533, 29.008062713627329, 0.0 ], [ 53.497281666780111, 29.00811127339832, 0.0 ], [ 53.497317129633153, 29.008149474592638, 0.0 ], [ 53.497370977375802, 29.008208725463721, 0.0 ], [ 53.497410994654487, 29.00826888570564, 0.0 ], [ 53.497413195153733, 29.00827426844862, 0.0 ], [ 53.497461888218972, 29.00829889000342, 0.0 ], [ 53.497514034959487, 29.008320453125361, 0.0 ], [ 53.497522229054418, 29.00832384165998, 0.0 ], [ 53.497571084477187, 29.00832872316931, 0.0 ], [ 53.497631053013201, 29.008361572702238, 0.0 ], [ 53.497680498870359, 29.008419137095309, 0.0 ], [ 53.49771835320302, 29.008454312134539, 0.0 ], [ 53.49774133455643, 29.008490747063441, 0.0 ], [ 53.497750619228022, 29.00856410319675, 0.0 ], [ 53.497765931214687, 29.008619167354389, 0.0 ], [ 53.497764866590288, 29.008626059641681, 0.0 ], [ 53.497791196291708, 29.008645078761251, 0.0 ], [ 53.497824697427262, 29.008644861735512, 0.0 ], [ 53.497878748690901, 29.008627343839851, 0.0 ], [ 53.497931686439948, 29.008606670202241, 0.0 ], [ 53.498013294329773, 29.008566235179039, 0.0 ], [ 53.498076221497797, 29.008524364006281, 0.0 ], [ 53.498138604629673, 29.008493320463451, 0.0 ], [ 53.498147644405272, 29.008488821171969, 0.0 ], [ 53.498226001729812, 29.008446159561331, 0.0 ], [ 53.498300786391432, 29.008431246467062, 0.0 ], [ 53.498343464689412, 29.008470571645841, 0.0 ], [ 53.49834409308955, 29.008531128610091, 0.0 ], [ 53.498339084451118, 29.008648698197881, 0.0 ], [ 53.498317425217017, 29.008724163460521, 0.0 ], [ 53.498281711431062, 29.008806327788029, 0.0 ], [ 53.498240405748881, 29.00890773226741, 0.0 ], [ 53.49819900383013, 29.009027441104632, 0.0 ], [ 53.498207197658402, 29.009088845199589, 0.0 ], [ 53.498172213412111, 29.0091759152936, 0.0 ], [ 53.498130423837139, 29.009242343828351, 0.0 ], [ 53.498078077125939, 29.009343741611911, 0.0 ], [ 53.498020789703347, 29.009452083004469, 0.0 ], [ 53.497953557537627, 29.009578458127301, 0.0 ], [ 53.497913972229689, 29.00962843210824, 0.0 ], [ 53.497919151491907, 29.009683256155689, 0.0 ], [ 53.497946082804589, 29.009745552238609, 0.0 ], [ 53.497947858951562, 29.009748011814409, 0.0 ], [ 53.497945797508542, 29.009821880235702, 0.0 ], [ 53.49794630633869, 29.009832063129419, 0.0 ], [ 53.497915326747602, 29.009872933270302, 0.0 ], [ 53.497887607976629, 29.009967419982829, 0.0 ], [ 53.49788055223285, 29.010059308572082, 0.0 ], [ 53.497880906650927, 29.010065762192131, 0.0 ], [ 53.49792424991093, 29.010162242698811, 0.0 ], [ 53.497976852308412, 29.010258168479879, 0.0 ], [ 53.497967750754817, 29.010379286499681, 0.0 ], [ 53.49794159279152, 29.010484983029531, 0.0 ], [ 53.4978784428694, 29.010587494633391, 0.0 ], [ 53.497816307926058, 29.010656451254459, 0.0 ], [ 53.497833970961977, 29.010754004757821, 0.0 ], [ 53.497838059586478, 29.010853910879671, 0.0 ], [ 53.497837729175323, 29.010996207651988, 0.0 ], [ 53.497759788628599, 29.011152941229209, 0.0 ], [ 53.497748164792192, 29.011174512805781, 0.0 ], [ 53.497681655995009, 29.011346179748731, 0.0 ], [ 53.497673949444277, 29.01135794259925, 0.0 ], [ 53.497693541641503, 29.01151032286197, 0.0 ], [ 53.497757510940211, 29.011570052828979, 0.0 ], [ 53.497842989561263, 29.011569841637261, 0.0 ], [ 53.49797196885963, 29.01156585241786, 0.0 ], [ 53.498059123720118, 29.011591449849071, 0.0 ], [ 53.498183447254867, 29.011649514867688, 0.0 ], [ 53.498267859425269, 29.01169661871565, 0.0 ], [ 53.498274382512797, 29.01170224580375, 0.0 ], [ 53.498338904335967, 29.011802942097798, 0.0 ], [ 53.498381556786789, 29.01190068650288, 0.0 ], [ 53.49839539698295, 29.01203389130977, 0.0 ], [ 53.498360626680387, 29.012123906565741, 0.0 ], [ 53.498347500134322, 29.012246801777248, 0.0 ], [ 53.498374526539713, 29.012368765139499, 0.0 ], [ 53.498458587948313, 29.01243997777182, 0.0 ], [ 53.498546045972191, 29.01251406632284, 0.0 ], [ 53.498587890923993, 29.012692701388829, 0.0 ], [ 53.498621191175147, 29.01283012246515, 0.0 ], [ 53.498628538682389, 29.01299440936419, 0.0 ], [ 53.498660422526001, 29.013149251785801, 0.0 ], [ 53.498687040836778, 29.013321924569901, 0.0 ], [ 53.498707553352077, 29.01348499040683, 0.0 ], [ 53.498755866755452, 29.013660039015139, 0.0 ], [ 53.498818223773341, 29.013740401389299, 0.0 ], [ 53.498848244278079, 29.013807865798771, 0.0 ], [ 53.498849056565007, 29.013872497849569, 0.0 ], [ 53.498835321149308, 29.013990629383471, 0.0 ], [ 53.498801507419238, 29.014128302199399, 0.0 ], [ 53.49881646631431, 29.01439375655103, 0.0 ], [ 53.498889422022032, 29.014618229349619, 0.0 ], [ 53.498979566418583, 29.01477952404078, 0.0 ], [ 53.499164454632989, 29.014887452486011, 0.0 ], [ 53.499254306717162, 29.01498353059317, 0.0 ], [ 53.499307453085997, 29.015132554327611, 0.0 ], [ 53.499325441900041, 29.01523415563182, 0.0 ], [ 53.499321768251498, 29.015297839996322, 0.0 ], [ 53.499320157804547, 29.015302009873601, 0.0 ], [ 53.499284681782747, 29.015386760075831, 0.0 ], [ 53.499318715750881, 29.01547611216979, 0.0 ], [ 53.499320276695691, 29.01547892034144, 0.0 ], [ 53.499370585360083, 29.01556227074466, 0.0 ], [ 53.499457911109651, 29.015676017132229, 0.0 ], [ 53.499514799064443, 29.015758698327041, 0.0 ], [ 53.499592713937119, 29.015894268340869, 0.0 ], [ 53.49968079648896, 29.01600157545225, 0.0 ], [ 53.499684832416207, 29.016007811680922, 0.0 ], [ 53.499794098083292, 29.016158078411671, 0.0 ], [ 53.499881076898163, 29.01627169651405, 0.0 ], [ 53.499926381517213, 29.016358987426681, 0.0 ], [ 53.49992942911647, 29.01636662953041, 0.0 ], [ 53.499940417786448, 29.016462292336278, 0.0 ], [ 53.499930391382797, 29.016569464269871, 0.0 ], [ 53.499951172656509, 29.01669874784173, 0.0 ], [ 53.499967480484877, 29.016835115261621, 0.0 ], [ 53.49997337768572, 29.016954039704309, 0.0 ], [ 53.500021189286343, 29.017087429081851, 0.0 ], [ 53.500061445597517, 29.017208402247849, 0.0 ], [ 53.500090080745302, 29.01731097615497, 0.0 ], [ 53.500125582769243, 29.01742920509124, 0.0 ], [ 53.500161544294009, 29.017566712234409, 0.0 ], [ 53.500161369566023, 29.017573303790108, 0.0 ], [ 53.50021772543883, 29.017685028865689, 0.0 ], [ 53.50024670075436, 29.017777173103919, 0.0 ], [ 53.500257134789472, 29.01788391268251, 0.0 ], [ 53.500264142130341, 29.017997860976951, 0.0 ], [ 53.500270386439148, 29.018105656470759, 0.0 ], [ 53.500299919087418, 29.018232589317471, 0.0 ], [ 53.500319960534632, 29.018343314266371, 0.0 ], [ 53.500332358601852, 29.0184668944249, 0.0 ], [ 53.500322786260213, 29.01856917012439, 0.0 ], [ 53.500305893218517, 29.018645607816008, 0.0 ], [ 53.500298730592228, 29.018754606474101, 0.0 ], [ 53.500297774365443, 29.018864755273199, 0.0 ], [ 53.500282074784813, 29.018979942754662, 0.0 ], [ 53.50027065634054, 29.01912414171403, 0.0 ], [ 53.500246323895141, 29.0192618132848, 0.0 ], [ 53.500230254869813, 29.019385481404068, 0.0 ], [ 53.500213805422852, 29.019505715856319, 0.0 ], [ 53.50019629375678, 29.019630298532821, 0.0 ], [ 53.500155115461851, 29.019746381664259, 0.0 ], [ 53.500123796789758, 29.019862353391879, 0.0 ], [ 53.500115598674078, 29.01998184150759, 0.0 ], [ 53.50013885224687, 29.020099308758461, 0.0 ], [ 53.500181767701427, 29.020210753536279, 0.0 ], [ 53.500250849694687, 29.020318494988629, 0.0 ], [ 53.500353803322447, 29.020435565303071, 0.0 ], [ 53.500433568667837, 29.020553419137279, 0.0 ], [ 53.500525434357009, 29.020668683094549, 0.0 ], [ 53.500616259906167, 29.020859629393591, 0.0 ], [ 53.500641918229533, 29.020959005404048, 0.0 ], [ 53.500618798490109, 29.02104772167074, 0.0 ], [ 53.500603348818487, 29.02115823685331, 0.0 ], [ 53.500643943951133, 29.02128987835448, 0.0 ], [ 53.500669472655147, 29.021354150144671, 0.0 ], [ 53.50067602025765, 29.021455585256511, 0.0 ], [ 53.500692588343362, 29.021639701250841, 0.0 ], [ 53.500682237327467, 29.02176573745497, 0.0 ], [ 53.500675345912207, 29.02187481312826, 0.0 ], [ 53.500660267514412, 29.022063575362228, 0.0 ], [ 53.500621132298257, 29.022227719749079, 0.0 ], [ 53.500631651952773, 29.022351331159641, 0.0 ], [ 53.500687739010253, 29.022549517028828, 0.0 ], [ 53.500740238640937, 29.022762289545831, 0.0 ], [ 53.500744857083561, 29.022773174406119, 0.0 ], [ 53.500815059334698, 29.022974154653049, 0.0 ], [ 53.500848251256564, 29.023154887389371, 0.0 ], [ 53.500853886731129, 29.023161678355791, 0.0 ], [ 53.500943093718277, 29.023306094284582, 0.0 ], [ 53.501028335754199, 29.02334701342005, 0.0 ], [ 53.50119280842317, 29.023411018216279, 0.0 ], [ 53.501361943611514, 29.023462057060812, 0.0 ], [ 53.501494348905517, 29.023504280464241, 0.0 ], [ 53.501665908826403, 29.02359328521025, 0.0 ], [ 53.501858411587769, 29.023694705320821, 0.0 ], [ 53.50206196328498, 29.023816478010911, 0.0 ], [ 53.502218803125203, 29.023920234660292, 0.0 ], [ 53.502359342602702, 29.023980455639389, 0.0 ], [ 53.502507151681023, 29.023995086008011, 0.0 ], [ 53.50266778769172, 29.023950322350299, 0.0 ], [ 53.502771017118029, 29.023877040311518, 0.0 ], [ 53.502877630250119, 29.02383658876618, 0.0 ], [ 53.503038971896189, 29.02384039599373, 0.0 ], [ 53.503182803998769, 29.023803880157221, 0.0 ], [ 53.5032839177792, 29.023829793511329, 0.0 ], [ 53.503454356053737, 29.0239500261331, 0.0 ], [ 53.503591050673698, 29.024017663554119, 0.0 ], [ 53.503731861845949, 29.024020430064379, 0.0 ], [ 53.503989406889943, 29.024070319425778, 0.0 ], [ 53.504204583263423, 29.024073157378499, 0.0 ], [ 53.50444346028511, 29.024083214754938, 0.0 ], [ 53.504667030600608, 29.024120269417971, 0.0 ], [ 53.505031017376403, 29.02416910761595, 0.0 ], [ 53.505243288165182, 29.02422226409637, 0.0 ], [ 53.505468945100112, 29.024223302269661, 0.0 ], [ 53.505653145202288, 29.0242126525137, 0.0 ], [ 53.505906928965693, 29.024196107534522, 0.0 ], [ 53.506116491954153, 29.024203572265851, 0.0 ], [ 53.506290504455627, 29.02424698539069, 0.0 ], [ 53.506543575862842, 29.024346569703329, 0.0 ], [ 53.506780067169629, 29.024408104347611, 0.0 ], [ 53.506784932561082, 29.02441261439402, 0.0 ], [ 53.507029690336637, 29.024511667337979, 0.0 ], [ 53.50727669486205, 29.024614987350031, 0.0 ], [ 53.507607248103938, 29.024781953663261, 0.0 ], [ 53.507844686744129, 29.02491512417641, 0.0 ], [ 53.50805475648265, 29.025075331781022, 0.0 ], [ 53.508205875224718, 29.02517012060116, 0.0 ], [ 53.508354724335312, 29.025263361178091, 0.0 ], [ 53.508533116513448, 29.02536620764764, 0.0 ], [ 53.508685488759888, 29.02543449036844, 0.0 ], [ 53.508835295260873, 29.02544786745008, 0.0 ], [ 53.508955413249559, 29.02545431503307, 0.0 ], [ 53.509127644062218, 29.025452163851419, 0.0 ], [ 53.509283768645943, 29.02544875636864, 0.0 ], [ 53.509291983027559, 29.025448880711629, 0.0 ], [ 53.509445816427608, 29.025485132093479, 0.0 ], [ 53.509565913060143, 29.025552716119961, 0.0 ], [ 53.50966879813825, 29.02566031825917, 0.0 ], [ 53.509769082881419, 29.025787195153459, 0.0 ], [ 53.509847285847648, 29.02588338282801, 0.0 ], [ 53.509944496205122, 29.025946184475352, 0.0 ], [ 53.51009361535592, 29.026022609428338, 0.0 ], [ 53.510307991677053, 29.026122943037041, 0.0 ], [ 53.510542011314023, 29.026239735554292, 0.0 ], [ 53.510739191275299, 29.026290612151101, 0.0 ], [ 53.510931095323777, 29.026338298844639, 0.0 ], [ 53.511131416972837, 29.026354134141268, 0.0 ], [ 53.511351514893583, 29.026383788863509, 0.0 ], [ 53.51163835354923, 29.026410479809389, 0.0 ], [ 53.51181319316661, 29.026468017244682, 0.0 ], [ 53.5120118145812, 29.02656404458665, 0.0 ], [ 53.512015984105908, 29.026569136691869, 0.0 ], [ 53.512146001338657, 29.026666822619241, 0.0 ], [ 53.512316650683132, 29.026777156499438, 0.0 ], [ 53.512495781940189, 29.026884614205951, 0.0 ], [ 53.512730627710553, 29.027066732198431, 0.0 ], [ 53.512821494642921, 29.027242615162109, 0.0 ], [ 53.512879022904563, 29.02738137776932, 0.0 ], [ 53.512919919752932, 29.027560547725159, 0.0 ], [ 53.512940828286652, 29.02775354705237, 0.0 ], [ 53.512936155579517, 29.02775611717308, 0.0 ], [ 53.51294457228969, 29.02794000512489, 0.0 ], [ 53.512943943919538, 29.02795240945489, 0.0 ], [ 53.512972679420528, 29.028157402238961, 0.0 ], [ 53.512937791529929, 29.028353028214489, 0.0 ], [ 53.512897983087257, 29.02852799637153, 0.0 ], [ 53.512879329013963, 29.02866866471172, 0.0 ], [ 53.512841720061921, 29.02880287943545, 0.0 ], [ 53.512806259259868, 29.028967123763142, 0.0 ], [ 53.512755520719217, 29.029147259975758, 0.0 ], [ 53.512730663097308, 29.0293203614265, 0.0 ], [ 53.512649211926238, 29.029523050115621, 0.0 ], [ 53.512589560881899, 29.029681356424749, 0.0 ], [ 53.512533736411598, 29.029871313620848, 0.0 ], [ 53.512490412040599, 29.030016911857381, 0.0 ], [ 53.512506897962709, 29.03017777077147, 0.0 ], [ 53.512555711276697, 29.030378398633228, 0.0 ], [ 53.512593105223317, 29.030567118252229, 0.0 ], [ 53.512604570294222, 29.03069681137567, 0.0 ], [ 53.512570825703968, 29.030848800561369, 0.0 ], [ 53.512566054803621, 29.03100072472435, 0.0 ], [ 53.5126295381639, 29.03119910861388, 0.0 ], [ 53.512727181799711, 29.031386428084261, 0.0 ], [ 53.512880956202629, 29.031593840065518, 0.0 ], [ 53.512982392043291, 29.03177609864202, 0.0 ], [ 53.513131380270828, 29.03194099677356, 0.0 ], [ 53.513282480927899, 29.032126030406879, 0.0 ], [ 53.513461625054987, 29.032292527781379, 0.0 ], [ 53.513568796161238, 29.032439535074161, 0.0 ], [ 53.513669166930242, 29.032612746562069, 0.0 ], [ 53.513697639338538, 29.03277299734324, 0.0 ], [ 53.513792634529757, 29.032955845777199, 0.0 ], [ 53.513796856644731, 29.032961779413011, 0.0 ], [ 53.513905467381512, 29.033177132733819, 0.0 ], [ 53.513992689552872, 29.033410441022909, 0.0 ], [ 53.514159981001683, 29.03360601838385, 0.0 ], [ 53.514300067398892, 29.033801244404, 0.0 ], [ 53.514434818767789, 29.034008838235859, 0.0 ], [ 53.51449320656814, 29.034190982427511, 0.0 ], [ 53.514494907158848, 29.03440874175357, 0.0 ], [ 53.514517258372109, 29.034578344711431, 0.0 ], [ 53.51457722450612, 29.034785293086291, 0.0 ], [ 53.514644740716527, 29.034970944155749, 0.0 ], [ 53.514740318741957, 29.03515146142135, 0.0 ], [ 53.51482528072524, 29.03537285358135, 0.0 ], [ 53.514910952581317, 29.03557118838097, 0.0 ], [ 53.515040075790317, 29.03580546537745, 0.0 ], [ 53.515157413320019, 29.035938538483801, 0.0 ], [ 53.515328479942532, 29.036135393813609, 0.0 ], [ 53.515491104341557, 29.036270026688712, 0.0 ], [ 53.515633277149583, 29.036445336195289, 0.0 ], [ 53.515639225624781, 29.036448498544829, 0.0 ], [ 53.515739067685367, 29.03659054764492, 0.0 ], [ 53.515852184246789, 29.03673547915583, 0.0 ], [ 53.515938619390568, 29.036869196498539, 0.0 ], [ 53.516086615781497, 29.036974482235809, 0.0 ], [ 53.516261830752292, 29.037100269055969, 0.0 ], [ 53.516267077214977, 29.03710741029095, 0.0 ], [ 53.516444072661791, 29.037208204290732, 0.0 ], [ 53.516643008740829, 29.037357633608689, 0.0 ], [ 53.516766534580398, 29.037487769046699, 0.0 ], [ 53.516941504496373, 29.03767383338052, 0.0 ], [ 53.517068528064279, 29.03788990278845, 0.0 ], [ 53.517146469338442, 29.038007225351649, 0.0 ], [ 53.517255897035582, 29.038091195720121, 0.0 ], [ 53.517259601340683, 29.038096248536021, 0.0 ], [ 53.517381135150252, 29.03816322030632, 0.0 ], [ 53.517567065942657, 29.038256256414069, 0.0 ], [ 53.517695684121612, 29.03836886897512, 0.0 ], [ 53.517793255866522, 29.03849399979714, 0.0 ], [ 53.517979698349663, 29.0386824870338, 0.0 ], [ 53.518119839825729, 29.038774911677859, 0.0 ], [ 53.518121826579588, 29.038777547410991, 0.0 ], [ 53.518262654624174, 29.03890312573229, 0.0 ], [ 53.51844677176414, 29.039103707387969, 0.0 ], [ 53.518611692115847, 29.039282829203, 0.0 ], [ 53.518615745601608, 29.039288179441101, 0.0 ], [ 53.518756989440462, 29.039474585233609, 0.0 ], [ 53.518905512443702, 29.039693829707041, 0.0 ], [ 53.519043344593868, 29.039887691196348, 0.0 ], [ 53.519169142587508, 29.040048085734089, 0.0 ], [ 53.519310660916439, 29.04022318564526, 0.0 ], [ 53.519486937933522, 29.040424332295821, 0.0 ], [ 53.519694997122279, 29.040653096079112, 0.0 ], [ 53.519786675964703, 29.04077831238877, 0.0 ], [ 53.51989284628587, 29.04089796198372, 0.0 ], [ 53.520171105195701, 29.041121480040371, 0.0 ], [ 53.520497954033523, 29.041350609204489, 0.0 ], [ 53.520674724575791, 29.041580061661548, 0.0 ], [ 53.520927025718208, 29.04172725933886, 0.0 ], [ 53.52126875443075, 29.041936430707761, 0.0 ], [ 53.521584715746698, 29.042097180083271, 0.0 ], [ 53.521808661557309, 29.042305831052069, 0.0 ], [ 53.521988254041389, 29.042572848082091, 0.0 ], [ 53.522138124314132, 29.04290068443839, 0.0 ], [ 53.522207453850733, 29.04320327617156, 0.0 ], [ 53.522291967576223, 29.043468592635609, 0.0 ], [ 53.522554056674522, 29.043850204301378, 0.0 ], [ 53.522713740153847, 29.044209549738198, 0.0 ], [ 53.522766339903328, 29.04453474699794, 0.0 ], [ 53.522796204851197, 29.044936744576709, 0.0 ], [ 53.522771527462282, 29.04521096734743, 0.0 ], [ 53.52270933385342, 29.04553096817445, 0.0 ], [ 53.522734509224463, 29.045894236323729, 0.0 ], [ 53.522764424643853, 29.046264372533059, 0.0 ], [ 53.522903578764421, 29.046578769766011, 0.0 ], [ 53.523139011325263, 29.046853754396601, 0.0 ], [ 53.523401007268973, 29.04721103881041, 0.0 ], [ 53.523446567954828, 29.047495267984459, 0.0 ], [ 53.523597914851763, 29.047905761185671, 0.0 ], [ 53.523710141260047, 29.048302784067531, 0.0 ], [ 53.523919325834093, 29.048721205829452, 0.0 ], [ 53.524083859652393, 29.048946747527829, 0.0 ], [ 53.524309594676879, 29.04905558651858, 0.0 ], [ 53.524502026239468, 29.049079456260191, 0.0 ], [ 53.524759955207159, 29.04903827544921, 0.0 ], [ 53.525100223640877, 29.04901476372989, 0.0 ], [ 53.525419044543263, 29.048951039342722, 0.0 ], [ 53.525689329030619, 29.048920960346081, 0.0 ], [ 53.525953670780417, 29.04888876261662, 0.0 ], [ 53.526229989428003, 29.048859311412929, 0.0 ], [ 53.526535215329723, 29.04883374033971, 0.0 ], [ 53.526864342117143, 29.04880361118191, 0.0 ], [ 53.526881197603707, 29.048805169323089, 0.0 ], [ 53.527182627477451, 29.048731647345111, 0.0 ], [ 53.527200273134227, 29.04872637231961, 0.0 ], [ 53.527414605809469, 29.048669884706559, 0.0 ], [ 53.527650653462167, 29.048565403482261, 0.0 ], [ 53.52788233995323, 29.048388811621379, 0.0 ], [ 53.528117973242807, 29.048224219051701, 0.0 ], [ 53.528343483541668, 29.048135212626281, 0.0 ], [ 53.528668934733489, 29.0481081831343, 0.0 ], [ 53.529010746571529, 29.048056181418751, 0.0 ], [ 53.529252532533853, 29.04797712483261, 0.0 ], [ 53.529475482464733, 29.04787855540804, 0.0 ], [ 53.52962654237637, 29.047831987671181, 0.0 ], [ 53.52969510847722, 29.04765057388061, 0.0 ], [ 53.532308738062291, 29.04512858985597, 0.0 ], [ 53.534417243541611, 29.04109239327326, 0.0 ], [ 53.538288657912403, 29.038628618528531, 0.0 ], [ 53.54415255003326, 29.035378232578189, 0.0 ], [ 53.548233206207357, 29.032675671623721, 0.0 ], [ 53.553773805166657, 29.030495521775759, 0.0 ], [ 53.554697706752293, 29.029666040451769, 0.0 ], [ 53.556088233017377, 29.025697332003219, 0.0 ], [ 53.55769130426669, 29.02327620065509, 0.0 ], [ 53.559352570699069, 29.019888681213089, 0.0 ], [ 53.56068865170193, 29.01538872387799, 0.0 ], [ 53.561892524990817, 29.013020267218199, 0.0 ], [ 53.564100293377493, 29.00933359621845, 0.0 ], [ 53.566433887545493, 29.007836624721079, 0.0 ], [ 53.57171286771468, 29.003035654506998, 0.0 ], [ 53.574192818516913, 29.00331291360564, 0.0 ], [ 53.576902822086033, 29.000455392806892, 0.0 ], [ 53.582742612168502, 28.995959001410569, 0.0 ], [ 53.58675276769452, 28.991223273715359, 0.0 ], [ 53.589618918516429, 28.99256518205183, 0.0 ], [ 53.591761170976703, 28.993660830168409, 0.0 ], [ 53.593359793112491, 28.994417696767599, 0.0 ], [ 53.595300038938717, 28.99532260554987, 0.0 ], [ 53.597815660447942, 28.996493264125199, 0.0 ], [ 53.601332189908803, 28.998256867064679, 0.0 ], [ 53.601826174531993, 28.999341421629019, 0.0 ], [ 53.60335961524391, 29.00270794955027, 0.0 ], [ 53.605658154704997, 29.007850144725161, 0.0 ], [ 53.606732406165072, 29.010430208897809, 0.0 ], [ 53.607582030976751, 29.01247067026226, 0.0 ], [ 53.608670521807412, 29.014637670960031, 0.0 ], [ 53.610136569651289, 29.017673293844759, 0.0 ], [ 53.611388364068482, 29.020580543279731, 0.0 ], [ 53.613263860913648, 29.024935960716771, 0.0 ], [ 53.614577641227889, 29.027819986804101, 0.0 ], [ 53.616516862643273, 29.031974030036849, 0.0 ], [ 53.618428444110471, 29.036310895126569, 0.0 ], [ 53.619840523917347, 29.04015236232819, 0.0 ], [ 53.622890628742283, 29.04881225183393, 0.0 ], [ 53.622324712206442, 29.055089120644219, 0.0 ], [ 53.621142073756182, 29.067013541691459, 0.0 ], [ 53.619533715634702, 29.071766581780189, 0.0 ], [ 53.615885062308962, 29.082466103604631, 0.0 ], [ 53.616197247865273, 29.09123796239345, 0.0 ], [ 53.615051268995053, 29.094182797633131, 0.0 ], [ 53.610280671219932, 29.106666538508382, 0.0 ], [ 53.609257799809633, 29.109312781837058, 0.0 ], [ 53.6072705585809, 29.110184990549101, 0.0 ], [ 53.59970804387558, 29.113559921853291, 0.0 ], [ 53.597023614192487, 29.1158478126688, 0.0 ], [ 53.595954571158892, 29.11707244212349, 0.0 ], [ 53.563081749988321, 29.115434211428081, 0.0 ], [ 53.544287081400988, 29.118552828192421, 0.0 ], [ 53.532853790134183, 29.12110590406899, 0.0 ], [ 53.515246310180068, 29.12201494026462, 0.0 ], [ 53.497292472748377, 29.13071347030813, 0.0 ], [ 53.485699205429817, 29.13228227558168, 0.0 ], [ 53.441423460924263, 29.137904935145549, 0.0 ], [ 53.430647924990801, 29.14198916031307, 0.0 ], [ 53.405742719553302, 29.153634568405021, 0.0 ], [ 53.404217537618599, 29.154780634154179, 0.0 ], [ 53.381061042249137, 29.175655452337072, 0.0 ], [ 53.369975481566328, 29.18531591051492, 0.0 ], [ 53.368280857075447, 29.18628416373026, 0.0 ], [ 53.365029589698501, 29.187965563984012, 0.0 ], [ 53.362306743250713, 29.190278098878871, 0.0 ], [ 53.356744238501193, 29.196104955070041, 0.0 ], [ 53.355244784970751, 29.19977611845907, 0.0 ], [ 53.347259722093433, 29.20357025196472, 0.0 ], [ 53.339723914548337, 29.20546482773296, 0.0 ], [ 53.338923632363411, 29.205072586151239, 0.0 ], [ 53.337646537129153, 29.204831163201831, 0.0 ], [ 53.335344524505707, 29.204428475271559, 0.0 ], [ 53.334015300929799, 29.204632733229779, 0.0 ], [ 53.331547882411407, 29.204932069772809, 0.0 ], [ 53.329176805010619, 29.20509422472918, 0.0 ], [ 53.326482408564438, 29.205170829095479, 0.0 ], [ 53.325589005259353, 29.20498130066386, 0.0 ], [ 53.324248169776013, 29.204892917567669, 0.0 ], [ 53.32303210654969, 29.205049415552342, 0.0 ], [ 53.320773305337752, 29.20585472367749, 0.0 ], [ 53.317671767633442, 29.206893111198578, 0.0 ], [ 53.316280525905022, 29.20702270578234, 0.0 ], [ 53.311381447469273, 29.209333732462639, 0.0 ], [ 53.310264865683763, 29.209484532688901, 0.0 ], [ 53.306874715433651, 29.20981355007223, 0.0 ], [ 53.304744210185042, 29.210362591020939, 0.0 ], [ 53.302912476449841, 29.210443018199349, 0.0 ], [ 53.29881803607492, 29.210950794403981, 0.0 ], [ 53.297129767968883, 29.210671409439652, 0.0 ], [ 53.293621383906959, 29.21182839734319, 0.0 ] ] ] ] } },
{ "type": "Feature", "properties": { "Name": "منطقه حفاظت شده هرمود", "description": "<html xmlns:fo=\"http://www.w3.org/1999/XSL/Format\" xmlns:msxsl=\"urn:schemas-microsoft-com:xslt\">\n\n<head>\n\n<META http-equiv=\"Content-Type\" content=\"text/html\">\n\n<meta http-equiv=\"content-type\" content=\"text/html; charset=UTF-8\">\n\n</head>\n\n<body style=\"margin:0px 0px 0px 0px;overflow:auto;background:#FFFFFF;\">\n\n<table style=\"font-family:Arial,Verdana,Times;font-size:12px;text-align:left;width:100%;border-collapse:collapse;padding:3px 3px 3px 3px\">\n\n<tr style=\"text-align:center;font-weight:bold;background:#9CBCE2\">\n\n<td>منطقه حفاظت شده هرمود</td>\n\n</tr>\n\n<tr>\n\n<td>\n\n<table style=\"font-family:Arial,Verdana,Times;font-size:12px;text-align:left;width:100%;border-spacing:0px; padding:3px 3px 3px 3px\">\n\n<tr>\n\n<td>FID</td>\n\n<td>2</td>\n\n</tr>\n\n<tr bgcolor=\"#D4E4F3\">\n\n<td>OBJECTID_1</td>\n\n<td>3</td>\n\n</tr>\n\n<tr>\n\n<td>cod</td>\n\n<td>10</td>\n\n</tr>\n\n<tr bgcolor=\"#D4E4F3\">\n\n<td>tafkik_id</td>\n\n<td>3</td>\n\n</tr>\n\n<tr>\n\n<td>tafkik_nam</td>\n\n<td>منطقه حفاظت شده</td>\n\n</tr>\n\n<tr bgcolor=\"#D4E4F3\">\n\n<td>shahrestan</td>\n\n<td>لارستان</td>\n\n</tr>\n\n<tr>\n\n<td>NAME1</td>\n\n<td>منطقه حفاظت شده هرمود</td>\n\n</tr>\n\n<tr bgcolor=\"#D4E4F3\">\n\n<td>sal_mosava</td>\n\n<td>1353.1396</td>\n\n</tr>\n\n<tr>\n\n<td>AREA_ha</td>\n\n<td>206555</td>\n\n</tr>\n\n<tr bgcolor=\"#D4E4F3\">\n\n<td>F_AREA</td>\n\n<td>2065547346.49</td>\n\n</tr>\n\n<tr>\n\n<td>Shape_Leng</td>\n\n<td>286470.457325</td>\n\n</tr>\n\n</table>\n\n</td>\n\n</tr>\n\n</table>\n\n</body>\n\n</html>\n\n", "timestamp": null, "begin": null, "end": null, "altitudeMode": "clampToGround", "tessellate": -1, "extrude": 0, "visibility": -1, "drawOrder": null, "icon": null, "snippet": "" }, "geometry": { "type": "MultiPolygon", "coordinates": [ [ [ [ 55.006204125113193, 27.770522576882829, 0.0 ], [ 55.002341411240629, 27.770369779418552, 0.0 ], [ 54.99922322853984, 27.770611195953901, 0.0 ], [ 54.996926806403543, 27.770377177981299, 0.0 ], [ 54.995284728901247, 27.769748904085422, 0.0 ], [ 54.992200374689688, 27.768716838118319, 0.0 ], [ 54.988086293610003, 27.768254031273528, 0.0 ], [ 54.986751325535323, 27.76817414400578, 0.0 ], [ 54.983258380962518, 27.768756991181441, 0.0 ], [ 54.977454781649428, 27.76905345581412, 0.0 ], [ 54.973786018741578, 27.76742049802024, 0.0 ], [ 54.970796809288757, 27.76493866018286, 0.0 ], [ 54.968524307371368, 27.764119481588111, 0.0 ], [ 54.967942666995597, 27.763728108422761, 0.0 ], [ 54.967469574500093, 27.762371197010179, 0.0 ], [ 54.967128611850029, 27.761217714274022, 0.0 ], [ 54.966465403659193, 27.760341569144771, 0.0 ], [ 54.96398566449696, 27.760068204951931, 0.0 ], [ 54.958901858282218, 27.762095899708751, 0.0 ], [ 54.955583292029658, 27.761568564180099, 0.0 ], [ 54.950814037447138, 27.758251439178299, 0.0 ], [ 54.945590904276401, 27.756263012899961, 0.0 ], [ 54.939149398561781, 27.75626188674169, 0.0 ], [ 54.936215492578746, 27.758129006147058, 0.0 ], [ 54.935497433980949, 27.75945938482209, 0.0 ], [ 54.934905327319377, 27.76202952846883, 0.0 ], [ 54.934116328463567, 27.76214929517829, 0.0 ], [ 54.933125335661352, 27.762572405758199, 0.0 ], [ 54.932048625227139, 27.763377050378839, 0.0 ], [ 54.930088460998697, 27.765221500408948, 0.0 ], [ 54.928603630177221, 27.76588429582543, 0.0 ], [ 54.926224472205057, 27.765929209713089, 0.0 ], [ 54.920007091941081, 27.769252062333798, 0.0 ], [ 54.919074027137583, 27.769126036999609, 0.0 ], [ 54.917616690978427, 27.767149708350519, 0.0 ], [ 54.915242505462992, 27.766932580071771, 0.0 ], [ 54.911974882809169, 27.768174367352739, 0.0 ], [ 54.907539377522532, 27.769923392775841, 0.0 ], [ 54.903765804526302, 27.77072575217009, 0.0 ], [ 54.902161519150063, 27.769897880421968, 0.0 ], [ 54.900481531203177, 27.767736670530262, 0.0 ], [ 54.898353889819127, 27.767394858739831, 0.0 ], [ 54.895133793646302, 27.767345850505428, 0.0 ], [ 54.891399225703218, 27.766142855310768, 0.0 ], [ 54.888834249753167, 27.76553066552108, 0.0 ], [ 54.8869299094141, 27.764068983984, 0.0 ], [ 54.88434908485057, 27.762151425974, 0.0 ], [ 54.883530793734678, 27.761131499227261, 0.0 ], [ 54.883246152827283, 27.7594548584057, 0.0 ], [ 54.882188603386041, 27.759096142858692, 0.0 ], [ 54.879054633021553, 27.759531639900711, 0.0 ], [ 54.875554847265647, 27.76014277413978, 0.0 ], [ 54.873819948971317, 27.76084142189141, 0.0 ], [ 54.8721663656329, 27.761360854872461, 0.0 ], [ 54.869968021874563, 27.760923149017959, 0.0 ], [ 54.868060315074608, 27.760027378666631, 0.0 ], [ 54.867040777563609, 27.75888336888633, 0.0 ], [ 54.863861864809003, 27.757794598893259, 0.0 ], [ 54.856578566960373, 27.756917065147061, 0.0 ], [ 54.85157942745839, 27.755037468134699, 0.0 ], [ 54.850270537363564, 27.753647072968249, 0.0 ], [ 54.849483841699517, 27.751936168964619, 0.0 ], [ 54.849540133893782, 27.74907192521249, 0.0 ], [ 54.849257592710913, 27.747061946162969, 0.0 ], [ 54.849176155306267, 27.745953759612519, 0.0 ], [ 54.847138265991397, 27.74594219079929, 0.0 ], [ 54.845565445526958, 27.745313260756351, 0.0 ], [ 54.842584286779747, 27.743755698256209, 0.0 ], [ 54.841943263958363, 27.74295993429919, 0.0 ], [ 54.841647777283967, 27.741867346762099, 0.0 ], [ 54.840804178343923, 27.740245677968922, 0.0 ], [ 54.838678914968803, 27.73916118355973, 0.0 ], [ 54.834285198431793, 27.738805932284532, 0.0 ], [ 54.831440847651301, 27.738141519586051, 0.0 ], [ 54.829443606070321, 27.738372104130551, 0.0 ], [ 54.828722419117632, 27.738199601708679, 0.0 ], [ 54.82865144547808, 27.73721125387863, 0.0 ], [ 54.829541588060692, 27.735714155276192, 0.0 ], [ 54.829564744430812, 27.734545955965789, 0.0 ], [ 54.829944087535317, 27.733685560846681, 0.0 ], [ 54.829506139947249, 27.732933225842249, 0.0 ], [ 54.828567416485001, 27.73231406171125, 0.0 ], [ 54.827399950965287, 27.731812184323498, 0.0 ], [ 54.822636876529053, 27.732220825392272, 0.0 ], [ 54.819617754840337, 27.731691616471359, 0.0 ], [ 54.817784281249658, 27.731439181698949, 0.0 ], [ 54.816515094566867, 27.7314997409214, 0.0 ], [ 54.815405561053772, 27.731502367732009, 0.0 ], [ 54.814847715489357, 27.73109060504051, 0.0 ], [ 54.815275078247417, 27.72989952857731, 0.0 ], [ 54.81530698136784, 27.72849882763386, 0.0 ], [ 54.815737302563207, 27.727357214003568, 0.0 ], [ 54.818459291002952, 27.725969693217941, 0.0 ], [ 54.818563465957062, 27.72528631824165, 0.0 ], [ 54.817334243386007, 27.7244811735737, 0.0 ], [ 54.815780535942551, 27.724053698973918, 0.0 ], [ 54.814165498835543, 27.724431139670639, 0.0 ], [ 54.81280637508555, 27.725598360745071, 0.0 ], [ 54.811591880562517, 27.726324610854341, 0.0 ], [ 54.809660321183763, 27.726676841032759, 0.0 ], [ 54.807735605113727, 27.72668664521759, 0.0 ], [ 54.807637290567897, 27.724811370669581, 0.0 ], [ 54.807153457866988, 27.724098539951729, 0.0 ], [ 54.807418150978563, 27.72331698402423, 0.0 ], [ 54.808765213003817, 27.7227540503612, 0.0 ], [ 54.809822508069978, 27.722184429667621, 0.0 ], [ 54.810707688740081, 27.72086290405667, 0.0 ], [ 54.810615952368778, 27.718512077960099, 0.0 ], [ 54.809354238007927, 27.717220464528481, 0.0 ], [ 54.807246741709392, 27.714912758817501, 0.0 ], [ 54.805030805069968, 27.713648625988991, 0.0 ], [ 54.803516514982121, 27.713523859074009, 0.0 ], [ 54.802155528009372, 27.713851110771639, 0.0 ], [ 54.800788618283363, 27.71408495265397, 0.0 ], [ 54.799707563814927, 27.713805849343188, 0.0 ], [ 54.798495176204689, 27.71330302599609, 0.0 ], [ 54.797982780133573, 27.711763666525709, 0.0 ], [ 54.79794202872862, 27.709284881812021, 0.0 ], [ 54.797725061794353, 27.70768978019311, 0.0 ], [ 54.79722399500114, 27.706714727560509, 0.0 ], [ 54.796147880715367, 27.706193908755719, 0.0 ], [ 54.794538328678797, 27.706309299407639, 0.0 ], [ 54.792936805238952, 27.707150106958821, 0.0 ], [ 54.79163431949015, 27.707753898398359, 0.0 ], [ 54.791623675752838, 27.709405815514391, 0.0 ], [ 54.791066644959457, 27.711210191324248, 0.0 ], [ 54.790447493773392, 27.711603253224151, 0.0 ], [ 54.789583459614761, 27.711790927779159, 0.0 ], [ 54.788478204929838, 27.711591941273561, 0.0 ], [ 54.7883013519643, 27.71025938752701, 0.0 ], [ 54.7881507904942, 27.708745927815031, 0.0 ], [ 54.787621079573583, 27.708072597178742, 0.0 ], [ 54.787298704287309, 27.707221252709481, 0.0 ], [ 54.787117396979603, 27.70611024808343, 0.0 ], [ 54.786398534827093, 27.705836835760842, 0.0 ], [ 54.785783060424478, 27.706048610777749, 0.0 ], [ 54.784077290002472, 27.706444403562109, 0.0 ], [ 54.782792287254743, 27.706182053367229, 0.0 ], [ 54.782009812939883, 27.70457787517671, 0.0 ], [ 54.781337244306293, 27.703136633809891, 0.0 ], [ 54.780964163807752, 27.70143827593721, 0.0 ], [ 54.78054339095533, 27.699860037048229, 0.0 ], [ 54.779287517720121, 27.698490670120261, 0.0 ], [ 54.774119334256717, 27.699361923254958, 0.0 ], [ 54.771455480518362, 27.698459543619041, 0.0 ], [ 54.767545062020517, 27.695531480921922, 0.0 ], [ 54.763430155254788, 27.69212400783594, 0.0 ], [ 54.760464024732237, 27.690260024388461, 0.0 ], [ 54.757303060132912, 27.687440819146161, 0.0 ], [ 54.753824491467952, 27.6844223857922, 0.0 ], [ 54.750872691431738, 27.681892943272452, 0.0 ], [ 54.748144939696253, 27.678886571887929, 0.0 ], [ 54.741872926988037, 27.676111165937051, 0.0 ], [ 54.735501817967808, 27.67295036169741, 0.0 ], [ 54.734170712239298, 27.669874072783941, 0.0 ], [ 54.731334698425478, 27.666962632599539, 0.0 ], [ 54.727597708213167, 27.666136621300151, 0.0 ], [ 54.721174129216678, 27.665552841912209, 0.0 ], [ 54.719821736380908, 27.663525082498829, 0.0 ], [ 54.718693928074387, 27.661025013310152, 0.0 ], [ 54.715538926605362, 27.658011016639289, 0.0 ], [ 54.713019398255938, 27.65539094853473, 0.0 ], [ 54.707807660701697, 27.653299329407261, 0.0 ], [ 54.706787217244873, 27.650800952482388, 0.0 ], [ 54.705572473499558, 27.64734284961644, 0.0 ], [ 54.703533806137123, 27.64740382898043, 0.0 ], [ 54.69936678452359, 27.646666968765231, 0.0 ], [ 54.697395804444866, 27.643482747784191, 0.0 ], [ 54.694275901256013, 27.63884690296139, 0.0 ], [ 54.694153262317293, 27.636872078860691, 0.0 ], [ 54.695822864616282, 27.636002143646149, 0.0 ], [ 54.697595236837827, 27.635343994178939, 0.0 ], [ 54.702694261884552, 27.63353768978066, 0.0 ], [ 54.705264955507197, 27.63264436514422, 0.0 ], [ 54.708980581195632, 27.63134971369433, 0.0 ], [ 54.713496867696669, 27.62970526407647, 0.0 ], [ 54.715934805800849, 27.629000544768662, 0.0 ], [ 54.719622824806521, 27.627991643760371, 0.0 ], [ 54.72268395996096, 27.627220649522211, 0.0 ], [ 54.724817327462077, 27.62672086810413, 0.0 ], [ 54.726717234533908, 27.626102623015441, 0.0 ], [ 54.729854016970997, 27.62477879902298, 0.0 ], [ 54.731997546641523, 27.623782461663851, 0.0 ], [ 54.734510969690973, 27.622524729675639, 0.0 ], [ 54.735702171631608, 27.62195207715752, 0.0 ], [ 54.736895324801083, 27.62128394341164, 0.0 ], [ 54.738477460066363, 27.620469340921549, 0.0 ], [ 54.741424164790281, 27.618989336990989, 0.0 ], [ 54.743289211266713, 27.61796917886679, 0.0 ], [ 54.744847470217721, 27.617268712568471, 0.0 ], [ 54.747379699159843, 27.616125641587089, 0.0 ], [ 54.749002997190658, 27.61538798149445, 0.0 ], [ 54.752399186386647, 27.613934125382588, 0.0 ], [ 54.75400020671696, 27.613234243312771, 0.0 ], [ 54.75603419170956, 27.612331242875591, 0.0 ], [ 54.759106349875793, 27.61098657420186, 0.0 ], [ 54.762632832875653, 27.60943905736762, 0.0 ], [ 54.767174380136623, 27.607525777369979, 0.0 ], [ 54.769242263590591, 27.60702214967068, 0.0 ], [ 54.774459532430278, 27.60670691720183, 0.0 ], [ 54.783218180053858, 27.606178632387451, 0.0 ], [ 54.78873599578732, 27.605808278249629, 0.0 ], [ 54.793396037796583, 27.605443161910699, 0.0 ], [ 54.796557957476487, 27.604939496800661, 0.0 ], [ 54.803144269306131, 27.60366869011634, 0.0 ], [ 54.808632002609713, 27.60264762817641, 0.0 ], [ 54.813022353848588, 27.601819161432129, 0.0 ], [ 54.8168948328927, 27.601154313282098, 0.0 ], [ 54.819896453733072, 27.600614495121349, 0.0 ], [ 54.822702236111787, 27.60010983275706, 0.0 ], [ 54.824617108183261, 27.599881233322829, 0.0 ], [ 54.82419692400628, 27.598367374127658, 0.0 ], [ 54.824732289537963, 27.59739476354418, 0.0 ], [ 54.825277326009633, 27.595931798910289, 0.0 ], [ 54.825710077160977, 27.594926918058711, 0.0 ], [ 54.825838680102763, 27.59364136359639, 0.0 ], [ 54.825654068445587, 27.592534839631419, 0.0 ], [ 54.825021082764493, 27.591482601512379, 0.0 ], [ 54.823939128212807, 27.5905152914276, 0.0 ], [ 54.823405726968097, 27.58964854709998, 0.0 ], [ 54.822972496284713, 27.588936653540252, 0.0 ], [ 54.822757761013293, 27.58761505986902, 0.0 ], [ 54.82292804556868, 27.585962283975071, 0.0 ], [ 54.823539407692799, 27.584622989141049, 0.0 ], [ 54.824501962620367, 27.582921317513811, 0.0 ], [ 54.824838736426699, 27.58154705424705, 0.0 ], [ 54.825110945427838, 27.579957183570858, 0.0 ], [ 54.825684222364643, 27.578801217441619, 0.0 ], [ 54.826492195409173, 27.577955488037411, 0.0 ], [ 54.827336361944667, 27.57701835064583, 0.0 ], [ 54.828433941509807, 27.57544138464819, 0.0 ], [ 54.829529074892307, 27.573986996145059, 0.0 ], [ 54.829761971839531, 27.57264174805039, 0.0 ], [ 54.829507351443453, 27.571595445465839, 0.0 ], [ 54.82918093579206, 27.57070130163892, 0.0 ], [ 54.830054586031707, 27.57000985702852, 0.0 ], [ 54.830449167151137, 27.569188295699831, 0.0 ], [ 54.831488723918348, 27.568805999540722, 0.0 ], [ 54.832896328701757, 27.5689506017669, 0.0 ], [ 54.8335255972856, 27.5684392582497, 0.0 ], [ 54.833676404696199, 27.567767165469711, 0.0 ], [ 54.834311680796937, 27.566949346235351, 0.0 ], [ 54.835661315228649, 27.56654119643213, 0.0 ], [ 54.836489079816872, 27.566431468513279, 0.0 ], [ 54.836397500142112, 27.563750200807458, 0.0 ], [ 54.836213397936334, 27.56244680092253, 0.0 ], [ 54.835982365649713, 27.560970760409191, 0.0 ], [ 54.836254073953242, 27.560384902392521, 0.0 ], [ 54.836237200664698, 27.559950749680841, 0.0 ], [ 54.836056080321413, 27.55937129934776, 0.0 ], [ 54.835979524496352, 27.558123000635231, 0.0 ], [ 54.836053337619767, 27.557780331988599, 0.0 ], [ 54.836076846326968, 27.5574368794246, 0.0 ], [ 54.835893985006997, 27.556925777211969, 0.0 ], [ 54.835989527925143, 27.55651776408936, 0.0 ], [ 54.836058669825647, 27.556225756105519, 0.0 ], [ 54.836495324831809, 27.55576915061388, 0.0 ], [ 54.836684714660848, 27.555091936920881, 0.0 ], [ 54.836776366484393, 27.554814709666719, 0.0 ], [ 54.836843970930452, 27.554668380465991, 0.0 ], [ 54.837870103819697, 27.55408641093468, 0.0 ], [ 54.838301472967963, 27.5538987918526, 0.0 ], [ 54.838626358058221, 27.553713514124691, 0.0 ], [ 54.840496330124708, 27.554359769146231, 0.0 ], [ 54.840794128064204, 27.55465509856338, 0.0 ], [ 54.840972865807693, 27.554949376312589, 0.0 ], [ 54.841063332126261, 27.55504047377314, 0.0 ], [ 54.841163790400913, 27.555049509469381, 0.0 ], [ 54.841318058738601, 27.554879997925632, 0.0 ], [ 54.841311429090837, 27.554790202454331, 0.0 ], [ 54.841363047091193, 27.55472373598149, 0.0 ], [ 54.841604091012428, 27.554674443092559, 0.0 ], [ 54.841940788960272, 27.554770084807728, 0.0 ], [ 54.842145119793599, 27.555042335159449, 0.0 ], [ 54.842380592806471, 27.555008621860491, 0.0 ], [ 54.842492065091093, 27.55488328976525, 0.0 ], [ 54.84253924340895, 27.554614946088691, 0.0 ], [ 54.842154270862579, 27.55414555696726, 0.0 ], [ 54.842035385371489, 27.553792415878391, 0.0 ], [ 54.841910454821452, 27.553319591436789, 0.0 ], [ 54.841998287575933, 27.55280161231995, 0.0 ], [ 54.842256700526072, 27.55233835661263, 0.0 ], [ 54.842343401095853, 27.55176417923602, 0.0 ], [ 54.842483233683531, 27.551474851753461, 0.0 ], [ 54.842728486124408, 27.551289887800959, 0.0 ], [ 54.842974817360371, 27.550779897592552, 0.0 ], [ 54.843038988339323, 27.55048409782275, 0.0 ], [ 54.843165060385722, 27.54919828967784, 0.0 ], [ 54.843516073708841, 27.548830021465971, 0.0 ], [ 54.84370167249422, 27.548773107358699, 0.0 ], [ 54.844271877735039, 27.548774482715139, 0.0 ], [ 54.844444471237843, 27.548569705366699, 0.0 ], [ 54.844587164461181, 27.54851777181932, 0.0 ], [ 54.844800750477603, 27.548745316154299, 0.0 ], [ 54.844935465319658, 27.548717508798472, 0.0 ], [ 54.845011430984108, 27.548262751894331, 0.0 ], [ 54.84505824010914, 27.547583311598441, 0.0 ], [ 54.845113791295773, 27.547315096252579, 0.0 ], [ 54.845835689719301, 27.546847933031341, 0.0 ], [ 54.846170358382928, 27.546835754453301, 0.0 ], [ 54.846761909915998, 27.546653008923599, 0.0 ], [ 54.84696354147902, 27.546633710911589, 0.0 ], [ 54.847361265827892, 27.546879054299151, 0.0 ], [ 54.847993561153658, 27.546275952015009, 0.0 ], [ 54.848023808682633, 27.54601481746349, 0.0 ], [ 54.848143502245428, 27.54589708175784, 0.0 ], [ 54.848548397505347, 27.545909874515271, 0.0 ], [ 54.848825294450407, 27.54576562710346, 0.0 ], [ 54.849096171821152, 27.54563528225875, 0.0 ], [ 54.849291892987509, 27.545488825008221, 0.0 ], [ 54.849640253672654, 27.545255037204541, 0.0 ], [ 54.849885019912527, 27.544743094046041, 0.0 ], [ 54.849812775947463, 27.544577539000329, 0.0 ], [ 54.849855331450811, 27.544114787132131, 0.0 ], [ 54.850472376036279, 27.543862731464419, 0.0 ], [ 54.850873062904178, 27.543525109193549, 0.0 ], [ 54.851258093238307, 27.543560961820351, 0.0 ], [ 54.851692889182807, 27.54319396575028, 0.0 ], [ 54.852073802015212, 27.542579482182578, 0.0 ], [ 54.852436151652377, 27.542487915725459, 0.0 ], [ 54.853186166111612, 27.542088024444361, 0.0 ], [ 54.853953563303257, 27.542605181978939, 0.0 ], [ 54.855070399318812, 27.54318409656506, 0.0 ], [ 54.855847524448862, 27.543545570199029, 0.0 ], [ 54.857016612469479, 27.543913085548979, 0.0 ], [ 54.857118151513802, 27.544473625759121, 0.0 ], [ 54.857292091275397, 27.544767445018419, 0.0 ], [ 54.858088976534439, 27.54493985744578, 0.0 ], [ 54.859281932243732, 27.544900016275768, 0.0 ], [ 54.860058301010802, 27.544446157846149, 0.0 ], [ 54.861954129177079, 27.54437344682237, 0.0 ], [ 54.863410836221433, 27.544206617556629, 0.0 ], [ 54.86581137252233, 27.544214398589531, 0.0 ], [ 54.867645267510383, 27.543965975777191, 0.0 ], [ 54.869600466562723, 27.543635711271449, 0.0 ], [ 54.871140231761508, 27.543747039858939, 0.0 ], [ 54.872609899332389, 27.544091217159188, 0.0 ], [ 54.873629989820827, 27.543931378560799, 0.0 ], [ 54.875060278275591, 27.54349125646614, 0.0 ], [ 54.877814086441383, 27.543009124235208, 0.0 ], [ 54.881351793432827, 27.542538890564281, 0.0 ], [ 54.882532566918613, 27.54245117805052, 0.0 ], [ 54.889447105689641, 27.539516748356359, 0.0 ], [ 54.892842035040459, 27.53624817843793, 0.0 ], [ 54.897801155847347, 27.533177927876441, 0.0 ], [ 54.899767455565488, 27.5328581726632, 0.0 ], [ 54.903543850879423, 27.53011930913048, 0.0 ], [ 54.907208581104967, 27.522917959727749, 0.0 ], [ 54.908625463781732, 27.517959104549011, 0.0 ], [ 54.909669017152282, 27.517188454099841, 0.0 ], [ 54.910477680738254, 27.515234747303481, 0.0 ], [ 54.909982422686113, 27.512268108272401, 0.0 ], [ 54.909012382798878, 27.509974942771549, 0.0 ], [ 54.906210251033748, 27.50671133743235, 0.0 ], [ 54.900410914960872, 27.501202461948552, 0.0 ], [ 54.894990594494892, 27.496641957408109, 0.0 ], [ 54.889377328608163, 27.49298190192814, 0.0 ], [ 54.884617442815077, 27.490788179292231, 0.0 ], [ 54.885823401519517, 27.490141289588092, 0.0 ], [ 54.886835004163792, 27.489152908029741, 0.0 ], [ 54.887767042141867, 27.488557188871759, 0.0 ], [ 54.888768571825821, 27.488386916782488, 0.0 ], [ 54.889354624531968, 27.488191787186469, 0.0 ], [ 54.890114851758483, 27.486496954942009, 0.0 ], [ 54.891388058918082, 27.486256592231531, 0.0 ], [ 54.892585822443692, 27.486701330887129, 0.0 ], [ 54.894855681075867, 27.487525615243641, 0.0 ], [ 54.899187944027062, 27.48730195600028, 0.0 ], [ 54.901359396656282, 27.486852491360612, 0.0 ], [ 54.903078175197088, 27.48599977541102, 0.0 ], [ 54.904761927632187, 27.483991810793349, 0.0 ], [ 54.907105832710187, 27.48211668800732, 0.0 ], [ 54.909510405939493, 27.481429478117121, 0.0 ], [ 54.91077533348038, 27.480521096138961, 0.0 ], [ 54.912696085374002, 27.480123325911588, 0.0 ], [ 54.914063176481612, 27.479309182874569, 0.0 ], [ 54.91442708810024, 27.478758208689278, 0.0 ], [ 54.914300423116657, 27.477754739441551, 0.0 ], [ 54.91428801845916, 27.477309411126971, 0.0 ], [ 54.916519099114723, 27.474783257586139, 0.0 ], [ 54.917593787283778, 27.472926030133479, 0.0 ], [ 54.918428608977628, 27.471658730117809, 0.0 ], [ 54.920276022197399, 27.471834728226121, 0.0 ], [ 54.922767202217379, 27.4720574057711, 0.0 ], [ 54.924204416178853, 27.471930466189651, 0.0 ], [ 54.925335700668512, 27.47148364053157, 0.0 ], [ 54.927878212269057, 27.470074792975051, 0.0 ], [ 54.929019520614943, 27.469090201276249, 0.0 ], [ 54.929428020675928, 27.468372917048569, 0.0 ], [ 54.930086666390082, 27.467622254715149, 0.0 ], [ 54.931427843417012, 27.467067211449852, 0.0 ], [ 54.933728714280981, 27.46634092524075, 0.0 ], [ 54.935128075859922, 27.466009281870139, 0.0 ], [ 54.935960628931511, 27.465965985670088, 0.0 ], [ 54.936717629165159, 27.465513512143829, 0.0 ], [ 54.937216732554738, 27.464784668386951, 0.0 ], [ 54.937701488789088, 27.464044267582199, 0.0 ], [ 54.938360398338368, 27.46327501915308, 0.0 ], [ 54.941234268288767, 27.4618976462428, 0.0 ], [ 54.943588455612847, 27.460551618037599, 0.0 ], [ 54.944843438298527, 27.45903067652684, 0.0 ], [ 54.945509144201651, 27.45789053401435, 0.0 ], [ 54.945643489951927, 27.457373176164062, 0.0 ], [ 54.946042737232098, 27.456025071160632, 0.0 ], [ 54.947329586428793, 27.455023914184341, 0.0 ], [ 54.949659135364087, 27.45385262188854, 0.0 ], [ 54.951986923528573, 27.452774001803821, 0.0 ], [ 54.953859441820583, 27.451577364875771, 0.0 ], [ 54.955668881800747, 27.450416871311859, 0.0 ], [ 54.958623557367169, 27.44803042879818, 0.0 ], [ 54.961429547147787, 27.445808674792371, 0.0 ], [ 54.962417664568903, 27.44521104995577, 0.0 ], [ 54.964375822002488, 27.444998558147422, 0.0 ], [ 54.965995640449478, 27.445096415553341, 0.0 ], [ 54.968403856443977, 27.44414851634685, 0.0 ], [ 54.971902982566419, 27.442660021155429, 0.0 ], [ 54.976639091059788, 27.440595867239448, 0.0 ], [ 54.976812803395049, 27.44019033141446, 0.0 ], [ 54.97719435048095, 27.43978781397978, 0.0 ], [ 54.977736596321677, 27.438552963427991, 0.0 ], [ 54.97817728066827, 27.437186798091091, 0.0 ], [ 54.97852603326325, 27.43630154844822, 0.0 ], [ 54.978941859539638, 27.435157597331401, 0.0 ], [ 54.979367473769273, 27.43347588994666, 0.0 ], [ 54.979356149288783, 27.432956376787509, 0.0 ], [ 54.978843179082702, 27.431446535917221, 0.0 ], [ 54.978231382699057, 27.429657038019059, 0.0 ], [ 54.977481571639338, 27.427457474573039, 0.0 ], [ 54.977194532661173, 27.426099292543189, 0.0 ], [ 54.976901414944287, 27.425074888939051, 0.0 ], [ 54.976771840966897, 27.424201244276869, 0.0 ], [ 54.976730123973823, 27.423069201659651, 0.0 ], [ 54.976771189845422, 27.421956907753149, 0.0 ], [ 54.976778290028761, 27.421567499558218, 0.0 ], [ 54.976579279475871, 27.421082358475299, 0.0 ], [ 54.976512388718618, 27.420191075533999, 0.0 ], [ 54.976496680318569, 27.41991262475722, 0.0 ], [ 54.976253409269681, 27.41957522588897, 0.0 ], [ 54.97588343242677, 27.41934727444519, 0.0 ], [ 54.975586136677293, 27.418894425307879, 0.0 ], [ 54.975320206448323, 27.418318944653439, 0.0 ], [ 54.975104148924707, 27.417629524255819, 0.0 ], [ 54.974803624493823, 27.417013068350929, 0.0 ], [ 54.974466281315493, 27.41613640326473, 0.0 ], [ 54.974288068935969, 27.41565156130693, 0.0 ], [ 54.974193311313897, 27.41514938353486, 0.0 ], [ 54.974327120863002, 27.414650528309512, 0.0 ], [ 54.974520220066111, 27.414319467715028, 0.0 ], [ 54.974834802599588, 27.413025666881111, 0.0 ], [ 54.975331647152878, 27.4119941868688, 0.0 ], [ 54.97547728208238, 27.41084631499044, 0.0 ], [ 54.975727816037249, 27.40964432196899, 0.0 ], [ 54.975862963225438, 27.409071290999211, 0.0 ], [ 54.975952676783443, 27.40757019040365, 0.0 ], [ 54.976092212644922, 27.406756095656849, 0.0 ], [ 54.976066205167491, 27.40590250165361, 0.0 ], [ 54.976140702730483, 27.405235848580752, 0.0 ], [ 54.975938340041878, 27.40493613928734, 0.0 ], [ 54.975650504133363, 27.40476502616022, 0.0 ], [ 54.97538953201218, 27.404260435610279, 0.0 ], [ 54.975276364418143, 27.403628153590699, 0.0 ], [ 54.975518767825783, 27.402871198177319, 0.0 ], [ 54.975731603761247, 27.402596064999841, 0.0 ], [ 54.975869442573831, 27.40187468634819, 0.0 ], [ 54.97613092410171, 27.401210747390319, 0.0 ], [ 54.976796607510209, 27.40003332294658, 0.0 ], [ 54.976868054362953, 27.39953355757552, 0.0 ], [ 54.977188136594393, 27.399074496535508, 0.0 ], [ 54.977197929616032, 27.39853673988495, 0.0 ], [ 54.977120904279758, 27.398201754634272, 0.0 ], [ 54.976471618885149, 27.397339116590619, 0.0 ], [ 54.975716776220658, 27.39656768357484, 0.0 ], [ 54.974381927866148, 27.395695082946681, 0.0 ], [ 54.973886703300941, 27.395502406016561, 0.0 ], [ 54.971075473514603, 27.393659748564431, 0.0 ], [ 54.969537267479438, 27.392434339288869, 0.0 ], [ 54.968738924529319, 27.391773527181371, 0.0 ], [ 54.967605827964967, 27.391237670757839, 0.0 ], [ 54.964071039618872, 27.389090172709079, 0.0 ], [ 54.963027506849812, 27.387071736382001, 0.0 ], [ 54.962381793362432, 27.3860236085007, 0.0 ], [ 54.961833837147651, 27.385310772620791, 0.0 ], [ 54.961392813323421, 27.38443256536393, 0.0 ], [ 54.960949415116232, 27.383684158723451, 0.0 ], [ 54.960612607920872, 27.38278892338619, 0.0 ], [ 54.960586711959778, 27.381935331011771, 0.0 ], [ 54.960722233046063, 27.38134377162574, 0.0 ], [ 54.960776704033258, 27.380639737882941, 0.0 ], [ 54.96070381898236, 27.38008222768417, 0.0 ], [ 54.960529116480807, 27.379411940571771, 0.0 ], [ 54.960463037914941, 27.37848356699045, 0.0 ], [ 54.960984714247417, 27.37836135574301, 0.0 ], [ 54.961655532569907, 27.378037291719039, 0.0 ], [ 54.962342021484602, 27.37799167599848, 0.0 ], [ 54.962881748385747, 27.37801810641314, 0.0 ], [ 54.963940430589183, 27.37807065742906, 0.0 ], [ 54.964727723887862, 27.378193434506208, 0.0 ], [ 54.965641006101471, 27.378243851648278, 0.0 ], [ 54.966778712123343, 27.378520111795549, 0.0 ], [ 54.967275543983988, 27.378620092985791, 0.0 ], [ 54.967950173125658, 27.379223464181251, 0.0 ], [ 54.969252957870303, 27.381001191296939, 0.0 ], [ 54.969961913082408, 27.38170111621227, 0.0 ], [ 54.970876032056879, 27.382845857446721, 0.0 ], [ 54.971299061536911, 27.38357539038272, 0.0 ], [ 54.971752005477278, 27.383804555251249, 0.0 ], [ 54.972995680687021, 27.38397101925764, 0.0 ], [ 54.974070133489477, 27.38430194895567, 0.0 ], [ 54.974980771547607, 27.384500654363229, 0.0 ], [ 54.976706970658377, 27.38441441483301, 0.0 ], [ 54.978702545678672, 27.38436915303274, 0.0 ], [ 54.980792553160612, 27.384844581893091, 0.0 ], [ 54.981973601997751, 27.385028608205381, 0.0 ], [ 54.983069878590683, 27.38530414110139, 0.0 ], [ 54.983941016826229, 27.385390928144709, 0.0 ], [ 54.985707096687257, 27.385397894535391, 0.0 ], [ 54.987164598681382, 27.385233451135338, 0.0 ], [ 54.987937245308338, 27.385022018800409, 0.0 ], [ 54.988628472995018, 27.384716666760259, 0.0 ], [ 54.989696635812223, 27.384249809034731, 0.0 ], [ 54.991189972759933, 27.38325116397899, 0.0 ], [ 54.992680604877627, 27.3824008493214, 0.0 ], [ 54.993647877862763, 27.381765572173268, 0.0 ], [ 54.995537166414728, 27.3806983782485, 0.0 ], [ 54.996272233173997, 27.380263776840369, 0.0 ], [ 54.997075625932737, 27.379496281661321, 0.0 ], [ 54.997399238194383, 27.37883318547026, 0.0 ], [ 54.997979126152948, 27.37778424887555, 0.0 ], [ 54.998340934384487, 27.377307182378068, 0.0 ], [ 54.998810936778028, 27.376590536866861, 0.0 ], [ 54.999199181418383, 27.375798523485109, 0.0 ], [ 54.999377700692342, 27.375114792514051, 0.0 ], [ 54.999510672111747, 27.374652988588821, 0.0 ], [ 55.000091516714633, 27.373548409332479, 0.0 ], [ 55.000390985660637, 27.373070442844021, 0.0 ], [ 55.000729328490941, 27.372741419260109, 0.0 ], [ 55.000946375094941, 27.37222517336669, 0.0 ], [ 55.00097814654174, 27.371613529955049, 0.0 ], [ 55.001110771968612, 27.371170267082888, 0.0 ], [ 55.001121770505549, 27.37055832665007, 0.0 ], [ 55.001245620061987, 27.369447193751991, 0.0 ], [ 55.001296158550353, 27.36894711002066, 0.0 ], [ 55.001481531118387, 27.36865266519478, 0.0 ], [ 55.002086440861682, 27.368902782008909, 0.0 ], [ 55.002540396998533, 27.36907621685857, 0.0 ], [ 55.004078089836703, 27.36906112264943, 0.0 ], [ 55.004917231773639, 27.368609410755681, 0.0 ], [ 55.005069152494023, 27.368128818499731, 0.0 ], [ 55.004934528336307, 27.367645138064791, 0.0 ], [ 55.004965275947207, 27.367089123119889, 0.0 ], [ 55.005180960496148, 27.366647043039151, 0.0 ], [ 55.006066605595251, 27.365917761480219, 0.0 ], [ 55.006217646395513, 27.365604594549531, 0.0 ], [ 55.006159989394497, 27.365344092076679, 0.0 ], [ 55.006016593837153, 27.365230752199299, 0.0 ], [ 55.006167634143722, 27.36491758628561, 0.0 ], [ 55.006756500929228, 27.364517931260949, 0.0 ], [ 55.007358178221423, 27.364016650414211, 0.0 ], [ 55.00792441060085, 27.36310637266638, 0.0 ], [ 55.008558452433817, 27.362503320934191, 0.0 ], [ 55.009174040764343, 27.361770162421529, 0.0 ], [ 55.010339899818213, 27.3604698431575, 0.0 ], [ 55.010824220160814, 27.360105776132968, 0.0 ], [ 55.012249769080817, 27.359384143722721, 0.0 ], [ 55.013589575716551, 27.358809664394929, 0.0 ], [ 55.014342217967339, 27.358542145824948, 0.0 ], [ 55.017214643787, 27.357061996603591, 0.0 ], [ 55.018154513725626, 27.356778566308488, 0.0 ], [ 55.019236217178218, 27.3567266819243, 0.0 ], [ 55.020005884546663, 27.35663790260088, 0.0 ], [ 55.021293204110087, 27.356674705776861, 0.0 ], [ 55.022106474026828, 27.35650074634388, 0.0 ], [ 55.023687188345107, 27.356393295214691, 0.0 ], [ 55.025537892025064, 27.356289645648879, 0.0 ], [ 55.026120727557888, 27.356223693731579, 0.0 ], [ 55.026663668178287, 27.356064432463569, 0.0 ], [ 55.027037830324339, 27.356051172744792, 0.0 ], [ 55.027455830177487, 27.355908691400401, 0.0 ], [ 55.028038991050522, 27.35582418796858, 0.0 ], [ 55.028543019176183, 27.355515980194969, 0.0 ], [ 55.029234945276102, 27.355154777318781, 0.0 ], [ 55.029963152085237, 27.35509086130801, 0.0 ], [ 55.030482032506967, 27.35511673244746, 0.0 ], [ 55.03116870140083, 27.355052224236129, 0.0 ], [ 55.032044581236157, 27.354860539688151, 0.0 ], [ 55.033020365512641, 27.354892841170969, 0.0 ], [ 55.03467823493488, 27.355120228216009, 0.0 ], [ 55.035776343079682, 27.355284074124729, 0.0 ], [ 55.036688194362618, 27.355408193546381, 0.0 ], [ 55.037246654647483, 27.355545888494479, 0.0 ], [ 55.038677397508302, 27.3556958394954, 0.0 ], [ 55.040358348024917, 27.355793642519341, 0.0 ], [ 55.041373400347098, 27.355956279079091, 0.0 ], [ 55.042845693584638, 27.356106770235691, 0.0 ], [ 55.04346745180041, 27.356189681477389, 0.0 ], [ 55.045481369971647, 27.356254992313389, 0.0 ], [ 55.04650066743546, 27.356176517347521, 0.0 ], [ 55.046918321428031, 27.356052520606379, 0.0 ], [ 55.047372956489163, 27.356188722244781, 0.0 ], [ 55.047764636135447, 27.356361139047099, 0.0 ], [ 55.048241668773208, 27.356404907883789, 0.0 ], [ 55.04869598239226, 27.356559650088681, 0.0 ], [ 55.049248940395799, 27.357012549205471, 0.0 ], [ 55.049513410635477, 27.35733157448043, 0.0 ], [ 55.049754437124221, 27.357455979446581, 0.0 ], [ 55.049968380063319, 27.357449224107299, 0.0 ], [ 55.05108016631489, 27.358021214882591, 0.0 ], [ 55.051839860894887, 27.35853263807417, 0.0 ], [ 55.052616111523683, 27.35928542182306, 0.0 ], [ 55.053983651683538, 27.359489983674941, 0.0 ], [ 55.054830014088857, 27.359798561952701, 0.0 ], [ 55.055497880854503, 27.359622379294969, 0.0 ], [ 55.055975256021647, 27.35964757805235, 0.0 ], [ 55.05676061253665, 27.35988110059359, 0.0 ], [ 55.057218191604207, 27.359850372383761, 0.0 ], [ 55.057976183063502, 27.360035228036288, 0.0 ], [ 55.058664299489962, 27.36031566585681, 0.0 ], [ 55.05918224744773, 27.360397063903779, 0.0 ], [ 55.059844615673427, 27.36053611441228, 0.0 ], [ 55.060569940832202, 27.360638939186082, 0.0 ], [ 55.061084338395517, 27.360924319160759, 0.0 ], [ 55.061697418879277, 27.361507848757331, 0.0 ], [ 55.062147898533347, 27.361885081171021, 0.0 ], [ 55.062889808198562, 27.362229259784868, 0.0 ], [ 55.063363002246483, 27.36249551065076, 0.0 ], [ 55.063893990410307, 27.36302224614619, 0.0 ], [ 55.064135692762399, 27.36226509488219, 0.0 ], [ 55.064266443358228, 27.361914479724959, 0.0 ], [ 55.064230711445951, 27.361580104721931, 0.0 ], [ 55.064089838351357, 27.361318467209092, 0.0 ], [ 55.064094032824272, 27.361077390093929, 0.0 ], [ 55.064307861793147, 27.36072792711856, 0.0 ], [ 55.064354562835341, 27.360431792371369, 0.0 ], [ 55.064277936589853, 27.360059752626022, 0.0 ], [ 55.064302576976637, 27.359837507467251, 0.0 ], [ 55.064862186506112, 27.3599360120722, 0.0 ], [ 55.065153812493527, 27.359867859434178, 0.0 ], [ 55.065503995319943, 27.360039653429801, 0.0 ], [ 55.066195984961027, 27.360865392666192, 0.0 ], [ 55.06631354441069, 27.360997100527051, 0.0 ], [ 55.066987324905668, 27.361952190073101, 0.0 ], [ 55.067594470196809, 27.362432155317091, 0.0 ], [ 55.068550401268588, 27.362864177070598, 0.0 ], [ 55.06936398328542, 27.362671395209318, 0.0 ], [ 55.070070816301282, 27.362644073420991, 0.0 ], [ 55.07153586323539, 27.36322079211995, 0.0 ], [ 55.072486482922663, 27.36351215739024, 0.0 ], [ 55.073855407734619, 27.363642350670951, 0.0 ], [ 55.074417174999503, 27.36359445539124, 0.0 ], [ 55.074939004092563, 27.36345326326574, 0.0 ], [ 55.075399804696588, 27.363237030884459, 0.0 ], [ 55.075793481084439, 27.363298106220689, 0.0 ], [ 55.076268316538979, 27.363471592127741, 0.0 ], [ 55.076932331024999, 27.363517841403631, 0.0 ], [ 55.077303300143832, 27.36354981668114, 0.0 ], [ 55.077696354776847, 27.363788051759261, 0.0 ], [ 55.078216628689667, 27.36376465393748, 0.0 ], [ 55.078863991617773, 27.363544444387301, 0.0 ], [ 55.079446206551822, 27.363515359301729, 0.0 ], [ 55.080252738966742, 27.363730494149429, 0.0 ], [ 55.080544486986099, 27.36367886034008, 0.0 ], [ 55.080775203210003, 27.36355219031535, 0.0 ], [ 55.081768993963472, 27.36375134190094, 0.0 ], [ 55.082164594802038, 27.363701131950151, 0.0 ], [ 55.083027694534977, 27.36425091068433, 0.0 ], [ 55.083382394420987, 27.36416303701218, 0.0 ], [ 55.083681169948193, 27.363703414949988, 0.0 ], [ 55.083929459127177, 27.363762470962829, 0.0 ], [ 55.084196603880727, 27.363933079378238, 0.0 ], [ 55.084933176128629, 27.364592402888491, 0.0 ], [ 55.085393964118047, 27.364376137020091, 0.0 ], [ 55.086313699439167, 27.364471419626859, 0.0 ], [ 55.086767068843727, 27.364265124552119, 0.0 ], [ 55.087412875787798, 27.364162681905668, 0.0 ], [ 55.087869514491587, 27.364187487857681, 0.0 ], [ 55.08815903037214, 27.364265650656531, 0.0 ], [ 55.088547303015972, 27.364641948926359, 0.0 ], [ 55.08864096206846, 27.365236800695239, 0.0 ], [ 55.088882860410472, 27.365902009601069, 0.0 ], [ 55.089461291692857, 27.36586015020255, 0.0 ], [ 55.090132016929743, 27.36551690001307, 0.0 ], [ 55.090550939327947, 27.365318592846769, 0.0 ], [ 55.090889322531012, 27.364970790431091, 0.0 ], [ 55.09131078682308, 27.364624123789451, 0.0 ], [ 55.091731612196178, 27.364314545298271, 0.0 ], [ 55.092340327642773, 27.363951885404099, 0.0 ], [ 55.09242976957006, 27.363582127185971, 0.0 ], [ 55.092769731008438, 27.363141596769239, 0.0 ], [ 55.093259533211388, 27.36244342491797, 0.0 ], [ 55.093765651215627, 27.362005161630279, 0.0 ], [ 55.094436023143707, 27.36168043271519, 0.0 ], [ 55.094944038620227, 27.361130895223081, 0.0 ], [ 55.095216909413217, 27.360967678047931, 0.0 ], [ 55.095533859766142, 27.360656668631339, 0.0 ], [ 55.09580736347084, 27.3604563605798, 0.0 ], [ 55.09604154726108, 27.36012567270912, 0.0 ], [ 55.096107665466469, 27.359903984937681, 0.0 ], [ 55.096485967924593, 27.359649458286331, 0.0 ], [ 55.096909931996443, 27.359154413640091, 0.0 ], [ 55.096915641403783, 27.35882060819959, 0.0 ], [ 55.096966378411601, 27.358283376448181, 0.0 ], [ 55.097179146084372, 27.3575684357968, 0.0 ], [ 55.097484193163773, 27.3571589409305, 0.0 ], [ 55.098073981960752, 27.356684701504019, 0.0 ], [ 55.098459557050468, 27.356003638336539, 0.0 ], [ 55.098635217265688, 27.35544955789754, 0.0 ], [ 55.098934540222608, 27.354952808790379, 0.0 ], [ 55.09954159669239, 27.354682838517189, 0.0 ], [ 55.100186033906688, 27.354442633652688, 0.0 ], [ 55.100483805304933, 27.35425048302363, 0.0 ], [ 55.100738413596027, 27.353938612471321, 0.0 ], [ 55.10105216455139, 27.35381303759312, 0.0 ], [ 55.101861206541948, 27.353879687114269, 0.0 ], [ 55.102741409073253, 27.353427924921821, 0.0 ], [ 55.103478668317322, 27.352938627188792, 0.0 ], [ 55.103608103045111, 27.352549342240479, 0.0 ], [ 55.104176125503521, 27.35213042702717, 0.0 ], [ 55.105109838552082, 27.350974506831911, 0.0 ], [ 55.105558285952327, 27.350257175699511, 0.0 ], [ 55.106031598281021, 27.349299041596591, 0.0 ], [ 55.106777092927011, 27.348214751654218, 0.0 ], [ 55.107296650294018, 27.34697900089812, 0.0 ], [ 55.108088693698953, 27.34559854734897, 0.0 ], [ 55.108389836729692, 27.34499050385531, 0.0 ], [ 55.108881032113302, 27.344199542498529, 0.0 ], [ 55.109249820765903, 27.343277077327699, 0.0 ], [ 55.109257063887583, 27.342850543814599, 0.0 ], [ 55.109242908647033, 27.34246081846727, 0.0 ], [ 55.109022029966539, 27.34201264686347, 0.0 ], [ 55.108885480562897, 27.34149142060139, 0.0 ], [ 55.10945311067475, 27.341091024475102, 0.0 ], [ 55.110647511600753, 27.340476515844241, 0.0 ], [ 55.112407940305282, 27.339554312511979, 0.0 ], [ 55.113144508118808, 27.338989240599531, 0.0 ], [ 55.113761808809393, 27.3381072162286, 0.0 ], [ 55.11379545201099, 27.3373471517206, 0.0 ], [ 55.113722123288923, 27.336771135405211, 0.0 ], [ 55.113545594567817, 27.336156626115901, 0.0 ], [ 55.11331368090525, 27.335133285749539, 0.0 ], [ 55.11332655835507, 27.334372940082378, 0.0 ], [ 55.113669170898604, 27.333765443222749, 0.0 ], [ 55.115342327684139, 27.33308315874207, 0.0 ], [ 55.117117097019623, 27.332532067689542, 0.0 ], [ 55.117892616767428, 27.33211588691788, 0.0 ], [ 55.119089694441371, 27.33133439286982, 0.0 ], [ 55.119534838187043, 27.33080245692425, 0.0 ], [ 55.119461169273777, 27.330244986794579, 0.0 ], [ 55.119016553208048, 27.329515578077139, 0.0 ], [ 55.118667623784923, 27.32926973849009, 0.0 ], [ 55.118062004456469, 27.329465622060251, 0.0 ], [ 55.117429977321898, 27.329995034352461, 0.0 ], [ 55.11705260681741, 27.330402000897919, 0.0 ], [ 55.116070860961109, 27.33053318896873, 0.0 ], [ 55.115236816167403, 27.330725979094531, 0.0 ], [ 55.113922351267853, 27.33107922111715, 0.0 ], [ 55.111942141874771, 27.33149765038452, 0.0 ], [ 55.110651569393873, 27.331665690907091, 0.0 ], [ 55.109568643275317, 27.331836531102901, 0.0 ], [ 55.108629180508878, 27.33212060020491, 0.0 ], [ 55.108014096092738, 27.332124332986329, 0.0 ], [ 55.106989057251809, 27.332079831675479, 0.0 ], [ 55.106199356146767, 27.332106225874089, 0.0 ], [ 55.105160159022617, 27.332147779005169, 0.0 ], [ 55.105521363668643, 27.331670399980819, 0.0 ], [ 55.105796983129927, 27.331340252182191, 0.0 ], [ 55.105864007395112, 27.331062923114001, 0.0 ], [ 55.106179578494498, 27.33082606269727, 0.0 ], [ 55.106576945421963, 27.33066450644742, 0.0 ], [ 55.106889047589092, 27.3306316379946, 0.0 ], [ 55.107204929755952, 27.330376230379841, 0.0 ], [ 55.107544410159868, 27.329954197799331, 0.0 ], [ 55.108006585963871, 27.32964512269665, 0.0 ], [ 55.109032548417012, 27.329158185696802, 0.0 ], [ 55.109849285934153, 27.328761156899841, 0.0 ], [ 55.111026242506028, 27.327942361869091, 0.0 ], [ 55.112137119984467, 27.327345254246332, 0.0 ], [ 55.113119318202379, 27.326987540229698, 0.0 ], [ 55.113773052576533, 27.326402791864648, 0.0 ], [ 55.114830136684617, 27.326528357459651, 0.0 ], [ 55.115659132289231, 27.326632288704051, 0.0 ], [ 55.117239712711651, 27.32650520571779, 0.0 ], [ 55.117907296740952, 27.32632870826582, 0.0 ], [ 55.118724923175613, 27.325875989520739, 0.0 ], [ 55.119628415361127, 27.325257477435571, 0.0 ], [ 55.120765303536452, 27.324345310546072, 0.0 ], [ 55.121229296666883, 27.323924916853279, 0.0 ], [ 55.122098419775376, 27.322879291197289, 0.0 ], [ 55.122564276393923, 27.32234762148077, 0.0 ], [ 55.123071654986177, 27.321816508358559, 0.0 ], [ 55.123897344888071, 27.320881582702331, 0.0 ], [ 55.125015076008353, 27.319682827811061, 0.0 ], [ 55.12548171458284, 27.319289054569889, 0.0 ], [ 55.126222132268587, 27.318482815162589, 0.0 ], [ 55.126772246478737, 27.317878062185549, 0.0 ], [ 55.127235567024201, 27.317494736360601, 0.0 ], [ 55.133892561805091, 27.313392379310461, 0.0 ], [ 55.137160713910461, 27.311376252093709, 0.0 ], [ 55.13812720285091, 27.31070280187383, 0.0 ], [ 55.140285114864852, 27.30956291886039, 0.0 ], [ 55.143683630518659, 27.307493459759659, 0.0 ], [ 55.144795372328971, 27.30682189066609, 0.0 ], [ 55.146071027821328, 27.306282332313881, 0.0 ], [ 55.146719231786562, 27.306012685684369, 0.0 ], [ 55.147955504758819, 27.30534274132345, 0.0 ], [ 55.148919723501962, 27.304799028154129, 0.0 ], [ 55.150364804007808, 27.30405762827494, 0.0 ], [ 55.151181833867433, 27.30362324782099, 0.0 ], [ 55.152228755572551, 27.303099155000911, 0.0 ], [ 55.15400748931139, 27.30226937781919, 0.0 ], [ 55.155241225862802, 27.301747727370319, 0.0 ], [ 55.156205992921272, 27.301166870143732, 0.0 ], [ 55.157104794022558, 27.300807730950361, 0.0 ], [ 55.158152888499373, 27.300209408039219, 0.0 ], [ 55.160831839136037, 27.298927657948141, 0.0 ], [ 55.163553775578151, 27.29755366954782, 0.0 ], [ 55.165731339127149, 27.296450730104699, 0.0 ], [ 55.166288469765497, 27.296355772290621, 0.0 ], [ 55.166980541796413, 27.296244518701592, 0.0 ], [ 55.167504696336003, 27.295936046196939, 0.0 ], [ 55.168322213445229, 27.295464467457428, 0.0 ], [ 55.170065279191327, 27.294263014833131, 0.0 ], [ 55.172535160138537, 27.293052491541211, 0.0 ], [ 55.175440953642727, 27.291583676111362, 0.0 ], [ 55.178360866124592, 27.290015199903301, 0.0 ], [ 55.180767656225747, 27.28859661448794, 0.0 ], [ 55.182024301224807, 27.28792661682613, 0.0 ], [ 55.183277610587439, 27.28746061095914, 0.0 ], [ 55.184557097618168, 27.28666103782929, 0.0 ], [ 55.186336250548322, 27.285775184441508, 0.0 ], [ 55.186900322678717, 27.28531622592989, 0.0 ], [ 55.188181258707097, 27.28466756276104, 0.0 ], [ 55.188727564976944, 27.284266543726591, 0.0 ], [ 55.189269956499842, 27.284106619398759, 0.0 ], [ 55.191135666930244, 27.282999224425311, 0.0 ], [ 55.191784536391097, 27.2826737190268, 0.0 ], [ 55.193691712324217, 27.281566823846969, 0.0 ], [ 55.194448249000473, 27.281001546910961, 0.0 ], [ 55.195617509220902, 27.280589990383259, 0.0 ], [ 55.196207379491241, 27.28005965355457, 0.0 ], [ 55.196605046166511, 27.279860732500399, 0.0 ], [ 55.197632286239262, 27.27924327879721, 0.0 ], [ 55.198491072980929, 27.278772046197929, 0.0 ], [ 55.19955831032059, 27.27824784155321, 0.0 ], [ 55.20058223255711, 27.27783437053311, 0.0 ], [ 55.201714109304312, 27.277162580623099, 0.0 ], [ 55.202738014784067, 27.276749092956159, 0.0 ], [ 55.20377998403066, 27.276502778461001, 0.0 ], [ 55.204381902501162, 27.276510507679269, 0.0 ], [ 55.206066700282861, 27.276309526544431, 0.0 ], [ 55.208414489266652, 27.276191218549091, 0.0 ], [ 55.211342843580447, 27.27611739643174, 0.0 ], [ 55.212332295239378, 27.276556695299991, 0.0 ], [ 55.213693881029791, 27.277093490684301, 0.0 ], [ 55.216393353038612, 27.277053740149849, 0.0 ], [ 55.217348724498557, 27.277028819494841, 0.0 ], [ 55.218141006900858, 27.276816314940628, 0.0 ], [ 55.21884044265596, 27.276487728351881, 0.0 ], [ 55.219628286985177, 27.27598195277848, 0.0 ], [ 55.221629123602263, 27.27548800429798, 0.0 ], [ 55.224005317750667, 27.27488749332246, 0.0 ], [ 55.226326193482272, 27.27434723877802, 0.0 ], [ 55.228966074612003, 27.273633334944339, 0.0 ], [ 55.230374515952462, 27.273836661059189, 0.0 ], [ 55.233522920059293, 27.27428455730136, 0.0 ], [ 55.235117595909912, 27.274527287715252, 0.0 ], [ 55.236010974947263, 27.274482906372409, 0.0 ], [ 55.237817901861227, 27.274431480914959, 0.0 ], [ 55.239769826907093, 27.274400406822021, 0.0 ], [ 55.24107832118051, 27.274361215932029, 0.0 ], [ 55.244039411349149, 27.27484362233001, 0.0 ], [ 55.245758369716, 27.275106343049501, 0.0 ], [ 55.246632743625263, 27.2749503549637, 0.0 ], [ 55.248469307478437, 27.27378686185725, 0.0 ], [ 55.249040330984862, 27.27366344869316, 0.0 ], [ 55.250203237902433, 27.27364089921771, 0.0 ], [ 55.250970622385651, 27.273687597175051, 0.0 ], [ 55.251653241611173, 27.27384453225935, 0.0 ], [ 55.253517790648907, 27.27409042711912, 0.0 ], [ 55.254635589604177, 27.2744348177078, 0.0 ], [ 55.256327569945043, 27.274960240043828, 0.0 ], [ 55.25715231599014, 27.275322973372479, 0.0 ], [ 55.257772108284243, 27.275516197120439, 0.0 ], [ 55.259305179734973, 27.275720785661811, 0.0 ], [ 55.260276103444212, 27.276029669362231, 0.0 ], [ 55.261723276747169, 27.276418666173129, 0.0 ], [ 55.26211303120558, 27.276720314330358, 0.0 ], [ 55.26233702406838, 27.277001350407819, 0.0 ], [ 55.263335922084849, 27.277409176296679, 0.0 ], [ 55.263612685424242, 27.277740653708911, 0.0 ], [ 55.26450090046211, 27.278029931633501, 0.0 ], [ 55.265247856378572, 27.2780577478431, 0.0 ], [ 55.265997981682887, 27.277881546649709, 0.0 ], [ 55.266431858177363, 27.27801677653915, 0.0 ], [ 55.267232452801203, 27.278601756155599, 0.0 ], [ 55.268323077876381, 27.279227422811129, 0.0 ], [ 55.268869486465157, 27.279458862069031, 0.0 ], [ 55.269558154333758, 27.279910520218479, 0.0 ], [ 55.270116587451618, 27.28004727967711, 0.0 ], [ 55.270856666801983, 27.280520189071019, 0.0 ], [ 55.271515446630843, 27.28088078816295, 0.0 ], [ 55.271778115661007, 27.281347792339439, 0.0 ], [ 55.272472678303522, 27.282079835162801, 0.0 ], [ 55.273354357539553, 27.28279563565226, 0.0 ], [ 55.273847095640498, 27.283154174441769, 0.0 ], [ 55.275023128450762, 27.28363244239943, 0.0 ], [ 55.276444547079358, 27.28435487998998, 0.0 ], [ 55.277332279678163, 27.284681173910791, 0.0 ], [ 55.277993965871588, 27.28485627644125, 0.0 ], [ 55.278570333987247, 27.285178727903329, 0.0 ], [ 55.279229452384442, 27.285520746272059, 0.0 ], [ 55.279801759285249, 27.2861936089088, 0.0 ], [ 55.279837341882001, 27.286492843129832, 0.0 ], [ 55.280061684592077, 27.286755306903931, 0.0 ], [ 55.280678157726634, 27.287170995968118, 0.0 ], [ 55.281250833462153, 27.28773454619931, 0.0 ], [ 55.281431094225738, 27.288163419283389, 0.0 ], [ 55.281541941507051, 27.28905519869587, 0.0 ], [ 55.28182677497211, 27.290783880985199, 0.0 ], [ 55.282356813220481, 27.291421105379541, 0.0 ], [ 55.283074834760548, 27.291986433960929, 0.0 ], [ 55.283979701692637, 27.29255405276534, 0.0 ], [ 55.285128564555492, 27.293458565860881, 0.0 ], [ 55.285331888766692, 27.293739314187189, 0.0 ], [ 55.28542058587216, 27.294723571357501, 0.0 ], [ 55.285546814847343, 27.295967992636971, 0.0 ], [ 55.28565285483365, 27.29717506668597, 0.0 ], [ 55.285880896966233, 27.29855058893288, 0.0 ], [ 55.28630405453756, 27.299390542378369, 0.0 ], [ 55.28689245364999, 27.300288170609729, 0.0 ], [ 55.287482570732173, 27.301074516345, 0.0 ], [ 55.287848873672083, 27.30156131204301, 0.0 ], [ 55.288665673530353, 27.302461730691011, 0.0 ], [ 55.28940683379335, 27.302878910854641, 0.0 ], [ 55.289818655974749, 27.303106553793391, 0.0 ], [ 55.290603622598887, 27.303375860186112, 0.0 ], [ 55.291514015954071, 27.303591045020511, 0.0 ], [ 55.292200008390573, 27.30354377644267, 0.0 ], [ 55.292653646135889, 27.30375337270366, 0.0 ], [ 55.293110407775437, 27.303758950223919, 0.0 ], [ 55.293445151649287, 27.303596084638681, 0.0 ], [ 55.293757713649022, 27.303525698140579, 0.0 ], [ 55.294234668937747, 27.303568619833001, 0.0 ], [ 55.294605830739798, 27.30374010287089, 0.0 ], [ 55.29503899576396, 27.303930890624269, 0.0 ], [ 55.295663270552083, 27.303845751452389, 0.0 ], [ 55.296771299069867, 27.3033583963735, 0.0 ], [ 55.297210695095231, 27.303141144553599, 0.0 ], [ 55.297897250645747, 27.303056754214069, 0.0 ], [ 55.299201567670003, 27.303313785653842, 0.0 ], [ 55.302500732126667, 27.303483742334461, 0.0 ], [ 55.305054733017919, 27.30349618337041, 0.0 ], [ 55.308436454647158, 27.30233136701381, 0.0 ], [ 55.309042482307213, 27.30207899256801, 0.0 ], [ 55.309624092322018, 27.302067476685629, 0.0 ], [ 55.311350686797887, 27.30186573904728, 0.0 ], [ 55.313034070430469, 27.301774760777871, 0.0 ], [ 55.313904846121453, 27.30163939164342, 0.0 ], [ 55.315217694755347, 27.30155993915216, 0.0 ], [ 55.316652212073677, 27.301447366732528, 0.0 ], [ 55.317872678587442, 27.301758867280601, 0.0 ], [ 55.319404859111494, 27.302055553753309, 0.0 ], [ 55.321331804337433, 27.302338414248531, 0.0 ], [ 55.322327261652937, 27.30242456669361, 0.0 ], [ 55.324050782347619, 27.302426690922161, 0.0 ], [ 55.325088602112807, 27.302457680166761, 0.0 ], [ 55.325715081158918, 27.302224027448801, 0.0 ], [ 55.326576058188522, 27.30158506738525, 0.0 ], [ 55.326996858348743, 27.301219092150461, 0.0 ], [ 55.327479106320723, 27.300909503481229, 0.0 ], [ 55.327836224940469, 27.300635516469839, 0.0 ], [ 55.328232642570931, 27.300510404089309, 0.0 ], [ 55.32941855620777, 27.300357625117851, 0.0 ], [ 55.331604632013708, 27.299975619612869, 0.0 ], [ 55.330951310800977, 27.300617091232549, 0.0 ], [ 55.329900453942322, 27.301457868505441, 0.0 ], [ 55.328634737420742, 27.302778382777809, 0.0 ], [ 55.328348153223438, 27.303887990330271, 0.0 ], [ 55.328124963454123, 27.304924153270861, 0.0 ], [ 55.327872108151482, 27.306553578338171, 0.0 ], [ 55.327208711824099, 27.307862730615561, 0.0 ], [ 55.32536156693206, 27.314704310399161, 0.0 ], [ 55.32504021769396, 27.316741017545699, 0.0 ], [ 55.324747980810393, 27.318221555819239, 0.0 ], [ 55.324714115733478, 27.31909302453035, 0.0 ], [ 55.323972001320932, 27.32010440333017, 0.0 ], [ 55.323463034412157, 27.32080321599593, 0.0 ], [ 55.323102210378323, 27.321318300189919, 0.0 ], [ 55.322805913052697, 27.321685753761951, 0.0 ], [ 55.322532611175347, 27.321905079318661, 0.0 ], [ 55.322128014137, 27.322568038935302, 0.0 ], [ 55.321812898760292, 27.32280541095173, 0.0 ], [ 55.321520502940331, 27.32291320093605, 0.0 ], [ 55.321166088174031, 27.323001695359959, 0.0 ], [ 55.320056277379479, 27.323600521233601, 0.0 ], [ 55.31984190856479, 27.324043155361331, 0.0 ], [ 55.319705568923929, 27.32482063590545, 0.0 ], [ 55.319559437462587, 27.326247264439669, 0.0 ], [ 55.319659074332009, 27.326526719648331, 0.0 ], [ 55.319923165809513, 27.326919455811922, 0.0 ], [ 55.320337097863067, 27.327017185669629, 0.0 ], [ 55.321956327257453, 27.32707374528205, 0.0 ], [ 55.324136256437029, 27.327137013899939, 0.0 ], [ 55.326085250738252, 27.327364435515381, 0.0 ], [ 55.327740179763197, 27.327810917144781, 0.0 ], [ 55.328799283307802, 27.327823590558921, 0.0 ], [ 55.329465209800937, 27.327738802563271, 0.0 ], [ 55.330883737957457, 27.327329096429409, 0.0 ], [ 55.332676332640723, 27.326905289211769, 0.0 ], [ 55.334573856904072, 27.326408506687891, 0.0 ], [ 55.336879327096419, 27.325822536499111, 0.0 ], [ 55.338157322098048, 27.32567205507296, 0.0 ], [ 55.339096234445933, 27.325386411583992, 0.0 ], [ 55.340243635162281, 27.325047585886569, 0.0 ], [ 55.341932884171626, 27.324585328586291, 0.0 ], [ 55.343927899689803, 27.324012693124939, 0.0 ], [ 55.344270006800862, 27.323852470008319, 0.0 ], [ 55.345254001893657, 27.32332615924933, 0.0 ], [ 55.346090700361607, 27.322927953147222, 0.0 ], [ 55.347591904054923, 27.322537601241571, 0.0 ], [ 55.348423091767948, 27.322510327438351, 0.0 ], [ 55.348680252467929, 27.321975398605161, 0.0 ], [ 55.349477835673333, 27.321441820525109, 0.0 ], [ 55.349958501655493, 27.32121137260032, 0.0 ], [ 55.350477919904101, 27.321198954874369, 0.0 ], [ 55.35075555876243, 27.32068281398308, 0.0 ], [ 55.351048198371103, 27.320556413267699, 0.0 ], [ 55.351629086611993, 27.320600368594629, 0.0 ], [ 55.352275289850603, 27.320441034490521, 0.0 ], [ 55.352816565728318, 27.320354663119598, 0.0 ], [ 55.353296956059737, 27.32014070701155, 0.0 ], [ 55.354152411381548, 27.319906637254672, 0.0 ], [ 55.354588487606229, 27.319911773047622, 0.0 ], [ 55.355079744981573, 27.320399875244469, 0.0 ], [ 55.355547777507759, 27.321054657780479, 0.0 ], [ 55.355951876679818, 27.32181999090049, 0.0 ], [ 55.356073190142979, 27.322044026693192, 0.0 ], [ 55.356428212270849, 27.321957515813079, 0.0 ], [ 55.356825959483658, 27.32170041822809, 0.0 ], [ 55.357639929002502, 27.321431728100912, 0.0 ], [ 55.359084240780412, 27.32066956786624, 0.0 ], [ 55.359892194198373, 27.320808909451632, 0.0 ], [ 55.360761629099052, 27.321004619085691, 0.0 ], [ 55.361259190347063, 27.321066107152969, 0.0 ], [ 55.361695545301721, 27.321052673580791, 0.0 ], [ 55.362282732090243, 27.32101352789865, 0.0 ], [ 55.36290187100527, 27.320936958158249, 0.0 ], [ 55.363632213986413, 27.32070435392702, 0.0 ], [ 55.364544548002527, 27.320807789218211, 0.0 ], [ 55.365723305287787, 27.32115549369734, 0.0 ], [ 55.367110544478876, 27.321449973574701, 0.0 ], [ 55.368835749186488, 27.321358820632209, 0.0 ], [ 55.370119713462877, 27.321614963568479, 0.0 ], [ 55.371700099276943, 27.321484983428029, 0.0 ], [ 55.373528591381493, 27.32143207727837, 0.0 ], [ 55.374587929271947, 27.32142585393547, 0.0 ], [ 55.375954704995173, 27.32170145745151, 0.0 ], [ 55.377408295956023, 27.321850162345761, 0.0 ], [ 55.379022695311207, 27.32210809957822, 0.0 ], [ 55.380828008810539, 27.32222178626391, 0.0 ], [ 55.381865512998189, 27.322289458451952, 0.0 ], [ 55.382547301747799, 27.322538512973939, 0.0 ], [ 55.383164910172447, 27.322916677526191, 0.0 ], [ 55.383969959065134, 27.323259906634249, 0.0 ], [ 55.384609418875222, 27.323564113930502, 0.0 ], [ 55.385167427472673, 27.323756072951191, 0.0 ], [ 55.385742713574523, 27.324189390417679, 0.0 ], [ 55.385899982228047, 27.32480338475855, 0.0 ], [ 55.38584985287487, 27.325396432459328, 0.0 ], [ 55.385731779187303, 27.326378261693911, 0.0 ], [ 55.386037392947173, 27.32669602065895, 0.0 ], [ 55.386340019949102, 27.32740558447194, 0.0 ], [ 55.386211655722917, 27.327663813625129, 0.0 ], [ 55.386248087292167, 27.328016699853791, 0.0 ], [ 55.387848086728468, 27.329407935050249, 0.0 ], [ 55.387969204068327, 27.329650492797661, 0.0 ], [ 55.387820073297817, 27.32990848355065, 0.0 ], [ 55.38781363307092, 27.330353629536951, 0.0 ], [ 55.388324780235038, 27.330916052869771, 0.0 ], [ 55.388613117375861, 27.331086336788111, 0.0 ], [ 55.38893574963911, 27.331757887684589, 0.0 ], [ 55.389181749317231, 27.331983334943061, 0.0 ], [ 55.390051331580082, 27.332178868239058, 0.0 ], [ 55.390734270905007, 27.3323536949699, 0.0 ], [ 55.391726059967588, 27.332717582988039, 0.0 ], [ 55.392221665560832, 27.33263125329599, 0.0 ], [ 55.392927143970027, 27.332972567471991, 0.0 ], [ 55.393191515034538, 27.333365177359479, 0.0 ], [ 55.393189107981208, 27.33353210678408, 0.0 ], [ 55.393444150122598, 27.333965935792769, 0.0 ], [ 55.393325391937367, 27.334164403820608, 0.0 ], [ 55.393260678903367, 27.334330616778619, 0.0 ], [ 55.393420675638367, 27.33475912680624, 0.0 ], [ 55.393621409033898, 27.33524375770897, 0.0 ], [ 55.393077942381908, 27.335478667351651, 0.0 ], [ 55.392848147671977, 27.335568777296391, 0.0 ], [ 55.392679052791493, 27.335770891118301, 0.0 ], [ 55.392836105377398, 27.33640342743983, 0.0 ], [ 55.393199246677177, 27.337149638660549, 0.0 ], [ 55.393581288640299, 27.338025922995751, 0.0 ], [ 55.393858150963993, 27.33899375134494, 0.0 ], [ 55.394328363598227, 27.33951858143206, 0.0 ], [ 55.394716837086008, 27.339949716721119, 0.0 ], [ 55.394985838591232, 27.34027527730295, 0.0 ], [ 55.395231269764722, 27.340289543034949, 0.0 ], [ 55.395354551312018, 27.340383713933289, 0.0 ], [ 55.39528743175552, 27.340716857846019, 0.0 ], [ 55.395466879156253, 27.34123834406898, 0.0 ], [ 55.395849485715217, 27.342077526694361, 0.0 ], [ 55.396221744693698, 27.342193107428301, 0.0 ], [ 55.39670105976046, 27.342087306249969, 0.0 ], [ 55.396844314531037, 27.342237357068448, 0.0 ], [ 55.396778265860547, 27.34249631110039, 0.0 ], [ 55.396541782362242, 27.34305012182099, 0.0 ], [ 55.39647226093193, 27.343550195802312, 0.0 ], [ 55.39658219438018, 27.344571755111009, 0.0 ], [ 55.396839394738763, 27.345465148426491, 0.0 ], [ 55.396995680784237, 27.346153323375791, 0.0 ], [ 55.397403356779598, 27.346695977398099, 0.0 ], [ 55.398002246550853, 27.346944009886158, 0.0 ], [ 55.398635744490591, 27.347674759260961, 0.0 ], [ 55.399063137995583, 27.348291838076499, 0.0 ], [ 55.39934833691904, 27.34868467567868, 0.0 ], [ 55.39959652623758, 27.34876172370566, 0.0 ], [ 55.3998676208072, 27.34869062701031, 0.0 ], [ 55.400198896555132, 27.348768626604201, 0.0 ], [ 55.40042258599496, 27.349105104757971, 0.0 ], [ 55.400623905685833, 27.349552631687128, 0.0 ], [ 55.400990599978243, 27.350057704545161, 0.0 ], [ 55.401565016382293, 27.350565154562631, 0.0 ], [ 55.402057414556097, 27.350997459711451, 0.0 ], [ 55.402342364170728, 27.351408840077191, 0.0 ], [ 55.402553554689653, 27.35261706192691, 0.0 ], [ 55.402590160768447, 27.353194925439439, 0.0 ], [ 55.402286186511738, 27.35387546076133, 0.0 ], [ 55.402443049111334, 27.354526535310018, 0.0 ], [ 55.403039862657963, 27.35492293072992, 0.0 ], [ 55.403533349771351, 27.355281041490478, 0.0 ], [ 55.404026307685697, 27.355676244944661, 0.0 ], [ 55.404606348906547, 27.355794179936431, 0.0 ], [ 55.405682292840659, 27.35583279568495, 0.0 ], [ 55.406056988483833, 27.356051911388359, 0.0 ], [ 55.406112667216753, 27.356516318458951, 0.0 ], [ 55.405980592102942, 27.35703423466056, 0.0 ], [ 55.406118940762347, 27.35814395117271, 0.0 ], [ 55.406335594144913, 27.359405565831981, 0.0 ], [ 55.40624558933353, 27.36024170917538, 0.0 ], [ 55.405838204667717, 27.36135629364848, 0.0 ], [ 55.405514158545003, 27.362122066731931, 0.0 ], [ 55.40565250614722, 27.363380531282811, 0.0 ], [ 55.405717814760862, 27.36429065594757, 0.0 ], [ 55.405149068449013, 27.365750898697279, 0.0 ], [ 55.404510646515433, 27.366583028163241, 0.0 ], [ 55.403011467998368, 27.36740305215741, 0.0 ], [ 55.402504343272348, 27.367624125106602, 0.0 ], [ 55.402457998799363, 27.36795750911833, 0.0 ], [ 55.402616741121143, 27.368478748634299, 0.0 ], [ 55.40318380117116, 27.36950553322459, 0.0 ], [ 55.403509017965959, 27.370010125724441, 0.0 ], [ 55.403588659365312, 27.37025219700919, 0.0 ], [ 55.403686147824708, 27.370698532495911, 0.0 ], [ 55.404301963160307, 27.371224997628119, 0.0 ], [ 55.405200932760032, 27.372292670140801, 0.0 ], [ 55.405934773591518, 27.373284248852681, 0.0 ], [ 55.405579755138533, 27.37485701194613, 0.0 ], [ 55.405370960221191, 27.376375792813668, 0.0 ], [ 55.405188786928832, 27.377486759571259, 0.0 ], [ 55.404665966972708, 27.382062830184349, 0.0 ], [ 55.404347381460433, 27.382541507753739, 0.0 ], [ 55.404829812696079, 27.383678622757461, 0.0 ], [ 55.404880969108852, 27.38445834054529, 0.0 ], [ 55.404557052290279, 27.38530797332853, 0.0 ], [ 55.404212618683523, 27.38613881886381, 0.0 ], [ 55.403829551536333, 27.38676516251747, 0.0 ], [ 55.403408653446547, 27.387131361540391, 0.0 ], [ 55.402903305214252, 27.387589346524351, 0.0 ], [ 55.402397685055547, 27.388065876699521, 0.0 ], [ 55.401550797994851, 27.389150669529929, 0.0 ], [ 55.400768366067197, 27.390087790655841, 0.0 ], [ 55.400283772550758, 27.39054600260377, 0.0 ], [ 55.399944362189203, 27.391024428535498, 0.0 ], [ 55.399628400120847, 27.391317615828552, 0.0 ], [ 55.399535666189543, 27.391984379313911, 0.0 ], [ 55.399111794742467, 27.392554587833288, 0.0 ], [ 55.398712439508813, 27.392865365664271, 0.0 ], [ 55.398287757903567, 27.39349121502255, 0.0 ], [ 55.39778128982978, 27.39402336891709, 0.0 ], [ 55.396768337291313, 27.395087671059859, 0.0 ], [ 55.396199246303809, 27.39563764941694, 0.0 ], [ 55.395404781025988, 27.395962424760061, 0.0 ], [ 55.394863425174449, 27.396030397841869, 0.0 ], [ 55.394339900814472, 27.396302632056539, 0.0 ], [ 55.393274746972558, 27.396661379455569, 0.0 ], [ 55.392228218752422, 27.397168738759682, 0.0 ], [ 55.39146965391933, 27.397883468221529, 0.0 ], [ 55.390641751807607, 27.399079711434819, 0.0 ], [ 55.38911999318352, 27.400824455400588, 0.0 ], [ 55.388520905435144, 27.402004776242471, 0.0 ], [ 55.387927995963487, 27.40275849944306, 0.0 ], [ 55.38758095535114, 27.403756222334309, 0.0 ], [ 55.387190998358591, 27.404846200782199, 0.0 ], [ 55.387101516651512, 27.405399451247419, 0.0 ], [ 55.386863648300761, 27.40591835133305, 0.0 ], [ 55.386688232063733, 27.406547043690011, 0.0 ], [ 55.388315154065161, 27.406157744282019, 0.0 ], [ 55.389224450498268, 27.406520714271061, 0.0 ], [ 55.389848988370268, 27.40645372505525, 0.0 ], [ 55.390470837002759, 27.406572208474682, 0.0 ], [ 55.390839808403364, 27.406928930071128, 0.0 ], [ 55.390834165541847, 27.407318428237119, 0.0 ], [ 55.390873041974743, 27.40750438409151, 0.0 ], [ 55.391641180813266, 27.407568898568279, 0.0 ], [ 55.392868409207971, 27.407508846667689, 0.0 ], [ 55.393009859507707, 27.407788737377128, 0.0 ], [ 55.392777496298393, 27.40804576847712, 0.0 ], [ 55.393444411267602, 27.407923599457561, 0.0 ], [ 55.394316733936343, 27.407970749431058, 0.0 ], [ 55.394598035413843, 27.40864181283191, 0.0 ], [ 55.394860433776621, 27.409182803698489, 0.0 ], [ 55.395682091534077, 27.409860085045949, 0.0 ], [ 55.396649240899073, 27.410539034765328, 0.0 ], [ 55.397125373488471, 27.410674364822668, 0.0 ], [ 55.397812279990958, 27.410608057866341, 0.0 ], [ 55.3981629141566, 27.410797593425119, 0.0 ], [ 55.398184412972498, 27.412189142072929, 0.0 ], [ 55.398156405242517, 27.41268968873138, 0.0 ], [ 55.398351663078962, 27.413563814433068, 0.0 ], [ 55.398111805650608, 27.414340186757929, 0.0 ], [ 55.397345120858859, 27.415611371560921, 0.0 ], [ 55.396960834390242, 27.416311878477199, 0.0 ], [ 55.396474230753597, 27.41689990281446, 0.0 ], [ 55.396111521532852, 27.417545003355372, 0.0 ], [ 55.396143978491921, 27.418176099321268, 0.0 ], [ 55.396054410065759, 27.418620284595089, 0.0 ], [ 55.396378642943333, 27.41890620538679, 0.0 ], [ 55.396482308551811, 27.41921882844122, 0.0 ], [ 55.39672716845562, 27.419537006754211, 0.0 ], [ 55.397845788117152, 27.419809577836482, 0.0 ], [ 55.39865531898392, 27.419893083412251, 0.0 ], [ 55.398969496074372, 27.419729736425751, 0.0 ], [ 55.399783038874361, 27.419535020852539, 0.0 ], [ 55.400327448539528, 27.419263009717518, 0.0 ], [ 55.403139503560972, 27.418868586529729, 0.0 ], [ 55.405484723378507, 27.418730936205911, 0.0 ], [ 55.406568686131187, 27.418926380046091, 0.0 ], [ 55.407422715801417, 27.41880628445406, 0.0 ], [ 55.408150242256838, 27.418553802101911, 0.0 ], [ 55.408637526970203, 27.418170883047441, 0.0 ], [ 55.409049228502042, 27.418453844266359, 0.0 ], [ 55.411558581275301, 27.41887202685885, 0.0 ], [ 55.415599670679093, 27.419752803040559, 0.0 ], [ 55.418434506401439, 27.420675433913431, 0.0 ], [ 55.422596745886828, 27.421817095590509, 0.0 ], [ 55.422946669874413, 27.422062215280601, 0.0 ], [ 55.423794653363807, 27.422368619788571, 0.0 ], [ 55.424603177313713, 27.422526167345641, 0.0 ], [ 55.425240945533702, 27.42299714452254, 0.0 ], [ 55.425818730676212, 27.423300484065141, 0.0 ], [ 55.426535970644608, 27.424032064636879, 0.0 ], [ 55.426881178207033, 27.42461103589563, 0.0 ], [ 55.427188496408753, 27.424929867905611, 0.0 ], [ 55.427452142397918, 27.4253966131608, 0.0 ], [ 55.42755107877656, 27.425750195071611, 0.0 ], [ 55.427899185986789, 27.426125137969048, 0.0 ], [ 55.428909829271547, 27.42669305917611, 0.0 ], [ 55.429695506935978, 27.42699872698887, 0.0 ], [ 55.430501712671557, 27.42732317237855, 0.0 ], [ 55.430954030520773, 27.427680730716379, 0.0 ], [ 55.431325301971818, 27.427888970128691, 0.0 ], [ 55.432613890589153, 27.429387534234181, 0.0 ], [ 55.432590222518193, 27.429591327029598, 0.0 ], [ 55.43226793624217, 27.430329734338091, 0.0 ], [ 55.432323483711997, 27.430812680450099, 0.0 ], [ 55.43208722439546, 27.431347996304961, 0.0 ], [ 55.432867442408387, 27.43204315292973, 0.0 ], [ 55.433897118581307, 27.43274110911991, 0.0 ], [ 55.434602321075403, 27.43286033835604, 0.0 ], [ 55.435429896267763, 27.433147894739541, 0.0 ], [ 55.436856394475647, 27.433720429272888, 0.0 ], [ 55.438220283819931, 27.434310799163779, 0.0 ], [ 55.43867317730335, 27.4346312385399, 0.0 ], [ 55.439443892301597, 27.434528567562641, 0.0 ], [ 55.439729442942273, 27.43492133293968, 0.0 ], [ 55.440295856649271, 27.436040725575129, 0.0 ], [ 55.440225667431662, 27.436596464974219, 0.0 ], [ 55.440594640017373, 27.436971611283141, 0.0 ], [ 55.441150189152317, 27.437385947014828, 0.0 ], [ 55.441540998596707, 27.437687132599951, 0.0 ], [ 55.442057322434621, 27.43793406802337, 0.0 ], [ 55.442723074857078, 27.43790440907129, 0.0 ], [ 55.443426239163529, 27.438171978539891, 0.0 ], [ 55.444353398458517, 27.438775961119411, 0.0 ], [ 55.444697962007538, 27.43941053699379, 0.0 ], [ 55.444816712230541, 27.439838532508791, 0.0 ], [ 55.444869866533189, 27.440123629772639, 0.0 ], [ 55.4438154888783, 27.442484664672548, 0.0 ], [ 55.442217736975593, 27.446062241928001, 0.0 ], [ 55.439035395155329, 27.447798760809409, 0.0 ], [ 55.423329924050691, 27.456366906493209, 0.0 ], [ 55.422655684844827, 27.457138029393711, 0.0 ], [ 55.421578027063561, 27.458110331386319, 0.0 ], [ 55.419899894457792, 27.459201636885869, 0.0 ], [ 55.418630852184947, 27.459781754663069, 0.0 ], [ 55.417756010367171, 27.460082741375931, 0.0 ], [ 55.41597954192742, 27.460478177964241, 0.0 ], [ 55.41406083908187, 27.4606100347732, 0.0 ], [ 55.411632842461103, 27.46035265386886, 0.0 ], [ 55.409417372021117, 27.45967080138773, 0.0 ], [ 55.407406280741412, 27.458591063357218, 0.0 ], [ 55.401995471987192, 27.457291440283189, 0.0 ], [ 55.392365865891499, 27.449661727266871, 0.0 ], [ 55.396060850142213, 27.44985385392442, 0.0 ], [ 55.406914833941492, 27.450641434431009, 0.0 ], [ 55.40548293540369, 27.444332641322781, 0.0 ], [ 55.396046094229717, 27.434592224762639, 0.0 ], [ 55.382052661389828, 27.434556692884939, 0.0 ], [ 55.349812836098089, 27.440262401217272, 0.0 ], [ 55.346462766089942, 27.453320122906, 0.0 ], [ 55.353432791125357, 27.455874771398861, 0.0 ], [ 55.366063072502101, 27.46050284129737, 0.0 ], [ 55.380144916499063, 27.462608848782381, 0.0 ], [ 55.382549998172529, 27.464219288846039, 0.0 ], [ 55.385660494211493, 27.466301945010539, 0.0 ], [ 55.392751395477369, 27.468419590734761, 0.0 ], [ 55.405308456109957, 27.466035620407581, 0.0 ], [ 55.405215541312621, 27.466485771180249, 0.0 ], [ 55.406645750947291, 27.466949275816589, 0.0 ], [ 55.414836586972108, 27.469603421295549, 0.0 ], [ 55.399452465933521, 27.487350803910932, 0.0 ], [ 55.411336790444928, 27.49348859418906, 0.0 ], [ 55.413933647979377, 27.494829548899339, 0.0 ], [ 55.415627187739979, 27.49544585444654, 0.0 ], [ 55.417917329566848, 27.49627922938911, 0.0 ], [ 55.424338229835541, 27.498627093617468, 0.0 ], [ 55.423914116839093, 27.498653777805249, 0.0 ], [ 55.423838571896617, 27.498999286539451, 0.0 ], [ 55.424118773477169, 27.499159899616181, 0.0 ], [ 55.424463757070029, 27.49973058722302, 0.0 ], [ 55.426931274936877, 27.502424794349711, 0.0 ], [ 55.43092815878299, 27.50428641500903, 0.0 ], [ 55.431545730116973, 27.504814630332429, 0.0 ], [ 55.43191015880987, 27.505527279123449, 0.0 ], [ 55.432375684373632, 27.506182398038529, 0.0 ], [ 55.43279411803536, 27.50685729268703, 0.0 ], [ 55.433132910560992, 27.507571907126589, 0.0 ], [ 55.433335066595653, 27.508307545312459, 0.0 ], [ 55.433246643458872, 27.509078272059359, 0.0 ], [ 55.433144869962362, 27.509853360800431, 0.0 ], [ 55.433063054864938, 27.510626417164371, 0.0 ], [ 55.432995818818164, 27.51139738129811, 0.0 ], [ 55.433129677218297, 27.512220254918049, 0.0 ], [ 55.432423543758837, 27.512379278323191, 0.0 ], [ 55.431509648962368, 27.512242610408919, 0.0 ], [ 55.430675585788251, 27.511585587025831, 0.0 ], [ 55.43044126177081, 27.511467861467171, 0.0 ], [ 55.430801890483323, 27.512092467562692, 0.0 ], [ 55.431357966768353, 27.512899796209389, 0.0 ], [ 55.431883740623448, 27.51356913481278, 0.0 ], [ 55.432426799580803, 27.51417999830765, 0.0 ], [ 55.432991185723701, 27.514782073271249, 0.0 ], [ 55.433554692003518, 27.515379624038449, 0.0 ], [ 55.434094006075043, 27.515988181831421, 0.0 ], [ 55.43458657220998, 27.516614264261008, 0.0 ], [ 55.43495311618485, 27.517293082492792, 0.0 ], [ 55.435011176948173, 27.518085766288198, 0.0 ], [ 55.434985541546347, 27.5188684816132, 0.0 ], [ 55.434951301779023, 27.519655613018401, 0.0 ], [ 55.434878216960414, 27.52043779409108, 0.0 ], [ 55.434736206688683, 27.521194377943392, 0.0 ], [ 55.434395517896107, 27.521883285681231, 0.0 ], [ 55.43373974730401, 27.52245807637409, 0.0 ], [ 55.433739548417009, 27.523141791840239, 0.0 ], [ 55.433938728026298, 27.523866112940929, 0.0 ], [ 55.433464696414241, 27.52451966914105, 0.0 ], [ 55.432860907182203, 27.52510857832657, 0.0 ], [ 55.431973918258201, 27.525186581249841, 0.0 ], [ 55.43118403868624, 27.52546650125236, 0.0 ], [ 55.430797765672878, 27.526132319531609, 0.0 ], [ 55.430606204325308, 27.52692218580021, 0.0 ], [ 55.430466048862897, 27.527701348951819, 0.0 ], [ 55.430483242444573, 27.5284732626771, 0.0 ], [ 55.430739571827957, 27.529205003184419, 0.0 ], [ 55.431112576563983, 27.52992000710876, 0.0 ], [ 55.431482106421001, 27.530634970942, 0.0 ], [ 55.431727437585707, 27.531362072310099, 0.0 ], [ 55.431526530234393, 27.532208245614019, 0.0 ], [ 55.431434598058303, 27.53291123359201, 0.0 ], [ 55.432232487746852, 27.533096240705841, 0.0 ], [ 55.433200254252029, 27.533150025873379, 0.0 ], [ 55.433046475951357, 27.53370790126797, 0.0 ], [ 55.432991780291353, 27.534463208843182, 0.0 ], [ 55.433121516033729, 27.536425561249089, 0.0 ], [ 55.432517597631247, 27.537553765612959, 0.0 ], [ 55.430940973192619, 27.538147484280781, 0.0 ], [ 55.428879527364913, 27.538388205342091, 0.0 ], [ 55.427010214336427, 27.538890567072571, 0.0 ], [ 55.424948781360158, 27.539128973190781, 0.0 ], [ 55.421319384633257, 27.539349547535949, 0.0 ], [ 55.419549329886998, 27.539767187474649, 0.0 ], [ 55.417770217576589, 27.540793950993979, 0.0 ], [ 55.416864663836563, 27.54244440560965, 0.0 ], [ 55.416936444637457, 27.54427973892577, 0.0 ], [ 55.417108483688217, 27.545942466015848, 0.0 ], [ 55.417176515619524, 27.548039506738451, 0.0 ], [ 55.417556018140132, 27.54891708581793, 0.0 ], [ 55.41821194435957, 27.55102081993001, 0.0 ], [ 55.418578954477837, 27.552771510033072, 0.0 ], [ 55.418555161831293, 27.554432003921281, 0.0 ], [ 55.418243683312227, 27.555651467562591, 0.0 ], [ 55.417939384372637, 27.556347509398989, 0.0 ], [ 55.417328166216741, 27.558186342945611, 0.0 ], [ 55.414454961739111, 27.561807923989988, 0.0 ], [ 55.413945428846361, 27.564220340458011, 0.0 ], [ 55.413154390681441, 27.565208246996111, 0.0 ], [ 55.411239612555683, 27.56525746839878, 0.0 ], [ 55.407391527256443, 27.56396398168226, 0.0 ], [ 55.404479973415413, 27.56358798537714, 0.0 ], [ 55.40055369437647, 27.563018881724741, 0.0 ], [ 55.399592058919431, 27.562282337973979, 0.0 ], [ 55.398851837391213, 27.561870770608831, 0.0 ], [ 55.397934218632827, 27.561727020814931, 0.0 ], [ 55.394684675336933, 27.56012431761458, 0.0 ], [ 55.39401310244407, 27.56030352389007, 0.0 ], [ 55.393820215235159, 27.561127518775791, 0.0 ], [ 55.394165518884073, 27.562260013412079, 0.0 ], [ 55.395413111261647, 27.563543996857629, 0.0 ], [ 55.393824896172831, 27.56765996891199, 0.0 ], [ 55.389075654210792, 27.56989752002195, 0.0 ], [ 55.386235840024128, 27.569503361309209, 0.0 ], [ 55.384454412315463, 27.569160222272821, 0.0 ], [ 55.381441153237972, 27.569548323836969, 0.0 ], [ 55.378143970981682, 27.569770287979079, 0.0 ], [ 55.377543437560647, 27.57010739580971, 0.0 ], [ 55.376914892260118, 27.57132930522403, 0.0 ], [ 55.376136134480561, 27.57353688836821, 0.0 ], [ 55.374884301348906, 27.575618019391289, 0.0 ], [ 55.373941517365033, 27.57667502157156, 0.0 ], [ 55.373075764293333, 27.577108216939699, 0.0 ], [ 55.371257070253208, 27.5777519011225, 0.0 ], [ 55.368592862301419, 27.577779338141379, 0.0 ], [ 55.366994333708242, 27.576976374334251, 0.0 ], [ 55.365805004650248, 27.574826309038968, 0.0 ], [ 55.364803074635127, 27.573766630048119, 0.0 ], [ 55.364351871574677, 27.572169337235671, 0.0 ], [ 55.365179056381102, 27.569760880328449, 0.0 ], [ 55.366116261408791, 27.567555228007031, 0.0 ], [ 55.365978296175641, 27.56618329248073, 0.0 ], [ 55.364506144131788, 27.564815804942931, 0.0 ], [ 55.360576790722142, 27.561424309623419, 0.0 ], [ 55.357466393727613, 27.56188699259803, 0.0 ], [ 55.356698897661943, 27.56218455214136, 0.0 ], [ 55.355793176121438, 27.563785962684769, 0.0 ], [ 55.354669458053252, 27.564840690073989, 0.0 ], [ 55.352482563555107, 27.565456309721171, 0.0 ], [ 55.349248011188131, 27.56749682396606, 0.0 ], [ 55.347757623029032, 27.568869558218601, 0.0 ], [ 55.347558034689698, 27.57011657859648, 0.0 ], [ 55.347406076034801, 27.571202953496218, 0.0 ], [ 55.346420579551193, 27.572077890298509, 0.0 ], [ 55.345190487311051, 27.57282033027948, 0.0 ], [ 55.344136407910952, 27.57209097579053, 0.0 ], [ 55.343009864983273, 27.571815568699702, 0.0 ], [ 55.342230344978319, 27.57102035719485, 0.0 ], [ 55.34198005284631, 27.56927643200595, 0.0 ], [ 55.342013553194171, 27.567390497378501, 0.0 ], [ 55.340607826734548, 27.564633102996659, 0.0 ], [ 55.339625206026511, 27.56381529998405, 0.0 ], [ 55.338227771231331, 27.563516467353161, 0.0 ], [ 55.337055835959873, 27.56448392875345, 0.0 ], [ 55.336934705275198, 27.56529447414994, 0.0 ], [ 55.334869462688218, 27.565793668205089, 0.0 ], [ 55.332727475010799, 27.56538509394796, 0.0 ], [ 55.330211233114667, 27.56430699040904, 0.0 ], [ 55.328018572335992, 27.562769254923062, 0.0 ], [ 55.325432783584958, 27.561811139114841, 0.0 ], [ 55.323639512024947, 27.56078193754022, 0.0 ], [ 55.321919235357072, 27.560902226335269, 0.0 ], [ 55.321566554267427, 27.56145784283466, 0.0 ], [ 55.317116210315497, 27.565129323823019, 0.0 ], [ 55.316605244415108, 27.565371987784459, 0.0 ], [ 55.316042508217649, 27.565203955429581, 0.0 ], [ 55.315445699871518, 27.56477661834705, 0.0 ], [ 55.315289535514339, 27.564167104481221, 0.0 ], [ 55.314321718820267, 27.56387324286197, 0.0 ], [ 55.313659324635402, 27.564308532295389, 0.0 ], [ 55.313331111771618, 27.565070298465042, 0.0 ], [ 55.313492259237243, 27.56636194172264, 0.0 ], [ 55.312864892784873, 27.56746264599861, 0.0 ], [ 55.311122824445242, 27.56752207880632, 0.0 ], [ 55.30964179684721, 27.566778613261992, 0.0 ], [ 55.307795972078182, 27.566232201072278, 0.0 ], [ 55.305533322451453, 27.566325522839289, 0.0 ], [ 55.302067380695121, 27.567906560044278, 0.0 ], [ 55.297766235947343, 27.569133283621149, 0.0 ], [ 55.295099324214739, 27.569885509108289, 0.0 ], [ 55.291872376297682, 27.570913870238659, 0.0 ], [ 55.291135472818382, 27.57177130545373, 0.0 ], [ 55.290668305482463, 27.572732814161881, 0.0 ], [ 55.289052745915377, 27.573377907212141, 0.0 ], [ 55.287759309144398, 27.573577083247901, 0.0 ], [ 55.286847136548573, 27.574156760820099, 0.0 ], [ 55.284968369860259, 27.574274627396559, 0.0 ], [ 55.284332762947827, 27.572977101488831, 0.0 ], [ 55.283234956869023, 27.572318697153669, 0.0 ], [ 55.280135970286373, 27.57238110660975, 0.0 ], [ 55.276462315122423, 27.57304084839015, 0.0 ], [ 55.273708261088011, 27.571855349043219, 0.0 ], [ 55.269091204069547, 27.572370995418591, 0.0 ], [ 55.263720483735462, 27.57306885583165, 0.0 ], [ 55.260023177831322, 27.574427766173049, 0.0 ], [ 55.258234199980549, 27.57458669692025, 0.0 ], [ 55.257898639425562, 27.575191380947, 0.0 ], [ 55.255892401282267, 27.575383492542951, 0.0 ], [ 55.254586809430982, 27.575004369994559, 0.0 ], [ 55.253693613748801, 27.57428785625277, 0.0 ], [ 55.249986251891549, 27.573945656460921, 0.0 ], [ 55.247956713973331, 27.573852872092239, 0.0 ], [ 55.245827469645732, 27.57265723765704, 0.0 ], [ 55.244581277861762, 27.57139213290737, 0.0 ], [ 55.243045382824917, 27.56986139052054, 0.0 ], [ 55.242333809857541, 27.569106802664049, 0.0 ], [ 55.24115455649352, 27.567902969014739, 0.0 ], [ 55.240105507170277, 27.567043341906459, 0.0 ], [ 55.23767615315181, 27.566246802799501, 0.0 ], [ 55.233854179709873, 27.566473445831669, 0.0 ], [ 55.231357799916658, 27.566851613246001, 0.0 ], [ 55.229397415256791, 27.567834175944849, 0.0 ], [ 55.226526145504657, 27.570618652909261, 0.0 ], [ 55.225928214043158, 27.572646246052191, 0.0 ], [ 55.22519492978676, 27.57465195478008, 0.0 ], [ 55.224308032260303, 27.57763143563243, 0.0 ], [ 55.223133922999118, 27.581253631239139, 0.0 ], [ 55.222767917192101, 27.582516484512169, 0.0 ], [ 55.220914512057767, 27.586264459777631, 0.0 ], [ 55.220145247339623, 27.587685300280459, 0.0 ], [ 55.219118949224701, 27.58821620667624, 0.0 ], [ 55.218185041915653, 27.588627386506161, 0.0 ], [ 55.214753605964482, 27.59174184585201, 0.0 ], [ 55.210549402030317, 27.593667577910441, 0.0 ], [ 55.206122938888058, 27.595069201595471, 0.0 ], [ 55.204934279181607, 27.595428773047949, 0.0 ], [ 55.20324253936672, 27.596535314487401, 0.0 ], [ 55.199405258481733, 27.59937751168302, 0.0 ], [ 55.198275904595931, 27.600118174304509, 0.0 ], [ 55.197655642211778, 27.602084873339749, 0.0 ], [ 55.196005499143531, 27.604783751430059, 0.0 ], [ 55.195044951678803, 27.60680646160786, 0.0 ], [ 55.192729966888578, 27.60728008889857, 0.0 ], [ 55.189331100002597, 27.607638783255819, 0.0 ], [ 55.186800212989709, 27.607484828302109, 0.0 ], [ 55.183215080802768, 27.60679311489865, 0.0 ], [ 55.181446139881587, 27.607072196851931, 0.0 ], [ 55.180178047740192, 27.607156322232871, 0.0 ], [ 55.178233511614224, 27.607110652779859, 0.0 ], [ 55.175066931654143, 27.609829640022461, 0.0 ], [ 55.174035544766497, 27.61064223437285, 0.0 ], [ 55.172877144302397, 27.61092923841165, 0.0 ], [ 55.170028267667313, 27.61085138798601, 0.0 ], [ 55.168517392911639, 27.610569495657341, 0.0 ], [ 55.167357303316876, 27.61095718280448, 0.0 ], [ 55.166176428026958, 27.611315870964319, 0.0 ], [ 55.160994064705562, 27.61344489026721, 0.0 ], [ 55.154319841527709, 27.613444245229591, 0.0 ], [ 55.15146031792235, 27.615698546589002, 0.0 ], [ 55.149428455799338, 27.6189250012442, 0.0 ], [ 55.146820067352643, 27.62099302028442, 0.0 ], [ 55.143261217640948, 27.622186369992551, 0.0 ], [ 55.140009401997737, 27.624243381227959, 0.0 ], [ 55.139101191261297, 27.626363366936332, 0.0 ], [ 55.139295051945567, 27.628437217269589, 0.0 ], [ 55.138492705679539, 27.631483684067, 0.0 ], [ 55.136085542781927, 27.63431679625516, 0.0 ], [ 55.13111754447759, 27.636350495125821, 0.0 ], [ 55.126150986882372, 27.638289264845881, 0.0 ], [ 55.121727120702182, 27.639853898053239, 0.0 ], [ 55.117844111476877, 27.64113693013913, 0.0 ], [ 55.113866763902458, 27.641655957510039, 0.0 ], [ 55.112131654348772, 27.64277850810927, 0.0 ], [ 55.110485461171272, 27.644953653999771, 0.0 ], [ 55.10819087350059, 27.64740647105112, 0.0 ], [ 55.104193504076051, 27.649071102217341, 0.0 ], [ 55.099884196120001, 27.65139689822896, 0.0 ], [ 55.097471480854821, 27.653519822756351, 0.0 ], [ 55.095714816153048, 27.65656511082522, 0.0 ], [ 55.096636903063619, 27.660399819843999, 0.0 ], [ 55.098598225748432, 27.66356289718108, 0.0 ], [ 55.101087650373927, 27.665647946327759, 0.0 ], [ 55.104743266253003, 27.666938927068731, 0.0 ], [ 55.108706762520157, 27.667279632732111, 0.0 ], [ 55.11267029152858, 27.667620225710891, 0.0 ], [ 55.117702890312479, 27.668167015932699, 0.0 ], [ 55.124134900808507, 27.668443782074771, 0.0 ], [ 55.125251013762103, 27.672183943261349, 0.0 ], [ 55.12475692583056, 27.675999324703572, 0.0 ], [ 55.128455653427743, 27.679296081145779, 0.0 ], [ 55.137254430831433, 27.680114189192651, 0.0 ], [ 55.137784886918652, 27.680866870983451, 0.0 ], [ 55.137022045704711, 27.681803658746659, 0.0 ], [ 55.135430788228298, 27.682205392817099, 0.0 ], [ 55.132916950062082, 27.681935179213479, 0.0 ], [ 55.128387263251717, 27.683306750493522, 0.0 ], [ 55.128128852400437, 27.685882138330591, 0.0 ], [ 55.128862161126193, 27.689108809024869, 0.0 ], [ 55.131710865088827, 27.689750325679661, 0.0 ], [ 55.133122284906911, 27.69017380637974, 0.0 ], [ 55.133512009552923, 27.691112566853761, 0.0 ], [ 55.132099403174458, 27.692144924964708, 0.0 ], [ 55.129997394597453, 27.692892171579281, 0.0 ], [ 55.129141809785807, 27.69394855574626, 0.0 ], [ 55.130344710342918, 27.695093197239551, 0.0 ], [ 55.131805170467189, 27.695737557672061, 0.0 ], [ 55.135332613000493, 27.69763281460277, 0.0 ], [ 55.135223775783047, 27.699712874952311, 0.0 ], [ 55.133800288252147, 27.700882534906491, 0.0 ], [ 55.134052704533531, 27.70334422223053, 0.0 ], [ 55.13379070626123, 27.7054362753486, 0.0 ], [ 55.133651129449909, 27.70698593222296, 0.0 ], [ 55.133451531519498, 27.7080713330325, 0.0 ], [ 55.131990194455533, 27.711149985172579, 0.0 ], [ 55.133637550708578, 27.716948169679419, 0.0 ], [ 55.134697828941789, 27.72010088694579, 0.0 ], [ 55.135442780312097, 27.722678520371911, 0.0 ], [ 55.137029795337412, 27.724924545143171, 0.0 ], [ 55.13848109961323, 27.727737297439059, 0.0 ], [ 55.138310219177477, 27.730817011839729, 0.0 ], [ 55.136567069308263, 27.732321008909562, 0.0 ], [ 55.132340982159008, 27.73465110196852, 0.0 ], [ 55.127338826788332, 27.73840550984151, 0.0 ], [ 55.124624896573131, 27.740182736776511, 0.0 ], [ 55.123603339783791, 27.74341557864555, 0.0 ], [ 55.121664859869618, 27.74377281899649, 0.0 ], [ 55.119384736260301, 27.745269286419461, 0.0 ], [ 55.118050823915183, 27.74792475124298, 0.0 ], [ 55.115904539431249, 27.754104612350361, 0.0 ], [ 55.112291562864407, 27.758161622246099, 0.0 ], [ 55.107091244401673, 27.760861126823091, 0.0 ], [ 55.10480690384172, 27.762005364456069, 0.0 ], [ 55.103722353266598, 27.76184944351504, 0.0 ], [ 55.103427318667258, 27.760575975989489, 0.0 ], [ 55.10305457334367, 27.759865628136701, 0.0 ], [ 55.102018484625667, 27.75952901466135, 0.0 ], [ 55.101031103070333, 27.760301284682381, 0.0 ], [ 55.099562152049721, 27.761617428692389, 0.0 ], [ 55.095448266877398, 27.763566560667279, 0.0 ], [ 55.093491277703947, 27.762736329367751, 0.0 ], [ 55.091035758248523, 27.76066734574869, 0.0 ], [ 55.089943375174613, 27.759664933749701, 0.0 ], [ 55.087981003502307, 27.759194517171199, 0.0 ], [ 55.085952804797969, 27.76009172964141, 0.0 ], [ 55.080352803411671, 27.761065454788831, 0.0 ], [ 55.071998024041797, 27.76601202701012, 0.0 ], [ 55.06758679504518, 27.76652348844345, 0.0 ], [ 55.06621957013494, 27.766568672796129, 0.0 ], [ 55.064745242998903, 27.76539953027536, 0.0 ], [ 55.063395406914452, 27.76487689219006, 0.0 ], [ 55.061604266920632, 27.764815273066009, 0.0 ], [ 55.056107634175937, 27.76597896352407, 0.0 ], [ 55.053768002219343, 27.76470515010098, 0.0 ], [ 55.050131826736902, 27.763889062951598, 0.0 ], [ 55.044221311868093, 27.764189099965382, 0.0 ], [ 55.04035696047859, 27.764134364943398, 0.0 ], [ 55.038087028116713, 27.76496175438826, 0.0 ], [ 55.030373788514851, 27.763992460244161, 0.0 ], [ 55.026959620628531, 27.762797646137049, 0.0 ], [ 55.019727967490013, 27.76488944413115, 0.0 ], [ 55.013478042579088, 27.76613763854408, 0.0 ], [ 55.009243008076943, 27.768750208766669, 0.0 ], [ 55.006204125113193, 27.770522576882829, 0.0 ] ] ] ] } },
{ "type": "Feature", "properties": { "Name": "منطقه حفاظت شده مارگون", "description": "<html xmlns:fo=\"http://www.w3.org/1999/XSL/Format\" xmlns:msxsl=\"urn:schemas-microsoft-com:xslt\">\n\n<head>\n\n<META http-equiv=\"Content-Type\" content=\"text/html\">\n\n<meta http-equiv=\"content-type\" content=\"text/html; charset=UTF-8\">\n\n</head>\n\n<body style=\"margin:0px 0px 0px 0px;overflow:auto;background:#FFFFFF;\">\n\n<table style=\"font-family:Arial,Verdana,Times;font-size:12px;text-align:left;width:100%;border-collapse:collapse;padding:3px 3px 3px 3px\">\n\n<tr style=\"text-align:center;font-weight:bold;background:#9CBCE2\">\n\n<td>منطقه حفاظت شده مارگون</td>\n\n</tr>\n\n<tr>\n\n<td>\n\n<table style=\"font-family:Arial,Verdana,Times;font-size:12px;text-align:left;width:100%;border-spacing:0px; padding:3px 3px 3px 3px\">\n\n<tr>\n\n<td>FID</td>\n\n<td>3</td>\n\n</tr>\n\n<tr bgcolor=\"#D4E4F3\">\n\n<td>OBJECTID_1</td>\n\n<td>4</td>\n\n</tr>\n\n<tr>\n\n<td>cod</td>\n\n<td>9</td>\n\n</tr>\n\n<tr bgcolor=\"#D4E4F3\">\n\n<td>tafkik_id</td>\n\n<td>3</td>\n\n</tr>\n\n<tr>\n\n<td>tafkik_nam</td>\n\n<td>منطقه حفاظت شده</td>\n\n</tr>\n\n<tr bgcolor=\"#D4E4F3\">\n\n<td>shahrestan</td>\n\n<td>سپيدان</td>\n\n</tr>\n\n<tr>\n\n<td>NAME1</td>\n\n<td>منطقه حفاظت شده مارگون</td>\n\n</tr>\n\n<tr bgcolor=\"#D4E4F3\">\n\n<td>sal_mosava</td>\n\n<td>1378.1396</td>\n\n</tr>\n\n<tr>\n\n<td>AREA_ha</td>\n\n<td>3135</td>\n\n</tr>\n\n<tr bgcolor=\"#D4E4F3\">\n\n<td>F_AREA</td>\n\n<td>31346245.0483</td>\n\n</tr>\n\n<tr>\n\n<td>Shape_Leng</td>\n\n<td>40698.406328</td>\n\n</tr>\n\n</table>\n\n</td>\n\n</tr>\n\n</table>\n\n</body>\n\n</html>\n\n", "timestamp": null, "begin": null, "end": null, "altitudeMode": "clampToGround", "tessellate": -1, "extrude": 0, "visibility": -1, "drawOrder": null, "icon": null, "snippet": "" }, "geometry": { "type": "MultiPolygon", "coordinates": [ [ [ [ 51.890772148671147, 30.530373024419958, 0.0 ], [ 51.890554022327947, 30.53048244391373, 0.0 ], [ 51.890420233391701, 30.530726781241452, 0.0 ], [ 51.890494588825483, 30.530924894943769, 0.0 ], [ 51.890792046990818, 30.531325400093181, 0.0 ], [ 51.890811104278093, 30.531750542790309, 0.0 ], [ 51.890668831576463, 30.531988720364421, 0.0 ], [ 51.890164596947379, 30.531756742219201, 0.0 ], [ 51.889748800991512, 30.531596536178562, 0.0 ], [ 51.889258347602293, 30.531517907781971, 0.0 ], [ 51.888947335526893, 30.531489738970588, 0.0 ], [ 51.888200997587461, 30.53086475604794, 0.0 ], [ 51.887540554479124, 30.530326827346421, 0.0 ], [ 51.887318762683869, 30.529912921044051, 0.0 ], [ 51.886929145018463, 30.529346498253901, 0.0 ], [ 51.886912695862193, 30.52859413017315, 0.0 ], [ 51.887082301638372, 30.52739667256116, 0.0 ], [ 51.887001401523733, 30.526260172102159, 0.0 ], [ 51.887177661534011, 30.524635065244901, 0.0 ], [ 51.887545679252177, 30.523604482361741, 0.0 ], [ 51.887910169125682, 30.522068623173141, 0.0 ], [ 51.887571232574537, 30.521294399762152, 0.0 ], [ 51.887865086803593, 30.520092768604531, 0.0 ], [ 51.888728846914248, 30.51841893834823, 0.0 ], [ 51.888722472927519, 30.517507621763372, 0.0 ], [ 51.888604606751578, 30.517048053319339, 0.0 ], [ 51.888390752594297, 30.516273176834741, 0.0 ], [ 51.888623141777799, 30.515356379031299, 0.0 ], [ 51.888400585998497, 30.51473528381598, 0.0 ], [ 51.888327627378366, 30.51430491514969, 0.0 ], [ 51.888125299286713, 30.51325732702249, 0.0 ], [ 51.888176313942203, 30.512778740522521, 0.0 ], [ 51.888333072459218, 30.511823450187809, 0.0 ], [ 51.888337848883317, 30.510844381300071, 0.0 ], [ 51.888404282203552, 30.51055743624195, 0.0 ], [ 51.888494808326897, 30.509911647629881, 0.0 ], [ 51.888600754175862, 30.50945750057468, 0.0 ], [ 51.888529009430023, 30.509160218207121, 0.0 ], [ 51.888359336153407, 30.508694414932449, 0.0 ], [ 51.888081688347206, 30.50845944335477, 0.0 ], [ 51.887297300865839, 30.508582089655299, 0.0 ], [ 51.886540842095528, 30.508839892015949, 0.0 ], [ 51.885869442001443, 30.509284347093121, 0.0 ], [ 51.885279156275573, 30.509552291860469, 0.0 ], [ 51.883363473767908, 30.509612662809491, 0.0 ], [ 51.883127600519593, 30.50945860790743, 0.0 ], [ 51.882790282424331, 30.508745789793341, 0.0 ], [ 51.88257787489799, 30.508160708158918, 0.0 ], [ 51.882338685947559, 30.507566784009931, 0.0 ], [ 51.882185430204039, 30.50740088871709, 0.0 ], [ 51.881172305022197, 30.506643009730428, 0.0 ], [ 51.87975663426483, 30.505590068233332, 0.0 ], [ 51.87841055244369, 30.504667481108541, 0.0 ], [ 51.877182403121857, 30.503790221781319, 0.0 ], [ 51.876135152177348, 30.503024745598541, 0.0 ], [ 51.875025734196512, 30.502267464332238, 0.0 ], [ 51.87488542830399, 30.502018006632081, 0.0 ], [ 51.874920687086757, 30.501300409258899, 0.0 ], [ 51.874863090425407, 30.501050396314699, 0.0 ], [ 51.874594994562393, 30.500348369611299, 0.0 ], [ 51.874188196149589, 30.49957508518958, 0.0 ], [ 51.873765591313528, 30.498562784891359, 0.0 ], [ 51.87351374601927, 30.498147139919379, 0.0 ], [ 51.872442246931492, 30.497693543773352, 0.0 ], [ 51.870464507098767, 30.49698138219312, 0.0 ], [ 51.869062238545077, 30.496114502516601, 0.0 ], [ 51.868339521885531, 30.495493875294532, 0.0 ], [ 51.867954555578173, 30.494926574569341, 0.0 ], [ 51.867684448646898, 30.494459992843531, 0.0 ], [ 51.867619905573562, 30.493817377108389, 0.0 ], [ 51.867151385910432, 30.493394839425491, 0.0 ], [ 51.865068226853609, 30.492253401724849, 0.0 ], [ 51.863719785595222, 30.49150274041568, 0.0 ], [ 51.863433083338172, 30.49077643575999, 0.0 ], [ 51.863279652035033, 30.489541965825659, 0.0 ], [ 51.862802455962417, 30.488159892533201, 0.0 ], [ 51.86222327327318, 30.487104354067942, 0.0 ], [ 51.885648195484258, 30.479186737371109, 0.0 ], [ 51.885682383791497, 30.479508390522241, 0.0 ], [ 51.886085629396923, 30.47988914661866, 0.0 ], [ 51.886587387504221, 30.480506096467622, 0.0 ], [ 51.886726348306233, 30.48029472096913, 0.0 ], [ 51.886744091783036, 30.480267730375719, 0.0 ], [ 51.886807287314063, 30.48017160185174, 0.0 ], [ 51.886907421601343, 30.480019285894802, 0.0 ], [ 51.887036044985102, 30.47982363239915, 0.0 ], [ 51.887133299105649, 30.479675695075478, 0.0 ], [ 51.887226456764409, 30.479533988249511, 0.0 ], [ 51.887609269285797, 30.47909792607431, 0.0 ], [ 51.887662765519323, 30.47903698682174, 0.0 ], [ 51.888053548844077, 30.47864380795518, 0.0 ], [ 51.888316103436431, 30.478379641249141, 0.0 ], [ 51.888428015527182, 30.478267040805989, 0.0 ], [ 51.888476277067703, 30.4782293045192, 0.0 ], [ 51.889150117251702, 30.47770242194709, 0.0 ], [ 51.889344796415791, 30.477550197616718, 0.0 ], [ 51.889484152781279, 30.477465366386799, 0.0 ], [ 51.889748489500398, 30.477304454126209, 0.0 ], [ 51.890126376634313, 30.47707441575098, 0.0 ], [ 51.890139322098527, 30.477066535668509, 0.0 ], [ 51.890154592313714, 30.477043369382379, 0.0 ], [ 51.890397138170947, 30.476675415092821, 0.0 ], [ 51.8905336635125, 30.476468297739409, 0.0 ], [ 51.890576290245747, 30.475946635188869, 0.0 ], [ 51.890583461041402, 30.475858876759268, 0.0 ], [ 51.89067209874267, 30.47545206226075, 0.0 ], [ 51.890722137247508, 30.4752224001708, 0.0 ], [ 51.890753702813029, 30.475077521977418, 0.0 ], [ 51.890866293571293, 30.474560757535951, 0.0 ], [ 51.890940330495333, 30.474220944005371, 0.0 ], [ 51.891102661358538, 30.47366566412456, 0.0 ], [ 51.891167644531549, 30.473443376527221, 0.0 ], [ 51.891028828633488, 30.473053769499739, 0.0 ], [ 51.890935461802691, 30.472791720085151, 0.0 ], [ 51.890870978224939, 30.47261073646926, 0.0 ], [ 51.890824300653378, 30.47206062630379, 0.0 ], [ 51.891080136030489, 30.471699074053419, 0.0 ], [ 51.891164348201052, 30.471580061700621, 0.0 ], [ 51.891263404008782, 30.47148017678462, 0.0 ], [ 51.891322663996903, 30.471537380086179, 0.0 ], [ 51.891458477130818, 30.471293305732651, 0.0 ], [ 51.891483485323448, 30.47125825203943, 0.0 ], [ 51.891751151897587, 30.47098834165725, 0.0 ], [ 51.89180627550126, 30.47093275492465, 0.0 ], [ 51.892105200065828, 30.470733901632912, 0.0 ], [ 51.89219558688432, 30.470673772976561, 0.0 ], [ 51.892423010827727, 30.470522482358071, 0.0 ], [ 51.892985596857613, 30.47025469211092, 0.0 ], [ 51.893470345756427, 30.470023949586309, 0.0 ], [ 51.8936443266007, 30.46994113267019, 0.0 ], [ 51.894152036660039, 30.469964508646811, 0.0 ], [ 51.894539925501398, 30.469982366418371, 0.0 ], [ 51.894902939401007, 30.469953859906969, 0.0 ], [ 51.895200938568941, 30.4699304583215, 0.0 ], [ 51.895611029340571, 30.469832085006871, 0.0 ], [ 51.897860852596303, 30.469292365380699, 0.0 ], [ 51.899075926111152, 30.469000857725678, 0.0 ], [ 51.89935407446594, 30.468934125831439, 0.0 ], [ 51.899529894493661, 30.46883626987729, 0.0 ], [ 51.899565470942001, 30.46881646896513, 0.0 ], [ 51.899776437841751, 30.468699051137651, 0.0 ], [ 51.899967701185062, 30.468612858216488, 0.0 ], [ 51.900177810560443, 30.4685787625105, 0.0 ], [ 51.901223000454848, 30.468409146998908, 0.0 ], [ 51.901482060526398, 30.468364901616219, 0.0 ], [ 51.901494101286403, 30.468362844976159, 0.0 ], [ 51.901636471570377, 30.468345290309259, 0.0 ], [ 51.90167633825159, 30.46833171961892, 0.0 ], [ 51.902107522084563, 30.46825807401401, 0.0 ], [ 51.902241607168612, 30.468235171865899, 0.0 ], [ 51.902733408873218, 30.468223139074141, 0.0 ], [ 51.903012937303011, 30.468216299050191, 0.0 ], [ 51.903413469642082, 30.46839203667076, 0.0 ], [ 51.903538726241401, 30.46844699423109, 0.0 ], [ 51.903898710546528, 30.468604938207779, 0.0 ], [ 51.904588364361729, 30.468694902996909, 0.0 ], [ 51.905193795939397, 30.46861851548676, 0.0 ], [ 51.905353789331002, 30.46854274623794, 0.0 ], [ 51.905376185606372, 30.468532139864479, 0.0 ], [ 51.905502460921319, 30.468472337700089, 0.0 ], [ 51.905727000491247, 30.468439130892961, 0.0 ], [ 51.905812376874607, 30.468393780987249, 0.0 ], [ 51.905917024565241, 30.468338194568311, 0.0 ], [ 51.90611998566547, 30.46809589483459, 0.0 ], [ 51.906367595784822, 30.467933020836469, 0.0 ], [ 51.906487832276497, 30.46778764915754, 0.0 ], [ 51.906606142031372, 30.46764460616907, 0.0 ], [ 51.906624519667147, 30.46762764706039, 0.0 ], [ 51.906754547669969, 30.467511330147641, 0.0 ], [ 51.907150794880998, 30.467412713839622, 0.0 ], [ 51.907419253905204, 30.467345900501929, 0.0 ], [ 51.907468871076198, 30.467349239578301, 0.0 ], [ 51.9074725424599, 30.467348843173731, 0.0 ], [ 51.907591697340393, 30.46732883036638, 0.0 ], [ 51.907765441852817, 30.467243481615249, 0.0 ], [ 51.907879281770448, 30.46720436597607, 0.0 ], [ 51.907881920277497, 30.467203459707601, 0.0 ], [ 51.907898734397513, 30.467178004031521, 0.0 ], [ 51.908019968012631, 30.46711845021224, 0.0 ], [ 51.908065341108937, 30.467081912566481, 0.0 ], [ 51.908105882494347, 30.467049265149861, 0.0 ], [ 51.908104602091697, 30.467007480325091, 0.0 ], [ 51.908101078286897, 30.466892533047989, 0.0 ], [ 51.908110225052063, 30.46685781765996, 0.0 ], [ 51.908254855196184, 30.466638853748961, 0.0 ], [ 51.908366233343997, 30.466511468862741, 0.0 ], [ 51.908576067430097, 30.466379416095322, 0.0 ], [ 51.909053778138123, 30.46607877893668, 0.0 ], [ 51.909076778140481, 30.46606430390386, 0.0 ], [ 51.909371958384099, 30.465992352832188, 0.0 ], [ 51.910091416628767, 30.465816978531411, 0.0 ], [ 51.910197329679598, 30.465791160763519, 0.0 ], [ 51.910857637235317, 30.465432780634419, 0.0 ], [ 51.911367671183157, 30.46537746347644, 0.0 ], [ 51.91165331165886, 30.46534336578166, 0.0 ], [ 51.91229577237705, 30.46527679934368, 0.0 ], [ 51.912424303887043, 30.465182480089741, 0.0 ], [ 51.912677138905273, 30.464996946870269, 0.0 ], [ 51.91275549269762, 30.464939450084451, 0.0 ], [ 51.912843707982603, 30.46487471694784, 0.0 ], [ 51.912904198599527, 30.464830327960779, 0.0 ], [ 51.912928729393293, 30.46479724700437, 0.0 ], [ 51.913030454979022, 30.464660066785079, 0.0 ], [ 51.913125544070482, 30.46453183634198, 0.0 ], [ 51.913536537823653, 30.463977594990439, 0.0 ], [ 51.913761242293482, 30.463674568882109, 0.0 ], [ 51.914393273612909, 30.463530566862069, 0.0 ], [ 51.914781040642161, 30.46344610419294, 0.0 ], [ 51.915187608123993, 30.463355018845011, 0.0 ], [ 51.9154249046789, 30.4632954903045, 0.0 ], [ 51.91610670268205, 30.463054338496729, 0.0 ], [ 51.916150570776743, 30.463038822362311, 0.0 ], [ 51.916768277285563, 30.462837900538389, 0.0 ], [ 51.917121509560253, 30.462722337176071, 0.0 ], [ 51.91806327317623, 30.462610327442238, 0.0 ], [ 51.918702227885383, 30.46253432853803, 0.0 ], [ 51.919669577113133, 30.462262183605379, 0.0 ], [ 51.920607912800129, 30.462313596295822, 0.0 ], [ 51.920770165870039, 30.462385329562991, 0.0 ], [ 51.921073329887797, 30.46241035791061, 0.0 ], [ 51.92133301335268, 30.462404289406489, 0.0 ], [ 51.921656331742973, 30.462309798953189, 0.0 ], [ 51.921885408226863, 30.462297150070601, 0.0 ], [ 51.922018024899323, 30.46228982694355, 0.0 ], [ 51.923001148530503, 30.461902411868401, 0.0 ], [ 51.92308421927369, 30.461885536838711, 0.0 ], [ 51.923221497894417, 30.461861458243831, 0.0 ], [ 51.923355312699123, 30.46181094831471, 0.0 ], [ 51.92346798058874, 30.461757812353191, 0.0 ], [ 51.923482954759052, 30.461700374369752, 0.0 ], [ 51.923533972600168, 30.461595731561619, 0.0 ], [ 51.923563456207383, 30.461494432768511, 0.0 ], [ 51.92356437380046, 30.461431932003041, 0.0 ], [ 51.92371121648037, 30.461039648478959, 0.0 ], [ 51.923790154450828, 30.460900041606159, 0.0 ], [ 51.924024913891337, 30.46048484822391, 0.0 ], [ 51.92409764917867, 30.460420492444769, 0.0 ], [ 51.924223818121312, 30.460277506238452, 0.0 ], [ 51.924316852498123, 30.46017768622535, 0.0 ], [ 51.924870169639327, 30.45964557712092, 0.0 ], [ 51.9250324140692, 30.459482063311562, 0.0 ], [ 51.925309928413967, 30.459322980678468, 0.0 ], [ 51.925591610633766, 30.459161508272992, 0.0 ], [ 51.925655255447367, 30.459139838172, 0.0 ], [ 51.925734835299849, 30.459112741986729, 0.0 ], [ 51.925802369333283, 30.45908974755374, 0.0 ], [ 51.925830069848757, 30.459080316423549, 0.0 ], [ 51.925921607339752, 30.45910765555579, 0.0 ], [ 51.926233781972662, 30.459200892669379, 0.0 ], [ 51.926385858449052, 30.459246313143652, 0.0 ], [ 51.926938224836498, 30.459411284164869, 0.0 ], [ 51.92756786804965, 30.459599332059991, 0.0 ], [ 51.927758476211622, 30.45965625788989, 0.0 ], [ 51.928089091702901, 30.459754996277638, 0.0 ], [ 51.928142365153953, 30.459770906306389, 0.0 ], [ 51.928331115691734, 30.459827276031088, 0.0 ], [ 51.929055372505523, 30.46012943718522, 0.0 ], [ 51.929203002312171, 30.460191027950621, 0.0 ], [ 51.929206187844891, 30.460192816256171, 0.0 ], [ 51.92928647003459, 30.460255204235029, 0.0 ], [ 51.929296815909503, 30.460260430878819, 0.0 ], [ 51.929449799405148, 30.46034127794713, 0.0 ], [ 51.929488519406853, 30.460351303180609, 0.0 ], [ 51.929671687221173, 30.460454124345929, 0.0 ], [ 51.929942414703923, 30.460641014682921, 0.0 ], [ 51.930138812399058, 30.460767341549371, 0.0 ], [ 51.930451588999347, 30.461077700344251, 0.0 ], [ 51.930601242534152, 30.461231519388139, 0.0 ], [ 51.931018297562062, 30.461660177529289, 0.0 ], [ 51.931557918733908, 30.462057834472169, 0.0 ], [ 51.93168833112663, 30.46215393614106, 0.0 ], [ 51.931775197065257, 30.46216987723507, 0.0 ], [ 51.931782945703823, 30.46217129901688, 0.0 ], [ 51.931808762682003, 30.462176036866769, 0.0 ], [ 51.932185273237742, 30.4622451315627, 0.0 ], [ 51.932384428503553, 30.462171923593012, 0.0 ], [ 51.932519932924379, 30.462122113212999, 0.0 ], [ 51.932610849354688, 30.462088692123839, 0.0 ], [ 51.932727700115812, 30.461973392293672, 0.0 ], [ 51.93291249002359, 30.461791054511568, 0.0 ], [ 51.93301845749896, 30.461686492487431, 0.0 ], [ 51.933775339803127, 30.461387816775179, 0.0 ], [ 51.933920433338621, 30.46136298163503, 0.0 ], [ 51.933923918106593, 30.461362385506661, 0.0 ], [ 51.934875701220768, 30.461199468000579, 0.0 ], [ 51.935444556598661, 30.46122789595108, 0.0 ], [ 51.935586291115612, 30.461234978917791, 0.0 ], [ 51.935938605724338, 30.461383593394121, 0.0 ], [ 51.935992587253473, 30.461434775636789, 0.0 ], [ 51.936040759161131, 30.461480450160511, 0.0 ], [ 51.936188909999721, 30.4616209170233, 0.0 ], [ 51.936219800486747, 30.46165514390848, 0.0 ], [ 51.936581848871199, 30.462056291865618, 0.0 ], [ 51.936664543980591, 30.462147917099688, 0.0 ], [ 51.936787678909027, 30.46228434894125, 0.0 ], [ 51.937272337689933, 30.462519987227981, 0.0 ], [ 51.937444549504292, 30.46251058090866, 0.0 ], [ 51.937463233508041, 30.4625158363046, 0.0 ], [ 51.937549659328837, 30.46250484009752, 0.0 ], [ 51.937728218566683, 30.462495087305989, 0.0 ], [ 51.937795481873152, 30.46249141310075, 0.0 ], [ 51.938108972921412, 30.462390953072081, 0.0 ], [ 51.938400371641563, 30.46229757215551, 0.0 ], [ 51.938479839883371, 30.462291655920421, 0.0 ], [ 51.938716574982202, 30.462274032634578, 0.0 ], [ 51.938937076389493, 30.462257616693119, 0.0 ], [ 51.939337464861318, 30.462326921239939, 0.0 ], [ 51.939986198798749, 30.462428272936659, 0.0 ], [ 51.941059694754053, 30.462289694176679, 0.0 ], [ 51.941389255330982, 30.462161434787209, 0.0 ], [ 51.941417467309861, 30.462150454572949, 0.0 ], [ 51.941883830609093, 30.461968950428119, 0.0 ], [ 51.94257231317512, 30.46170099669812, 0.0 ], [ 51.942624729920063, 30.46168059598023, 0.0 ], [ 51.942674715026179, 30.461646840169241, 0.0 ], [ 51.942814531344027, 30.46155241794553, 0.0 ], [ 51.94300821617297, 30.461421615541251, 0.0 ], [ 51.943391190191782, 30.461162978780461, 0.0 ], [ 51.944272256077618, 30.460768635148881, 0.0 ], [ 51.944432322567742, 30.460696992131702, 0.0 ], [ 51.944502868067737, 30.46066541661515, 0.0 ], [ 51.944840549108633, 30.460524614098009, 0.0 ], [ 51.945309263441906, 30.460329172195511, 0.0 ], [ 51.946326157751741, 30.459905144324381, 0.0 ], [ 51.946396817254211, 30.459875680243169, 0.0 ], [ 51.946879061466433, 30.459672117344208, 0.0 ], [ 51.946973201930469, 30.459632378148019, 0.0 ], [ 51.94699125763497, 30.459628357104862, 0.0 ], [ 51.947412979307352, 30.459534439664679, 0.0 ], [ 51.947520820702543, 30.459560368334252, 0.0 ], [ 51.947816655560807, 30.459631495412129, 0.0 ], [ 51.947841029375873, 30.459637354960218, 0.0 ], [ 51.947849373636309, 30.459641232133691, 0.0 ], [ 51.948297972557242, 30.459849679245611, 0.0 ], [ 51.948443105875938, 30.459917116974971, 0.0 ], [ 51.948918705282857, 30.46013810570096, 0.0 ], [ 51.949184228426311, 30.460261480671491, 0.0 ], [ 51.949680154335283, 30.46032424006324, 0.0 ], [ 51.949791055604443, 30.460338280630911, 0.0 ], [ 51.949791246431843, 30.460338302702311, 0.0 ], [ 51.949849078138328, 30.46034687522878, 0.0 ], [ 51.950066781914082, 30.46037461587283, 0.0 ], [ 51.950163525331938, 30.46036628292066, 0.0 ], [ 51.950773668184418, 30.460313729423341, 0.0 ], [ 51.951773260847219, 30.460227624878058, 0.0 ], [ 51.951897818468836, 30.460216894131921, 0.0 ], [ 51.951928520997527, 30.460217674399129, 0.0 ], [ 51.952002710697982, 30.460219559397181, 0.0 ], [ 51.952518775575093, 30.460232673257192, 0.0 ], [ 51.952656421784823, 30.460236170812991, 0.0 ], [ 51.953196138519111, 30.460507440983829, 0.0 ], [ 51.953407372477088, 30.46083460228596, 0.0 ], [ 51.953852980167291, 30.46152475507105, 0.0 ], [ 51.953934619112523, 30.461668346921272, 0.0 ], [ 51.954207960944053, 30.462528044499258, 0.0 ], [ 51.954004069229093, 30.462864214024421, 0.0 ], [ 51.953907703675952, 30.462930671968291, 0.0 ], [ 51.95364935899768, 30.463168178872369, 0.0 ], [ 51.953501194699541, 30.4633099334478, 0.0 ], [ 51.953460938003317, 30.46339605970822, 0.0 ], [ 51.953265888978557, 30.463648407730268, 0.0 ], [ 51.953254290117947, 30.463668493671999, 0.0 ], [ 51.952643587330343, 30.46393468396073, 0.0 ], [ 51.952472442480627, 30.464009280113881, 0.0 ], [ 51.952193350824793, 30.464162033965579, 0.0 ], [ 51.951596625885337, 30.464488632553461, 0.0 ], [ 51.951517295318759, 30.464532051465302, 0.0 ], [ 51.951510911690249, 30.464535544954451, 0.0 ], [ 51.951499128769427, 30.464541994178081, 0.0 ], [ 51.951041934357711, 30.465100039463572, 0.0 ], [ 51.950790743903973, 30.46540663465921, 0.0 ], [ 51.950683399562593, 30.465682629564501, 0.0 ], [ 51.950888964991492, 30.465643941409731, 0.0 ], [ 51.950910361128003, 30.4656399144123, 0.0 ], [ 51.951026581070643, 30.4656180408845, 0.0 ], [ 51.951035344553127, 30.465655457323361, 0.0 ], [ 51.951072146495541, 30.465660937780239, 0.0 ], [ 51.951141323856497, 30.46564011457129, 0.0 ], [ 51.951246842763368, 30.465522951883731, 0.0 ], [ 51.951456160377482, 30.465412109955679, 0.0 ], [ 51.951610705482487, 30.465295832785269, 0.0 ], [ 51.951659247329033, 30.465245765348008, 0.0 ], [ 51.951738136487663, 30.465164396412469, 0.0 ], [ 51.95179523330939, 30.465139075332448, 0.0 ], [ 51.951920437146548, 30.465262702112199, 0.0 ], [ 51.951960243966809, 30.465302007916421, 0.0 ], [ 51.951872187185508, 30.46566100783819, 0.0 ], [ 51.951763493085579, 30.465943594169239, 0.0 ], [ 51.95159811050155, 30.46630659688552, 0.0 ], [ 51.951440978554253, 30.466565304977909, 0.0 ], [ 51.951374497088388, 30.46698860281403, 0.0 ], [ 51.951362368912299, 30.46731396257724, 0.0 ], [ 51.951350031165362, 30.467330774651021, 0.0 ], [ 51.951277639172162, 30.467506045366399, 0.0 ], [ 51.95127287509505, 30.467519714404471, 0.0 ], [ 51.95117947172286, 30.467646066574069, 0.0 ], [ 51.950975486805, 30.46778286821289, 0.0 ], [ 51.950834290210047, 30.467851838040669, 0.0 ], [ 51.950771332684937, 30.467903812219781, 0.0 ], [ 51.950571246897823, 30.4681386605928, 0.0 ], [ 51.950446441842651, 30.468207882311969, 0.0 ], [ 51.949968201653903, 30.468375098714809, 0.0 ], [ 51.949674002830847, 30.468470532676101, 0.0 ], [ 51.94931359104438, 30.468622515446651, 0.0 ], [ 51.949023676608363, 30.468793712085969, 0.0 ], [ 51.948840972191711, 30.469004000644301, 0.0 ], [ 51.948840321499361, 30.469008766101918, 0.0 ], [ 51.948747498465117, 30.469114859414159, 0.0 ], [ 51.948711577192213, 30.46925321959208, 0.0 ], [ 51.948680286617943, 30.469458574291099, 0.0 ], [ 51.948680277362477, 30.469459016502981, 0.0 ], [ 51.948530946608031, 30.46988528139989, 0.0 ], [ 51.94829353209964, 30.47026362556133, 0.0 ], [ 51.948128309955869, 30.470563301344171, 0.0 ], [ 51.947973642072029, 30.470789482562779, 0.0 ], [ 51.947929690842997, 30.471001851802271, 0.0 ], [ 51.947987489887367, 30.471363215990671, 0.0 ], [ 51.947906444528513, 30.472039493807571, 0.0 ], [ 51.947951174391747, 30.472422661321879, 0.0 ], [ 51.948024089406253, 30.47264879530973, 0.0 ], [ 51.948047326260557, 30.472768247212802, 0.0 ], [ 51.948078785302421, 30.47281842569841, 0.0 ], [ 51.948192825994269, 30.47317209897761, 0.0 ], [ 51.948450538961112, 30.473898860866949, 0.0 ], [ 51.9484657610667, 30.474327359404668, 0.0 ], [ 51.948369741414602, 30.474630958059951, 0.0 ], [ 51.948256193040137, 30.474886448862222, 0.0 ], [ 51.948260848483123, 30.474908681937439, 0.0 ], [ 51.948169304417227, 30.47524907670147, 0.0 ], [ 51.948168421845871, 30.47526152631939, 0.0 ], [ 51.947953541336673, 30.475660181713629, 0.0 ], [ 51.947827041664922, 30.47603526521365, 0.0 ], [ 51.947826467512193, 30.476042133449269, 0.0 ], [ 51.947765004537843, 30.47627501081633, 0.0 ], [ 51.947735768262007, 30.47658905089126, 0.0 ], [ 51.947691568824773, 30.476745752157061, 0.0 ], [ 51.947623232746572, 30.47694800000059, 0.0 ], [ 51.947604681856468, 30.476960700713491, 0.0 ], [ 51.947423699805867, 30.477063561715291, 0.0 ], [ 51.947244725662607, 30.477141109119199, 0.0 ], [ 51.946745134814407, 30.477233357965162, 0.0 ], [ 51.946694624811109, 30.477238720870361, 0.0 ], [ 51.946247133954337, 30.477245915378258, 0.0 ], [ 51.946003916666633, 30.477266658714392, 0.0 ], [ 51.945795716790322, 30.477378360190851, 0.0 ], [ 51.945461064518703, 30.477477239207211, 0.0 ], [ 51.945437786737493, 30.477484449789301, 0.0 ], [ 51.945090612715532, 30.477552185210669, 0.0 ], [ 51.944691708001898, 30.477682471673941, 0.0 ], [ 51.944660779183529, 30.477696583559769, 0.0 ], [ 51.944279799647283, 30.47775943915472, 0.0 ], [ 51.943976547345997, 30.477774552433939, 0.0 ], [ 51.94370469483416, 30.477828368146699, 0.0 ], [ 51.94346488778865, 30.477926183041198, 0.0 ], [ 51.943323125878827, 30.478116643940108, 0.0 ], [ 51.943320013124961, 30.47814658518956, 0.0 ], [ 51.943279771517261, 30.4781750832752, 0.0 ], [ 51.943035734244091, 30.478594178323291, 0.0 ], [ 51.94285864424333, 30.478798484263208, 0.0 ], [ 51.94238977192704, 30.47902692847644, 0.0 ], [ 51.942162762742392, 30.479116243278, 0.0 ], [ 51.942132140844478, 30.47917572448382, 0.0 ], [ 51.941885804561849, 30.479401055707179, 0.0 ], [ 51.941586307395347, 30.47980926945927, 0.0 ], [ 51.941092479438481, 30.48005195306828, 0.0 ], [ 51.940696116943663, 30.480341304389071, 0.0 ], [ 51.94079512494428, 30.48061580241988, 0.0 ], [ 51.940914738189747, 30.481281686680539, 0.0 ], [ 51.940668442214111, 30.481266654898992, 0.0 ], [ 51.940660070211358, 30.481270459080211, 0.0 ], [ 51.940510626971452, 30.481361214701629, 0.0 ], [ 51.940492920579253, 30.481376330195371, 0.0 ], [ 51.940340460470658, 30.481540626051942, 0.0 ], [ 51.940329939108167, 30.481559925273171, 0.0 ], [ 51.940325387330802, 30.48156382460289, 0.0 ], [ 51.940256057488703, 30.481684218713749, 0.0 ], [ 51.940238663621287, 30.481699450126019, 0.0 ], [ 51.94014287353307, 30.48177978088518, 0.0 ], [ 51.940125191912763, 30.48180247396277, 0.0 ], [ 51.9400249644982, 30.48184800829117, 0.0 ], [ 51.940043196098593, 30.48193923920979, 0.0 ], [ 51.940150305480813, 30.48198915389985, 0.0 ], [ 51.940338513288417, 30.48200870123247, 0.0 ], [ 51.940358592036993, 30.482020349960219, 0.0 ], [ 51.940669844160688, 30.482089553742519, 0.0 ], [ 51.940677763725873, 30.482101421873899, 0.0 ], [ 51.940827619222162, 30.48216900485232, 0.0 ], [ 51.940989446429832, 30.482176997679328, 0.0 ], [ 51.941109234718887, 30.48220688568853, 0.0 ], [ 51.941251758852466, 30.482259268913861, 0.0 ], [ 51.941662180105382, 30.482400158702411, 0.0 ], [ 51.941778030089452, 30.482468504073339, 0.0 ], [ 51.941978456173537, 30.482671796175651, 0.0 ], [ 51.942090254992209, 30.482865080741011, 0.0 ], [ 51.942090394759951, 30.48286920791325, 0.0 ], [ 51.942156155500527, 30.483083325162202, 0.0 ], [ 51.942160811300234, 30.48308752166832, 0.0 ], [ 51.942298336310508, 30.48333790938381, 0.0 ], [ 51.942344784297177, 30.48360115111922, 0.0 ], [ 51.942178290499143, 30.483937555343811, 0.0 ], [ 51.941987672229068, 30.484312021767149, 0.0 ], [ 51.941907774815547, 30.48438176469373, 0.0 ], [ 51.94165101079529, 30.484486329245481, 0.0 ], [ 51.941299745156002, 30.48455397885283, 0.0 ], [ 51.941013198416577, 30.484656707954631, 0.0 ], [ 51.940829700400819, 30.48471390555504, 0.0 ], [ 51.93902688730892, 30.48514469021687, 0.0 ], [ 51.93869579598519, 30.48526984136036, 0.0 ], [ 51.937783749301907, 30.48561211328883, 0.0 ], [ 51.937544730415873, 30.485684438032049, 0.0 ], [ 51.937194719408851, 30.485742980225019, 0.0 ], [ 51.936833048935071, 30.485854337720401, 0.0 ], [ 51.936631055765183, 30.485957208616579, 0.0 ], [ 51.936476148220528, 30.48605947214136, 0.0 ], [ 51.936344029120733, 30.486229070118281, 0.0 ], [ 51.936178697435373, 30.48646266182169, 0.0 ], [ 51.936053751231192, 30.486735841195621, 0.0 ], [ 51.935751461390019, 30.48697156779571, 0.0 ], [ 51.935116755954347, 30.487185187890798, 0.0 ], [ 51.934583098506337, 30.487297707612051, 0.0 ], [ 51.933925263609162, 30.487518215555848, 0.0 ], [ 51.933920784160058, 30.487519925082289, 0.0 ], [ 51.933873107451319, 30.487527820920029, 0.0 ], [ 51.933471002040697, 30.48769147121472, 0.0 ], [ 51.932905243552447, 30.48790724800379, 0.0 ], [ 51.932478499471401, 30.488083275644431, 0.0 ], [ 51.93191375795579, 30.48837858267364, 0.0 ], [ 51.931522166581168, 30.488577533352888, 0.0 ], [ 51.931017416732502, 30.488837178045991, 0.0 ], [ 51.930786258527483, 30.489003972995452, 0.0 ], [ 51.930500110246811, 30.489289763878279, 0.0 ], [ 51.930406214921497, 30.489332239152969, 0.0 ], [ 51.930155111521437, 30.489351850111909, 0.0 ], [ 51.929868542445647, 30.48937575238482, 0.0 ], [ 51.929514096766688, 30.489596535797681, 0.0 ], [ 51.929346651033157, 30.489798342100251, 0.0 ], [ 51.929267007772047, 30.489962366949651, 0.0 ], [ 51.929162798581203, 30.49021068795388, 0.0 ], [ 51.928979295900461, 30.490428380143161, 0.0 ], [ 51.928976015491777, 30.490433270714458, 0.0 ], [ 51.928767389388881, 30.49066833562004, 0.0 ], [ 51.928648597569193, 30.490761978880471, 0.0 ], [ 51.928595318034361, 30.490862212616008, 0.0 ], [ 51.928489348574459, 30.490981610905639, 0.0 ], [ 51.92825899827443, 30.49141186050656, 0.0 ], [ 51.92831823632153, 30.491889676497969, 0.0 ], [ 51.928680544328572, 30.4922570537111, 0.0 ], [ 51.928930462420837, 30.492447019498069, 0.0 ], [ 51.929456149902713, 30.49266885663501, 0.0 ], [ 51.930021819985349, 30.492712195227949, 0.0 ], [ 51.930653917158097, 30.492482100857611, 0.0 ], [ 51.931490477140422, 30.492045261579079, 0.0 ], [ 51.932201430865668, 30.491480732433001, 0.0 ], [ 51.932432430583937, 30.491120402417831, 0.0 ], [ 51.932442964920902, 30.491084823805959, 0.0 ], [ 51.932475898093607, 30.491036724811021, 0.0 ], [ 51.932582725699667, 30.49092511428459, 0.0 ], [ 51.932585699657771, 30.49092219471207, 0.0 ], [ 51.93292633607571, 30.49087775040751, 0.0 ], [ 51.933586904436083, 30.490766997645721, 0.0 ], [ 51.933905377165573, 30.490906834529859, 0.0 ], [ 51.934306440716263, 30.49103479960182, 0.0 ], [ 51.93567360521795, 30.491336300513961, 0.0 ], [ 51.936171844252193, 30.49154702828109, 0.0 ], [ 51.936271157452033, 30.491785433739661, 0.0 ], [ 51.936428860383792, 30.492476842725761, 0.0 ], [ 51.936812270198807, 30.49300420960552, 0.0 ], [ 51.9376532987269, 30.493239537895121, 0.0 ], [ 51.93840500168713, 30.492988243360049, 0.0 ], [ 51.93905097105074, 30.49278056701581, 0.0 ], [ 51.939856392952123, 30.492088989487151, 0.0 ], [ 51.94092168297724, 30.491131599201619, 0.0 ], [ 51.941306561906231, 30.490794957451641, 0.0 ], [ 51.941966724305097, 30.490305185066809, 0.0 ], [ 51.942762611475878, 30.490317479155561, 0.0 ], [ 51.94379423909492, 30.490330317936088, 0.0 ], [ 51.944568292121858, 30.490374340719381, 0.0 ], [ 51.945301394322762, 30.490560773329559, 0.0 ], [ 51.946552207798383, 30.49101639997609, 0.0 ], [ 51.94743720551142, 30.49142053333042, 0.0 ], [ 51.947786662739432, 30.49201226082921, 0.0 ], [ 51.947941527398633, 30.492583695789431, 0.0 ], [ 51.947932732114808, 30.492633003650599, 0.0 ], [ 51.947811888145857, 30.492881295583079, 0.0 ], [ 51.947813803438862, 30.492892923556489, 0.0 ], [ 51.947866513457889, 30.49300425816207, 0.0 ], [ 51.947851595999907, 30.493087893757711, 0.0 ], [ 51.9474090596824, 30.4934028925597, 0.0 ], [ 51.946873285465948, 30.493587862387859, 0.0 ], [ 51.946100895947147, 30.49388105694652, 0.0 ], [ 51.945140498015427, 30.494485953100309, 0.0 ], [ 51.944737100573569, 30.4946413496289, 0.0 ], [ 51.944383965748713, 30.494877463567569, 0.0 ], [ 51.943616914958163, 30.495390323003061, 0.0 ], [ 51.942291112113608, 30.496206567809828, 0.0 ], [ 51.941467615520239, 30.496518665660979, 0.0 ], [ 51.940327713708847, 30.497366245047381, 0.0 ], [ 51.939185589652382, 30.498341074951689, 0.0 ], [ 51.938557312078203, 30.498822691471879, 0.0 ], [ 51.93760398249723, 30.499530885827131, 0.0 ], [ 51.937013537202212, 30.49995991465148, 0.0 ], [ 51.936510069352209, 30.500298467066411, 0.0 ], [ 51.935980756139223, 30.500551982284069, 0.0 ], [ 51.935798113349342, 30.50077854304514, 0.0 ], [ 51.935338627675698, 30.501194505847309, 0.0 ], [ 51.934896840997098, 30.501343189014431, 0.0 ], [ 51.93462751941896, 30.501269777317368, 0.0 ], [ 51.934118168150363, 30.500882641328872, 0.0 ], [ 51.933393934393862, 30.500551422146959, 0.0 ], [ 51.932670900764087, 30.500434908695311, 0.0 ], [ 51.932218869413568, 30.50020963696532, 0.0 ], [ 51.931883778432727, 30.50007889626384, 0.0 ], [ 51.931610288805842, 30.500043163330599, 0.0 ], [ 51.93121360660809, 30.500564377698051, 0.0 ], [ 51.931031326341532, 30.501262728106639, 0.0 ], [ 51.930603109243577, 30.50195775322236, 0.0 ], [ 51.92934128601113, 30.50285246935745, 0.0 ], [ 51.928368480648331, 30.503301506340051, 0.0 ], [ 51.927496566327648, 30.50360018786121, 0.0 ], [ 51.926985099522547, 30.50409199345027, 0.0 ], [ 51.926704993173118, 30.50408523978869, 0.0 ], [ 51.926081529875447, 30.504280124735558, 0.0 ], [ 51.925865787210547, 30.504168264677659, 0.0 ], [ 51.925660295354923, 30.504423048134878, 0.0 ], [ 51.92564879839167, 30.504920041501371, 0.0 ], [ 51.926537973844198, 30.505716467963271, 0.0 ], [ 51.927083190206893, 30.505860184015798, 0.0 ], [ 51.927566094307203, 30.506152133535391, 0.0 ], [ 51.927709163243208, 30.5064829683017, 0.0 ], [ 51.927665093692838, 30.5071807776018, 0.0 ], [ 51.927371479883817, 30.507339814414131, 0.0 ], [ 51.926151075711402, 30.50770418028193, 0.0 ], [ 51.924083401341647, 30.507973488821811, 0.0 ], [ 51.923010454428493, 30.508027125130319, 0.0 ], [ 51.921710485646649, 30.508518165750449, 0.0 ], [ 51.921546154436143, 30.50883448686918, 0.0 ], [ 51.921422186371238, 30.509151747796231, 0.0 ], [ 51.921047544821903, 30.509084636460361, 0.0 ], [ 51.920899082527747, 30.508874440134282, 0.0 ], [ 51.920868008446533, 30.5085783061249, 0.0 ], [ 51.921104378015691, 30.50814857759584, 0.0 ], [ 51.921714704662413, 30.50792107955311, 0.0 ], [ 51.921932812399447, 30.507790367824089, 0.0 ], [ 51.921548349105251, 30.50772020975905, 0.0 ], [ 51.920935068005122, 30.507810389930309, 0.0 ], [ 51.920347533717283, 30.507913235564811, 0.0 ], [ 51.91980187305694, 30.5084494647448, 0.0 ], [ 51.91939950655366, 30.50873588933645, 0.0 ], [ 51.918991793529017, 30.508632487866318, 0.0 ], [ 51.918583835350837, 30.508592489357468, 0.0 ], [ 51.917266161277297, 30.508574054384301, 0.0 ], [ 51.916839112416511, 30.50881139907003, 0.0 ], [ 51.916370013969058, 30.509151554065109, 0.0 ], [ 51.915450789670487, 30.50938648504523, 0.0 ], [ 51.91467554358551, 30.509374783714438, 0.0 ], [ 51.913987125127193, 30.508916029716019, 0.0 ], [ 51.912240431216873, 30.508924322063521, 0.0 ], [ 51.911736499731973, 30.508915379794619, 0.0 ], [ 51.91148545720192, 30.509036631950579, 0.0 ], [ 51.911153164100057, 30.509401247508571, 0.0 ], [ 51.910795758681012, 30.50981945596741, 0.0 ], [ 51.910174560686443, 30.509664650770279, 0.0 ], [ 51.909540959909087, 30.50951743656724, 0.0 ], [ 51.90933093234473, 30.509771033551459, 0.0 ], [ 51.909232778560579, 30.5104389131684, 0.0 ], [ 51.908880288592343, 30.510819161536411, 0.0 ], [ 51.908350246000538, 30.511118840872509, 0.0 ], [ 51.908476955935491, 30.51146126012841, 0.0 ], [ 51.909581897043623, 30.51148433360893, 0.0 ], [ 51.91035358433669, 30.511625907012689, 0.0 ], [ 51.910375952087882, 30.511941640173632, 0.0 ], [ 51.910050797796117, 30.51222169761224, 0.0 ], [ 51.909519790093803, 30.512711641238621, 0.0 ], [ 51.909380048339521, 30.512883646773819, 0.0 ], [ 51.909130937075233, 30.51374411884327, 0.0 ], [ 51.909076097860627, 30.514010690157551, 0.0 ], [ 51.908963657140411, 30.51449839414531, 0.0 ], [ 51.908794949147207, 30.515206860392031, 0.0 ], [ 51.908689785117083, 30.515175662816642, 0.0 ], [ 51.908504492881363, 30.515061839361049, 0.0 ], [ 51.908375346371649, 30.514926876000331, 0.0 ], [ 51.908303196761928, 30.514724463661089, 0.0 ], [ 51.908153903091232, 30.514355268941991, 0.0 ], [ 51.908159003728628, 30.513651577316281, 0.0 ], [ 51.908136559149021, 30.513302538215111, 0.0 ], [ 51.907696875320433, 30.5128412570363, 0.0 ], [ 51.907551989626519, 30.512662728459919, 0.0 ], [ 51.907485123503882, 30.51241592718263, 0.0 ], [ 51.907078872041318, 30.512029747837818, 0.0 ], [ 51.906980102639473, 30.5119580381789, 0.0 ], [ 51.906769813845273, 30.5117613215711, 0.0 ], [ 51.906637169163943, 30.511443496233941, 0.0 ], [ 51.906635621102467, 30.511303848940479, 0.0 ], [ 51.906634167979043, 30.511172747002639, 0.0 ], [ 51.906704168844421, 30.510913518030691, 0.0 ], [ 51.906814337749857, 30.510727607629128, 0.0 ], [ 51.907084052551312, 30.510296121555381, 0.0 ], [ 51.907096247646273, 30.50975550068819, 0.0 ], [ 51.90705521205232, 30.509493545903329, 0.0 ], [ 51.906911181387493, 30.509246349967341, 0.0 ], [ 51.906903947201911, 30.508956358031, 0.0 ], [ 51.906786857755449, 30.508832245248271, 0.0 ], [ 51.906722798985612, 30.50871619666388, 0.0 ], [ 51.906572369801843, 30.508600324747452, 0.0 ], [ 51.90643073989893, 30.508494257594911, 0.0 ], [ 51.906369505225911, 30.508429701731199, 0.0 ], [ 51.906145134470378, 30.508195962430211, 0.0 ], [ 51.906066612268312, 30.507945156335168, 0.0 ], [ 51.905849128205617, 30.507562757474702, 0.0 ], [ 51.905567293765067, 30.507351190740899, 0.0 ], [ 51.905298389101148, 30.507059776074321, 0.0 ], [ 51.905056593351169, 30.506623334980041, 0.0 ], [ 51.904881147182707, 30.506415369026989, 0.0 ], [ 51.904626987981388, 30.5060188456176, 0.0 ], [ 51.90392241035233, 30.5055073681539, 0.0 ], [ 51.903342942881949, 30.505091766461629, 0.0 ], [ 51.903122891910847, 30.50490391252379, 0.0 ], [ 51.902927404638817, 30.50480560648305, 0.0 ], [ 51.902734135178477, 30.50470841450797, 0.0 ], [ 51.902548927780707, 30.504472559355381, 0.0 ], [ 51.902397849573639, 30.504251967985631, 0.0 ], [ 51.90227299941283, 30.503962906011861, 0.0 ], [ 51.902353680372073, 30.50361250694635, 0.0 ], [ 51.902536460455337, 30.50334527945839, 0.0 ], [ 51.902719022461113, 30.50316206711911, 0.0 ], [ 51.902848370661047, 30.50293800346385, 0.0 ], [ 51.902841488115321, 30.502650148771242, 0.0 ], [ 51.902791118834749, 30.502220182098089, 0.0 ], [ 51.902602877694889, 30.501999237351299, 0.0 ], [ 51.902521194938487, 30.50176435518285, 0.0 ], [ 51.902644641045868, 30.501536491316049, 0.0 ], [ 51.902786751339967, 30.501178505559761, 0.0 ], [ 51.902792838482938, 30.50100347042617, 0.0 ], [ 51.903018906724633, 30.500787384677441, 0.0 ], [ 51.903086945248937, 30.500633272354399, 0.0 ], [ 51.903092291864887, 30.500547547557471, 0.0 ], [ 51.903106440377208, 30.5003207120164, 0.0 ], [ 51.902980975022729, 30.50015375546085, 0.0 ], [ 51.902964166129287, 30.499980057350658, 0.0 ], [ 51.902913225015141, 30.499868226203969, 0.0 ], [ 51.902747152846857, 30.499672059561259, 0.0 ], [ 51.902450897759202, 30.499298001232528, 0.0 ], [ 51.90191116321725, 30.498945390873281, 0.0 ], [ 51.901756222933592, 30.498814235104039, 0.0 ], [ 51.901661075725158, 30.498759852454199, 0.0 ], [ 51.901691989045347, 30.49862709063073, 0.0 ], [ 51.901752818598382, 30.49851940897134, 0.0 ], [ 51.901940495758822, 30.498234091662649, 0.0 ], [ 51.902139181553828, 30.49804111804502, 0.0 ], [ 51.90215130720528, 30.49777902772172, 0.0 ], [ 51.902103263568677, 30.497332464746009, 0.0 ], [ 51.901956844343133, 30.497146118243901, 0.0 ], [ 51.901771409194787, 30.496919460613231, 0.0 ], [ 51.901596885824098, 30.496734285313941, 0.0 ], [ 51.901358582097188, 30.49655549898258, 0.0 ], [ 51.901204382000152, 30.496417780042179, 0.0 ], [ 51.901173252551118, 30.496377099467161, 0.0 ], [ 51.900964069119787, 30.4964915099367, 0.0 ], [ 51.900252126079593, 30.49690948986105, 0.0 ], [ 51.899447759685081, 30.496716828165422, 0.0 ], [ 51.899177669114607, 30.49677974358994, 0.0 ], [ 51.899052091746697, 30.496743834895518, 0.0 ], [ 51.898990009248529, 30.49722050364845, 0.0 ], [ 51.898952366827359, 30.497298003383051, 0.0 ], [ 51.898901230056339, 30.497582163035261, 0.0 ], [ 51.898886326556386, 30.497734842169429, 0.0 ], [ 51.898921480901073, 30.497864374944442, 0.0 ], [ 51.898983659472037, 30.498005191869218, 0.0 ], [ 51.899015492775547, 30.498168560829889, 0.0 ], [ 51.899120553324117, 30.498319872098751, 0.0 ], [ 51.899244095008292, 30.49839196224918, 0.0 ], [ 51.899465474671331, 30.498541489039201, 0.0 ], [ 51.899564908116972, 30.498627549185251, 0.0 ], [ 51.899638736758341, 30.498783187480509, 0.0 ], [ 51.899628336104698, 30.498903969519031, 0.0 ], [ 51.899564775675323, 30.499099148918489, 0.0 ], [ 51.899537744148297, 30.499138962525979, 0.0 ], [ 51.899432413912123, 30.49927401856236, 0.0 ], [ 51.899288737730743, 30.499414609611652, 0.0 ], [ 51.899166724728701, 30.49953762422745, 0.0 ], [ 51.899161158676201, 30.499608927465029, 0.0 ], [ 51.899189862779188, 30.499738445055211, 0.0 ], [ 51.899188605233093, 30.500138328366489, 0.0 ], [ 51.899196753870157, 30.500457299107779, 0.0 ], [ 51.899194992084333, 30.50060583245158, 0.0 ], [ 51.899272607921652, 30.500719727892779, 0.0 ], [ 51.899282084143302, 30.500973875422321, 0.0 ], [ 51.89919819564426, 30.50117109246381, 0.0 ], [ 51.899187560641451, 30.501217432288989, 0.0 ], [ 51.899156167451608, 30.501354211332579, 0.0 ], [ 51.899124435591553, 30.501413289698881, 0.0 ], [ 51.899181108332449, 30.501482265985409, 0.0 ], [ 51.899218557323508, 30.5015790937703, 0.0 ], [ 51.899244514179351, 30.50163803947823, 0.0 ], [ 51.899366674916628, 30.50170736696607, 0.0 ], [ 51.899434143120779, 30.50180482131897, 0.0 ], [ 51.89949855339168, 30.50187445962132, 0.0 ], [ 51.899468371855569, 30.50198910324098, 0.0 ], [ 51.899384527427223, 30.50210044912194, 0.0 ], [ 51.899329858166887, 30.50224575616279, 0.0 ], [ 51.899257109208037, 30.502394025760829, 0.0 ], [ 51.899265469286682, 30.502657763750541, 0.0 ], [ 51.899288287874391, 30.502859645100461, 0.0 ], [ 51.899339259636449, 30.503055027566841, 0.0 ], [ 51.899350526465327, 30.503195792971511, 0.0 ], [ 51.899124743699623, 30.50344110892744, 0.0 ], [ 51.899069606567558, 30.503617347588509, 0.0 ], [ 51.898829861083499, 30.50404062628601, 0.0 ], [ 51.898766085338927, 30.50412950052738, 0.0 ], [ 51.898769680914668, 30.504182009815469, 0.0 ], [ 51.898784223306997, 30.504333643879779, 0.0 ], [ 51.898712016151407, 30.50443172773705, 0.0 ], [ 51.898586104819451, 30.504740459778802, 0.0 ], [ 51.898646853851069, 30.504931503397071, 0.0 ], [ 51.898701699806438, 30.505020230153089, 0.0 ], [ 51.898857483125568, 30.50514574393587, 0.0 ], [ 51.898960118292628, 30.505246340606021, 0.0 ], [ 51.899127292102527, 30.505435822480891, 0.0 ], [ 51.899403595700477, 30.505917793537051, 0.0 ], [ 51.899412984333424, 30.506362024153191, 0.0 ], [ 51.899176128507669, 30.50722151281067, 0.0 ], [ 51.899171760254987, 30.507425963756042, 0.0 ], [ 51.899148680282742, 30.507571914446409, 0.0 ], [ 51.899120253399239, 30.50773250182586, 0.0 ], [ 51.898891543962051, 30.507591390134689, 0.0 ], [ 51.898599772064408, 30.507592418522279, 0.0 ], [ 51.898528013721027, 30.5078453239379, 0.0 ], [ 51.898725443518003, 30.50803724868587, 0.0 ], [ 51.899270484659347, 30.508308994292179, 0.0 ], [ 51.898624358024009, 30.508285641650311, 0.0 ], [ 51.898311516786038, 30.508258245798231, 0.0 ], [ 51.898102594089359, 30.508150710369641, 0.0 ], [ 51.897976615767597, 30.50795264016848, 0.0 ], [ 51.897975295928497, 30.50767293382977, 0.0 ], [ 51.898226518718751, 30.507130931185969, 0.0 ], [ 51.898221567708099, 30.506859972740941, 0.0 ], [ 51.897998151204213, 30.506529009113621, 0.0 ], [ 51.897645460806473, 30.506230383690049, 0.0 ], [ 51.897309193929793, 30.506069425694761, 0.0 ], [ 51.896967233588597, 30.50604328812009, 0.0 ], [ 51.896811685093461, 30.506206255830939, 0.0 ], [ 51.89678169835522, 30.506477055060898, 0.0 ], [ 51.896815922346818, 30.507108554901521, 0.0 ], [ 51.897023900199713, 30.507692416555908, 0.0 ], [ 51.897063821967492, 30.50795627840942, 0.0 ], [ 51.89698272127815, 30.50830128930092, 0.0 ], [ 51.896698246154429, 30.508678997967799, 0.0 ], [ 51.896461534897277, 30.508617797503401, 0.0 ], [ 51.896218041666373, 30.508500227321509, 0.0 ], [ 51.89607261109775, 30.50859998805797, 0.0 ], [ 51.896108362082828, 30.50955631874206, 0.0 ], [ 51.896330286036488, 30.5102142295022, 0.0 ], [ 51.896383963987887, 30.510547896386111, 0.0 ], [ 51.896385567279879, 30.510890773324409, 0.0 ], [ 51.896596489068983, 30.511422395887479, 0.0 ], [ 51.896970113647363, 30.511810128842701, 0.0 ], [ 51.897509578349151, 30.512077592225129, 0.0 ], [ 51.897917418361089, 30.512140131024999, 0.0 ], [ 51.898175271413578, 30.512517653986912, 0.0 ], [ 51.897885041864569, 30.512852534768541, 0.0 ], [ 51.897798608473359, 30.513313986752419, 0.0 ], [ 51.897732906225578, 30.513686390470991, 0.0 ], [ 51.897465453024182, 30.514487209744861, 0.0 ], [ 51.897723562829412, 30.514928904877632, 0.0 ], [ 51.898306132979933, 30.515658387547141, 0.0 ], [ 51.89857719090795, 30.515981125971919, 0.0 ], [ 51.89870037318682, 30.516396320971591, 0.0 ], [ 51.898841940208662, 30.51687347872171, 0.0 ], [ 51.898760312665857, 30.51724371960109, 0.0 ], [ 51.898053412240792, 30.518795433621939, 0.0 ], [ 51.897800995386909, 30.519349498816648, 0.0 ], [ 51.89733382700507, 30.519739141868239, 0.0 ], [ 51.897572584198571, 30.520444800260378, 0.0 ], [ 51.897809196926701, 30.521090940405699, 0.0 ], [ 51.89800908761481, 30.521487249130882, 0.0 ], [ 51.898130024037251, 30.522197030619491, 0.0 ], [ 51.898256244165303, 30.5225439240496, 0.0 ], [ 51.898516156456168, 30.522929158772609, 0.0 ], [ 51.898983049545251, 30.52331172161519, 0.0 ], [ 51.899592650187877, 30.523556974600059, 0.0 ], [ 51.900059468737517, 30.524005755396718, 0.0 ], [ 51.900294453654922, 30.524294378656322, 0.0 ], [ 51.899997817752187, 30.52446822975287, 0.0 ], [ 51.899597425745121, 30.52456754731308, 0.0 ], [ 51.899613971461093, 30.524725638476369, 0.0 ], [ 51.899874635497412, 30.525082297120012, 0.0 ], [ 51.899963630599927, 30.525253790087479, 0.0 ], [ 51.900185406729108, 30.525476793098139, 0.0 ], [ 51.900685343261863, 30.52540283870449, 0.0 ], [ 51.90095594462894, 30.52558783941236, 0.0 ], [ 51.901105828049083, 30.525895953401569, 0.0 ], [ 51.901117177903792, 30.52618849914883, 0.0 ], [ 51.90099252696934, 30.526439400688211, 0.0 ], [ 51.90073238277062, 30.526530557554551, 0.0 ], [ 51.900537610153442, 30.5267287490237, 0.0 ], [ 51.900422563192997, 30.527136207179829, 0.0 ], [ 51.899818554635083, 30.527246629947161, 0.0 ], [ 51.898460201050462, 30.527271316832881, 0.0 ], [ 51.897780951980863, 30.527477733142049, 0.0 ], [ 51.896923050549148, 30.5276899796593, 0.0 ], [ 51.896027746610642, 30.527918709899911, 0.0 ], [ 51.895256487678992, 30.52793044552158, 0.0 ], [ 51.894411560750058, 30.527789032782771, 0.0 ], [ 51.89379486696162, 30.527655987312151, 0.0 ], [ 51.893243688220799, 30.527684848657231, 0.0 ], [ 51.893350738961971, 30.528289021863451, 0.0 ], [ 51.893414749233223, 30.528604607621279, 0.0 ], [ 51.893216047152997, 30.528460928773018, 0.0 ], [ 51.892798329368439, 30.528290949701091, 0.0 ], [ 51.892316728731927, 30.527832452105159, 0.0 ], [ 51.891970803963169, 30.527409568415131, 0.0 ], [ 51.891845983642568, 30.527464147927311, 0.0 ], [ 51.891952138784681, 30.52787883820934, 0.0 ], [ 51.891975084160038, 30.528329920772119, 0.0 ], [ 51.891841306662961, 30.528700333704499, 0.0 ], [ 51.891968105808907, 30.529069838007938, 0.0 ], [ 51.892240442277782, 30.529357631678721, 0.0 ], [ 51.892095109710148, 30.529484457489559, 0.0 ], [ 51.891938681018893, 30.5294669584795, 0.0 ], [ 51.891708618063547, 30.52930534609095, 0.0 ], [ 51.891584416109772, 30.529495262334009, 0.0 ], [ 51.891638253083492, 30.52986502258317, 0.0 ], [ 51.891646953550527, 30.530282511201879, 0.0 ], [ 51.891491905194243, 30.530450439221529, 0.0 ], [ 51.891074345900073, 30.53036240369876, 0.0 ], [ 51.890772148671147, 30.530373024419958, 0.0 ] ] ] ] } },
{ "type": "Feature", "properties": { "Name": "منطقه حفاظت شده بهرام گور", "description": "<html xmlns:fo=\"http://www.w3.org/1999/XSL/Format\" xmlns:msxsl=\"urn:schemas-microsoft-com:xslt\">\n\n<head>\n\n<META http-equiv=\"Content-Type\" content=\"text/html\">\n\n<meta http-equiv=\"content-type\" content=\"text/html; charset=UTF-8\">\n\n</head>\n\n<body style=\"margin:0px 0px 0px 0px;overflow:auto;background:#FFFFFF;\">\n\n<table style=\"font-family:Arial,Verdana,Times;font-size:12px;text-align:left;width:100%;border-collapse:collapse;padding:3px 3px 3px 3px\">\n\n<tr style=\"text-align:center;font-weight:bold;background:#9CBCE2\">\n\n<td>منطقه حفاظت شده بهرام گور</td>\n\n</tr>\n\n<tr>\n\n<td>\n\n<table style=\"font-family:Arial,Verdana,Times;font-size:12px;text-align:left;width:100%;border-spacing:0px; padding:3px 3px 3px 3px\">\n\n<tr>\n\n<td>FID</td>\n\n<td>4</td>\n\n</tr>\n\n<tr bgcolor=\"#D4E4F3\">\n\n<td>OBJECTID_1</td>\n\n<td>5</td>\n\n</tr>\n\n<tr>\n\n<td>cod</td>\n\n<td>7</td>\n\n</tr>\n\n<tr bgcolor=\"#D4E4F3\">\n\n<td>tafkik_id</td>\n\n<td>3</td>\n\n</tr>\n\n<tr>\n\n<td>tafkik_nam</td>\n\n<td>منطقه حفاظت شده</td>\n\n</tr>\n\n<tr bgcolor=\"#D4E4F3\">\n\n<td>shahrestan</td>\n\n<td>ني ريز</td>\n\n</tr>\n\n<tr>\n\n<td>NAME1</td>\n\n<td>منطقه حفاظت شده بهرام گور</td>\n\n</tr>\n\n<tr bgcolor=\"#D4E4F3\">\n\n<td>sal_mosava</td>\n\n<td>1351</td>\n\n</tr>\n\n<tr>\n\n<td>AREA_ha</td>\n\n<td>372028</td>\n\n</tr>\n\n<tr bgcolor=\"#D4E4F3\">\n\n<td>F_AREA</td>\n\n<td>4038438487.69</td>\n\n</tr>\n\n<tr>\n\n<td>Shape_Leng</td>\n\n<td>348694.886781</td>\n\n</tr>\n\n</table>\n\n</td>\n\n</tr>\n\n</table>\n\n</body>\n\n</html>\n\n", "timestamp": null, "begin": null, "end": null, "altitudeMode": "clampToGround", "tessellate": -1, "extrude": 0, "visibility": -1, "drawOrder": null, "icon": null, "snippet": "" }, "geometry": { "type": "MultiPolygon", "coordinates": [ [ [ [ 54.498062808110816, 29.69048480599011, 0.0 ], [ 54.496219721937422, 29.691447254738161, 0.0 ], [ 54.490803581741922, 29.692507036398641, 0.0 ], [ 54.484788424948512, 29.694395995933871, 0.0 ], [ 54.483774008309418, 29.695454083771079, 0.0 ], [ 54.481236354299767, 29.69716794892425, 0.0 ], [ 54.480281371927333, 29.697200408969699, 0.0 ], [ 54.476142457389152, 29.69914601318473, 0.0 ], [ 54.468576008941618, 29.702007161418681, 0.0 ], [ 54.461421260595671, 29.705080553422651, 0.0 ], [ 54.45757922586219, 29.706630577410081, 0.0 ], [ 54.452318388767807, 29.708503985531362, 0.0 ], [ 54.449486235667592, 29.709053452540171, 0.0 ], [ 54.445354990562713, 29.710472504046951, 0.0 ], [ 54.438325328486229, 29.713407143331899, 0.0 ], [ 54.428290976454221, 29.717389097656952, 0.0 ], [ 54.423218298001757, 29.718800020373479, 0.0 ], [ 54.416266444603941, 29.72154367232298, 0.0 ], [ 54.413405629473523, 29.72328735143569, 0.0 ], [ 54.407651486609083, 29.725369128895249, 0.0 ], [ 54.39763125244037, 29.72870091243713, 0.0 ], [ 54.396268821438859, 29.729228570648011, 0.0 ], [ 54.393122623572268, 29.729997214908071, 0.0 ], [ 54.389101589987987, 29.731386996749581, 0.0 ], [ 54.388997716207932, 29.731351121055479, 0.0 ], [ 54.388681931368801, 29.73117350453273, 0.0 ], [ 54.387896929791381, 29.73055139930112, 0.0 ], [ 54.387154983705827, 29.730031616202591, 0.0 ], [ 54.385400071473448, 29.728858145625949, 0.0 ], [ 54.381688068616199, 29.72683897758888, 0.0 ], [ 54.37569950262364, 29.722229231036231, 0.0 ], [ 54.37167155268186, 29.719982133264029, 0.0 ], [ 54.373776782107413, 29.716391285215931, 0.0 ], [ 54.373406586216163, 29.716060870347309, 0.0 ], [ 54.367944851673229, 29.71368224040792, 0.0 ], [ 54.366072030532152, 29.713266774727281, 0.0 ], [ 54.362463204163809, 29.712144818621841, 0.0 ], [ 54.361504581038957, 29.711744016780269, 0.0 ], [ 54.359751707980301, 29.711138713944401, 0.0 ], [ 54.359373767330553, 29.710958794243531, 0.0 ], [ 54.359289611073613, 29.71077764256292, 0.0 ], [ 54.357834989056222, 29.710736363408561, 0.0 ], [ 54.356506368216543, 29.71065814611433, 0.0 ], [ 54.355974897898591, 29.710392281125412, 0.0 ], [ 54.355663530065328, 29.710142533569499, 0.0 ], [ 54.35521003088062, 29.70977877967843, 0.0 ], [ 54.355036713194849, 29.709639759897019, 0.0 ], [ 54.35421644167787, 29.709162233721621, 0.0 ], [ 54.353355060168788, 29.7088084397685, 0.0 ], [ 54.351534286917989, 29.70831097119132, 0.0 ], [ 54.3502427213731, 29.707976635141101, 0.0 ], [ 54.346609483716378, 29.70668668357985, 0.0 ], [ 54.34556540608218, 29.706399464115691, 0.0 ], [ 54.345189170606552, 29.706356294174061, 0.0 ], [ 54.344747147327944, 29.706254136354769, 0.0 ], [ 54.344480920864818, 29.706030262986499, 0.0 ], [ 54.344516884554601, 29.705807053335938, 0.0 ], [ 54.344684473833993, 29.705511771003309, 0.0 ], [ 54.346535665009853, 29.702972138076301, 0.0 ], [ 54.347585383234183, 29.701240230777518, 0.0 ], [ 54.348222209003083, 29.69997293459873, 0.0 ], [ 54.348531578047613, 29.699016655854841, 0.0 ], [ 54.348638402080269, 29.69557062968147, 0.0 ], [ 54.348854319361678, 29.694323496659379, 0.0 ], [ 54.349667772623278, 29.69266539760169, 0.0 ], [ 54.3506777594325, 29.687818476327529, 0.0 ], [ 54.351097550195583, 29.685583219388111, 0.0 ], [ 54.351889781432007, 29.684179123139351, 0.0 ], [ 54.352664718495269, 29.68172411529919, 0.0 ], [ 54.353439362933933, 29.681024853154391, 0.0 ], [ 54.354656088467152, 29.680873212336891, 0.0 ], [ 54.356952315114732, 29.681086183389581, 0.0 ], [ 54.357594339648983, 29.68087488798329, 0.0 ], [ 54.358713661807222, 29.679645970457649, 0.0 ], [ 54.359990616127568, 29.677979269006901, 0.0 ], [ 54.361614735672191, 29.676153383837029, 0.0 ], [ 54.362303751318549, 29.675338114720599, 0.0 ], [ 54.363202503940443, 29.6740989915968, 0.0 ], [ 54.363929390155413, 29.673083226822591, 0.0 ], [ 54.364978262178766, 29.671432428334331, 0.0 ], [ 54.365613679760713, 29.670394769182138, 0.0 ], [ 54.366323780929662, 29.66899115068987, 0.0 ], [ 54.367131771125663, 29.667456690716659, 0.0 ], [ 54.368259233183409, 29.665390967529859, 0.0 ], [ 54.3695491758114, 29.66294919955681, 0.0 ], [ 54.370642805023429, 29.660957313510291, 0.0 ], [ 54.372043312375467, 29.658771600233969, 0.0 ], [ 54.373344388176932, 29.656687248192721, 0.0 ], [ 54.37497983333634, 29.65415321392263, 0.0 ], [ 54.376850019734981, 29.651454626793541, 0.0 ], [ 54.377518309767368, 29.6504902789898, 0.0 ], [ 54.378750399220841, 29.64834230459417, 0.0 ], [ 54.38041490238777, 29.64530197072774, 0.0 ], [ 54.38129254980673, 29.6436871304346, 0.0 ], [ 54.382146551505137, 29.642221459091981, 0.0 ], [ 54.383363995079968, 29.640225678166281, 0.0 ], [ 54.384487769990173, 29.63838337669327, 0.0 ], [ 54.38576552984177, 29.636345332259719, 0.0 ], [ 54.386689159573763, 29.634904384867909, 0.0 ], [ 54.387739630478897, 29.633265502789861, 0.0 ], [ 54.388861718293349, 29.631514823421991, 0.0 ], [ 54.389735594067282, 29.630151360993111, 0.0 ], [ 54.391216985973493, 29.627959144475309, 0.0 ], [ 54.392803699615683, 29.625781610396881, 0.0 ], [ 54.39463813280841, 29.622745355307359, 0.0 ], [ 54.395723455585603, 29.620948899329559, 0.0 ], [ 54.397098565827058, 29.618730737889251, 0.0 ], [ 54.398139720490427, 29.61719079372725, 0.0 ], [ 54.39929485276577, 29.61546694007021, 0.0 ], [ 54.401230504566712, 29.61221153492626, 0.0 ], [ 54.401597127740892, 29.611818555884032, 0.0 ], [ 54.402867035490353, 29.6111294064916, 0.0 ], [ 54.403949346770339, 29.610232425272219, 0.0 ], [ 54.405188713940717, 29.60896722449246, 0.0 ], [ 54.405791794014938, 29.608130269200849, 0.0 ], [ 54.406158291958732, 29.60743763159774, 0.0 ], [ 54.405997943163683, 29.606947870120852, 0.0 ], [ 54.405146990806337, 29.606409514917068, 0.0 ], [ 54.406193905493822, 29.605649335705991, 0.0 ], [ 54.407977937431028, 29.603342817750871, 0.0 ], [ 54.40861076803278, 29.601844139492769, 0.0 ], [ 54.412792407158321, 29.598561159163289, 0.0 ], [ 54.414986496431453, 29.597166201051689, 0.0 ], [ 54.416376172764998, 29.595716933786921, 0.0 ], [ 54.422436066497077, 29.58837468535857, 0.0 ], [ 54.426543131439701, 29.58366844520857, 0.0 ], [ 54.429269613933741, 29.58172456220672, 0.0 ], [ 54.431471597813747, 29.578853601451112, 0.0 ], [ 54.432432268784368, 29.575323127296009, 0.0 ], [ 54.43385752974109, 29.572036605860649, 0.0 ], [ 54.43758452452758, 29.566730900073129, 0.0 ], [ 54.438629402028909, 29.562265577515571, 0.0 ], [ 54.438068972875413, 29.55748355014612, 0.0 ], [ 54.438087115534451, 29.555816720760699, 0.0 ], [ 54.439783240647913, 29.551564673758978, 0.0 ], [ 54.441286050900011, 29.548427422386929, 0.0 ], [ 54.443657791881108, 29.544879861682471, 0.0 ], [ 54.445238083703757, 29.542935787929881, 0.0 ], [ 54.446258537928507, 29.539797751744391, 0.0 ], [ 54.447237269712147, 29.53837985547537, 0.0 ], [ 54.448730642879667, 29.536536621872759, 0.0 ], [ 54.449702215811357, 29.534940972828661, 0.0 ], [ 54.451581587008768, 29.533844076367291, 0.0 ], [ 54.452242165250503, 29.533140444318359, 0.0 ], [ 54.457259943947761, 29.526726953941129, 0.0 ], [ 54.461373352481559, 29.521707050859099, 0.0 ], [ 54.465143643393077, 29.51696168032008, 0.0 ], [ 54.469739732001713, 29.511720234549511, 0.0 ], [ 54.470117015815887, 29.510479520442519, 0.0 ], [ 54.469828408375292, 29.509711595127499, 0.0 ], [ 54.470015174665598, 29.50923696963935, 0.0 ], [ 54.471357696096121, 29.50852159847534, 0.0 ], [ 54.471462209281214, 29.50709455544844, 0.0 ], [ 54.472023177091742, 29.506061415155649, 0.0 ], [ 54.474986454830379, 29.502516611149961, 0.0 ], [ 54.475636029787893, 29.49976384137959, 0.0 ], [ 54.476050327207503, 29.49800812918361, 0.0 ], [ 54.476563540252528, 29.496089082786611, 0.0 ], [ 54.476241079810357, 29.495350388050301, 0.0 ], [ 54.475713685859361, 29.49218684235743, 0.0 ], [ 54.476215849058072, 29.487416270498429, 0.0 ], [ 54.47560004715406, 29.48389283774058, 0.0 ], [ 54.476891430086113, 29.480975400274289, 0.0 ], [ 54.47896729913451, 29.476564674994229, 0.0 ], [ 54.478894907829741, 29.475598826446468, 0.0 ], [ 54.481576476580038, 29.469156486780641, 0.0 ], [ 54.484802913909178, 29.453614020372399, 0.0 ], [ 54.484149017750127, 29.449192073315679, 0.0 ], [ 54.484462048126119, 29.447478730308799, 0.0 ], [ 54.482984861617787, 29.44180807330579, 0.0 ], [ 54.482430031999058, 29.4411653524391, 0.0 ], [ 54.482011455126532, 29.43961219311414, 0.0 ], [ 54.481226510999662, 29.438033073063469, 0.0 ], [ 54.480077640956203, 29.436499015927168, 0.0 ], [ 54.479220699883093, 29.435188375045801, 0.0 ], [ 54.477140524924437, 29.432541099558311, 0.0 ], [ 54.477295523020629, 29.429942024734281, 0.0 ], [ 54.478832774011963, 29.425010398397632, 0.0 ], [ 54.478485199810429, 29.424344068216872, 0.0 ], [ 54.47834168661484, 29.423707951763799, 0.0 ], [ 54.479346794544419, 29.422224194582299, 0.0 ], [ 54.479564757394222, 29.421471981419629, 0.0 ], [ 54.479044607290852, 29.419317138991659, 0.0 ], [ 54.477827591110298, 29.416967216885261, 0.0 ], [ 54.478256256019662, 29.41524969502532, 0.0 ], [ 54.478164226059143, 29.41374129743765, 0.0 ], [ 54.475614745135402, 29.41160390712189, 0.0 ], [ 54.475249584468173, 29.410419018105831, 0.0 ], [ 54.475410062817147, 29.409170634865209, 0.0 ], [ 54.476527102605637, 29.40739959218643, 0.0 ], [ 54.476541045717362, 29.406617164551129, 0.0 ], [ 54.476113077432622, 29.404779826774419, 0.0 ], [ 54.476045902713572, 29.403999517177901, 0.0 ], [ 54.47607073855351, 29.403536739455308, 0.0 ], [ 54.476506659802212, 29.4020323238049, 0.0 ], [ 54.476346270354071, 29.400898964320671, 0.0 ], [ 54.47565619368573, 29.399708338574609, 0.0 ], [ 54.47462045730952, 29.398857330695741, 0.0 ], [ 54.472466160603368, 29.39638960050798, 0.0 ], [ 54.470740596949867, 29.3933951994394, 0.0 ], [ 54.468449164650799, 29.390468834803809, 0.0 ], [ 54.465958710155377, 29.38765424765721, 0.0 ], [ 54.463961069101643, 29.385004531314099, 0.0 ], [ 54.46352863857004, 29.383025052591371, 0.0 ], [ 54.463468196105907, 29.38204364840005, 0.0 ], [ 54.463478989574938, 29.38203757346275, 0.0 ], [ 54.463495634653498, 29.382027939773138, 0.0 ], [ 54.463531891346761, 29.382006955971939, 0.0 ], [ 54.463636780001231, 29.381946250572259, 0.0 ], [ 54.463674212947957, 29.381924586027829, 0.0 ], [ 54.463729306297473, 29.381929518993619, 0.0 ], [ 54.463789291387393, 29.381934890961311, 0.0 ], [ 54.463880789973679, 29.38197286506778, 0.0 ], [ 54.464090926760001, 29.382062843354252, 0.0 ], [ 54.464378690007557, 29.382187486938118, 0.0 ], [ 54.464649062707707, 29.382297546713239, 0.0 ], [ 54.464955028510353, 29.382423077844649, 0.0 ], [ 54.465143463405148, 29.382519909157718, 0.0 ], [ 54.46541906254452, 29.382574825851378, 0.0 ], [ 54.465739115267283, 29.38265032556086, 0.0 ], [ 54.465954990613582, 29.382667698393249, 0.0 ], [ 54.466149316986957, 29.38265879764754, 0.0 ], [ 54.466191160706167, 29.382514422922, 0.0 ], [ 54.46627412305839, 29.382357623030192, 0.0 ], [ 54.466336704499888, 29.38203382622936, 0.0 ], [ 54.466756035734093, 29.38181672379962, 0.0 ], [ 54.467040437330951, 29.381525811843719, 0.0 ], [ 54.466607408986732, 29.380905635754001, 0.0 ], [ 54.466452602250179, 29.380705719876421, 0.0 ], [ 54.466147688559523, 29.380379264987369, 0.0 ], [ 54.46613953654326, 29.379967553791239, 0.0 ], [ 54.46618194443279, 29.379640926020841, 0.0 ], [ 54.466201587266042, 29.379342649071489, 0.0 ], [ 54.46622372485335, 29.379100001486169, 0.0 ], [ 54.466197514871887, 29.378690837715361, 0.0 ], [ 54.466154893748438, 29.378294161043112, 0.0 ], [ 54.466129050551807, 29.37805364221175, 0.0 ], [ 54.466115573885403, 29.37744072346527, 0.0 ], [ 54.466112034371967, 29.377392073252569, 0.0 ], [ 54.466084627877407, 29.37721051559577, 0.0 ], [ 54.466296958223012, 29.377017834341231, 0.0 ], [ 54.466209261085282, 29.37678564192516, 0.0 ], [ 54.465952838452871, 29.376163579823139, 0.0 ], [ 54.465684659803067, 29.37580208596459, 0.0 ], [ 54.467558868067457, 29.372254932253849, 0.0 ], [ 54.468600192470433, 29.370242929873839, 0.0 ], [ 54.468889162782673, 29.36902077359786, 0.0 ], [ 54.468641930221587, 29.367998814566509, 0.0 ], [ 54.462761731329813, 29.35849914256255, 0.0 ], [ 54.46248739330742, 29.357842727574759, 0.0 ], [ 54.4647838210157, 29.33140415182886, 0.0 ], [ 54.46502110818502, 29.329298139674201, 0.0 ], [ 54.466413961028969, 29.31242789142436, 0.0 ], [ 54.466278468342793, 29.30757509846277, 0.0 ], [ 54.465455715028909, 29.296541752880501, 0.0 ], [ 54.474081405146229, 29.281814809048232, 0.0 ], [ 54.48783974712682, 29.270461054728191, 0.0 ], [ 54.488582044119262, 29.26941195085616, 0.0 ], [ 54.489484697956897, 29.267444276475189, 0.0 ], [ 54.489870582148868, 29.2668095140017, 0.0 ], [ 54.486909303123333, 29.26590073866247, 0.0 ], [ 54.481776828562893, 29.257550557944558, 0.0 ], [ 54.481401841712433, 29.25107680729921, 0.0 ], [ 54.481110848646807, 29.247114730672831, 0.0 ], [ 54.480009110843397, 29.238627703811691, 0.0 ], [ 54.480063250771003, 29.232459838341811, 0.0 ], [ 54.480305396294924, 29.220594601883619, 0.0 ], [ 54.482607702158177, 29.219659452945109, 0.0 ], [ 54.483742401818411, 29.218872471150149, 0.0 ], [ 54.495107086605273, 29.21023661447655, 0.0 ], [ 54.49911586952549, 29.208907668859911, 0.0 ], [ 54.500398838248913, 29.207995673816828, 0.0 ], [ 54.500693844144919, 29.205831415109209, 0.0 ], [ 54.501498257877053, 29.20465519585813, 0.0 ], [ 54.501624087880877, 29.20346629847743, 0.0 ], [ 54.502665659643469, 29.20050762710666, 0.0 ], [ 54.502293391313401, 29.199862507760709, 0.0 ], [ 54.501579796813097, 29.199296102483771, 0.0 ], [ 54.500505312416422, 29.197616791549851, 0.0 ], [ 54.500288784912208, 29.19654913089758, 0.0 ], [ 54.500571293543679, 29.19592028136298, 0.0 ], [ 54.500964216881741, 29.19535714372196, 0.0 ], [ 54.501683219113367, 29.194752554802111, 0.0 ], [ 54.502676442700547, 29.194010461448421, 0.0 ], [ 54.502634960402013, 29.193486748984661, 0.0 ], [ 54.503131564016677, 29.193115698956252, 0.0 ], [ 54.503691530526837, 29.192365510847601, 0.0 ], [ 54.504264151853697, 29.1910926167265, 0.0 ], [ 54.504930101497479, 29.190439478113529, 0.0 ], [ 54.505382884809748, 29.189639742225829, 0.0 ], [ 54.506043067627878, 29.189224190352959, 0.0 ], [ 54.506967105072093, 29.189098791048309, 0.0 ], [ 54.507043103884108, 29.188196947897669, 0.0 ], [ 54.508465988309943, 29.1876054303583, 0.0 ], [ 54.508101867907897, 29.186980629808431, 0.0 ], [ 54.508180151520598, 29.185983748196382, 0.0 ], [ 54.507433537259267, 29.185494442454431, 0.0 ], [ 54.505986430615117, 29.184849459515931, 0.0 ], [ 54.504803485928903, 29.184316724587841, 0.0 ], [ 54.504000268835419, 29.183450850504631, 0.0 ], [ 54.50404388442491, 29.182293624083972, 0.0 ], [ 54.503305376115662, 29.18147166860264, 0.0 ], [ 54.503557649861342, 29.180002637490009, 0.0 ], [ 54.503438945660641, 29.178193904489682, 0.0 ], [ 54.502923959245663, 29.177090877911631, 0.0 ], [ 54.502950435281669, 29.17599795304233, 0.0 ], [ 54.502217733994307, 29.17493840286739, 0.0 ], [ 54.501738493003657, 29.17459667803541, 0.0 ], [ 54.501330676573197, 29.173543187094971, 0.0 ], [ 54.500796106627803, 29.17290142855337, 0.0 ], [ 54.500399557574418, 29.172364768159881, 0.0 ], [ 54.503629473061423, 29.17062647496493, 0.0 ], [ 54.504447751594419, 29.16817702250675, 0.0 ], [ 54.5059042082056, 29.167252610931481, 0.0 ], [ 54.50785149440641, 29.1659303430508, 0.0 ], [ 54.510571621594501, 29.16289047174703, 0.0 ], [ 54.512912327607253, 29.160412862537839, 0.0 ], [ 54.513364631410973, 29.159489695754431, 0.0 ], [ 54.513768857567563, 29.158363869497009, 0.0 ], [ 54.513719552233951, 29.157476007315779, 0.0 ], [ 54.513805724820017, 29.156762517437581, 0.0 ], [ 54.514108916822202, 29.15653105072747, 0.0 ], [ 54.514266151982042, 29.155683584100601, 0.0 ], [ 54.514404107275247, 29.155625002690449, 0.0 ], [ 54.514860146976893, 29.155452526609949, 0.0 ], [ 54.515249003755052, 29.155020896312241, 0.0 ], [ 54.515460416045812, 29.154380276100021, 0.0 ], [ 54.515548459884293, 29.153542082302462, 0.0 ], [ 54.515804604714297, 29.152953440472729, 0.0 ], [ 54.516124200699153, 29.152605594081571, 0.0 ], [ 54.516779267657213, 29.152611989911708, 0.0 ], [ 54.517253840747379, 29.15225262301249, 0.0 ], [ 54.517459561555341, 29.151748571166781, 0.0 ], [ 54.518205986917017, 29.151015276703639, 0.0 ], [ 54.518878576258132, 29.150651677948989, 0.0 ], [ 54.520932508717287, 29.14878726287521, 0.0 ], [ 54.520747639586041, 29.14822637904734, 0.0 ], [ 54.521396892451847, 29.14728793817196, 0.0 ], [ 54.522331811731853, 29.147166350411059, 0.0 ], [ 54.522822452467068, 29.146975629789271, 0.0 ], [ 54.52294377631118, 29.147077503864509, 0.0 ], [ 54.523762243168918, 29.146781165049699, 0.0 ], [ 54.523826448876228, 29.146504683873012, 0.0 ], [ 54.524133671270867, 29.146334952249639, 0.0 ], [ 54.524236324308603, 29.146105950591348, 0.0 ], [ 54.524472686878731, 29.145844888040031, 0.0 ], [ 54.526852788980307, 29.143466925570511, 0.0 ], [ 54.527161101565703, 29.143329488496271, 0.0 ], [ 54.529043605256589, 29.142540369718471, 0.0 ], [ 54.530234573836687, 29.141244106214121, 0.0 ], [ 54.530830014507551, 29.140888953619609, 0.0 ], [ 54.531930416061741, 29.140762937161661, 0.0 ], [ 54.532768507927017, 29.140793766767381, 0.0 ], [ 54.534895830041478, 29.141003117286001, 0.0 ], [ 54.538208732074423, 29.14026986534795, 0.0 ], [ 54.540890208515783, 29.139797970672291, 0.0 ], [ 54.542759541278983, 29.139105424973039, 0.0 ], [ 54.544086729596302, 29.13943045324206, 0.0 ], [ 54.545514769239617, 29.139685546763179, 0.0 ], [ 54.5471712065915, 29.13964864030228, 0.0 ], [ 54.548834992306332, 29.138909542058752, 0.0 ], [ 54.549323808076551, 29.139203697356258, 0.0 ], [ 54.549808736869828, 29.139384805156691, 0.0 ], [ 54.550171990246753, 29.1397678735303, 0.0 ], [ 54.552655104127062, 29.140960789244069, 0.0 ], [ 54.554830177342929, 29.141380327682981, 0.0 ], [ 54.554932725471168, 29.141684718983779, 0.0 ], [ 54.555236507223313, 29.141951436117399, 0.0 ], [ 54.555275468053807, 29.14308187449527, 0.0 ], [ 54.554941542152683, 29.143543333583779, 0.0 ], [ 54.55451503151334, 29.14500081664416, 0.0 ], [ 54.555227621993822, 29.145646739733031, 0.0 ], [ 54.557098410894199, 29.145435392118539, 0.0 ], [ 54.557754512306559, 29.145773557017321, 0.0 ], [ 54.558972519857818, 29.146387727110849, 0.0 ], [ 54.558806393278907, 29.14690938897375, 0.0 ], [ 54.558563895855073, 29.147352261476289, 0.0 ], [ 54.557946233616377, 29.147594978066639, 0.0 ], [ 54.557582200477249, 29.1482512104023, 0.0 ], [ 54.559429055643029, 29.148412231901968, 0.0 ], [ 54.560598878620461, 29.14837626347402, 0.0 ], [ 54.560977395581432, 29.148673304818129, 0.0 ], [ 54.562827619983821, 29.149464578432891, 0.0 ], [ 54.563678290358482, 29.149037832048919, 0.0 ], [ 54.564451374037503, 29.149030174448789, 0.0 ], [ 54.565082982485407, 29.14919115129695, 0.0 ], [ 54.566580922001997, 29.149910935355749, 0.0 ], [ 54.566987872414593, 29.149964744426331, 0.0 ], [ 54.567491274329889, 29.150145290455232, 0.0 ], [ 54.568355898420108, 29.150122237855221, 0.0 ], [ 54.569245086436617, 29.150367003614509, 0.0 ], [ 54.571582003640508, 29.150763541955179, 0.0 ], [ 54.573977022035727, 29.151863385947419, 0.0 ], [ 54.574680721800092, 29.153040703533449, 0.0 ], [ 54.575720632535223, 29.153717656281231, 0.0 ], [ 54.576850674565961, 29.153913745615931, 0.0 ], [ 54.577756402934227, 29.153924914776351, 0.0 ], [ 54.578050383537587, 29.153994816490101, 0.0 ], [ 54.578667393894413, 29.15378855134254, 0.0 ], [ 54.579621848156393, 29.153645676863871, 0.0 ], [ 54.580678404543441, 29.153862955598161, 0.0 ], [ 54.581503778048429, 29.154177209274909, 0.0 ], [ 54.582567979919027, 29.154067902639611, 0.0 ], [ 54.582904169627263, 29.154204374010899, 0.0 ], [ 54.583175629968267, 29.154067795809642, 0.0 ], [ 54.583689612983022, 29.154021703611129, 0.0 ], [ 54.584698618826181, 29.153913858445989, 0.0 ], [ 54.585940736004879, 29.154155358163589, 0.0 ], [ 54.586766335637662, 29.154068575235002, 0.0 ], [ 54.587383631673482, 29.154227243707769, 0.0 ], [ 54.588657702621553, 29.154341134347298, 0.0 ], [ 54.589455907713138, 29.153996453046691, 0.0 ], [ 54.590915814514091, 29.153617847612392, 0.0 ], [ 54.59176092283289, 29.15356283803667, 0.0 ], [ 54.592183476974533, 29.153535332159919, 0.0 ], [ 54.592486086599052, 29.153236263779771, 0.0 ], [ 54.592962140065787, 29.153158828174671, 0.0 ], [ 54.593906540377787, 29.153311264859379, 0.0 ], [ 54.594624557642923, 29.15330814171616, 0.0 ], [ 54.596502857133913, 29.153839556385069, 0.0 ], [ 54.597430465856618, 29.153950038230509, 0.0 ], [ 54.598466954204262, 29.154190837186459, 0.0 ], [ 54.599064024091447, 29.15429913853394, 0.0 ], [ 54.599212265512257, 29.154414172292672, 0.0 ], [ 54.599854247134523, 29.15491233497897, 0.0 ], [ 54.600259680752721, 29.15522693904817, 0.0 ], [ 54.602039963492921, 29.156608345909721, 0.0 ], [ 54.603931263253273, 29.15807583217023, 0.0 ], [ 54.605108122138319, 29.158988940741821, 0.0 ], [ 54.606393683093742, 29.15998635916316, 0.0 ], [ 54.605816210823427, 29.163083679951072, 0.0 ], [ 54.605520563301731, 29.164669319878211, 0.0 ], [ 54.605260898621253, 29.166061926142671, 0.0 ], [ 54.605032856961699, 29.16728490006015, 0.0 ], [ 54.604774355777323, 29.16867118289905, 0.0 ], [ 54.603419626794548, 29.17046112824838, 0.0 ], [ 54.602812152567978, 29.171263732753129, 0.0 ], [ 54.601951669022888, 29.172400587104679, 0.0 ], [ 54.601024683996592, 29.173625266538171, 0.0 ], [ 54.599945698004767, 29.17505071422152, 0.0 ], [ 54.597512849394853, 29.178264558000709, 0.0 ], [ 54.596408666546502, 29.17972312065217, 0.0 ], [ 54.593911591340593, 29.183021417740768, 0.0 ], [ 54.595301560126927, 29.184137494367711, 0.0 ], [ 54.597153033144018, 29.185624078424429, 0.0 ], [ 54.596093895038067, 29.188065736939361, 0.0 ], [ 54.593466591000123, 29.19071980770476, 0.0 ], [ 54.591663129357492, 29.192616855069581, 0.0 ], [ 54.590447248965049, 29.19446014199081, 0.0 ], [ 54.589337237145926, 29.19804186655724, 0.0 ], [ 54.588622106610288, 29.20040868504179, 0.0 ], [ 54.588277826233437, 29.20258923485537, 0.0 ], [ 54.589382160922533, 29.20201036050365, 0.0 ], [ 54.591827475032503, 29.201145750100139, 0.0 ], [ 54.596047362449198, 29.19987511179167, 0.0 ], [ 54.600238721360867, 29.198551065771959, 0.0 ], [ 54.603715126210197, 29.197036700017669, 0.0 ], [ 54.61604731355699, 29.189861560700489, 0.0 ], [ 54.618038848431929, 29.188462594254819, 0.0 ], [ 54.618294717844478, 29.188331826167001, 0.0 ], [ 54.62338074714193, 29.184858117714519, 0.0 ], [ 54.624292927897372, 29.184235065018719, 0.0 ], [ 54.624730726159576, 29.183936028001341, 0.0 ], [ 54.62492392174687, 29.1838931194183, 0.0 ], [ 54.626228423966829, 29.183603379772059, 0.0 ], [ 54.628577849972729, 29.182920425132721, 0.0 ], [ 54.62868936857101, 29.182888006257379, 0.0 ], [ 54.638583700538391, 29.181413983842791, 0.0 ], [ 54.644949044363187, 29.18046529413191, 0.0 ], [ 54.647350427595008, 29.179725791168732, 0.0 ], [ 54.648447868386498, 29.179407067222929, 0.0 ], [ 54.649423286984813, 29.179123772626031, 0.0 ], [ 54.655937352261127, 29.17719888355554, 0.0 ], [ 54.657337078836882, 29.176786554656939, 0.0 ], [ 54.66287282558585, 29.17516995153705, 0.0 ], [ 54.664330887287989, 29.174949313351799, 0.0 ], [ 54.665124461290112, 29.174829220649801, 0.0 ], [ 54.666055660848983, 29.174616153959459, 0.0 ], [ 54.666251270478469, 29.174571395609341, 0.0 ], [ 54.674473565829572, 29.172689735700502, 0.0 ], [ 54.675770271151499, 29.172392935236481, 0.0 ], [ 54.680954547316333, 29.171053615743421, 0.0 ], [ 54.681015003043314, 29.17103799709643, 0.0 ], [ 54.681939421043047, 29.170908540407709, 0.0 ], [ 54.682834090391637, 29.170783243276901, 0.0 ], [ 54.68377488543176, 29.17044281481385, 0.0 ], [ 54.683914019617568, 29.170392467931379, 0.0 ], [ 54.684040923115226, 29.17034654649893, 0.0 ], [ 54.6844724282386, 29.169809485150878, 0.0 ], [ 54.685561441106898, 29.168461391743051, 0.0 ], [ 54.686123951039249, 29.167823313119118, 0.0 ], [ 54.687010078672706, 29.167163271108048, 0.0 ], [ 54.687906159901168, 29.166767851877569, 0.0 ], [ 54.688257715441388, 29.166612716557029, 0.0 ], [ 54.688358004872192, 29.16638252055554, 0.0 ], [ 54.688847260398497, 29.165954079171069, 0.0 ], [ 54.689485244939583, 29.165411309748869, 0.0 ], [ 54.690342921190023, 29.164343764950619, 0.0 ], [ 54.69058653002741, 29.163978103941449, 0.0 ], [ 54.69080550552696, 29.163623092869909, 0.0 ], [ 54.691048814420618, 29.162658910229428, 0.0 ], [ 54.691965760695751, 29.161768085039601, 0.0 ], [ 54.693101204272409, 29.160091646860259, 0.0 ], [ 54.694977642206347, 29.15779557837741, 0.0 ], [ 54.696916736543592, 29.15547556345193, 0.0 ], [ 54.698481877213617, 29.153607176250318, 0.0 ], [ 54.699020813720978, 29.152965104806931, 0.0 ], [ 54.699523342437253, 29.15266983899949, 0.0 ], [ 54.699696420276673, 29.152132747809681, 0.0 ], [ 54.700438109674813, 29.15144281346203, 0.0 ], [ 54.700616457212668, 29.15113585128368, 0.0 ], [ 54.701767252755019, 29.150130311731981, 0.0 ], [ 54.703005921776693, 29.1494460747797, 0.0 ], [ 54.703806820047461, 29.14911819722084, 0.0 ], [ 54.704388385022419, 29.148921782577009, 0.0 ], [ 54.71076281094394, 29.147896970926119, 0.0 ], [ 54.712829472410519, 29.14789219442364, 0.0 ], [ 54.714711116799947, 29.147810670973598, 0.0 ], [ 54.716719337458677, 29.148124551437149, 0.0 ], [ 54.735029071086359, 29.152835208141461, 0.0 ], [ 54.759615620509827, 29.156512103255501, 0.0 ], [ 54.784795700998387, 29.123598603443771, 0.0 ], [ 54.80297746960705, 29.09863235969646, 0.0 ], [ 54.873677198256331, 29.046424851182088, 0.0 ], [ 54.903197693208767, 29.028483720909811, 0.0 ], [ 54.941435952376573, 29.0074528239393, 0.0 ], [ 54.951702175787631, 29.006736514333859, 0.0 ], [ 54.970796852160987, 29.006293385220239, 0.0 ], [ 54.987006859977463, 29.00591506303368, 0.0 ], [ 55.01228536399951, 29.005321177422189, 0.0 ], [ 55.022964302636353, 29.017836780647329, 0.0 ], [ 55.030463041759418, 29.024651843702291, 0.0 ], [ 55.036477226464378, 29.03091894058559, 0.0 ], [ 55.037334293177537, 29.032899900427569, 0.0 ], [ 55.044493391362387, 29.03257572827625, 0.0 ], [ 55.04835165485391, 29.030560206435599, 0.0 ], [ 55.048465749041213, 29.030421553320139, 0.0 ], [ 55.048583225110903, 29.030286958870619, 0.0 ], [ 55.048653188673548, 29.030209023418632, 0.0 ], [ 55.048952373736157, 29.03003399257808, 0.0 ], [ 55.049395160777642, 29.029774949491969, 0.0 ], [ 55.049861060574003, 29.029603548190231, 0.0 ], [ 55.050225220965167, 29.02946957350024, 0.0 ], [ 55.050644174997373, 29.029367099841409, 0.0 ], [ 55.051059834182809, 29.0292174779626, 0.0 ], [ 55.051480943813822, 29.029095486449251, 0.0 ], [ 55.052114332483939, 29.02893900016764, 0.0 ], [ 55.052687873386432, 29.02872181694843, 0.0 ], [ 55.05316805307028, 29.02853998406064, 0.0 ], [ 55.054177276059782, 29.028322508525029, 0.0 ], [ 55.054480925504237, 29.028037386019879, 0.0 ], [ 55.05551076306142, 29.027556996730858, 0.0 ], [ 55.056937219281053, 29.026848957475298, 0.0 ], [ 55.058658265702221, 29.02574178034817, 0.0 ], [ 55.060229708671827, 29.024785444183959, 0.0 ], [ 55.060753759859637, 29.02440682744686, 0.0 ], [ 55.061492194607872, 29.023992586617059, 0.0 ], [ 55.061944149944232, 29.0237695052109, 0.0 ], [ 55.062540950945348, 29.023425640459351, 0.0 ], [ 55.063288357541921, 29.02299365634585, 0.0 ], [ 55.063500995444379, 29.022849789658931, 0.0 ], [ 55.06503683341198, 29.021573509933411, 0.0 ], [ 55.066523335632937, 29.02030087751773, 0.0 ], [ 55.067501138000267, 29.019410914086219, 0.0 ], [ 55.069077898823593, 29.018089379582889, 0.0 ], [ 55.07069193966111, 29.01676018536762, 0.0 ], [ 55.073229470168911, 29.014883774462429, 0.0 ], [ 55.073931874792791, 29.014411763993959, 0.0 ], [ 55.074678136321531, 29.014136421544841, 0.0 ], [ 55.076783065418432, 29.0147262739574, 0.0 ], [ 55.07771209547743, 29.014706047350181, 0.0 ], [ 55.078190712462273, 29.014636696203208, 0.0 ], [ 55.078337303400332, 29.014212334371422, 0.0 ], [ 55.078407030059729, 29.013814192885651, 0.0 ], [ 55.078884677802563, 29.01381344487071, 0.0 ], [ 55.079138889299159, 29.013695097996791, 0.0 ], [ 55.080115104264742, 29.013088862008029, 0.0 ], [ 55.08035799758359, 29.012964491708001, 0.0 ], [ 55.081606569915209, 29.012956624775619, 0.0 ], [ 55.081992353564686, 29.013019818023441, 0.0 ], [ 55.084814780540277, 29.01476177740355, 0.0 ], [ 55.085569005907793, 29.014975955538262, 0.0 ], [ 55.086647845650774, 29.0150951462645, 0.0 ], [ 55.086921590555072, 29.015125764497519, 0.0 ], [ 55.087799654024181, 29.014869668296729, 0.0 ], [ 55.089077758446088, 29.014820476550231, 0.0 ], [ 55.089765722669483, 29.0150823034359, 0.0 ], [ 55.091135079137963, 29.01547897924474, 0.0 ], [ 55.092209083881322, 29.01588396855594, 0.0 ], [ 55.092613985074557, 29.015999579619709, 0.0 ], [ 55.093408013935878, 29.016053500554829, 0.0 ], [ 55.093821806414837, 29.01599598662153, 0.0 ], [ 55.095071672920838, 29.016196879533268, 0.0 ], [ 55.099646192782252, 29.016552917207651, 0.0 ], [ 55.102411551477402, 29.01679012682068, 0.0 ], [ 55.103217478385588, 29.016839973292551, 0.0 ], [ 55.104141635066242, 29.017124421320869, 0.0 ], [ 55.104546371645647, 29.01768355528726, 0.0 ], [ 55.105164103752998, 29.018410304482391, 0.0 ], [ 55.105514200739563, 29.018762114684431, 0.0 ], [ 55.106510294969347, 29.019391305217159, 0.0 ], [ 55.107106238514248, 29.01971477993461, 0.0 ], [ 55.107690911777809, 29.01965422122791, 0.0 ], [ 55.108080116685827, 29.019882957048079, 0.0 ], [ 55.108433629064081, 29.020020639807409, 0.0 ], [ 55.108716243887109, 29.020124483920831, 0.0 ], [ 55.108941632412353, 29.020170615045728, 0.0 ], [ 55.109185463474923, 29.020205288797239, 0.0 ], [ 55.109680085490531, 29.020318377317629, 0.0 ], [ 55.109881239002689, 29.020428367781552, 0.0 ], [ 55.110159754487682, 29.02059279822992, 0.0 ], [ 55.110381470676657, 29.020695511182328, 0.0 ], [ 55.110510147543224, 29.020707820436041, 0.0 ], [ 55.110720378581057, 29.02072705309542, 0.0 ], [ 55.11084778941796, 29.020724223762588, 0.0 ], [ 55.111007407199637, 29.0207206794495, 0.0 ], [ 55.11109178098117, 29.020732140299579, 0.0 ], [ 55.111278863921058, 29.02066445159171, 0.0 ], [ 55.111734052535873, 29.020659040628519, 0.0 ], [ 55.111986974428639, 29.020887600678801, 0.0 ], [ 55.112208606289997, 29.02110085625894, 0.0 ], [ 55.112353262437637, 29.021253055544928, 0.0 ], [ 55.112521891197602, 29.021424095308269, 0.0 ], [ 55.113003286936333, 29.02186787280819, 0.0 ], [ 55.113116908020793, 29.021951413740862, 0.0 ], [ 55.113363104169117, 29.022132653896691, 0.0 ], [ 55.113561724048019, 29.022278870248179, 0.0 ], [ 55.113845542328207, 29.022484851536259, 0.0 ], [ 55.114135097385748, 29.022690909458468, 0.0 ], [ 55.1145297644563, 29.022967369509399, 0.0 ], [ 55.11487110513702, 29.02319851716166, 0.0 ], [ 55.115178343178243, 29.023448705674362, 0.0 ], [ 55.1154628264471, 29.023687094284231, 0.0 ], [ 55.115937440218786, 29.024135850196291, 0.0 ], [ 55.116107841274022, 29.024296965851399, 0.0 ], [ 55.116246078161048, 29.024427669697669, 0.0 ], [ 55.11638175590474, 29.024555952463089, 0.0 ], [ 55.116526883413577, 29.024693171291791, 0.0 ], [ 55.116676543059128, 29.024834672870121, 0.0 ], [ 55.116880553190079, 29.025027561456941, 0.0 ], [ 55.117069598247852, 29.025206300815849, 0.0 ], [ 55.117323433840447, 29.025446296163839, 0.0 ], [ 55.117516417739402, 29.02562875723094, 0.0 ], [ 55.117689906491471, 29.025792785331792, 0.0 ], [ 55.117818991608978, 29.025913197162591, 0.0 ], [ 55.118058804389847, 29.026131982620129, 0.0 ], [ 55.118211461437689, 29.02627125393359, 0.0 ], [ 55.118347122188233, 29.02637199765147, 0.0 ], [ 55.118573468872533, 29.026599222965981, 0.0 ], [ 55.118689350984212, 29.02671555502215, 0.0 ], [ 55.1189630492619, 29.026936755562481, 0.0 ], [ 55.119135567533277, 29.027076181821769, 0.0 ], [ 55.11925512742144, 29.027172807662438, 0.0 ], [ 55.119490162918567, 29.027359452230041, 0.0 ], [ 55.119794061075048, 29.027580110780779, 0.0 ], [ 55.12008127404512, 29.027613537769131, 0.0 ], [ 55.120156041393948, 29.027601993010041, 0.0 ], [ 55.120473767599407, 29.02755891157296, 0.0 ], [ 55.120607838723629, 29.027548970587191, 0.0 ], [ 55.12083807087928, 29.027568886741641, 0.0 ], [ 55.121012205679527, 29.027657571389799, 0.0 ], [ 55.121366411475918, 29.02781071940484, 0.0 ], [ 55.121554285296646, 29.02780275922731, 0.0 ], [ 55.121853998118027, 29.027790060961831, 0.0 ], [ 55.122445372184721, 29.02779761268868, 0.0 ], [ 55.123697047260507, 29.02783028431919, 0.0 ], [ 55.124407813880637, 29.027821580623431, 0.0 ], [ 55.124947048804778, 29.02785773804807, 0.0 ], [ 55.12583374547954, 29.027806854104728, 0.0 ], [ 55.12647559520672, 29.027699012958131, 0.0 ], [ 55.126831457866707, 29.027656238467891, 0.0 ], [ 55.127150187033493, 29.0276375333323, 0.0 ], [ 55.127511756803138, 29.027617759565889, 0.0 ], [ 55.128058949624368, 29.02748116250719, 0.0 ], [ 55.128507747209312, 29.02727591540107, 0.0 ], [ 55.129593044110017, 29.02651198142804, 0.0 ], [ 55.130913117640553, 29.026272539106621, 0.0 ], [ 55.131330046731108, 29.02621059430842, 0.0 ], [ 55.131524801036299, 29.026473889726791, 0.0 ], [ 55.131652775469917, 29.026715560122589, 0.0 ], [ 55.132045309869703, 29.02705192214426, 0.0 ], [ 55.132292583152733, 29.027019449006499, 0.0 ], [ 55.132776894679729, 29.02683129484176, 0.0 ], [ 55.133744240947408, 29.026365760937178, 0.0 ], [ 55.134121248751043, 29.026006970150231, 0.0 ], [ 55.134571562063122, 29.025735537367041, 0.0 ], [ 55.135269949624863, 29.02542832831687, 0.0 ], [ 55.136317128074552, 29.02520426587181, 0.0 ], [ 55.137331124529197, 29.025105057947169, 0.0 ], [ 55.138324480473948, 29.02508833363656, 0.0 ], [ 55.138763233960759, 29.025429858249911, 0.0 ], [ 55.139386837465302, 29.025599809876208, 0.0 ], [ 55.139536840577492, 29.025710923914119, 0.0 ], [ 55.139957871263967, 29.02554593995578, 0.0 ], [ 55.140351131397068, 29.025344512834, 0.0 ], [ 55.140858626378133, 29.025366988135989, 0.0 ], [ 55.14192629473397, 29.025467692479751, 0.0 ], [ 55.142595126588802, 29.02538467487777, 0.0 ], [ 55.143516819965932, 29.025586681368249, 0.0 ], [ 55.144053529765458, 29.025793551259909, 0.0 ], [ 55.151297378632513, 29.028978458444449, 0.0 ], [ 55.151909051660837, 29.029127914179998, 0.0 ], [ 55.153651752008948, 29.029763912241521, 0.0 ], [ 55.155609052888117, 29.030515990003931, 0.0 ], [ 55.159476690855819, 29.03239274045626, 0.0 ], [ 55.162956536495152, 29.033721691961539, 0.0 ], [ 55.176991734291867, 29.044539504084909, 0.0 ], [ 55.194123711882227, 29.058612382391079, 0.0 ], [ 55.200287207331378, 29.065034368645069, 0.0 ], [ 55.202211656583501, 29.067046264537741, 0.0 ], [ 55.203430652619069, 29.06745511282719, 0.0 ], [ 55.2045244615244, 29.068642809532928, 0.0 ], [ 55.209899883878762, 29.07361214510594, 0.0 ], [ 55.210899346131747, 29.073821737694669, 0.0 ], [ 55.212429218757023, 29.075603972764849, 0.0 ], [ 55.21350628615572, 29.077772686030482, 0.0 ], [ 55.217471006408758, 29.080566320391579, 0.0 ], [ 55.220424537629562, 29.083838215519862, 0.0 ], [ 55.223859078819579, 29.085056794960721, 0.0 ], [ 55.226731787710001, 29.086563383822, 0.0 ], [ 55.229700548372051, 29.088953234735129, 0.0 ], [ 55.231272231994687, 29.091457703467729, 0.0 ], [ 55.23256514000952, 29.092656833039719, 0.0 ], [ 55.232852541225398, 29.093123077864171, 0.0 ], [ 55.233652883296941, 29.09624674960908, 0.0 ], [ 55.234064691820556, 29.09711843452256, 0.0 ], [ 55.23432919343378, 29.097798684235251, 0.0 ], [ 55.234372799082003, 29.098009055860629, 0.0 ], [ 55.234423545875487, 29.098327803722121, 0.0 ], [ 55.2344707279684, 29.09909993996607, 0.0 ], [ 55.234446339293207, 29.09977638518313, 0.0 ], [ 55.235565682943417, 29.101521385527452, 0.0 ], [ 55.236380303234299, 29.102554019424279, 0.0 ], [ 55.238386774068807, 29.103606823775021, 0.0 ], [ 55.238904727787322, 29.104301675081, 0.0 ], [ 55.239035451329102, 29.104450024406979, 0.0 ], [ 55.239179232603249, 29.10456696350386, 0.0 ], [ 55.239398917166433, 29.104714225049712, 0.0 ], [ 55.239574005215857, 29.104840598232851, 0.0 ], [ 55.245783593506637, 29.111459560889049, 0.0 ], [ 55.247034664455867, 29.113767911993879, 0.0 ], [ 55.247966010548723, 29.114538067175499, 0.0 ], [ 55.248696468846767, 29.115016837309589, 0.0 ], [ 55.25006827746595, 29.116440174157638, 0.0 ], [ 55.250865278523541, 29.116897243050801, 0.0 ], [ 55.251649230238257, 29.117613563704641, 0.0 ], [ 55.252109426022137, 29.11953030820818, 0.0 ], [ 55.252826721654337, 29.1199930947563, 0.0 ], [ 55.254190851341811, 29.120243224632411, 0.0 ], [ 55.25501181418371, 29.120253914488799, 0.0 ], [ 55.255213357046131, 29.120470849458808, 0.0 ], [ 55.256452520668716, 29.120020002672931, 0.0 ], [ 55.25677378313793, 29.120107648326481, 0.0 ], [ 55.257843609866057, 29.120290749197501, 0.0 ], [ 55.262114895770772, 29.120165722973049, 0.0 ], [ 55.262773901541671, 29.12002988768015, 0.0 ], [ 55.265563109986132, 29.120174290887292, 0.0 ], [ 55.267575313821681, 29.12000404838561, 0.0 ], [ 55.268313934998602, 29.120137667818518, 0.0 ], [ 55.269175395875251, 29.12018488801133, 0.0 ], [ 55.270854486713958, 29.120423125389671, 0.0 ], [ 55.274481755708997, 29.121306810143409, 0.0 ], [ 55.279879727167987, 29.12167848138656, 0.0 ], [ 55.282899650986238, 29.121839020247432, 0.0 ], [ 55.294164426882553, 29.123316101597251, 0.0 ], [ 55.297790771257013, 29.12361261118771, 0.0 ], [ 55.299372435952421, 29.123671039035759, 0.0 ], [ 55.304534923251737, 29.124708744099639, 0.0 ], [ 55.310000659129443, 29.12643587956612, 0.0 ], [ 55.312744934147759, 29.12683140458542, 0.0 ], [ 55.315379906761649, 29.126584813852901, 0.0 ], [ 55.31747898394292, 29.12690219711288, 0.0 ], [ 55.319569084182667, 29.127298391146532, 0.0 ], [ 55.322146993152217, 29.129557297609921, 0.0 ], [ 55.325192487247513, 29.131627990044951, 0.0 ], [ 55.328564412280713, 29.13435465338592, 0.0 ], [ 55.331642318283848, 29.13741822272112, 0.0 ], [ 55.333426268949488, 29.13982494947296, 0.0 ], [ 55.337449731386897, 29.145307237229439, 0.0 ], [ 55.339243518285613, 29.14943529584901, 0.0 ], [ 55.342370578921823, 29.151865323868549, 0.0 ], [ 55.346773930286894, 29.15741521506407, 0.0 ], [ 55.344371284138902, 29.160435568908049, 0.0 ], [ 55.343299958938452, 29.164410819745441, 0.0 ], [ 55.339272911103848, 29.175712796937979, 0.0 ], [ 55.337573395942897, 29.178786841697249, 0.0 ], [ 55.339776662669713, 29.183380183843202, 0.0 ], [ 55.345545066492733, 29.193007725289, 0.0 ], [ 55.355631594717991, 29.20472753141409, 0.0 ], [ 55.357219709028271, 29.205107987621361, 0.0 ], [ 55.364059679980173, 29.20249368871071, 0.0 ], [ 55.362496754460153, 29.20570507383961, 0.0 ], [ 55.357660814569307, 29.214209320234598, 0.0 ], [ 55.35131526268809, 29.21993350964156, 0.0 ], [ 55.348907639133067, 29.228304866906271, 0.0 ], [ 55.346281918866261, 29.232296983904831, 0.0 ], [ 55.339975156233201, 29.238057147736331, 0.0 ], [ 55.336392833883991, 29.240088062123409, 0.0 ], [ 55.334064814559859, 29.242802258582721, 0.0 ], [ 55.331749820306008, 29.24660843238739, 0.0 ], [ 55.332063273829377, 29.25229947816587, 0.0 ], [ 55.333387819563477, 29.254100418945882, 0.0 ], [ 55.33421615511201, 29.261401824252861, 0.0 ], [ 55.334108937257717, 29.26611080963545, 0.0 ], [ 55.333014252295108, 29.273956707841471, 0.0 ], [ 55.333237464746567, 29.277325290906489, 0.0 ], [ 55.332900603035299, 29.280957591845059, 0.0 ], [ 55.330734067014028, 29.282536732721141, 0.0 ], [ 55.330542450581241, 29.285320365765109, 0.0 ], [ 55.329528319782312, 29.287155261569321, 0.0 ], [ 55.327507374893962, 29.288533136152029, 0.0 ], [ 55.326795208335781, 29.290545492674699, 0.0 ], [ 55.322852616337848, 29.295594343549169, 0.0 ], [ 55.314535148390547, 29.30435974062798, 0.0 ], [ 55.309596390781721, 29.310573144484732, 0.0 ], [ 55.306474096873067, 29.31225931393022, 0.0 ], [ 55.304754932686429, 29.313438450109761, 0.0 ], [ 55.302712655831193, 29.31531433974137, 0.0 ], [ 55.300496944452, 29.318069326648839, 0.0 ], [ 55.30186590251764, 29.31850422682399, 0.0 ], [ 55.302655839512887, 29.318746206052179, 0.0 ], [ 55.304665210708073, 29.318864515437468, 0.0 ], [ 55.305612381721247, 29.31920124694139, 0.0 ], [ 55.305910584381991, 29.327260445405759, 0.0 ], [ 55.305838083230718, 29.329154449719649, 0.0 ], [ 55.305733797337098, 29.331102192617461, 0.0 ], [ 55.305570568519997, 29.334122975553889, 0.0 ], [ 55.305445519610913, 29.339192564236381, 0.0 ], [ 55.305600851225357, 29.342253482542009, 0.0 ], [ 55.305752902296348, 29.346135491084279, 0.0 ], [ 55.305657679647197, 29.348778147075919, 0.0 ], [ 55.305365881435968, 29.35334029507996, 0.0 ], [ 55.30508196395607, 29.357424296474932, 0.0 ], [ 55.304543257754787, 29.360720019935989, 0.0 ], [ 55.303682172517938, 29.362333283010269, 0.0 ], [ 55.302846541093118, 29.36489432113569, 0.0 ], [ 55.301175145213122, 29.370016374414931, 0.0 ], [ 55.298998826815712, 29.375754571030001, 0.0 ], [ 55.293046019414213, 29.385522972387271, 0.0 ], [ 55.293153965368383, 29.38646278376283, 0.0 ], [ 55.293302933856552, 29.388648343040131, 0.0 ], [ 55.291221052203731, 29.394847773422409, 0.0 ], [ 55.290024838015697, 29.397367987369829, 0.0 ], [ 55.288747352630658, 29.399814956239339, 0.0 ], [ 55.287888124269713, 29.40251091501009, 0.0 ], [ 55.286329481474489, 29.40573927192494, 0.0 ], [ 55.284849826228722, 29.4091671354002, 0.0 ], [ 55.284604519838084, 29.411501012295162, 0.0 ], [ 55.28471331100053, 29.41361386527106, 0.0 ], [ 55.284495267743686, 29.413710314012619, 0.0 ], [ 55.280655765200933, 29.41098991931884, 0.0 ], [ 55.276753128950212, 29.40835883526746, 0.0 ], [ 55.273986923016359, 29.406789067347159, 0.0 ], [ 55.270272140542701, 29.40342934876892, 0.0 ], [ 55.265686316460773, 29.399191964389981, 0.0 ], [ 55.259410321183971, 29.393786408894201, 0.0 ], [ 55.256528102670117, 29.39120417482324, 0.0 ], [ 55.252503429426547, 29.387957233607111, 0.0 ], [ 55.244087224356932, 29.380673149607119, 0.0 ], [ 55.23383933761199, 29.372707868965811, 0.0 ], [ 55.229888424603018, 29.369486067715521, 0.0 ], [ 55.227035564036697, 29.36707505842184, 0.0 ], [ 55.225070626125706, 29.365740551963519, 0.0 ], [ 55.220982927062387, 29.36564096275896, 0.0 ], [ 55.216277495678703, 29.365523961155521, 0.0 ], [ 55.212684678080777, 29.36599017415989, 0.0 ], [ 55.208826758575718, 29.36629933259119, 0.0 ], [ 55.205224370287603, 29.366133592118771, 0.0 ], [ 55.201690131760557, 29.365607747685772, 0.0 ], [ 55.199051089283543, 29.365139019156661, 0.0 ], [ 55.187017637110507, 29.362341201606402, 0.0 ], [ 55.18248913094174, 29.362153233288289, 0.0 ], [ 55.177335200215417, 29.36120764869241, 0.0 ], [ 55.17292651723659, 29.359487070435861, 0.0 ], [ 55.168082896241231, 29.358876983308711, 0.0 ], [ 55.161745589884269, 29.35915972353688, 0.0 ], [ 55.161655622401369, 29.359143652907228, 0.0 ], [ 55.141944216050192, 29.359443103293788, 0.0 ], [ 55.139612701141743, 29.359685170478901, 0.0 ], [ 55.137453492883672, 29.360043019000251, 0.0 ], [ 55.128774425705657, 29.36208702813315, 0.0 ], [ 55.117140927444218, 29.363457168475371, 0.0 ], [ 55.110643620873716, 29.363897618045641, 0.0 ], [ 55.106935766079843, 29.364440540216261, 0.0 ], [ 55.103319791608662, 29.36447035999899, 0.0 ], [ 55.100786995717513, 29.364966659181668, 0.0 ], [ 55.096034970291853, 29.365710947083151, 0.0 ], [ 55.090604019614538, 29.365299440168869, 0.0 ], [ 55.085516995815333, 29.36522649699932, 0.0 ], [ 55.081474632748098, 29.36437438530784, 0.0 ], [ 55.076633849662443, 29.36380839146991, 0.0 ], [ 55.073710594644012, 29.362060882096241, 0.0 ], [ 55.069522445469318, 29.362397318040252, 0.0 ], [ 55.067426528967111, 29.361401518733292, 0.0 ], [ 55.064204981459618, 29.36061492243206, 0.0 ], [ 55.062779497810958, 29.361579959952351, 0.0 ], [ 55.060639053417901, 29.362106004306469, 0.0 ], [ 55.054048495435687, 29.361946827688769, 0.0 ], [ 55.049840042215372, 29.361269544547831, 0.0 ], [ 55.046175303621233, 29.3615858289206, 0.0 ], [ 55.041657431535057, 29.362381224555929, 0.0 ], [ 55.041013118387013, 29.363957504241, 0.0 ], [ 55.038388999539087, 29.365443762555611, 0.0 ], [ 55.036539285038756, 29.36538522473105, 0.0 ], [ 55.035564595185292, 29.365354367737751, 0.0 ], [ 55.035489102037182, 29.36656976353289, 0.0 ], [ 55.024834579273488, 29.378585261651448, 0.0 ], [ 55.023572921010022, 29.403287355262918, 0.0 ], [ 55.026358173416703, 29.406045179327759, 0.0 ], [ 55.027627604346883, 29.413488411463788, 0.0 ], [ 55.027174580385683, 29.419821240866209, 0.0 ], [ 55.023454776354647, 29.42827537614124, 0.0 ], [ 55.020128328680549, 29.43580502408318, 0.0 ], [ 55.018531913810428, 29.445216422758779, 0.0 ], [ 55.021861194215532, 29.45578380908573, 0.0 ], [ 55.023106834212193, 29.467828792826641, 0.0 ], [ 55.016732652447118, 29.474113682768358, 0.0 ], [ 54.997625785957247, 29.48667464643836, 0.0 ], [ 54.996633618656851, 29.489434455046428, 0.0 ], [ 54.995298996759182, 29.494363859180929, 0.0 ], [ 54.997200607668923, 29.496557928312789, 0.0 ], [ 54.99447316259586, 29.500383623650031, 0.0 ], [ 54.98711057035716, 29.497178922744869, 0.0 ], [ 54.978840174220537, 29.495197404271011, 0.0 ], [ 54.963654334760697, 29.497832153583978, 0.0 ], [ 54.958660167762332, 29.505252046498079, 0.0 ], [ 54.948466296317569, 29.510972573977259, 0.0 ], [ 54.942079210043808, 29.516726457865222, 0.0 ], [ 54.926057659037077, 29.508614136463901, 0.0 ], [ 54.906577056395577, 29.501503393673239, 0.0 ], [ 54.900801772317202, 29.498628313185289, 0.0 ], [ 54.891520906022158, 29.494305442934731, 0.0 ], [ 54.884159137218191, 29.49124983265034, 0.0 ], [ 54.874169597121707, 29.487069181328931, 0.0 ], [ 54.858188599928638, 29.474202469449711, 0.0 ], [ 54.846633919664583, 29.46837567152145, 0.0 ], [ 54.843852779082823, 29.46616531314266, 0.0 ], [ 54.841570649264717, 29.465723599244971, 0.0 ], [ 54.842221995539809, 29.468070865669471, 0.0 ], [ 54.843401080216012, 29.47325057336765, 0.0 ], [ 54.84392002386619, 29.477472261093009, 0.0 ], [ 54.844538837588068, 29.480874563349161, 0.0 ], [ 54.845168564072353, 29.483762785943561, 0.0 ], [ 54.844392130768817, 29.488046928324881, 0.0 ], [ 54.844402961431634, 29.488265886670892, 0.0 ], [ 54.84401692649763, 29.490912093544701, 0.0 ], [ 54.844144184930592, 29.492632845049009, 0.0 ], [ 54.8445840926221, 29.493499320722488, 0.0 ], [ 54.84483847480157, 29.494863508410301, 0.0 ], [ 54.844870008474032, 29.495033182926001, 0.0 ], [ 54.844957456558319, 29.495149630133628, 0.0 ], [ 54.845082703468996, 29.495550882706841, 0.0 ], [ 54.846401245466559, 29.5010418251278, 0.0 ], [ 54.846939474636571, 29.505823170233409, 0.0 ], [ 54.846215050676797, 29.51129679525339, 0.0 ], [ 54.84606303296583, 29.514091141646151, 0.0 ], [ 54.845387242013793, 29.51580338297202, 0.0 ], [ 54.844772479556752, 29.519501439424658, 0.0 ], [ 54.845990343203333, 29.52287735371339, 0.0 ], [ 54.846257087601721, 29.524893573479289, 0.0 ], [ 54.847112978074321, 29.527343371537452, 0.0 ], [ 54.84805389058851, 29.52967725558193, 0.0 ], [ 54.849006112115553, 29.53196620692108, 0.0 ], [ 54.849627380126847, 29.532833350474959, 0.0 ], [ 54.850995997220068, 29.53446140505871, 0.0 ], [ 54.851013059949523, 29.534685453598659, 0.0 ], [ 54.851049282753443, 29.535161074776919, 0.0 ], [ 54.851149409058337, 29.53647578158839, 0.0 ], [ 54.851070962921789, 29.538720979106799, 0.0 ], [ 54.850753020187078, 29.542044936052999, 0.0 ], [ 54.849958486676179, 29.544973230754159, 0.0 ], [ 54.849088070737977, 29.547584521701019, 0.0 ], [ 54.848655611107247, 29.549490168544441, 0.0 ], [ 54.848321316324338, 29.55114478772126, 0.0 ], [ 54.848158534331361, 29.553469807776171, 0.0 ], [ 54.849492801881617, 29.556243109516689, 0.0 ], [ 54.850046013216698, 29.558381242134612, 0.0 ], [ 54.849823838995547, 29.560100832078589, 0.0 ], [ 54.848576724779242, 29.562949601210821, 0.0 ], [ 54.847683246265582, 29.566090534373249, 0.0 ], [ 54.84622730312708, 29.56813519441949, 0.0 ], [ 54.845344453539703, 29.569995169931669, 0.0 ], [ 54.842076502976397, 29.5711758313582, 0.0 ], [ 54.838757860775949, 29.57335475843572, 0.0 ], [ 54.837171014886287, 29.574204034549609, 0.0 ], [ 54.835301074290101, 29.575743356317162, 0.0 ], [ 54.832839041648462, 29.577940602001039, 0.0 ], [ 54.831213314054679, 29.578671882010791, 0.0 ], [ 54.829729114873352, 29.579540785042809, 0.0 ], [ 54.826933652370037, 29.580911471687362, 0.0 ], [ 54.824116257208139, 29.581857713744, 0.0 ], [ 54.820689669842139, 29.582811934481921, 0.0 ], [ 54.818853508046701, 29.583241881497301, 0.0 ], [ 54.815244255090718, 29.585004916508201, 0.0 ], [ 54.814029663238223, 29.585805897761631, 0.0 ], [ 54.813232092800298, 29.58832787861401, 0.0 ], [ 54.810669380914717, 29.592760420685259, 0.0 ], [ 54.810105122577987, 29.594510352479229, 0.0 ], [ 54.810945007999059, 29.598159981910658, 0.0 ], [ 54.811927874360173, 29.599971525770648, 0.0 ], [ 54.812776032269241, 29.601329753961849, 0.0 ], [ 54.81397375049594, 29.60466950413479, 0.0 ], [ 54.814468749227657, 29.60613016393545, 0.0 ], [ 54.815300077226397, 29.6087511470921, 0.0 ], [ 54.81572967307644, 29.609894964613702, 0.0 ], [ 54.814365044877107, 29.612371511922859, 0.0 ], [ 54.813353991414843, 29.614249414805069, 0.0 ], [ 54.812164125373052, 29.616277728764469, 0.0 ], [ 54.811385352769747, 29.61648140083344, 0.0 ], [ 54.809835994771788, 29.616509953937431, 0.0 ], [ 54.808157143913732, 29.616319826651701, 0.0 ], [ 54.806299715764403, 29.616271073493682, 0.0 ], [ 54.804446159764488, 29.61652007377641, 0.0 ], [ 54.802707550084747, 29.616229650097559, 0.0 ], [ 54.800995077690111, 29.615687030666979, 0.0 ], [ 54.800186857070813, 29.615240584589699, 0.0 ], [ 54.798646533425448, 29.61528494590026, 0.0 ], [ 54.79847340945399, 29.615293349466821, 0.0 ], [ 54.797408560237351, 29.6151944733856, 0.0 ], [ 54.795814751199359, 29.614746230065411, 0.0 ], [ 54.794221305391311, 29.614622755908169, 0.0 ], [ 54.793410610783518, 29.614706253034651, 0.0 ], [ 54.792604458801073, 29.614566534618081, 0.0 ], [ 54.792410471050452, 29.614570071537269, 0.0 ], [ 54.792019889116588, 29.61456356956149, 0.0 ], [ 54.790785696025551, 29.61455203933869, 0.0 ], [ 54.789273731172493, 29.614391519984409, 0.0 ], [ 54.788690026478669, 29.614363746693009, 0.0 ], [ 54.788264980435187, 29.614325082640502, 0.0 ], [ 54.786972307334047, 29.614258410315379, 0.0 ], [ 54.786554760630381, 29.61426046522466, 0.0 ], [ 54.786441508864783, 29.614290150837341, 0.0 ], [ 54.786186246224943, 29.61432197701691, 0.0 ], [ 54.785463467552717, 29.61433923036363, 0.0 ], [ 54.785040790220833, 29.61438404640224, 0.0 ], [ 54.784278920802763, 29.614477325593342, 0.0 ], [ 54.779816306779928, 29.614865055924291, 0.0 ], [ 54.777814848986161, 29.614795448024591, 0.0 ], [ 54.773630944763511, 29.61490571357065, 0.0 ], [ 54.770613490632847, 29.615026434926769, 0.0 ], [ 54.767409643609348, 29.615640139464261, 0.0 ], [ 54.764988989043111, 29.615851972867169, 0.0 ], [ 54.764110918043372, 29.61587325859265, 0.0 ], [ 54.762702061568923, 29.614216590944931, 0.0 ], [ 54.761158485723023, 29.61258470126862, 0.0 ], [ 54.757983930790921, 29.609544933705621, 0.0 ], [ 54.754682327507908, 29.606656310533811, 0.0 ], [ 54.752541738654529, 29.604490969566019, 0.0 ], [ 54.750855292002143, 29.602333297789752, 0.0 ], [ 54.748193308627982, 29.599482432766251, 0.0 ], [ 54.745142169340603, 29.595889650532019, 0.0 ], [ 54.740577132887452, 29.59568117526727, 0.0 ], [ 54.738149636984218, 29.595757093765599, 0.0 ], [ 54.735529109170407, 29.595694350037359, 0.0 ], [ 54.732242976653311, 29.596314835991699, 0.0 ], [ 54.729481648654577, 29.597007371387591, 0.0 ], [ 54.726932731103361, 29.597432842892491, 0.0 ], [ 54.724555975381072, 29.598005561675691, 0.0 ], [ 54.722189937733553, 29.598100281668302, 0.0 ], [ 54.718974683185174, 29.598775778299832, 0.0 ], [ 54.71538994275997, 29.599354618971471, 0.0 ], [ 54.710766210388371, 29.60114234992766, 0.0 ], [ 54.704131115170327, 29.602850012458561, 0.0 ], [ 54.702131548898826, 29.603167225756302, 0.0 ], [ 54.700752931436448, 29.60432514073652, 0.0 ], [ 54.698906353030672, 29.60517721782379, 0.0 ], [ 54.697307544080687, 29.60557347836145, 0.0 ], [ 54.695034272658482, 29.60612038534801, 0.0 ], [ 54.689410562920102, 29.60781779350171, 0.0 ], [ 54.685766819536397, 29.60960364519838, 0.0 ], [ 54.683665740854408, 29.60983760926824, 0.0 ], [ 54.681363006971317, 29.610311589266761, 0.0 ], [ 54.678754795377237, 29.610599757042571, 0.0 ], [ 54.676645619450603, 29.611185296666498, 0.0 ], [ 54.674153967011591, 29.61179116045793, 0.0 ], [ 54.671171606645778, 29.613082998651471, 0.0 ], [ 54.669837584836309, 29.613627908778518, 0.0 ], [ 54.668748679312039, 29.61473643241035, 0.0 ], [ 54.667120121389637, 29.616412817109708, 0.0 ], [ 54.664160931066291, 29.618480725483309, 0.0 ], [ 54.659958046007652, 29.621194193496031, 0.0 ], [ 54.658453615945398, 29.62240354603346, 0.0 ], [ 54.656770471059083, 29.623302999977099, 0.0 ], [ 54.653730892424342, 29.625703023278511, 0.0 ], [ 54.649925211581767, 29.62907270295047, 0.0 ], [ 54.646895411486589, 29.631481749643399, 0.0 ], [ 54.644502409857658, 29.633144256594189, 0.0 ], [ 54.641194297303983, 29.63552115262717, 0.0 ], [ 54.638365265283532, 29.637275013323791, 0.0 ], [ 54.634976406745587, 29.639560092002959, 0.0 ], [ 54.631955230007449, 29.64157199257529, 0.0 ], [ 54.629690095569643, 29.642605016375391, 0.0 ], [ 54.626550898178387, 29.645237130792029, 0.0 ], [ 54.623953423323542, 29.647662369501059, 0.0 ], [ 54.621432117495949, 29.649917519221141, 0.0 ], [ 54.617335795695887, 29.655455038940289, 0.0 ], [ 54.614992742570443, 29.658019971844311, 0.0 ], [ 54.611070987491772, 29.66138633830333, 0.0 ], [ 54.607549653107021, 29.665716037041548, 0.0 ], [ 54.605046416336087, 29.666302276162181, 0.0 ], [ 54.601485190790306, 29.667942815588692, 0.0 ], [ 54.59769048474778, 29.669840628445499, 0.0 ], [ 54.591968262844667, 29.67242497633638, 0.0 ], [ 54.588527319294244, 29.673336639662011, 0.0 ], [ 54.586632977629883, 29.67479961374459, 0.0 ], [ 54.585848291399962, 29.678240332463378, 0.0 ], [ 54.584574784335658, 29.68138345960153, 0.0 ], [ 54.583520951113449, 29.68311429292034, 0.0 ], [ 54.581594772774487, 29.686326659330561, 0.0 ], [ 54.578407320393652, 29.690860045202189, 0.0 ], [ 54.576751690911031, 29.69268805743134, 0.0 ], [ 54.574325404774576, 29.695196538336599, 0.0 ], [ 54.572221197399408, 29.697196684638211, 0.0 ], [ 54.569931122629526, 29.699617362824721, 0.0 ], [ 54.568125929844491, 29.702064947025391, 0.0 ], [ 54.564588905075951, 29.706050275326689, 0.0 ], [ 54.561722205785777, 29.708369973891742, 0.0 ], [ 54.559479996095682, 29.712207597773951, 0.0 ], [ 54.559447490147853, 29.71226171536512, 0.0 ], [ 54.557544598452267, 29.713539500793711, 0.0 ], [ 54.555445109385772, 29.711713330821571, 0.0 ], [ 54.553550568986893, 29.710663525079429, 0.0 ], [ 54.551487082103648, 29.709569788218399, 0.0 ], [ 54.546977420698433, 29.70664714308263, 0.0 ], [ 54.539826322339131, 29.70355188990828, 0.0 ], [ 54.536791118806583, 29.702206317705919, 0.0 ], [ 54.532686378828657, 29.700103318290861, 0.0 ], [ 54.527745316166794, 29.698069020684219, 0.0 ], [ 54.515207776253298, 29.692659908862769, 0.0 ], [ 54.511653722495623, 29.693012790432281, 0.0 ], [ 54.507917873440391, 29.692632627400059, 0.0 ], [ 54.503113229376098, 29.690476078446281, 0.0 ], [ 54.50181592465735, 29.689307410532169, 0.0 ], [ 54.499797622018477, 29.689332285701202, 0.0 ], [ 54.498062808110816, 29.69048480599011, 0.0 ] ] ] ] } },
{ "type": "Feature", "properties": { "Name": "پارک ملي قطرويه", "description": "<html xmlns:fo=\"http://www.w3.org/1999/XSL/Format\" xmlns:msxsl=\"urn:schemas-microsoft-com:xslt\">\n\n<head>\n\n<META http-equiv=\"Content-Type\" content=\"text/html\">\n\n<meta http-equiv=\"content-type\" content=\"text/html; charset=UTF-8\">\n\n</head>\n\n<body style=\"margin:0px 0px 0px 0px;overflow:auto;background:#FFFFFF;\">\n\n<table style=\"font-family:Arial,Verdana,Times;font-size:12px;text-align:left;width:100%;border-collapse:collapse;padding:3px 3px 3px 3px\">\n\n<tr style=\"text-align:center;font-weight:bold;background:#9CBCE2\">\n\n<td>پارک ملي قطرويه</td>\n\n</tr>\n\n<tr>\n\n<td>\n\n<table style=\"font-family:Arial,Verdana,Times;font-size:12px;text-align:left;width:100%;border-spacing:0px; padding:3px 3px 3px 3px\">\n\n<tr>\n\n<td>FID</td>\n\n<td>5</td>\n\n</tr>\n\n<tr bgcolor=\"#D4E4F3\">\n\n<td>OBJECTID_1</td>\n\n<td>6</td>\n\n</tr>\n\n<tr>\n\n<td>cod</td>\n\n<td>3</td>\n\n</tr>\n\n<tr bgcolor=\"#D4E4F3\">\n\n<td>tafkik_id</td>\n\n<td>1</td>\n\n</tr>\n\n<tr>\n\n<td>tafkik_nam</td>\n\n<td>پارک ملي</td>\n\n</tr>\n\n<tr bgcolor=\"#D4E4F3\">\n\n<td>shahrestan</td>\n\n<td>ني ريز</td>\n\n</tr>\n\n<tr>\n\n<td>NAME1</td>\n\n<td>پارک ملي قطرويه</td>\n\n</tr>\n\n<tr bgcolor=\"#D4E4F3\">\n\n<td>sal_mosava</td>\n\n<td>1386</td>\n\n</tr>\n\n<tr>\n\n<td>AREA_ha</td>\n\n<td>31816</td>\n\n</tr>\n\n<tr bgcolor=\"#D4E4F3\">\n\n<td>F_AREA</td>\n\n<td>318158800.022</td>\n\n</tr>\n\n<tr>\n\n<td>Shape_Leng</td>\n\n<td>76748.878502</td>\n\n</tr>\n\n</table>\n\n</td>\n\n</tr>\n\n</table>\n\n</body>\n\n</html>\n\n", "timestamp": null, "begin": null, "end": null, "altitudeMode": "clampToGround", "tessellate": -1, "extrude": 0, "visibility": -1, "drawOrder": null, "icon": null, "snippet": "" }, "geometry": { "type": "MultiPolygon", "coordinates": [ [ [ [ 54.681093386631147, 29.43482325158336, 0.0 ], [ 54.678484785733801, 29.43539743144898, 0.0 ], [ 54.676502878411739, 29.4358349643549, 0.0 ], [ 54.674229134215068, 29.43576574929476, 0.0 ], [ 54.672860424580577, 29.435181194596961, 0.0 ], [ 54.671571255327471, 29.43480456714256, 0.0 ], [ 54.669230824943611, 29.435442268233331, 0.0 ], [ 54.668136418505, 29.43539359402763, 0.0 ], [ 54.666585132111123, 29.434687750384271, 0.0 ], [ 54.665812418622508, 29.43369162239857, 0.0 ], [ 54.66544957476308, 29.43260825738809, 0.0 ], [ 54.664167935128162, 29.43116944332974, 0.0 ], [ 54.662646428297407, 29.429903448106291, 0.0 ], [ 54.662045754061367, 29.428904419775431, 0.0 ], [ 54.661852017183968, 29.427062737805759, 0.0 ], [ 54.66116014937753, 29.424896581921391, 0.0 ], [ 54.660895128731013, 29.42322478661734, 0.0 ], [ 54.659463008511899, 29.42247670025376, 0.0 ], [ 54.658642546657497, 29.421697982891889, 0.0 ], [ 54.657777154381641, 29.420948161789351, 0.0 ], [ 54.657744196162987, 29.419854985635389, 0.0 ], [ 54.657618510703763, 29.417743809014411, 0.0 ], [ 54.657198650707997, 29.41580532128658, 0.0 ], [ 54.65634366603156, 29.41385917496131, 0.0 ], [ 54.655590164860122, 29.412550041505622, 0.0 ], [ 54.655307699697929, 29.41094936949742, 0.0 ], [ 54.654870985121171, 29.40974744634563, 0.0 ], [ 54.654344797528381, 29.407387826854372, 0.0 ], [ 54.652897287887292, 29.40488005311159, 0.0 ], [ 54.65246919346135, 29.403543546960531, 0.0 ], [ 54.653122182817143, 29.401950090472631, 0.0 ], [ 54.652792761477251, 29.399345097851441, 0.0 ], [ 54.651570568001553, 29.397477140201559, 0.0 ], [ 54.650527458747767, 29.396286982398561, 0.0 ], [ 54.649718532739023, 29.394788478391639, 0.0 ], [ 54.648867894585749, 29.393694026083381, 0.0 ], [ 54.647788344607413, 29.39268074660724, 0.0 ], [ 54.646925781573039, 29.391401430214749, 0.0 ], [ 54.646861532286088, 29.38996577153636, 0.0 ], [ 54.645461766309417, 29.387508035932971, 0.0 ], [ 54.643097303359831, 29.383987872055201, 0.0 ], [ 54.6413989752294, 29.381685312870701, 0.0 ], [ 54.640541572867392, 29.376676293287389, 0.0 ], [ 54.638659183745361, 29.369711799631119, 0.0 ], [ 54.636701382102352, 29.366021201997981, 0.0 ], [ 54.635827817410608, 29.36242650790469, 0.0 ], [ 54.634354870257383, 29.35811101624606, 0.0 ], [ 54.631369516047393, 29.354001584994911, 0.0 ], [ 54.631472028837713, 29.349572012204291, 0.0 ], [ 54.631126364016517, 29.343492585254811, 0.0 ], [ 54.630842363805982, 29.341754750504251, 0.0 ], [ 54.630596033469601, 29.33979033222165, 0.0 ], [ 54.630568670570497, 29.338170680837241, 0.0 ], [ 54.630600862078772, 29.33677933838689, 0.0 ], [ 54.629492206008187, 29.3350950246544, 0.0 ], [ 54.628051061547858, 29.334330839528381, 0.0 ], [ 54.626777852187473, 29.33331539061502, 0.0 ], [ 54.624724257728381, 29.331703707218821, 0.0 ], [ 54.62372915112789, 29.32988218067797, 0.0 ], [ 54.623386075666687, 29.328461431811711, 0.0 ], [ 54.620742776128033, 29.326425872630999, 0.0 ], [ 54.617553070270667, 29.324891822945279, 0.0 ], [ 54.615723419659602, 29.324674497259451, 0.0 ], [ 54.614058760333492, 29.323636315811029, 0.0 ], [ 54.612886368601643, 29.322479094515501, 0.0 ], [ 54.61124286937018, 29.321370243062191, 0.0 ], [ 54.61041462008167, 29.318662498480322, 0.0 ], [ 54.610162749207973, 29.316953612053339, 0.0 ], [ 54.61095490728583, 29.315646904121671, 0.0 ], [ 54.612034555106753, 29.311737637379309, 0.0 ], [ 54.612088127271768, 29.309437684874339, 0.0 ], [ 54.612056408810368, 29.306624891265869, 0.0 ], [ 54.612292440066767, 29.30483951548069, 0.0 ], [ 54.612454944958962, 29.303427786791129, 0.0 ], [ 54.613510068906713, 29.301259366034419, 0.0 ], [ 54.614228000346621, 29.299653036283662, 0.0 ], [ 54.615334579546889, 29.296661730554209, 0.0 ], [ 54.617565084773311, 29.291318536268889, 0.0 ], [ 54.618307869109081, 29.287937217602838, 0.0 ], [ 54.616223592264291, 29.277923677253309, 0.0 ], [ 54.61796190888888, 29.270032118546659, 0.0 ], [ 54.61846915807169, 29.267717509519109, 0.0 ], [ 54.619540708317928, 29.263418813508689, 0.0 ], [ 54.619442069050251, 29.256491534364631, 0.0 ], [ 54.620279449807697, 29.25460320879127, 0.0 ], [ 54.619918186485528, 29.253417900359029, 0.0 ], [ 54.620646590846171, 29.250638503309059, 0.0 ], [ 54.620719312539073, 29.248196828532311, 0.0 ], [ 54.620648715588658, 29.246349140600479, 0.0 ], [ 54.620451325907332, 29.245081531839979, 0.0 ], [ 54.620000187858203, 29.243582150096511, 0.0 ], [ 54.616209892129802, 29.2338336279449, 0.0 ], [ 54.612011925051078, 29.22772514218083, 0.0 ], [ 54.613761315064437, 29.22071721345575, 0.0 ], [ 54.615402541380163, 29.2169684050968, 0.0 ], [ 54.617261737050399, 29.210791838433941, 0.0 ], [ 54.616990070735511, 29.208540026710121, 0.0 ], [ 54.617638193181179, 29.20711703284589, 0.0 ], [ 54.618064343127557, 29.205491234811738, 0.0 ], [ 54.618118492263889, 29.203850288835842, 0.0 ], [ 54.618486419571077, 29.202641030850391, 0.0 ], [ 54.61888125136398, 29.201668025801229, 0.0 ], [ 54.618472163780538, 29.199757489562149, 0.0 ], [ 54.619411687227789, 29.197629499894351, 0.0 ], [ 54.619413079465517, 29.19630860948843, 0.0 ], [ 54.620325848839627, 29.193234187734792, 0.0 ], [ 54.620867093852013, 29.192226848687859, 0.0 ], [ 54.621510991782387, 29.190278224733699, 0.0 ], [ 54.621661819213791, 29.18795154491465, 0.0 ], [ 54.622881896147582, 29.186283016624031, 0.0 ], [ 54.62338074714193, 29.184858117714519, 0.0 ], [ 54.623436369486583, 29.18469923998002, 0.0 ], [ 54.624292927897372, 29.184235065018719, 0.0 ], [ 54.62492392174687, 29.1838931194183, 0.0 ], [ 54.625009835536737, 29.18384656056703, 0.0 ], [ 54.628072372978032, 29.182991855786291, 0.0 ], [ 54.628577849972729, 29.182920425132721, 0.0 ], [ 54.631644750250537, 29.182486985977391, 0.0 ], [ 54.638219672052443, 29.18147826376606, 0.0 ], [ 54.638583700538391, 29.181413983842791, 0.0 ], [ 54.640852309326547, 29.18101337060574, 0.0 ], [ 54.645277914546199, 29.180278867975311, 0.0 ], [ 54.647464691934267, 29.179677469836871, 0.0 ], [ 54.648447868386498, 29.179407067222929, 0.0 ], [ 54.650229205649687, 29.178917125384832, 0.0 ], [ 54.654595379083077, 29.177658570021201, 0.0 ], [ 54.656331647539389, 29.177182445532608, 0.0 ], [ 54.656890914949969, 29.177029076107139, 0.0 ], [ 54.657185142910102, 29.17693669350945, 0.0 ], [ 54.659140426110618, 29.176322746501121, 0.0 ], [ 54.66326956685306, 29.175159179607778, 0.0 ], [ 54.664330887287989, 29.174949313351799, 0.0 ], [ 54.665873502849479, 29.174644259557819, 0.0 ], [ 54.666239738004222, 29.174571833465748, 0.0 ], [ 54.666251270478469, 29.174571395609341, 0.0 ], [ 54.668547974454732, 29.17448422530039, 0.0 ], [ 54.670836273142577, 29.174204480696009, 0.0 ], [ 54.67286765081618, 29.173511872800741, 0.0 ], [ 54.674473565829572, 29.172689735700502, 0.0 ], [ 54.674799682355882, 29.172522778654351, 0.0 ], [ 54.675532288832578, 29.17214961255889, 0.0 ], [ 54.677550148356978, 29.171121745404189, 0.0 ], [ 54.679578169894171, 29.170753528773432, 0.0 ], [ 54.680716558280039, 29.17081030305005, 0.0 ], [ 54.681324054192643, 29.170840596276609, 0.0 ], [ 54.681939421043047, 29.170908540407709, 0.0 ], [ 54.682338684514107, 29.170952622243529, 0.0 ], [ 54.683237140575628, 29.17068907127311, 0.0 ], [ 54.68377488543176, 29.17044281481385, 0.0 ], [ 54.683905116883068, 29.170383175232931, 0.0 ], [ 54.683914019617568, 29.170392467931379, 0.0 ], [ 54.684071153545318, 29.170556493527211, 0.0 ], [ 54.685059763104043, 29.171624140551248, 0.0 ], [ 54.685806469132793, 29.172496394459419, 0.0 ], [ 54.686535028516971, 29.17304925233044, 0.0 ], [ 54.687542241824737, 29.17356009409157, 0.0 ], [ 54.688669468695537, 29.174215327985671, 0.0 ], [ 54.689287524743811, 29.174801254028271, 0.0 ], [ 54.691072271070126, 29.176408675901921, 0.0 ], [ 54.692831223487183, 29.178184715013291, 0.0 ], [ 54.694659146735781, 29.180047738031242, 0.0 ], [ 54.696276564368901, 29.18154568525059, 0.0 ], [ 54.698428058095658, 29.183026158179029, 0.0 ], [ 54.699236915222919, 29.18466251091122, 0.0 ], [ 54.700060688394068, 29.185827182570112, 0.0 ], [ 54.701731894006663, 29.188186747018161, 0.0 ], [ 54.702649533397029, 29.190588751508741, 0.0 ], [ 54.703335414732699, 29.192496740554709, 0.0 ], [ 54.704383211347249, 29.194740831424681, 0.0 ], [ 54.704885793564969, 29.197028588656771, 0.0 ], [ 54.704580457484653, 29.199265122605329, 0.0 ], [ 54.705698976393478, 29.200666735549881, 0.0 ], [ 54.706943566116557, 29.202145225822161, 0.0 ], [ 54.708341010638172, 29.20441094566679, 0.0 ], [ 54.710750661960788, 29.21095335038823, 0.0 ], [ 54.712711604381091, 29.218534203627961, 0.0 ], [ 54.714052956112241, 29.223339588785251, 0.0 ], [ 54.714900621191347, 29.225446398403729, 0.0 ], [ 54.715927756215592, 29.22714527772515, 0.0 ], [ 54.717155386905517, 29.22940801772992, 0.0 ], [ 54.718652043029778, 29.233525899612388, 0.0 ], [ 54.719888522890074, 29.236777787315081, 0.0 ], [ 54.720707064563932, 29.238286261873711, 0.0 ], [ 54.722536064837414, 29.240335033902241, 0.0 ], [ 54.727081695531488, 29.244756510902899, 0.0 ], [ 54.730648334054003, 29.247616813277901, 0.0 ], [ 54.734089470597461, 29.249991708002788, 0.0 ], [ 54.735185689347333, 29.250622033385859, 0.0 ], [ 54.735946916627938, 29.250770449590089, 0.0 ], [ 54.740179547102223, 29.252037709677069, 0.0 ], [ 54.743296535234123, 29.253106226113559, 0.0 ], [ 54.744107597761591, 29.253598602682089, 0.0 ], [ 54.744605943198763, 29.253810788777699, 0.0 ], [ 54.745336449193182, 29.25339033870171, 0.0 ], [ 54.745692568517427, 29.254461644120699, 0.0 ], [ 54.746289525213321, 29.254937780731499, 0.0 ], [ 54.746104416538017, 29.257742244592698, 0.0 ], [ 54.747853505663848, 29.25997616367022, 0.0 ], [ 54.749616240837923, 29.26120148650315, 0.0 ], [ 54.750705124861653, 29.262196287072069, 0.0 ], [ 54.750786866157689, 29.264748551836099, 0.0 ], [ 54.751262264930418, 29.266878827034049, 0.0 ], [ 54.75210720446178, 29.269473065117751, 0.0 ], [ 54.753402837644472, 29.27099293585875, 0.0 ], [ 54.754828232729068, 29.272273957749778, 0.0 ], [ 54.759317052205553, 29.277475566699621, 0.0 ], [ 54.76291072848533, 29.280749047560509, 0.0 ], [ 54.765246691814539, 29.283074789323479, 0.0 ], [ 54.766829860786252, 29.28474525727276, 0.0 ], [ 54.769478591577027, 29.28837640358844, 0.0 ], [ 54.77178032138503, 29.29229314523613, 0.0 ], [ 54.772736409682388, 29.295372890337859, 0.0 ], [ 54.774931280286133, 29.29951198193519, 0.0 ], [ 54.775990559106233, 29.301771433943099, 0.0 ], [ 54.777731106938766, 29.308002735004969, 0.0 ], [ 54.780084652149, 29.313496946541889, 0.0 ], [ 54.782139508897977, 29.31704326521707, 0.0 ], [ 54.783462088505821, 29.3189707698359, 0.0 ], [ 54.785388653649022, 29.32057201772275, 0.0 ], [ 54.787984301612333, 29.32278214693741, 0.0 ], [ 54.791702708609307, 29.32433827429265, 0.0 ], [ 54.798073585768847, 29.329450270089751, 0.0 ], [ 54.795855559502229, 29.32948837240453, 0.0 ], [ 54.793366509086511, 29.330231860845942, 0.0 ], [ 54.792476207740961, 29.33197321268872, 0.0 ], [ 54.791503040470161, 29.333601095987468, 0.0 ], [ 54.79035772657106, 29.335300845559981, 0.0 ], [ 54.789555802560592, 29.336894183976849, 0.0 ], [ 54.788931617699497, 29.33815419354962, 0.0 ], [ 54.78727951872888, 29.33962133077106, 0.0 ], [ 54.784927550878642, 29.341898817713901, 0.0 ], [ 54.782152421401413, 29.344019769195871, 0.0 ], [ 54.776139487953181, 29.349912692233559, 0.0 ], [ 54.77360837869815, 29.352560601199389, 0.0 ], [ 54.772385408301773, 29.35388524755059, 0.0 ], [ 54.769945881139691, 29.356235704538971, 0.0 ], [ 54.767840800494987, 29.358890614656879, 0.0 ], [ 54.764886154396017, 29.361381795486871, 0.0 ], [ 54.758192582769667, 29.367098012044259, 0.0 ], [ 54.755631580376892, 29.367857299456841, 0.0 ], [ 54.753919450935413, 29.368257988063359, 0.0 ], [ 54.752216221314242, 29.3694274261379, 0.0 ], [ 54.75125814790492, 29.37074505241581, 0.0 ], [ 54.750330819819688, 29.37183712434264, 0.0 ], [ 54.749619257043399, 29.373678846888051, 0.0 ], [ 54.749330420917268, 29.375075572858862, 0.0 ], [ 54.749273714851043, 29.377651755295489, 0.0 ], [ 54.749156313410133, 29.379467334284708, 0.0 ], [ 54.747971856622563, 29.380509829084009, 0.0 ], [ 54.746422560914617, 29.38287992366201, 0.0 ], [ 54.745548048110102, 29.38508056399418, 0.0 ], [ 54.745514153394687, 29.386617227748602, 0.0 ], [ 54.745689674925053, 29.388021796569831, 0.0 ], [ 54.745479418422939, 29.390532073843868, 0.0 ], [ 54.74429814644585, 29.39259187004723, 0.0 ], [ 54.7419307918125, 29.394586344465271, 0.0 ], [ 54.739980232121731, 29.39640699319466, 0.0 ], [ 54.738722563657291, 29.3972446937093, 0.0 ], [ 54.72226316165807, 29.408927096762831, 0.0 ], [ 54.714394934968013, 29.41416267654029, 0.0 ], [ 54.712273838683132, 29.41557212398434, 0.0 ], [ 54.707103896419653, 29.41902410048835, 0.0 ], [ 54.697531055133659, 29.4257960890132, 0.0 ], [ 54.692511331481988, 29.42926775861029, 0.0 ], [ 54.690715728173217, 29.430416912572269, 0.0 ], [ 54.689564279346008, 29.431400178940951, 0.0 ], [ 54.687547455894617, 29.431896289862529, 0.0 ], [ 54.686786121433741, 29.432768276843639, 0.0 ], [ 54.685839118949772, 29.433651785864129, 0.0 ], [ 54.683669270666783, 29.43420418889653, 0.0 ], [ 54.681093386631147, 29.43482325158336, 0.0 ] ] ] ] } },
{ "type": "Feature", "properties": { "Name": "منطقه حفاظت شده ارژن و پريشان", "description": "<html xmlns:fo=\"http://www.w3.org/1999/XSL/Format\" xmlns:msxsl=\"urn:schemas-microsoft-com:xslt\">\n\n<head>\n\n<META http-equiv=\"Content-Type\" content=\"text/html\">\n\n<meta http-equiv=\"content-type\" content=\"text/html; charset=UTF-8\">\n\n</head>\n\n<body style=\"margin:0px 0px 0px 0px;overflow:auto;background:#FFFFFF;\">\n\n<table style=\"font-family:Arial,Verdana,Times;font-size:12px;text-align:left;width:100%;border-collapse:collapse;padding:3px 3px 3px 3px\">\n\n<tr style=\"text-align:center;font-weight:bold;background:#9CBCE2\">\n\n<td>منطقه حفاظت شده ارژن و پريشان</td>\n\n</tr>\n\n<tr>\n\n<td>\n\n<table style=\"font-family:Arial,Verdana,Times;font-size:12px;text-align:left;width:100%;border-spacing:0px; padding:3px 3px 3px 3px\">\n\n<tr>\n\n<td>FID</td>\n\n<td>6</td>\n\n</tr>\n\n<tr bgcolor=\"#D4E4F3\">\n\n<td>OBJECTID_1</td>\n\n<td>7</td>\n\n</tr>\n\n<tr>\n\n<td>cod</td>\n\n<td>6</td>\n\n</tr>\n\n<tr bgcolor=\"#D4E4F3\">\n\n<td>tafkik_id</td>\n\n<td>3</td>\n\n</tr>\n\n<tr>\n\n<td>tafkik_nam</td>\n\n<td>منطقه حفاظت شده</td>\n\n</tr>\n\n<tr bgcolor=\"#D4E4F3\">\n\n<td>shahrestan</td>\n\n<td>کارزون - شيراز</td>\n\n</tr>\n\n<tr>\n\n<td>NAME1</td>\n\n<td>منطقه حفاظت شده ارژن و پريشان</td>\n\n</tr>\n\n<tr bgcolor=\"#D4E4F3\">\n\n<td>sal_mosava</td>\n\n<td>1361</td>\n\n</tr>\n\n<tr>\n\n<td>AREA_ha</td>\n\n<td>56713</td>\n\n</tr>\n\n<tr bgcolor=\"#D4E4F3\">\n\n<td>F_AREA</td>\n\n<td>567130692.705</td>\n\n</tr>\n\n<tr>\n\n<td>Shape_Leng</td>\n\n<td>158007.232561</td>\n\n</tr>\n\n</table>\n\n</td>\n\n</tr>\n\n</table>\n\n</body>\n\n</html>\n\n", "timestamp": null, "begin": null, "end": null, "altitudeMode": "clampToGround", "tessellate": -1, "extrude": 0, "visibility": -1, "drawOrder": null, "icon": null, "snippet": "" }, "geometry": { "type": "MultiPolygon", "coordinates": [ [ [ [ 51.861364364282608, 29.724157333659459, 0.0 ], [ 51.861547470244901, 29.725511551774272, 0.0 ], [ 51.860433577817943, 29.72649955823055, 0.0 ], [ 51.860269546332198, 29.727556229358811, 0.0 ], [ 51.85993003813887, 29.728311539383409, 0.0 ], [ 51.858438491201852, 29.728807449718531, 0.0 ], [ 51.858045577393263, 29.729829788660979, 0.0 ], [ 51.857366561807147, 29.73126792922918, 0.0 ], [ 51.856161117449837, 29.73120307955238, 0.0 ], [ 51.854650497535509, 29.730562210609651, 0.0 ], [ 51.852231978934313, 29.728982926124889, 0.0 ], [ 51.850561142209578, 29.727952957145, 0.0 ], [ 51.84961509647858, 29.727312088731711, 0.0 ], [ 51.849100112623503, 29.727117538626501, 0.0 ], [ 51.84809303261288, 29.726785660601241, 0.0 ], [ 51.847528457339898, 29.72637748768669, 0.0 ], [ 51.846815109171473, 29.725027084791598, 0.0 ], [ 51.845506668231707, 29.72426033076016, 0.0 ], [ 51.844747542903782, 29.724233627419089, 0.0 ], [ 51.843820571170752, 29.724588394377239, 0.0 ], [ 51.843240737924972, 29.724729538323629, 0.0 ], [ 51.84208869908317, 29.72396659897343, 0.0 ], [ 51.841135024940918, 29.723508835532311, 0.0 ], [ 51.840795517070383, 29.723012924221901, 0.0 ], [ 51.840177536212089, 29.722558975546761, 0.0 ], [ 51.8391818997979, 29.722345352732329, 0.0 ], [ 51.838674544935458, 29.722017288488271, 0.0 ], [ 51.838315963010267, 29.72139930774274, 0.0 ], [ 51.837640762446597, 29.721456528240349, 0.0 ], [ 51.836526870110212, 29.721426010375581, 0.0 ], [ 51.835847854667747, 29.721254349326049, 0.0 ], [ 51.835454940268463, 29.72067451534954, 0.0 ], [ 51.835153579331077, 29.720041275867199, 0.0 ], [ 51.834848403790119, 29.719476700020749, 0.0 ], [ 51.834993361735208, 29.718530654945521, 0.0 ], [ 51.834177017324393, 29.717966080176549, 0.0 ], [ 51.833684920772818, 29.717649460349481, 0.0 ], [ 51.832647323681982, 29.716619492309231, 0.0 ], [ 51.832715988386141, 29.715894699099021, 0.0 ], [ 51.83242225606611, 29.715543747254021, 0.0 ], [ 51.831422805636286, 29.714979172294051, 0.0 ], [ 51.830698012932373, 29.714693069831579, 0.0 ], [ 51.830171584358247, 29.714326859054619, 0.0 ], [ 51.829496383602901, 29.71373939547162, 0.0 ], [ 51.828878402560548, 29.71307182314731, 0.0 ], [ 51.828462600036993, 29.712839127221979, 0.0 ], [ 51.828065871569599, 29.712083817059689, 0.0 ], [ 51.827653885081922, 29.71161460880678, 0.0 ], [ 51.827306746675262, 29.711030960169438, 0.0 ], [ 51.827329635317071, 29.710344315273421, 0.0 ], [ 51.826330185164267, 29.709970474366401, 0.0 ], [ 51.826120375889452, 29.709386826225071, 0.0 ], [ 51.825609206844497, 29.709100723888199, 0.0 ], [ 51.824689864373759, 29.708967209359649, 0.0 ], [ 51.82396507286068, 29.708921432828909, 0.0 ], [ 51.823511123412551, 29.708475113787738, 0.0 ], [ 51.822561264025353, 29.708387375092439, 0.0 ], [ 51.82173728894692, 29.708375931532149, 0.0 ], [ 51.821069717134733, 29.70824623124382, 0.0 ], [ 51.820123672319092, 29.707826614633721, 0.0 ], [ 51.818750380940862, 29.707590103333981, 0.0 ], [ 51.818132400441058, 29.70726966912035, 0.0 ], [ 51.817632675227053, 29.706720352472729, 0.0 ], [ 51.81658363362633, 29.705766677884689, 0.0 ], [ 51.815874099330102, 29.704980851013829, 0.0 ], [ 51.815435409135709, 29.704236984635159, 0.0 ], [ 51.814920424667079, 29.703401566400689, 0.0 ], [ 51.814393996938762, 29.703111649283681, 0.0 ], [ 51.813848495690692, 29.702627182257341, 0.0 ], [ 51.813245773342103, 29.701795578374512, 0.0 ], [ 51.813169479578661, 29.701116562041189, 0.0 ], [ 51.812238692843877, 29.70002174428603, 0.0 ], [ 51.811212539078262, 29.699434280458149, 0.0 ], [ 51.810022354274047, 29.69873237676839, 0.0 ], [ 51.809846878139197, 29.69811058090734, 0.0 ], [ 51.808710097539432, 29.697313308877121, 0.0 ], [ 51.807516097868593, 29.69692421018177, 0.0 ], [ 51.806970596562543, 29.696535111322671, 0.0 ], [ 51.806001663365159, 29.696481704929361, 0.0 ], [ 51.805437088253747, 29.696969986774921, 0.0 ], [ 51.804773330619497, 29.697351455779678, 0.0 ], [ 51.803991317232111, 29.69727134769111, 0.0 ], [ 51.803136825504311, 29.697259903813968, 0.0 ], [ 51.802534103654267, 29.69747734095218, 0.0 ], [ 51.801748275311041, 29.69766807642856, 0.0 ], [ 51.801168441753283, 29.69758033833487, 0.0 ], [ 51.800798415966128, 29.697195053581591, 0.0 ], [ 51.800054549745248, 29.697103501083191, 0.0 ], [ 51.799482345693683, 29.69772911107038, 0.0 ], [ 51.798727035016583, 29.698144913216161, 0.0 ], [ 51.798177718466214, 29.69865226780928, 0.0 ], [ 51.798036574841611, 29.699365616494891, 0.0 ], [ 51.797601699113443, 29.699636459837699, 0.0 ], [ 51.797006606298702, 29.700193405484711, 0.0 ], [ 51.796506881472453, 29.70077705448513, 0.0 ], [ 51.795896530056552, 29.70101738040724, 0.0 ], [ 51.795293807423988, 29.701566697035201, 0.0 ], [ 51.79472923210642, 29.702383042080839, 0.0 ], [ 51.794374465545879, 29.703092575075441, 0.0 ], [ 51.793420791106293, 29.703668595126882, 0.0 ], [ 51.792699813773389, 29.703638077569661, 0.0 ], [ 51.792058944119873, 29.704771042127678, 0.0 ], [ 51.791826247763467, 29.705270767796229, 0.0 ], [ 51.790876388608751, 29.70540809677237, 0.0 ], [ 51.790166854280777, 29.705549240294051, 0.0 ], [ 51.789480209394974, 29.705121994096771, 0.0 ], [ 51.788965224665098, 29.704923630010089, 0.0 ], [ 51.78849983236617, 29.704767228019861, 0.0 ], [ 51.787977218763153, 29.704618453993689, 0.0 ], [ 51.787454604343601, 29.704492569632102, 0.0 ], [ 51.786844253225219, 29.70430183494679, 0.0 ], [ 51.786119460732991, 29.704133988055968, 0.0 ], [ 51.785429000529469, 29.703981399886651, 0.0 ], [ 51.784711837222218, 29.703851700133139, 0.0 ], [ 51.784105300449042, 29.703794479478479, 0.0 ], [ 51.783514022562102, 29.70360374451672, 0.0 ], [ 51.782758712133457, 29.703359604242412, 0.0 ], [ 51.78207969680772, 29.70261192360838, 0.0 ], [ 51.781667709133487, 29.701982498389551, 0.0 ], [ 51.781476974013103, 29.701642990862169, 0.0 ], [ 51.781251907404837, 29.701272964936958, 0.0 ], [ 51.781003952038837, 29.700845718679702, 0.0 ], [ 51.780714034281111, 29.700441361055049, 0.0 ], [ 51.780313491235468, 29.699750900820369, 0.0 ], [ 51.779996871457158, 29.699258804671061, 0.0 ], [ 51.779630661257023, 29.698598862374009, 0.0 ], [ 51.779150008528802, 29.697820664251768, 0.0 ], [ 51.778676986235652, 29.697172165085728, 0.0 ], [ 51.778364181184102, 29.69673728976257, 0.0 ], [ 51.777967452787721, 29.69618034438394, 0.0 ], [ 51.777635573593663, 29.695661544850751, 0.0 ], [ 51.777410506491073, 29.695177078883859, 0.0 ], [ 51.777200698305478, 29.69474220338266, 0.0 ], [ 51.776983260748111, 29.694211960533281, 0.0 ], [ 51.77679634118234, 29.69368171698752, 0.0 ], [ 51.776624679022177, 29.69301414558733, 0.0 ], [ 51.776586531842128, 29.692499160800001, 0.0 ], [ 51.776521682726212, 29.691881180321889, 0.0 ], [ 51.776502608501701, 29.690950393919788, 0.0 ], [ 51.77653312613235, 29.690210342412541, 0.0 ], [ 51.776575088139907, 29.689458847313428, 0.0 ], [ 51.776605606252048, 29.688226699813459, 0.0 ], [ 51.776613234880323, 29.687337876066199, 0.0 ], [ 51.77665519645516, 29.68640327483568, 0.0 ], [ 51.776693344310488, 29.685655594709878, 0.0 ], [ 51.776731490900538, 29.684377670454619, 0.0 ], [ 51.776773452384482, 29.68299674998725, 0.0 ], [ 51.776815414269969, 29.681837082241909, 0.0 ], [ 51.776811599949262, 29.681428909289941, 0.0 ], [ 51.776887893867041, 29.6800022125868, 0.0 ], [ 51.776918411155471, 29.678689957199431, 0.0 ], [ 51.776941299220347, 29.67825889627645, 0.0 ], [ 51.776922225348969, 29.677194595944009, 0.0 ], [ 51.777021407347931, 29.676462174031929, 0.0 ], [ 51.777643203199588, 29.675577164315051, 0.0 ], [ 51.778444290092366, 29.67461204558645, 0.0 ], [ 51.779424667361127, 29.673486710243591, 0.0 ], [ 51.779790877627804, 29.672929764133311, 0.0 ], [ 51.779943466069078, 29.67243003884391, 0.0 ], [ 51.78024101278168, 29.671865463646171, 0.0 ], [ 51.780538558525627, 29.671415329113881, 0.0 ], [ 51.78078651404207, 29.67087364242089, 0.0 ], [ 51.780828475770818, 29.670305252274112, 0.0 ], [ 51.781244277668641, 29.669885635565279, 0.0 ], [ 51.781938552153662, 29.669240952083509, 0.0 ], [ 51.78209877030941, 29.668317794923951, 0.0 ], [ 51.781969070339173, 29.667642593553161, 0.0 ], [ 51.781991958538939, 29.667165756598511, 0.0 ], [ 51.782388687118718, 29.666212082539431, 0.0 ], [ 51.782747268521163, 29.66562080469901, 0.0 ], [ 51.783029556067227, 29.665170669797568, 0.0 ], [ 51.783300399053687, 29.66460609464119, 0.0 ], [ 51.783544539954818, 29.664102555164892, 0.0 ], [ 51.783807753973882, 29.663503647403729, 0.0 ], [ 51.784017562843061, 29.663106918992561, 0.0 ], [ 51.784238815541421, 29.66272544908124, 0.0 ], [ 51.7845973965374, 29.66220283559117, 0.0 ], [ 51.784902572826176, 29.661695480373471, 0.0 ], [ 51.785146712798714, 29.66129112320986, 0.0 ], [ 51.785455703192667, 29.66083717359815, 0.0 ], [ 51.785776138049869, 29.66035270720019, 0.0 ], [ 51.786283492829327, 29.659605027026519, 0.0 ], [ 51.78675270085116, 29.658960343024258, 0.0 ], [ 51.78734016417441, 29.658338547277811, 0.0 ], [ 51.787771224447432, 29.657613754337191, 0.0 ], [ 51.788423538363638, 29.656984329787889, 0.0 ], [ 51.78905677775105, 29.656591416064469, 0.0 ], [ 51.789480209052677, 29.65656089793606, 0.0 ], [ 51.789903640365019, 29.656663895290968, 0.0 ], [ 51.790552139030183, 29.656843185558241, 0.0 ], [ 51.791063308759227, 29.657033920489411, 0.0 ], [ 51.79167365969704, 29.656881332519291, 0.0 ], [ 51.792158127020421, 29.656713486138379, 0.0 ], [ 51.792695998678383, 29.65680503868413, 0.0 ], [ 51.793363571076398, 29.65692710941649, 0.0 ], [ 51.794111251569213, 29.65704917973423, 0.0 ], [ 51.79459190338418, 29.657144547187801, 0.0 ], [ 51.795064925689573, 29.657110215106769, 0.0 ], [ 51.795644760240741, 29.656972885636851, 0.0 ], [ 51.796239852597722, 29.656805039067571, 0.0 ], [ 51.796438217291779, 29.656476975301921, 0.0 ], [ 51.795801162698929, 29.65594673228394, 0.0 ], [ 51.795663833550741, 29.655206681036649, 0.0 ], [ 51.795892715403888, 29.654661179408819, 0.0 ], [ 51.796052932791497, 29.654134750834519, 0.0 ], [ 51.796274184682353, 29.653505325505879, 0.0 ], [ 51.796693801762871, 29.65316200269633, 0.0 ], [ 51.797212600544789, 29.65297889762374, 0.0 ], [ 51.797822951528637, 29.652795791937741, 0.0 ], [ 51.798540114797703, 29.652566909763909, 0.0 ], [ 51.799039840142846, 29.652193069432169, 0.0 ], [ 51.799486160147822, 29.651628495064131, 0.0 ], [ 51.79986381475274, 29.651060104538239, 0.0 ], [ 51.800432204910933, 29.650323868428931, 0.0 ], [ 51.801134109465814, 29.649698257634299, 0.0 ], [ 51.80187416065629, 29.64908027654247, 0.0 ], [ 51.80237007081837, 29.648569107292531, 0.0 ], [ 51.80272102374088, 29.648111343583579, 0.0 ], [ 51.803171157302828, 29.647573471159561, 0.0 ], [ 51.803693771072979, 29.647020340366399, 0.0 ], [ 51.804018020773327, 29.646631241135271, 0.0 ], [ 51.804311751831193, 29.646280289285269, 0.0 ], [ 51.804697036183683, 29.645807266273909, 0.0 ], [ 51.805055617748572, 29.64540290849898, 0.0 ], [ 51.805471420255742, 29.644990921112839, 0.0 ], [ 51.806028365642263, 29.64450264032175, 0.0 ], [ 51.806699752335973, 29.644098282369811, 0.0 ], [ 51.807100295940877, 29.643869400613799, 0.0 ], [ 51.807725906043522, 29.643533706653869, 0.0 ], [ 51.808301925599331, 29.643224716354219, 0.0 ], [ 51.809156417391691, 29.64271736156439, 0.0 ], [ 51.809511184452852, 29.642210007094679, 0.0 ], [ 51.80936622645045, 29.641798020204401, 0.0 ], [ 51.809106826769828, 29.641241073767059, 0.0 ], [ 51.808946608904527, 29.640657425201859, 0.0 ], [ 51.809221267652873, 29.64013481208109, 0.0 ], [ 51.809621810989007, 29.6393795020733, 0.0 ], [ 51.809862136113601, 29.638986588174991, 0.0 ], [ 51.810148238520483, 29.638547897375041, 0.0 ], [ 51.810403823338511, 29.637975693298308, 0.0 ], [ 51.810579299785623, 29.637441635491811, 0.0 ], [ 51.810739516580838, 29.636816025479462, 0.0 ], [ 51.811132431251451, 29.636159897699581, 0.0 ], [ 51.811422348070622, 29.635564804504011, 0.0 ], [ 51.81175804065019, 29.634931564896991, 0.0 ], [ 51.812147140667399, 29.634096145897001, 0.0 ], [ 51.812772751041187, 29.633165359819639, 0.0 ], [ 51.812734603270677, 29.63236427366353, 0.0 ], [ 51.812410354860489, 29.631616592677169, 0.0 ], [ 51.812055587925428, 29.631040573145651, 0.0 ], [ 51.811594009052023, 29.630208969286731, 0.0 ], [ 51.811326980599219, 29.629800797136781, 0.0 ], [ 51.810983657894312, 29.629400253755978, 0.0 ], [ 51.810411452767461, 29.628976822696099, 0.0 ], [ 51.810026168569777, 29.628652572999979, 0.0 ], [ 51.809915542645953, 29.628084183592641, 0.0 ], [ 51.80972099248757, 29.627515792855679, 0.0 ], [ 51.809488295868547, 29.627134323114401, 0.0 ], [ 51.808927536188861, 29.626649856561801, 0.0 ], [ 51.808122634575049, 29.626035690846329, 0.0 ], [ 51.807676315469152, 29.625532150935669, 0.0 ], [ 51.807214736511163, 29.625020981689339, 0.0 ], [ 51.807233810499071, 29.62459755029748, 0.0 ], [ 51.807317733123803, 29.624197006966131, 0.0 ], [ 51.806974410807491, 29.623701096018731, 0.0 ], [ 51.80707740772479, 29.623136520864549, 0.0 ], [ 51.807416915731999, 29.62264442464258, 0.0 ], [ 51.807718276494001, 29.6221485140684, 0.0 ], [ 51.808160781456543, 29.621713638725101, 0.0 ], [ 51.808786392357902, 29.621339798613771, 0.0 ], [ 51.809438705189763, 29.6211910248423, 0.0 ], [ 51.810152053958149, 29.621091842924361, 0.0 ], [ 51.810842514074217, 29.620981216635361, 0.0 ], [ 51.811468124404414, 29.620882035052841, 0.0 ], [ 51.812108992877683, 29.6205577858392, 0.0 ], [ 51.812513351470209, 29.62030220066967, 0.0 ], [ 51.812906264901649, 29.619939804436651, 0.0 ], [ 51.813383101996692, 29.619596481482841, 0.0 ], [ 51.813917160149352, 29.619100571485369, 0.0 ], [ 51.814607619931031, 29.61855125502872, 0.0 ], [ 51.815427780385079, 29.617967605897451, 0.0 ], [ 51.815950393738873, 29.61759376528823, 0.0 ], [ 51.816411972114487, 29.617265701315059, 0.0 ], [ 51.816926955825728, 29.616857528925291, 0.0 ], [ 51.817579269042056, 29.616479874499809, 0.0 ], [ 51.818231582699212, 29.616098403986499, 0.0 ], [ 51.818758010468947, 29.615839004969072, 0.0 ], [ 51.819593429389748, 29.615446090709909, 0.0 ], [ 51.820135115994873, 29.61504173360041, 0.0 ], [ 51.82067680372667, 29.61452674911386, 0.0 ], [ 51.821172713806341, 29.613973617864591, 0.0 ], [ 51.821676254166313, 29.61349296602658, 0.0 ], [ 51.822275161830888, 29.612867355641011, 0.0 ], [ 51.82312583857113, 29.612230301693931, 0.0 ], [ 51.823839186998683, 29.611768723166328, 0.0 ], [ 51.824419021111062, 29.611452103310349, 0.0 ], [ 51.825059890429081, 29.610933304642192, 0.0 ], [ 51.825704574398699, 29.610223770968862, 0.0 ], [ 51.826356887523943, 29.60957145719258, 0.0 ], [ 51.826768875249051, 29.609025955611049, 0.0 ], [ 51.827043533011228, 29.608472824661241, 0.0 ], [ 51.82735633876495, 29.607786179095019, 0.0 ], [ 51.827505111600942, 29.607263565524629, 0.0 ], [ 51.827802657811041, 29.60619163564591, 0.0 ], [ 51.828100203985549, 29.605718613302258, 0.0 ], [ 51.828325270891291, 29.604692459874911, 0.0 ], [ 51.828783034784827, 29.604009628589161, 0.0 ], [ 51.829236983580188, 29.603387832630201, 0.0 ], [ 51.829694747530183, 29.602952957229672, 0.0 ], [ 51.830228805553013, 29.6023426057317, 0.0 ], [ 51.830781936307659, 29.601751328187909, 0.0 ], [ 51.831266402876487, 29.601255417042449, 0.0 ], [ 51.831724166494944, 29.600763321073629, 0.0 ], [ 51.832559585180633, 29.600088119875661, 0.0 ], [ 51.833292006873982, 29.599325180740468, 0.0 ], [ 51.833860396898018, 29.598703385236551, 0.0 ], [ 51.83464241040042, 29.59825706533293, 0.0 ], [ 51.834714889661498, 29.597482682129911, 0.0 ], [ 51.834882736134809, 29.596925735851041, 0.0 ], [ 51.835062026418228, 29.596395492628901, 0.0 ], [ 51.835245132704607, 29.59582328840397, 0.0 ], [ 51.835386275808609, 29.59503364592172, 0.0 ], [ 51.835386276035628, 29.594270706657589, 0.0 ], [ 51.835214614407477, 29.593492508371011, 0.0 ], [ 51.835199355801983, 29.59236717269842, 0.0 ], [ 51.835336685132177, 29.591596604104939, 0.0 ], [ 51.834817886499508, 29.590852737512069, 0.0 ], [ 51.834371566498213, 29.590452194699239, 0.0 ], [ 51.833776473433581, 29.589761734791001, 0.0 ], [ 51.833330154007697, 29.58909416246529, 0.0 ], [ 51.832990645860008, 29.58851814334496, 0.0 ], [ 51.832635878997642, 29.58808326751663, 0.0 ], [ 51.83230781560583, 29.587614059418669, 0.0 ], [ 51.831964492393631, 29.58710670487331, 0.0 ], [ 51.831590652319413, 29.586664200577939, 0.0 ], [ 51.831201552867739, 29.58605766324418, 0.0 ], [ 51.830816268762113, 29.585416794330779, 0.0 ], [ 51.830625533485751, 29.585065841776078, 0.0 ], [ 51.830278396208719, 29.584562302099119, 0.0 ], [ 51.829793930199394, 29.5841464996086, 0.0 ], [ 51.829488753675562, 29.583841324381531, 0.0 ], [ 51.82914161686292, 29.583448410695659, 0.0 ], [ 51.828668594142513, 29.58296012912464, 0.0 ], [ 51.828134536137419, 29.58241081253696, 0.0 ], [ 51.82756996167636, 29.581720352640019, 0.0 ], [ 51.827077865058307, 29.58109855706363, 0.0 ], [ 51.826620101555108, 29.580575943816619, 0.0 ], [ 51.826051712138948, 29.580015182991151, 0.0 ], [ 51.825628280882981, 29.57961463992147, 0.0 ], [ 51.825239181434867, 29.579183578915671, 0.0 ], [ 51.824697494333307, 29.578535080215961, 0.0 ], [ 51.82426261849178, 29.57808113135285, 0.0 ], [ 51.823892593587637, 29.57758522074446, 0.0 ], [ 51.823442458510677, 29.576967239480009, 0.0 ], [ 51.822973251100798, 29.576452255543, 0.0 ], [ 51.822549820169897, 29.576055526757639, 0.0 ], [ 51.822271347207618, 29.57573890751555, 0.0 ], [ 51.821802139539393, 29.575151443540658, 0.0 ], [ 51.821302413463123, 29.574602127192009, 0.0 ], [ 51.82098579403948, 29.574251175450261, 0.0 ], [ 51.82049751288114, 29.573789597408041, 0.0 ], [ 51.820112227748211, 29.57342720111777, 0.0 ], [ 51.819383621313797, 29.573015213550509, 0.0 ], [ 51.818822860271901, 29.572664260879279, 0.0 ], [ 51.818387984562463, 29.572343826867939, 0.0 ], [ 51.817720412718607, 29.571859359786181, 0.0 ], [ 51.817090987403489, 29.571508408130502, 0.0 ], [ 51.816419601605539, 29.571214676337458, 0.0 ], [ 51.815958022505328, 29.570901870749889, 0.0 ], [ 51.815485000065337, 29.570581436587108, 0.0 ], [ 51.814775466953392, 29.570253373056278, 0.0 ], [ 51.814138411789848, 29.569871902457049, 0.0 ], [ 51.813444137324623, 29.56942939840939, 0.0 ], [ 51.812452315545329, 29.568971634613849, 0.0 ], [ 51.811792373217223, 29.568601608589169, 0.0 ], [ 51.81131935069719, 29.568216324582401, 0.0 ], [ 51.810903549336153, 29.567731857789791, 0.0 ], [ 51.810430526010862, 29.56734657318319, 0.0 ], [ 51.809942245669411, 29.567033768179069, 0.0 ], [ 51.809404372497937, 29.566999435747071, 0.0 ], [ 51.80889320382601, 29.566930771737312, 0.0 ], [ 51.808382034329092, 29.566858291900679, 0.0 ], [ 51.807794570354567, 29.566671372067621, 0.0 ], [ 51.807283401212409, 29.566396713938762, 0.0 ], [ 51.806661605715433, 29.566030502807429, 0.0 ], [ 51.80618858299556, 29.56566047705487, 0.0 ], [ 51.805921554154587, 29.565317153909259, 0.0 ], [ 51.805669784657773, 29.564950943828912, 0.0 ], [ 51.805253982593548, 29.564565658591519, 0.0 ], [ 51.804338454759282, 29.56447029134852, 0.0 ], [ 51.803712844848171, 29.564374924484, 0.0 ], [ 51.803052901768481, 29.564115524465759, 0.0 ], [ 51.80233192377306, 29.563676834135141, 0.0 ], [ 51.801546096840767, 29.563333512129891, 0.0 ], [ 51.800832748268668, 29.563680649106271, 0.0 ], [ 51.800268172682877, 29.56426429832365, 0.0 ], [ 51.800466536996531, 29.564970017102809, 0.0 ], [ 51.801012038830741, 29.565164566217319, 0.0 ], [ 51.801378249367481, 29.565366745126731, 0.0 ], [ 51.800996779747393, 29.56577491805832, 0.0 ], [ 51.800424575595272, 29.56614875872728, 0.0 ], [ 51.799722671627933, 29.566194535099431, 0.0 ], [ 51.799142836847587, 29.566164017234051, 0.0 ], [ 51.79884529077183, 29.56645393409028, 0.0 ], [ 51.79859352071206, 29.566915512773861, 0.0 ], [ 51.798620223950458, 29.5672779088681, 0.0 ], [ 51.799341202016848, 29.567419052308711, 0.0 ], [ 51.799833297198077, 29.56794166567111, 0.0 ], [ 51.800168990329468, 29.56840324477924, 0.0 ], [ 51.800642012947577, 29.568803787458751, 0.0 ], [ 51.801061629963087, 29.569349289183091, 0.0 ], [ 51.801733017014577, 29.570066452793519, 0.0 ], [ 51.801588058387637, 29.570436477652329, 0.0 ], [ 51.801164626619752, 29.57186317476771, 0.0 ], [ 51.801183700643769, 29.57298851054, 0.0 ], [ 51.800886153648648, 29.573450088701609, 0.0 ], [ 51.800245284698462, 29.57383918762612, 0.0 ], [ 51.799749374027712, 29.57415580828906, 0.0 ], [ 51.799261093190758, 29.57444953958829, 0.0 ], [ 51.79870796195943, 29.574422836936311, 0.0 ], [ 51.798421859409359, 29.574735642018378, 0.0 ], [ 51.797838210484059, 29.57482337967264, 0.0 ], [ 51.797342299847593, 29.575254440497361, 0.0 ], [ 51.796789168964231, 29.575029373325801, 0.0 ], [ 51.796014785411103, 29.574785232564139, 0.0 ], [ 51.795537948076053, 29.57436561661763, 0.0 ], [ 51.795026778974488, 29.573961258603561, 0.0 ], [ 51.794385910242113, 29.573961258366339, 0.0 ], [ 51.793901443402092, 29.573972702039161, 0.0 ], [ 51.79358482382036, 29.573690415234172, 0.0 ], [ 51.794126510448613, 29.573427201153379, 0.0 ], [ 51.794576644955853, 29.573106766220342, 0.0 ], [ 51.794912337946833, 29.572557449699449, 0.0 ], [ 51.79431343014199, 29.572504043866921, 0.0 ], [ 51.793874739901867, 29.572721481357348, 0.0 ], [ 51.793455124148821, 29.572591782055841, 0.0 ], [ 51.792993545054237, 29.572221756571722, 0.0 ], [ 51.792615890158068, 29.57190895084327, 0.0 ], [ 51.79214286794123, 29.57149696412533, 0.0 ], [ 51.792440413876143, 29.57112693853302, 0.0 ], [ 51.792753219516833, 29.57088661244897, 0.0 ], [ 51.792383194030393, 29.570711136050338, 0.0 ], [ 51.792127609143897, 29.57020759594899, 0.0 ], [ 51.791902542108367, 29.569639206446489, 0.0 ], [ 51.79106712316468, 29.569677353072361, 0.0 ], [ 51.790307997959097, 29.569711685957412, 0.0 ], [ 51.790506363010117, 29.569330215728652, 0.0 ], [ 51.790811538599698, 29.569002152178271, 0.0 ], [ 51.791444778352641, 29.568670273311859, 0.0 ], [ 51.792016982734822, 29.56829643297224, 0.0 ], [ 51.791093825802527, 29.568258285916048, 0.0 ], [ 51.790212630939401, 29.568204880010921, 0.0 ], [ 51.789751052781007, 29.568159103964, 0.0 ], [ 51.789220809477158, 29.568048477239461, 0.0 ], [ 51.788686752544073, 29.567861557663971, 0.0 ], [ 51.788084029453863, 29.567640305275841, 0.0 ], [ 51.787263870143128, 29.567335129180439, 0.0 ], [ 51.78648185668871, 29.567045212163229, 0.0 ], [ 51.785882949321582, 29.566823959529479, 0.0 ], [ 51.785268783246281, 29.56660652160053, 0.0 ], [ 51.784479141328902, 29.566320419997709, 0.0 ], [ 51.783296584882883, 29.565896988524379, 0.0 ], [ 51.782873153280548, 29.565732956433308, 0.0 ], [ 51.782289505064348, 29.565500259591762, 0.0 ], [ 51.781625747784759, 29.56524086072622, 0.0 ], [ 51.780824661262557, 29.564924240226709, 0.0 ], [ 51.77996253987407, 29.56461143515051, 0.0 ], [ 51.778970717744542, 29.56425285339094, 0.0 ], [ 51.777612686055683, 29.563753128542679, 0.0 ], [ 51.776777267209447, 29.563470841229719, 0.0 ], [ 51.775751113240709, 29.563138962393399, 0.0 ], [ 51.774702071601183, 29.562746048077251, 0.0 ], [ 51.773637771057501, 29.562341690479961, 0.0 ], [ 51.773092269389707, 29.562128067811749, 0.0 ], [ 51.772214889552068, 29.561750412314911, 0.0 ], [ 51.771371841667872, 29.56133842521999, 0.0 ], [ 51.770364760863202, 29.560853958408739, 0.0 ], [ 51.769300460905313, 29.560338974788291, 0.0 ], [ 51.768865584820873, 29.56009483338827, 0.0 ], [ 51.768163681019168, 29.559759140646399, 0.0 ], [ 51.767621993307969, 29.559457779137301, 0.0 ], [ 51.767251968321062, 29.559095382904282, 0.0 ], [ 51.766798019004383, 29.55882072449845, 0.0 ], [ 51.766252516966361, 29.55885887225158, 0.0 ], [ 51.765707016024393, 29.558969497708929, 0.0 ], [ 51.764818191746372, 29.559022903559629, 0.0 ], [ 51.763956069546047, 29.559080124429531, 0.0 ], [ 51.763231277149252, 29.558946610297141, 0.0 ], [ 51.762380600061441, 29.559110642207429, 0.0 ], [ 51.761701583150412, 29.559270858813889, 0.0 ], [ 51.761037826022097, 29.559164048074042, 0.0 ], [ 51.760370253756463, 29.5589427951716, 0.0 ], [ 51.759893416704188, 29.558824539985949, 0.0 ], [ 51.759645462183443, 29.558759689953121, 0.0 ], [ 51.759748459122747, 29.557096481954911, 0.0 ], [ 51.759668350074669, 29.555021286831579, 0.0 ], [ 51.75958061226401, 29.55193901071625, 0.0 ], [ 51.758993148149941, 29.551572800233721, 0.0 ], [ 51.758337020151153, 29.551195144785641, 0.0 ], [ 51.757524490483767, 29.55084419335515, 0.0 ], [ 51.756895065167662, 29.55058479389832, 0.0 ], [ 51.756475448672383, 29.550310135402729, 0.0 ], [ 51.756803512765721, 29.54993629476229, 0.0 ], [ 51.757101058307121, 29.549524307851271, 0.0 ], [ 51.757314681269513, 29.5492763527402, 0.0 ], [ 51.757471084630282, 29.548883438373501, 0.0 ], [ 51.757761001025187, 29.548524857239681, 0.0 ], [ 51.758142470568693, 29.548036575449348, 0.0 ], [ 51.758752822187411, 29.547369003644661, 0.0 ], [ 51.759252547681747, 29.54682350194151, 0.0 ], [ 51.759813308761949, 29.546190262035228, 0.0 ], [ 51.760240554846817, 29.54569053706874, 0.0 ], [ 51.760744094864911, 29.545068741039501, 0.0 ], [ 51.761205673008639, 29.5444316869925, 0.0 ], [ 51.761659622277847, 29.543848037946439, 0.0 ], [ 51.762144088345423, 29.54319572476885, 0.0 ], [ 51.762742995748859, 29.542516709160349, 0.0 ], [ 51.763196945209593, 29.541967392549839, 0.0 ], [ 51.763582229576542, 29.541547775735111, 0.0 ], [ 51.763994216878551, 29.541013718458998, 0.0 ], [ 51.76432609495842, 29.54050636308336, 0.0 ], [ 51.764844894329009, 29.539926529488891, 0.0 ], [ 51.765142440312431, 29.539587021113011, 0.0 ], [ 51.765573501814877, 29.53911781344592, 0.0 ], [ 51.76579856823944, 29.53863334658066, 0.0 ], [ 51.765974044577113, 29.537946701354951, 0.0 ], [ 51.766092300521933, 29.537382126098951, 0.0 ], [ 51.766290664813013, 29.53673744203028, 0.0 ], [ 51.766569137715969, 29.53594398520427, 0.0 ], [ 51.766706466059873, 29.535444259997458, 0.0 ], [ 51.766820907353797, 29.53494453492165, 0.0 ], [ 51.767057418790714, 29.534112931062658, 0.0 ], [ 51.767335891362492, 29.533643722851782, 0.0 ], [ 51.767797469987059, 29.53307914783182, 0.0 ], [ 51.768289565382247, 29.53238868797904, 0.0 ], [ 51.768957138075343, 29.53158378625043, 0.0 ], [ 51.769273757917418, 29.53117179904201, 0.0 ], [ 51.769842147673863, 29.530500412597171, 0.0 ], [ 51.770391463542843, 29.529809952025069, 0.0 ], [ 51.770944595079087, 29.529199600348552, 0.0 ], [ 51.771333693854288, 29.528730392809209, 0.0 ], [ 51.771551131867817, 29.52835655243009, 0.0 ], [ 51.77190589886505, 29.52791023273809, 0.0 ], [ 51.772108078178363, 29.527593612657199, 0.0 ], [ 51.772027969068297, 29.527200699083629, 0.0 ], [ 51.772127151618378, 29.526842117824849, 0.0 ], [ 51.772359847924697, 29.52637290960616, 0.0 ], [ 51.772748946796447, 29.525732041103751, 0.0 ], [ 51.772279738877607, 29.525350570812211, 0.0 ], [ 51.771535873262778, 29.524862289599859, 0.0 ], [ 51.770605087150493, 29.524515152382609, 0.0 ], [ 51.769655227417473, 29.524198532690889, 0.0 ], [ 51.768964767697177, 29.523969650684819, 0.0 ], [ 51.768419265951408, 29.52380561901197, 0.0 ], [ 51.767492293807017, 29.523550034373471, 0.0 ], [ 51.766626357582247, 29.523580551474179, 0.0 ], [ 51.765577315749503, 29.52404975932637, 0.0 ], [ 51.764608383317601, 29.524625778348611, 0.0 ], [ 51.763589859172441, 29.52508354206897, 0.0 ], [ 51.762903212862788, 29.52542686478812, 0.0 ], [ 51.762292861653407, 29.5257015231835, 0.0 ], [ 51.761484145495487, 29.525911331950429, 0.0 ], [ 51.760957718093323, 29.526063919862779, 0.0 ], [ 51.760187148759201, 29.526300430748201, 0.0 ], [ 51.759382248139318, 29.526407242324371, 0.0 ], [ 51.758558273485718, 29.52633476287329, 0.0 ], [ 51.757745743006481, 29.526159287367339, 0.0 ], [ 51.756643294807688, 29.52613639895096, 0.0 ], [ 51.755353927277461, 29.526350022052188, 0.0 ], [ 51.754316329405839, 29.52657890380712, 0.0 ], [ 51.753400802416863, 29.52691459695134, 0.0 ], [ 51.752660750762622, 29.527154922886531, 0.0 ], [ 51.751428603720683, 29.527559280886411, 0.0 ], [ 51.750871657861843, 29.527742386496161, 0.0 ], [ 51.749746322810402, 29.528192520586948, 0.0 ], [ 51.748369216246381, 29.528783798453539, 0.0 ], [ 51.747644424323042, 29.528928757032212, 0.0 ], [ 51.746782302910979, 29.529275894648691, 0.0 ], [ 51.746152877329692, 29.529283524067019, 0.0 ], [ 51.745592117148448, 29.529207230364982, 0.0 ], [ 51.744081496820748, 29.52952766496005, 0.0 ], [ 51.742811202566699, 29.52995872550586, 0.0 ], [ 51.741834640032721, 29.5296573639882, 0.0 ], [ 51.740560531195172, 29.52972984319042, 0.0 ], [ 51.739309311100143, 29.529806137583769, 0.0 ], [ 51.738321304270642, 29.52985572848176, 0.0 ], [ 51.737356185649247, 29.529977799143861, 0.0 ], [ 51.736013411731228, 29.530145645777321, 0.0 ], [ 51.734849929337663, 29.53019142187118, 0.0 ], [ 51.733884810713008, 29.53008842507672, 0.0 ], [ 51.732553482080377, 29.529863358026251, 0.0 ], [ 51.731424331830247, 29.52952384976755, 0.0 ], [ 51.730264663937071, 29.529047012740548, 0.0 ], [ 51.729578018118907, 29.528638840287918, 0.0 ], [ 51.728773117235598, 29.528223037700929, 0.0 ], [ 51.727830886423469, 29.52780723581143, 0.0 ], [ 51.726770400971802, 29.527242660533961, 0.0 ], [ 51.725713729410337, 29.526811600577059, 0.0 ], [ 51.72529411334763, 29.526502609990889, 0.0 ], [ 51.724588394077848, 29.52643394473127, 0.0 ], [ 51.723501205557547, 29.526128769775749, 0.0 ], [ 51.722394943463577, 29.525423050393918, 0.0 ], [ 51.720499038504933, 29.524553299542621, 0.0 ], [ 51.718858718638373, 29.523866654140779, 0.0 ], [ 51.717687606301141, 29.523126602386281, 0.0 ], [ 51.716871261735818, 29.522592544795799, 0.0 ], [ 51.715665816696408, 29.52224540722835, 0.0 ], [ 51.715124130002188, 29.521898269884382, 0.0 ], [ 51.714517593547669, 29.521867752856629, 0.0 ], [ 51.713216781219252, 29.521211624349419, 0.0 ], [ 51.711786269827392, 29.52039909435668, 0.0 ], [ 51.710832595533809, 29.519784927739771, 0.0 ], [ 51.70982551521449, 29.519201279007241, 0.0 ], [ 51.70879936229278, 29.51871681224506, 0.0 ], [ 51.707521438823221, 29.517843247165899, 0.0 ], [ 51.707780837461762, 29.517515182696808, 0.0 ], [ 51.708364486938017, 29.517305374936939, 0.0 ], [ 51.708936691270949, 29.517156601579732, 0.0 ], [ 51.709760665450801, 29.5170497898016, 0.0 ], [ 51.710813521622278, 29.517030716114611, 0.0 ], [ 51.711820601657912, 29.517057418874629, 0.0 ], [ 51.712472915258957, 29.517072677694269, 0.0 ], [ 51.713167190401528, 29.517042160425749, 0.0 ], [ 51.713762283000833, 29.516977310624661, 0.0 ], [ 51.714349746668582, 29.516893387112251, 0.0 ], [ 51.714941025043728, 29.516805649137499, 0.0 ], [ 51.715589523259823, 29.516687393322449, 0.0 ], [ 51.716367721742706, 29.516504288365841, 0.0 ], [ 51.71707343987584, 29.516309738162501, 0.0 ], [ 51.71761512686443, 29.516119003678352, 0.0 ], [ 51.718389510689711, 29.515794754441298, 0.0 ], [ 51.719423294239903, 29.51535606408433, 0.0 ], [ 51.720544815079407, 29.51488304151405, 0.0 ], [ 51.721494674029223, 29.51446723943193, 0.0 ], [ 51.722120284723367, 29.514211654884381, 0.0 ], [ 51.722906112676263, 29.513799667575121, 0.0 ], [ 51.723581313327387, 29.51339530995012, 0.0 ], [ 51.724100113113089, 29.513025284047899, 0.0 ], [ 51.724714278879723, 29.512552261340431, 0.0 ], [ 51.72534370439287, 29.512071609573571, 0.0 ], [ 51.725904464151057, 29.511636734024869, 0.0 ], [ 51.726507186981387, 29.51121711811458, 0.0 ], [ 51.727594375230808, 29.51054573058687, 0.0 ], [ 51.728494643611121, 29.509996414867349, 0.0 ], [ 51.729486464915958, 29.509408951645039, 0.0 ], [ 51.73043632471429, 29.508840561016829, 0.0 ], [ 51.731576918856938, 29.50814247174565, 0.0 ], [ 51.732973098039473, 29.50731086771474, 0.0 ], [ 51.734296798085353, 29.506509781758901, 0.0 ], [ 51.735609054289043, 29.505720139111759, 0.0 ], [ 51.736757278010877, 29.505044937489011, 0.0 ], [ 51.737340927240822, 29.504682541519319, 0.0 ], [ 51.738225936402948, 29.504129410583388, 0.0 ], [ 51.738859176540082, 29.503675461223541, 0.0 ], [ 51.739412307140711, 29.503210068515191, 0.0 ], [ 51.739824295264462, 29.50278282185571, 0.0 ], [ 51.74049186731726, 29.50206184455288, 0.0 ], [ 51.741231918388841, 29.501268387154148, 0.0 ], [ 51.741830826012723, 29.50063133298098, 0.0 ], [ 51.7424221032067, 29.500005722598019, 0.0 ], [ 51.743066787841393, 29.49932670602136, 0.0 ], [ 51.744310378866523, 29.497999192007931, 0.0 ], [ 51.745450973175942, 29.496789933006379, 0.0 ], [ 51.74606895378502, 29.49612617562677, 0.0 ], [ 51.746934890740206, 29.495229721317731, 0.0 ], [ 51.747426986641891, 29.49486351071587, 0.0 ], [ 51.748205184918042, 29.494401932311241, 0.0 ], [ 51.749181746839803, 29.49398994504547, 0.0 ], [ 51.750001906613868, 29.49370002801594, 0.0 ], [ 51.750646591153448, 29.49347114621143, 0.0 ], [ 51.753171920087198, 29.49257850682951, 0.0 ], [ 51.754114150635758, 29.492227554617781, 0.0 ], [ 51.754728316498081, 29.491994857964489, 0.0 ], [ 51.755174636176058, 29.491807938144561, 0.0 ], [ 51.75560188292615, 29.491598129743281, 0.0 ], [ 51.756380080712283, 29.49112892221795, 0.0 ], [ 51.75686836244833, 29.490800857867569, 0.0 ], [ 51.757329940747333, 29.490461349489738, 0.0 ], [ 51.757791519249572, 29.490064621681981, 0.0 ], [ 51.758443832540159, 29.489423751865161, 0.0 ], [ 51.759740829332983, 29.488149643484711, 0.0 ], [ 51.760385513313921, 29.487760543812328, 0.0 ], [ 51.761491775695951, 29.487314224415009, 0.0 ], [ 51.762098312325982, 29.486902237470151, 0.0 ], [ 51.762353896379757, 29.486581802575898, 0.0 ], [ 51.762662887303463, 29.48597526601533, 0.0 ], [ 51.763021468481689, 29.48532676734547, 0.0 ], [ 51.765092849813129, 29.48320579529236, 0.0 ], [ 51.766725540423657, 29.481714249151921, 0.0 ], [ 51.76931953355313, 29.479372025252481, 0.0 ], [ 51.769796370912736, 29.478940963736971, 0.0 ], [ 51.770677565992379, 29.479505539524599, 0.0 ], [ 51.771615981787079, 29.480226517349749, 0.0 ], [ 51.772283553872171, 29.480714798795731, 0.0 ], [ 51.772935867013388, 29.481218338070381, 0.0 ], [ 51.773771285492558, 29.481859207781682, 0.0 ], [ 51.775808334188177, 29.483430862947682, 0.0 ], [ 51.776372909027621, 29.48385810899282, 0.0 ], [ 51.776781081442323, 29.484170914260311, 0.0 ], [ 51.777132034476153, 29.484434128624379, 0.0 ], [ 51.777711867994498, 29.4847660066781, 0.0 ], [ 51.778730391970662, 29.484914780441329, 0.0 ], [ 51.779558181392858, 29.484964371532929, 0.0 ], [ 51.781087875309247, 29.485105514742109, 0.0 ], [ 51.782960891450287, 29.48526573213233, 0.0 ], [ 51.78914451585328, 29.485822678472861, 0.0 ], [ 51.793085098518397, 29.48616218599814, 0.0 ], [ 51.794481277594073, 29.485986709661649, 0.0 ], [ 51.796762465837247, 29.485654831679192, 0.0 ], [ 51.79790306044719, 29.48547172588377, 0.0 ], [ 51.803121566420323, 29.48469352788635, 0.0 ], [ 51.806135177218053, 29.48425102266668, 0.0 ], [ 51.807188034008469, 29.484056473572188, 0.0 ], [ 51.80758094775485, 29.484018326359969, 0.0 ], [ 51.808298110739258, 29.484052658908549, 0.0 ], [ 51.809053420465581, 29.48419761684141, 0.0 ], [ 51.809793471854533, 29.4843463905904, 0.0 ], [ 51.810731887623582, 29.48450279317996, 0.0 ], [ 51.811754226859073, 29.48470497181307, 0.0 ], [ 51.813501358245297, 29.484998703535378, 0.0 ], [ 51.815999984068391, 29.485448837858819, 0.0 ], [ 51.817674637100687, 29.485734940368751, 0.0 ], [ 51.818227767677193, 29.485773087209271, 0.0 ], [ 51.8189487459533, 29.485803604171519, 0.0 ], [ 51.819643020388028, 29.48584556639587, 0.0 ], [ 51.820158004385981, 29.485879898886441, 0.0 ], [ 51.820741653441502, 29.485898971667311, 0.0 ], [ 51.821516036541141, 29.485918045572198, 0.0 ], [ 51.822439193349823, 29.485963822133119, 0.0 ], [ 51.823251724251961, 29.48601341301848, 0.0 ], [ 51.823823928704677, 29.48604011580905, 0.0 ], [ 51.824441909486993, 29.48606300375377, 0.0 ], [ 51.825048446895373, 29.48609733648798, 0.0 ], [ 51.825643539140657, 29.486124039305111, 0.0 ], [ 51.826398848831083, 29.486158371139389, 0.0 ], [ 51.827116012096234, 29.486211776972301, 0.0 ], [ 51.827650070353279, 29.48624229501818, 0.0 ], [ 51.828382491384829, 29.486280441892738, 0.0 ], [ 51.829111098969847, 29.48630332947031, 0.0 ], [ 51.829832076842493, 29.486299515588328, 0.0 ], [ 51.830518722214883, 29.486276626997491, 0.0 ], [ 51.831186294423453, 29.486227035881019, 0.0 ], [ 51.831911086565498, 29.486143112402331, 0.0 ], [ 51.832643509175092, 29.486085892205679, 0.0 ], [ 51.833219528259249, 29.486127853897489, 0.0 ], [ 51.833909988172927, 29.486242295166761, 0.0 ], [ 51.834741592013529, 29.486219406528409, 0.0 ], [ 51.835260390659059, 29.486131668099951, 0.0 ], [ 51.835783004352557, 29.48599433941402, 0.0 ], [ 51.836626052583398, 29.485666275199961, 0.0 ], [ 51.837495803526153, 29.485326767418901, 0.0 ], [ 51.837911605620178, 29.485193253360109, 0.0 ], [ 51.838338852134463, 29.485052109422551, 0.0 ], [ 51.83891868583023, 29.484830857141858, 0.0 ], [ 51.839685439716312, 29.484594345843469, 0.0 ], [ 51.840219497316667, 29.484384536939469, 0.0 ], [ 51.841543197318771, 29.483461380633621, 0.0 ], [ 51.842378616542092, 29.48285102896142, 0.0 ], [ 51.843011855580748, 29.482355118131451, 0.0 ], [ 51.844381332601728, 29.481306076360131, 0.0 ], [ 51.845605849593071, 29.48039817858967, 0.0 ], [ 51.846529006305907, 29.479681015292801, 0.0 ], [ 51.847002028695513, 29.47935295117933, 0.0 ], [ 51.847517012930481, 29.478971481864001, 0.0 ], [ 51.84813499394425, 29.47857856765005, 0.0 ], [ 51.848943709755503, 29.478158951359891, 0.0 ], [ 51.84976005575659, 29.477731705163471, 0.0 ], [ 51.85041618271454, 29.47736930877242, 0.0 ], [ 51.851148605054583, 29.476980209525529, 0.0 ], [ 51.852037429937141, 29.476472854611799, 0.0 ], [ 51.852598189757423, 29.476125717230339, 0.0 ], [ 51.853616714338273, 29.475511551531142, 0.0 ], [ 51.854650496952438, 29.47485160831565, 0.0 ], [ 51.855535507087403, 29.474302292229329, 0.0 ], [ 51.856672286977897, 29.47357749951901, 0.0 ], [ 51.857793807774947, 29.47289848367631, 0.0 ], [ 51.858446121071097, 29.472452163807581, 0.0 ], [ 51.859251022316123, 29.471956253454451, 0.0 ], [ 51.860055922917738, 29.471460342820631, 0.0 ], [ 51.860902785970801, 29.470914840798791, 0.0 ], [ 51.861635207964127, 29.47046852154169, 0.0 ], [ 51.862638473184568, 29.469869614142851, 0.0 ], [ 51.863466262276113, 29.469354629661868, 0.0 ], [ 51.863988876461839, 29.468996048675809, 0.0 ], [ 51.864343643238193, 29.468725204825141, 0.0 ], [ 51.864690780754927, 29.46834754964005, 0.0 ], [ 51.865259170514641, 29.467695236613189, 0.0 ], [ 51.865976333796461, 29.46687126174433, 0.0 ], [ 51.866464614845569, 29.46635627817238, 0.0 ], [ 51.86720466540671, 29.46569633511735, 0.0 ], [ 51.867731094516188, 29.465307236265499, 0.0 ], [ 51.868593215796409, 29.464651108590289, 0.0 ], [ 51.869325637982683, 29.464090347490838, 0.0 ], [ 51.870073318138672, 29.463537216940399, 0.0 ], [ 51.870771408114948, 29.46304130626735, 0.0 ], [ 51.871393203313112, 29.46260261599091, 0.0 ], [ 51.872175216106022, 29.462129593242, 0.0 ], [ 51.873258590684507, 29.461851120419091, 0.0 ], [ 51.87426948481172, 29.461591721371679, 0.0 ], [ 51.875158309598348, 29.4610614781487, 0.0 ], [ 51.876012802277607, 29.46046257055049, 0.0 ], [ 51.876863478920022, 29.459878921967441, 0.0 ], [ 51.877653121861762, 29.459325790733601, 0.0 ], [ 51.878503799330559, 29.45873832787699, 0.0 ], [ 51.879190444972551, 29.458246231552021, 0.0 ], [ 51.879945754787293, 29.457723618064531, 0.0 ], [ 51.880643844124947, 29.457246780870118, 0.0 ], [ 51.881334304332917, 29.456766128873539, 0.0 ], [ 51.88199043270896, 29.456312179580209, 0.0 ], [ 51.882631301836703, 29.45584678737082, 0.0 ], [ 51.883420944126257, 29.45529747065121, 0.0 ], [ 51.884252547696804, 29.454694747951521, 0.0 ], [ 51.884912490097093, 29.454214096299339, 0.0 ], [ 51.885816573916863, 29.45357704189826, 0.0 ], [ 51.887006759292433, 29.45271492032008, 0.0 ], [ 51.887651443743209, 29.4522724154365, 0.0 ], [ 51.888002395382493, 29.452028274560011, 0.0 ], [ 51.888635634812331, 29.45178031932565, 0.0 ], [ 51.889436721627128, 29.451631546816419, 0.0 ], [ 51.890317916961457, 29.45147514393669, 0.0 ], [ 51.891263961747157, 29.451314926763619, 0.0 ], [ 51.892045974067663, 29.451177597868138, 0.0 ], [ 51.892480849599082, 29.451112747968221, 0.0 ], [ 51.893030166867447, 29.451051712739549, 0.0 ], [ 51.893690108993468, 29.450944900808398, 0.0 ], [ 51.894315719050617, 29.450510025137941, 0.0 ], [ 51.894742965674567, 29.450117111238981, 0.0 ], [ 51.895147323765777, 29.449720383492959, 0.0 ], [ 51.895593642534891, 29.449380874626609, 0.0 ], [ 51.896337509140338, 29.44895362863743, 0.0 ], [ 51.897081374412117, 29.448553085617341, 0.0 ], [ 51.897897720300193, 29.448102951261411, 0.0 ], [ 51.899206161059404, 29.447355270542008, 0.0 ], [ 51.900480270471348, 29.446657181245481, 0.0 ], [ 51.901651382094187, 29.446004867996439, 0.0 ], [ 51.902315139261447, 29.445672989284731, 0.0 ], [ 51.90288734449036, 29.445539474719968, 0.0 ], [ 51.905344008921119, 29.445638656932111, 0.0 ], [ 51.905847548686253, 29.445672989103109, 0.0 ], [ 51.906637191396598, 29.445707321769941, 0.0 ], [ 51.907331466825617, 29.445734024840309, 0.0 ], [ 51.907995223533298, 29.44576072754726, 0.0 ], [ 51.908582686683957, 29.445779800915709, 0.0 ], [ 51.909132003987231, 29.445810318364241, 0.0 ], [ 51.909738540504677, 29.445840836077309, 0.0 ], [ 51.910158157362588, 29.445863724144932, 0.0 ], [ 51.910547256721038, 29.44593620315116, 0.0 ], [ 51.911115645673867, 29.446249008614849, 0.0 ], [ 51.911790847097947, 29.446638107487718, 0.0 ], [ 51.9124240874119, 29.447000503632189, 0.0 ], [ 51.912992476770157, 29.447317123749421, 0.0 ], [ 51.913846969180753, 29.447790146364319, 0.0 ], [ 51.914365768223909, 29.448179245697911, 0.0 ], [ 51.914522170675532, 29.44860267658057, 0.0 ], [ 51.914663314166752, 29.449136734740399, 0.0 ], [ 51.914773940985349, 29.449563980410179, 0.0 ], [ 51.914911270229737, 29.450101852995701, 0.0 ], [ 51.915037155307523, 29.450597763083849, 0.0 ], [ 51.915147780704103, 29.45103263874994, 0.0 ], [ 51.915288925012078, 29.451585769782561, 0.0 ], [ 51.915426253753132, 29.452104568674631, 0.0 ], [ 51.915525436277491, 29.452493667768689, 0.0 ], [ 51.915842055647182, 29.453691483080501, 0.0 ], [ 51.916181564369637, 29.454965592093309, 0.0 ], [ 51.91629981977912, 29.455408096641079, 0.0 ], [ 51.916410446301157, 29.45580101019803, 0.0 ], [ 51.916563033724657, 29.456373215552411, 0.0 ], [ 51.916730880190173, 29.457014084176532, 0.0 ], [ 51.916887282872473, 29.457616806092389, 0.0 ], [ 51.91701316760151, 29.458089828529641, 0.0 ], [ 51.917184829326899, 29.4587306980292, 0.0 ], [ 51.917367934562677, 29.459409714468979, 0.0 ], [ 51.917493820136407, 29.459886551015821, 0.0 ], [ 51.917692184513747, 29.460626602492908, 0.0 ], [ 51.91786003099034, 29.461275101310289, 0.0 ], [ 51.917974471657857, 29.46172904996039, 0.0 ], [ 51.918066024929502, 29.462171555028689, 0.0 ], [ 51.91818809495043, 29.462770462133172, 0.0 ], [ 51.918310164762218, 29.463384628986841, 0.0 ], [ 51.918409346942767, 29.463914871893351, 0.0 ], [ 51.918561935062719, 29.464689255140151, 0.0 ], [ 51.918672561426582, 29.465257644806709, 0.0 ], [ 51.918809890848777, 29.465944290610999, 0.0 ], [ 51.918951033843094, 29.466619491750059, 0.0 ], [ 51.918985366202442, 29.467111588269692, 0.0 ], [ 51.918977737388438, 29.467733383763299, 0.0 ], [ 51.918962478509897, 29.468576431699098, 0.0 ], [ 51.918954848515767, 29.469347000675182, 0.0 ], [ 51.918844222507921, 29.469949723136221, 0.0 ], [ 51.91867256102897, 29.470441818424209, 0.0 ], [ 51.92026710534352, 29.47081947378943, 0.0 ], [ 51.92375373867025, 29.471296310942812, 0.0 ], [ 51.926786422211492, 29.471475601501691, 0.0 ], [ 51.93172264104841, 29.471372604804088, 0.0 ], [ 51.935380935712907, 29.471780777642081, 0.0 ], [ 51.940103531142533, 29.471807480298821, 0.0 ], [ 51.94408226021212, 29.471529007598001, 0.0 ], [ 51.947114943763829, 29.471059799874109, 0.0 ], [ 51.951288222977041, 29.470918655421059, 0.0 ], [ 51.956983566412873, 29.471742630183819, 0.0 ], [ 51.961416244328127, 29.472730636662479, 0.0 ], [ 51.966463088960538, 29.473867416965948, 0.0 ], [ 51.967092513990508, 29.474313736778409, 0.0 ], [ 51.968496322611223, 29.475214004676939, 0.0 ], [ 51.970327376823278, 29.47682380742134, 0.0 ], [ 51.970960617001658, 29.477041244994091, 0.0 ], [ 51.971380233244119, 29.477449417554318, 0.0 ], [ 51.971929549745141, 29.478025436584961, 0.0 ], [ 51.97216606103531, 29.478540421269258, 0.0 ], [ 51.972658157054937, 29.478910447013241, 0.0 ], [ 51.973756790061181, 29.47917747508539, 0.0 ], [ 51.973978041991217, 29.47920799330624, 0.0 ], [ 51.974424361835148, 29.47930336021555, 0.0 ], [ 51.974702834840571, 29.47935295137237, 0.0 ], [ 51.975202560512678, 29.479467392356881, 0.0 ], [ 51.975568770915977, 29.47944831895726, 0.0 ], [ 51.976049422836887, 29.479509354296411, 0.0 ], [ 51.976644515771497, 29.479578018425421, 0.0 ], [ 51.977487563945047, 29.479742050199938, 0.0 ], [ 51.977804183962121, 29.479887009402429, 0.0 ], [ 51.977869033528108, 29.48003959697272, 0.0 ], [ 51.977811812845417, 29.480367660589959, 0.0 ], [ 51.978147506415169, 29.480424881108661, 0.0 ], [ 51.979066848769108, 29.480607986606419, 0.0 ], [ 51.979433059657147, 29.480733871538039, 0.0 ], [ 51.979162215996283, 29.48143196131592, 0.0 ], [ 51.978876114038968, 29.48215293916428, 0.0 ], [ 51.978437423374402, 29.48284721391601, 0.0 ], [ 51.977930068552674, 29.483522415754489, 0.0 ], [ 51.977537154441769, 29.48405647340531, 0.0 ], [ 51.977212905354641, 29.48449134842399, 0.0 ], [ 51.976980209602942, 29.484956742194811, 0.0 ], [ 51.976739882811742, 29.48544502300452, 0.0 ], [ 51.976003646785578, 29.485754013256219, 0.0 ], [ 51.97476005580377, 29.485925674648328, 0.0 ], [ 51.973531723030653, 29.488065720235689, 0.0 ], [ 51.972616195613512, 29.490255355862921, 0.0 ], [ 51.971258163403661, 29.49195671117748, 0.0 ], [ 51.969152450001118, 29.493448258071979, 0.0 ], [ 51.966424941753743, 29.495267868037779, 0.0 ], [ 51.96299934356415, 29.496004104625229, 0.0 ], [ 51.95925712602692, 29.496458053783229, 0.0 ], [ 51.958757400291219, 29.496698379657879, 0.0 ], [ 51.958219528012293, 29.497018814111481, 0.0 ], [ 51.957704543696543, 29.49733543476156, 0.0 ], [ 51.957059860014901, 29.49780464233233, 0.0 ], [ 51.956487655234319, 29.498182296743671, 0.0 ], [ 51.955915450703309, 29.498540878760679, 0.0 ], [ 51.955274581450738, 29.499036789537701, 0.0 ], [ 51.954732894149707, 29.49953270008174, 0.0 ], [ 51.954351425218228, 29.499959946398359, 0.0 ], [ 51.953912734504179, 29.50039100708296, 0.0 ], [ 51.953340530611371, 29.50103950574611, 0.0 ], [ 51.952959059964343, 29.501432419319549, 0.0 ], [ 51.952585220444149, 29.50185585084887, 0.0 ], [ 51.952074050168036, 29.50240898217158, 0.0 ], [ 51.95139121997704, 29.502885818951249, 0.0 ], [ 51.950750351083947, 29.503263473786539, 0.0 ], [ 51.950029372474013, 29.503644944068281, 0.0 ], [ 51.949640274075513, 29.503820419690509, 0.0 ], [ 51.948167800622628, 29.50456428549094, 0.0 ], [ 51.947107315143569, 29.505144119800129, 0.0 ], [ 51.947710036561027, 29.505498886644428, 0.0 ], [ 51.94828224147043, 29.505792618031471, 0.0 ], [ 51.949319839432484, 29.506361007754851, 0.0 ], [ 51.950197219430557, 29.50687217717795, 0.0 ], [ 51.951101302552139, 29.507390976714468, 0.0 ], [ 51.951875685924243, 29.507833480929989, 0.0 ], [ 51.952661514242934, 29.508218765346449, 0.0 ], [ 51.953504561650597, 29.508707047085149, 0.0 ], [ 51.954118728043227, 29.508859635021, 0.0 ], [ 51.955045699367247, 29.509218216212119, 0.0 ], [ 51.955896376832328, 29.509523391883281, 0.0 ], [ 51.956563948881637, 29.509878159352489, 0.0 ], [ 51.956899642237872, 29.510286332000891, 0.0 ], [ 51.957307815788788, 29.510744095666571, 0.0 ], [ 51.957830428462287, 29.511075974021178, 0.0 ], [ 51.958311081195291, 29.511484146324332, 0.0 ], [ 51.95934867794945, 29.511941910259129, 0.0 ], [ 51.960145950420731, 29.51295280491912, 0.0 ], [ 51.960962295075383, 29.51362037746177, 0.0 ], [ 51.961534499737141, 29.51438331662639, 0.0 ], [ 51.961626053088658, 29.51534843530397, 0.0 ], [ 51.961656570684781, 29.516157151102568, 0.0 ], [ 51.961977005116609, 29.516946793142569, 0.0 ], [ 51.962350845130018, 29.517183303850441, 0.0 ], [ 51.963216780870141, 29.517591477189871, 0.0 ], [ 51.965776443652622, 29.517889022984949, 0.0 ], [ 51.967981337868821, 29.518209457808641, 0.0 ], [ 51.970987320097912, 29.51844215416881, 0.0 ], [ 51.973875045723616, 29.518526077772648, 0.0 ], [ 51.975973129450082, 29.519109726768981, 0.0 ], [ 51.977689742966163, 29.520509720008899, 0.0 ], [ 51.979482650739179, 29.521852493259221, 0.0 ], [ 51.980466842208301, 29.523111343784549, 0.0 ], [ 51.981000900242151, 29.524389266972179, 0.0 ], [ 51.981737137068961, 29.526475906977542, 0.0 ], [ 51.982503890416567, 29.527772903881381, 0.0 ], [ 51.982866286540862, 29.528886795486891, 0.0 ], [ 51.982789992711723, 29.53000450160356, 0.0 ], [ 51.982576370217913, 29.530698776845401, 0.0 ], [ 51.982103347387152, 29.531663895374692, 0.0 ], [ 51.982069015751932, 29.532590866113068, 0.0 ], [ 51.982690811383208, 29.533239364875051, 0.0 ], [ 51.984228133518172, 29.533151626660288, 0.0 ], [ 51.985422133896307, 29.533411026674319, 0.0 ], [ 51.987226485543303, 29.533704758449851, 0.0 ], [ 51.988653182681148, 29.533872605233871, 0.0 ], [ 51.989469527542397, 29.534418106773071, 0.0 ], [ 51.989542007288698, 29.53507042015876, 0.0 ], [ 51.988439559298811, 29.53612327644327, 0.0 ], [ 51.987653732540778, 29.536897659520179, 0.0 ], [ 51.986471175603199, 29.537290573935529, 0.0 ], [ 51.984804153354162, 29.53791999815099, 0.0 ], [ 51.985029219899779, 29.53853416451064, 0.0 ], [ 51.986413955817227, 29.539754868316511, 0.0 ], [ 51.987134933613191, 29.541223526784929, 0.0 ], [ 51.988187789756729, 29.541975021636169, 0.0 ], [ 51.989225387571068, 29.543245315801752, 0.0 ], [ 51.98916053714381, 29.54413795538677, 0.0 ], [ 51.988492965284991, 29.54538536129489, 0.0 ], [ 51.98807716375169, 29.546472549978699, 0.0 ], [ 51.987928390185957, 29.547437667979779, 0.0 ], [ 51.98838233962659, 29.547906875918621, 0.0 ], [ 51.989084243289653, 29.54839897186768, 0.0 ], [ 51.989328383667328, 29.549047470860788, 0.0 ], [ 51.989496230414773, 29.549562454688878, 0.0 ], [ 51.989915847054803, 29.549760818543142, 0.0 ], [ 51.991109847762708, 29.55030250572635, 0.0 ], [ 51.991388320219869, 29.55079460200778, 0.0 ], [ 51.991952895920498, 29.551038742699351, 0.0 ], [ 51.992326736315462, 29.55156898524945, 0.0 ], [ 51.992689132876613, 29.552091598897231, 0.0 ], [ 51.993131636877742, 29.552488327006639, 0.0 ], [ 51.993707656099417, 29.553033829460599, 0.0 ], [ 51.99382209749524, 29.553647995229969, 0.0 ], [ 51.993631362372128, 29.55434227034392, 0.0 ], [ 51.993806838868721, 29.5550289155901, 0.0 ], [ 51.994218825934048, 29.5553760535112, 0.0 ], [ 51.994821548198082, 29.555505752863521, 0.0 ], [ 51.995256423614087, 29.55551719726434, 0.0 ], [ 51.995813369996277, 29.55557441713821, 0.0 ], [ 51.995519637599948, 29.556295395010491, 0.0 ], [ 51.995397567561298, 29.557176590456379, 0.0 ], [ 51.995546340253277, 29.557790756769059, 0.0 ], [ 51.995698928341902, 29.558301926383841, 0.0 ], [ 51.996137618824591, 29.5587482455139, 0.0 ], [ 51.996839522930053, 29.55908775395795, 0.0 ], [ 51.997346877409107, 29.559488296595209, 0.0 ], [ 51.997793197063913, 29.559587479274239, 0.0 ], [ 51.998197555359617, 29.560152054487862, 0.0 ], [ 51.998800277667087, 29.560632706171479, 0.0 ], [ 51.999353409036857, 29.56082344061171, 0.0 ], [ 51.999975204382046, 29.56078147886678, 0.0 ], [ 52.000558852890457, 29.560621262071301, 0.0 ], [ 52.001150130753992, 29.560529709497729, 0.0 ], [ 52.001951217577727, 29.560388565098179, 0.0 ], [ 52.002550124729723, 29.560171127433719, 0.0 ], [ 52.002855300458137, 29.55975914039027, 0.0 ], [ 52.003236770116757, 29.559316635872211, 0.0 ], [ 52.003541945802468, 29.558984756847249, 0.0 ], [ 52.00409126298775, 29.55864906361538, 0.0 ], [ 52.004796981809129, 29.55827903818237, 0.0 ], [ 52.005334853716732, 29.55805015648394, 0.0 ], [ 52.005926131610593, 29.557809830353321, 0.0 ], [ 52.006551742748478, 29.557497024753548, 0.0 ], [ 52.007078170426063, 29.557260514092011, 0.0 ], [ 52.007574080828803, 29.55702400273093, 0.0 ], [ 52.008138656381242, 29.55661582974469, 0.0 ], [ 52.008836746006899, 29.556138992897431, 0.0 ], [ 52.009515762448757, 29.555620193627881, 0.0 ], [ 52.009962081292841, 29.555276870981789, 0.0 ], [ 52.010644912949957, 29.554750442942218, 0.0 ], [ 52.011518478007233, 29.554830551939229, 0.0 ], [ 52.012063980173977, 29.554964065710958, 0.0 ], [ 52.01209068258364, 29.555585861715588, 0.0 ], [ 52.012304306232728, 29.55600929281681, 0.0 ], [ 52.011686325184847, 29.556264877951481, 0.0 ], [ 52.012289046522937, 29.556688308730688, 0.0 ], [ 52.0128192897063, 29.55706596390824, 0.0 ], [ 52.013376235369464, 29.557420731034838, 0.0 ], [ 52.013833999538832, 29.557893753360759, 0.0 ], [ 52.014146804082671, 29.558439255463401, 0.0 ], [ 52.014482498002373, 29.559000015585379, 0.0 ], [ 52.015008925777373, 29.559167862505038, 0.0 ], [ 52.015520095101358, 29.55921363882149, 0.0 ], [ 52.016126632734597, 29.559160232891148, 0.0 ], [ 52.016866683321339, 29.559034348155489, 0.0 ], [ 52.01765251157159, 29.558809280659879, 0.0 ], [ 52.018232345601348, 29.558530807976311, 0.0 ], [ 52.018785476749699, 29.558317184445009, 0.0 ], [ 52.019128799522299, 29.558015823496628, 0.0 ], [ 52.019464492967479, 29.557737351256382, 0.0 ], [ 52.019800185600538, 29.557458878192399, 0.0 ], [ 52.019849776514, 29.557012558379771, 0.0 ], [ 52.019777298176443, 29.556592941485619, 0.0 ], [ 52.020502089935178, 29.55659675626838, 0.0 ], [ 52.021173476921327, 29.556684494656899, 0.0 ], [ 52.021600723105678, 29.55645942764993, 0.0 ], [ 52.022043228078132, 29.556116104301559, 0.0 ], [ 52.022485732658772, 29.555692672863429, 0.0 ], [ 52.023084640549818, 29.555276871379061, 0.0 ], [ 52.023584365240893, 29.55505561856436, 0.0 ], [ 52.024114608298348, 29.554628372436781, 0.0 ], [ 52.024621963580408, 29.55410575867452, 0.0 ], [ 52.024873733075559, 29.553750992112949, 0.0 ], [ 52.02544975227628, 29.55399131772721, 0.0 ], [ 52.025968551714207, 29.554239273419281, 0.0 ], [ 52.026617049625663, 29.55428886412307, 0.0 ], [ 52.027482985793391, 29.55420112684428, 0.0 ], [ 52.028371810223078, 29.554235458519852, 0.0 ], [ 52.028844832779363, 29.5539569855083, 0.0 ], [ 52.029241562133997, 29.553697586780849, 0.0 ], [ 52.029775619118531, 29.553537368922129, 0.0 ], [ 52.030317305981683, 29.553529739509269, 0.0 ], [ 52.030874252334698, 29.553457260596581, 0.0 ], [ 52.031259536075659, 29.55319023154567, 0.0 ], [ 52.031995773538263, 29.552999496448699, 0.0 ], [ 52.032743454087999, 29.552850723253979, 0.0 ], [ 52.03379249578191, 29.552568435939619, 0.0 ], [ 52.034620284629078, 29.55233955403471, 0.0 ], [ 52.035158156977928, 29.551946640760811, 0.0 ], [ 52.035665511970613, 29.5520343786058, 0.0 ], [ 52.036073684496451, 29.55224800134798, 0.0 ], [ 52.036417007505491, 29.55282020570553, 0.0 ], [ 52.036733626583739, 29.553277969865398, 0.0 ], [ 52.036878585202011, 29.553781509576439, 0.0 ], [ 52.037176131625444, 29.554410934772871, 0.0 ], [ 52.037492751339471, 29.554895401133251, 0.0 ], [ 52.037736892559543, 29.555219650517881, 0.0 ], [ 52.038297653118782, 29.555089950648831, 0.0 ], [ 52.038545608243723, 29.554601669298759, 0.0 ], [ 52.038663864052289, 29.553861618588481, 0.0 ], [ 52.038640975660563, 29.553106308180119, 0.0 ], [ 52.038972854246829, 29.55230140743182, 0.0 ], [ 52.039480208827257, 29.551767349322631, 0.0 ], [ 52.039266585554437, 29.551321030440711, 0.0 ], [ 52.038854598835201, 29.550909042874149, 0.0 ], [ 52.03873252894445, 29.550416947040841, 0.0 ], [ 52.039312362230802, 29.550584793815531, 0.0 ], [ 52.039796829278579, 29.550485611712869, 0.0 ], [ 52.041337966385377, 29.550321579802031, 0.0 ], [ 52.042085646972957, 29.55029869164758, 0.0 ], [ 52.042818069091112, 29.550729752407289, 0.0 ], [ 52.044023513390023, 29.551015854497411, 0.0 ], [ 52.04457282957442, 29.551347733292591, 0.0 ], [ 52.044759749706728, 29.551942825425371, 0.0 ], [ 52.045083998945827, 29.552434922065238, 0.0 ], [ 52.045881271033679, 29.55298805311396, 0.0 ], [ 52.047136306748591, 29.5533351904621, 0.0 ], [ 52.048185348218013, 29.55412101746062, 0.0 ], [ 52.049997329698932, 29.555772781807601, 0.0 ], [ 52.051507949307677, 29.556871414406711, 0.0 ], [ 52.052671431869541, 29.557516098512739, 0.0 ], [ 52.053735732615422, 29.558675766163471, 0.0 ], [ 52.054819106832447, 29.559858322484679, 0.0 ], [ 52.056585311520557, 29.560682297598429, 0.0 ], [ 52.058282852409171, 29.562253952199441, 0.0 ], [ 52.059125900169377, 29.562726974495899, 0.0 ], [ 52.060430526403849, 29.56370735177935, 0.0 ], [ 52.061948776219637, 29.565599441640991, 0.0 ], [ 52.063001632342143, 29.56680870108659, 0.0 ], [ 52.064470291038653, 29.568021774826558, 0.0 ], [ 52.066137313537112, 29.568998336946819, 0.0 ], [ 52.069105148388033, 29.570325851699309, 0.0 ], [ 52.074151992566748, 29.571176529018189, 0.0 ], [ 52.077245712042803, 29.572446823135451, 0.0 ], [ 52.080469130745421, 29.57397651717859, 0.0 ], [ 52.083005904418833, 29.574968338627009, 0.0 ], [ 52.086698531419898, 29.57594871572741, 0.0 ], [ 52.088399886812162, 29.576543808730129, 0.0 ], [ 52.089567183755364, 29.577367783356511, 0.0 ], [ 52.090097427573333, 29.578279495890651, 0.0 ], [ 52.08987617435816, 29.57879447970581, 0.0 ], [ 52.088926314917067, 29.579023361596541, 0.0 ], [ 52.087614059624237, 29.579309463826799, 0.0 ], [ 52.086618423403301, 29.579916000543889, 0.0 ], [ 52.08579063346766, 29.580793381328341, 0.0 ], [ 52.085798263417892, 29.581579208630028, 0.0 ], [ 52.085283278929808, 29.582201004064981, 0.0 ], [ 52.084791182742613, 29.582838059315112, 0.0 ], [ 52.084852218476129, 29.584505081646402, 0.0 ], [ 52.085073471238388, 29.586202622001259, 0.0 ], [ 52.085374832355782, 29.58860206650548, 0.0 ], [ 52.084154128695552, 29.589162826907529, 0.0 ], [ 52.082391739124077, 29.5900707251871, 0.0 ], [ 52.08076286242229, 29.590459824025569, 0.0 ], [ 52.079381942296763, 29.591009140206179, 0.0 ], [ 52.077867507187953, 29.59159660389162, 0.0 ], [ 52.077077865004092, 29.59219551154732, 0.0 ], [ 52.075979232901368, 29.59347724978193, 0.0 ], [ 52.075468062796837, 29.594671249708728, 0.0 ], [ 52.075231552126411, 29.595903396915212, 0.0 ], [ 52.074769973851687, 29.597394943609778, 0.0 ], [ 52.074216841921583, 29.59871101407418, 0.0 ], [ 52.073289870968281, 29.59974861159143, 0.0 ], [ 52.072401046802213, 29.600633621434429, 0.0 ], [ 52.071233748643976, 29.600759506970821, 0.0 ], [ 52.070238113284198, 29.600469589328188, 0.0 ], [ 52.068792343021478, 29.60033989033321, 0.0 ], [ 52.067392348566607, 29.600549698641348, 0.0 ], [ 52.066526412839629, 29.600473404416711, 0.0 ], [ 52.066534042102823, 29.60094261201224, 0.0 ], [ 52.066312789239923, 29.601560593250671, 0.0 ], [ 52.065938949785377, 29.601930618561401, 0.0 ], [ 52.065401077075713, 29.602273941018481, 0.0 ], [ 52.064897537471133, 29.602964401649039, 0.0 ], [ 52.0644359587819, 29.603326798282701, 0.0 ], [ 52.064165114647977, 29.603956223209611, 0.0 ], [ 52.064088821288131, 29.604459762864071, 0.0 ], [ 52.063859938830859, 29.605058670540959, 0.0 ], [ 52.06371879500832, 29.60542869570461, 0.0 ], [ 52.063165664261327, 29.605913162382791, 0.0 ], [ 52.062650680278743, 29.606435775887821, 0.0 ], [ 52.062372207549707, 29.607076645210189, 0.0 ], [ 52.062025070281678, 29.6077022555749, 0.0 ], [ 52.062223434703313, 29.60868263314045, 0.0 ], [ 52.06267738323821, 29.60938453704204, 0.0 ], [ 52.063093185506183, 29.610002517944821, 0.0 ], [ 52.063611984048947, 29.610639572304159, 0.0 ], [ 52.063749313533457, 29.611131668774171, 0.0 ], [ 52.063734054263179, 29.611684799965651, 0.0 ], [ 52.063722610557058, 29.61213874830494, 0.0 ], [ 52.063436507867948, 29.612688064659981, 0.0 ], [ 52.062726974019228, 29.61290931769199, 0.0 ], [ 52.062265395780038, 29.613245010437129, 0.0 ], [ 52.061983108121929, 29.614088058922949, 0.0 ], [ 52.062181473031941, 29.614774704062569, 0.0 ], [ 52.062246322102133, 29.615285873840701, 0.0 ], [ 52.062265396147652, 29.615835190437231, 0.0 ], [ 52.062257766552889, 29.616472245120431, 0.0 ], [ 52.062234877912587, 29.616987228815152, 0.0 ], [ 52.062089919522421, 29.617483139507879, 0.0 ], [ 52.061944961519842, 29.617914200258848, 0.0 ], [ 52.061948775922502, 29.61829948442362, 0.0 ], [ 52.06200981153966, 29.61883735688118, 0.0 ], [ 52.062147140384283, 29.619245529887049, 0.0 ], [ 52.062387465946557, 29.619634628921919, 0.0 ], [ 52.062665938848937, 29.62005424540078, 0.0 ], [ 52.062852859320273, 29.620512008737649, 0.0 ], [ 52.0631504055047, 29.621072769678602, 0.0 ], [ 52.063268660803779, 29.621801376524921, 0.0 ], [ 52.063455581165051, 29.622598648382411, 0.0 ], [ 52.063692092309182, 29.62328529367517, 0.0 ], [ 52.063936233349672, 29.62401390079313, 0.0 ], [ 52.064264297567199, 29.624483108508759, 0.0 ], [ 52.064516067007382, 29.624891281589349, 0.0 ], [ 52.06490135212141, 29.62565422117903, 0.0 ], [ 52.065393447294177, 29.626173019528199, 0.0 ], [ 52.065557479949867, 29.62667656015028, 0.0 ], [ 52.066011428101092, 29.627035141507712, 0.0 ], [ 52.066385269228071, 29.62740898197951, 0.0 ], [ 52.066877365049429, 29.62784385731662, 0.0 ], [ 52.067499160846822, 29.628450394224139, 0.0 ], [ 52.06800651498444, 29.628934860870132, 0.0 ], [ 52.068414687610073, 29.629270553722741, 0.0 ], [ 52.069055557037807, 29.629671097422172, 0.0 ], [ 52.069650650247851, 29.63010978735548, 0.0 ], [ 52.070440292511371, 29.630327224923139, 0.0 ], [ 52.071222305528032, 29.630777359570271, 0.0 ], [ 52.071615218482457, 29.63121223511267, 0.0 ], [ 52.071882247677401, 29.63171577480389, 0.0 ], [ 52.072568893255387, 29.632108688913799, 0.0 ], [ 52.073083876956026, 29.63271522544208, 0.0 ], [ 52.073656082402977, 29.633249283602449, 0.0 ], [ 52.074003218928929, 29.63372230596908, 0.0 ], [ 52.074396133416172, 29.63411140506221, 0.0 ], [ 52.074872969855107, 29.634626389377129, 0.0 ], [ 52.075456619450051, 29.6346645356974, 0.0 ], [ 52.075872420825171, 29.63502693214005, 0.0 ], [ 52.076494216880988, 29.635328293483859, 0.0 ], [ 52.076837539131461, 29.635572434214112, 0.0 ], [ 52.077085494918563, 29.63589668291646, 0.0 ], [ 52.077798843526239, 29.636175155963741, 0.0 ], [ 52.07852745056627, 29.636457443711581, 0.0 ], [ 52.079088211164724, 29.636831283746769, 0.0 ], [ 52.079454421867567, 29.6372165686142, 0.0 ], [ 52.079469680530352, 29.63765144368374, 0.0 ], [ 52.079282760253378, 29.638219833473009, 0.0 ], [ 52.078977584290548, 29.638570785896729, 0.0 ], [ 52.078248977279493, 29.638887405616838, 0.0 ], [ 52.07772636410202, 29.639596939558832, 0.0 ], [ 52.077993392601691, 29.639810562211949, 0.0 ], [ 52.078588485354473, 29.64045906120241, 0.0 ], [ 52.07924842835255, 29.640806198913239, 0.0 ], [ 52.079797744947648, 29.64155387963099, 0.0 ], [ 52.080503463005734, 29.64219093364618, 0.0 ], [ 52.080953597311058, 29.642744064366632, 0.0 ], [ 52.081422805915693, 29.643182754491711, 0.0 ], [ 52.081808090276041, 29.64373207118571, 0.0 ], [ 52.081964492328929, 29.644186020726789, 0.0 ], [ 52.082445144820177, 29.644735336823821, 0.0 ], [ 52.082983016865192, 29.645227432791302, 0.0 ], [ 52.083845137914459, 29.645406723147339, 0.0 ], [ 52.084161757743473, 29.64573860180613, 0.0 ], [ 52.08443641635872, 29.646226883052499, 0.0 ], [ 52.085199355728413, 29.64650535624676, 0.0 ], [ 52.085847854578027, 29.646371841879031, 0.0 ], [ 52.08656501745299, 29.646512985348711, 0.0 ], [ 52.087244033317383, 29.647001267021281, 0.0 ], [ 52.087644576376292, 29.647363662779711, 0.0 ], [ 52.087869644193823, 29.64798545912625, 0.0 ], [ 52.088003157856889, 29.648637771938311, 0.0 ], [ 52.088167190460581, 29.649076461886509, 0.0 ], [ 52.08814048772571, 29.649560928792098, 0.0 ], [ 52.08820152214436, 29.650239945014889, 0.0 ], [ 52.088415145914922, 29.6510181429847, 0.0 ], [ 52.088682174497222, 29.651914596963369, 0.0 ], [ 52.08877372747402, 29.652582169203669, 0.0 ], [ 52.089082717967223, 29.65309333824629, 0.0 ], [ 52.089433669743713, 29.653768540084279, 0.0 ], [ 52.089525222514943, 29.654249191434591, 0.0 ], [ 52.089784621660392, 29.654684067284961, 0.0 ], [ 52.090196609272986, 29.655084610312819, 0.0 ], [ 52.090639113627518, 29.65530967721752, 0.0 ], [ 52.091154098246612, 29.655736923406462, 0.0 ], [ 52.091630935381097, 29.65627479573913, 0.0 ], [ 52.092126845852349, 29.656766891566971, 0.0 ], [ 52.092447281068921, 29.657056808811131, 0.0 ], [ 52.092779159450622, 29.65728569114151, 0.0 ], [ 52.093439101654781, 29.657709122195229, 0.0 ], [ 52.093919754206887, 29.65806388870843, 0.0 ], [ 52.094411850139949, 29.658395767322439, 0.0 ], [ 52.094858169066192, 29.658796311209169, 0.0 ], [ 52.095365524218252, 29.659013748375259, 0.0 ], [ 52.095685958202658, 29.65923881562939, 0.0 ], [ 52.096014022817613, 29.659639359159861, 0.0 ], [ 52.096452713177889, 29.659963608301311, 0.0 ], [ 52.0968608856465, 29.66050910993804, 0.0 ], [ 52.097394942821289, 29.66092109693432, 0.0 ], [ 52.09789466784904, 29.66155433677255, 0.0 ], [ 52.098173141690303, 29.662374496453971, 0.0 ], [ 52.098508834258688, 29.662900924715359, 0.0 ], [ 52.099138259813252, 29.66329383880824, 0.0 ], [ 52.099603652566763, 29.66367912356661, 0.0 ], [ 52.100061416640969, 29.664075852167201, 0.0 ], [ 52.100488662820503, 29.664541245067731, 0.0 ], [ 52.101076126144797, 29.664915085079311, 0.0 ], [ 52.100801467500759, 29.665208817071321, 0.0 ], [ 52.099836349489458, 29.665323257495189, 0.0 ], [ 52.098821639379743, 29.664953231876311, 0.0 ], [ 52.097913741819717, 29.664968491431431, 0.0 ], [ 52.097040176489529, 29.664731979977681, 0.0 ], [ 52.096132278497237, 29.664899826866979, 0.0 ], [ 52.095605849854408, 29.665163040276301, 0.0 ], [ 52.094919204332221, 29.664899826200351, 0.0 ], [ 52.094312667300649, 29.664937973409561, 0.0 ], [ 52.093168258316311, 29.664678574076309, 0.0 ], [ 52.092432021776517, 29.664201736471149, 0.0 ], [ 52.09147834732196, 29.663984299178129, 0.0 ], [ 52.09069251987497, 29.663480759339411, 0.0 ], [ 52.090227126910399, 29.66306114246094, 0.0 ], [ 52.089609145781232, 29.663156509878551, 0.0 ], [ 52.089185714840482, 29.66326713579716, 0.0 ], [ 52.08866310091193, 29.663640976333959, 0.0 ], [ 52.088045120397567, 29.66411399892376, 0.0 ], [ 52.087778090663363, 29.664525985742479, 0.0 ], [ 52.087556839099634, 29.665143967084809, 0.0 ], [ 52.087415694487433, 29.66575431869262, 0.0 ], [ 52.087419509965983, 29.666212082185361, 0.0 ], [ 52.087438582959237, 29.666673660438061, 0.0 ], [ 52.087404250576789, 29.66727256811533, 0.0 ], [ 52.087255478138133, 29.66798210145275, 0.0 ], [ 52.086854934056319, 29.668630600389719, 0.0 ], [ 52.086668014396928, 29.669198990176771, 0.0 ], [ 52.08672523466133, 29.669782638554469, 0.0 ], [ 52.086244582492498, 29.67055702266428, 0.0 ], [ 52.08604621832351, 29.671480179142751, 0.0 ], [ 52.086191177203318, 29.672483444321859, 0.0 ], [ 52.086210250332627, 29.672998428671459, 0.0 ], [ 52.086305617873784, 29.673532486539671, 0.0 ], [ 52.086202621116279, 29.674180984947839, 0.0 ], [ 52.086400985702568, 29.674829483662489, 0.0 ], [ 52.086656570665482, 29.675806045820629, 0.0 ], [ 52.086679458233, 29.676286697460331, 0.0 ], [ 52.086755752507557, 29.676996231795929, 0.0 ], [ 52.086652755906719, 29.677453995259381, 0.0 ], [ 52.086774825362937, 29.678098678710779, 0.0 ], [ 52.086893081000767, 29.67861366291514, 0.0 ], [ 52.087026596188963, 29.67913246173752, 0.0 ], [ 52.087293624315699, 29.680078507255079, 0.0 ], [ 52.087667464779301, 29.680990219751269, 0.0 ], [ 52.087896346868298, 29.681650161842601, 0.0 ], [ 52.088006973447307, 29.682214737539759, 0.0 ], [ 52.087835311342673, 29.682661056921621, 0.0 ], [ 52.088071823060709, 29.68353462275898, 0.0 ], [ 52.088506698119772, 29.68396949797485, 0.0 ], [ 52.088926314680997, 29.6845836645698, 0.0 ], [ 52.089536666861633, 29.685422897770611, 0.0 ], [ 52.089841842664534, 29.686292648998229, 0.0 ], [ 52.08994865357046, 29.68692970280069, 0.0 ], [ 52.090311049653977, 29.687517166897688, 0.0 ], [ 52.090658188036301, 29.687997818746339, 0.0 ], [ 52.090715408334432, 29.688364029689041, 0.0 ], [ 52.090307235751368, 29.688138962007201, 0.0 ], [ 52.089914321916083, 29.68793296827991, 0.0 ], [ 52.089284896863788, 29.687650681180848, 0.0 ], [ 52.088216781531173, 29.687223435303238, 0.0 ], [ 52.087156295030702, 29.686769485788329, 0.0 ], [ 52.086248397245903, 29.686372757010691, 0.0 ], [ 52.08568763741841, 29.686166763901731, 0.0 ], [ 52.084810256635329, 29.685884476267361, 0.0 ], [ 52.083841323877301, 29.68563652077345, 0.0 ], [ 52.082868575360308, 29.685411453939341, 0.0 ], [ 52.081789016119551, 29.685239791976802, 0.0 ], [ 52.080884933403652, 29.685068130768201, 0.0 ], [ 52.080354690343484, 29.684988022513771, 0.0 ], [ 52.079664230351973, 29.684846878592541, 0.0 ], [ 52.078920364593749, 29.68474006726327, 0.0 ], [ 52.077894210086619, 29.684614182093899, 0.0 ], [ 52.077238082411753, 29.68461418183357, 0.0 ], [ 52.076314925410728, 29.684690475662769, 0.0 ], [ 52.075422286654309, 29.684957504973259, 0.0 ], [ 52.074598312009293, 29.685304642572639, 0.0 ], [ 52.07406806888585, 29.68556022658364, 0.0 ], [ 52.07354927032236, 29.685819625965351, 0.0 ], [ 52.073068618053448, 29.686014175804779, 0.0 ], [ 52.072504043760262, 29.686292649153948, 0.0 ], [ 52.071939467989843, 29.686540603816841, 0.0 ], [ 52.071218489915843, 29.686796188370899, 0.0 ], [ 52.070497512718319, 29.686906814633751, 0.0 ], [ 52.069551467851383, 29.68682289148564, 0.0 ], [ 52.068601607547237, 29.68650245723018, 0.0 ], [ 52.067846297479647, 29.686151504593589, 0.0 ], [ 52.067239760661757, 29.685895920204089, 0.0 ], [ 52.066686630396433, 29.685708999763239, 0.0 ], [ 52.065950393055203, 29.685552597605621, 0.0 ], [ 52.065504073660279, 29.685533523576559, 0.0 ], [ 52.064790725687843, 29.685560226696861, 0.0 ], [ 52.064111709330753, 29.685708999998131, 0.0 ], [ 52.063505172432272, 29.685911179170851, 0.0 ], [ 52.062696456444463, 29.68619728135355, 0.0 ], [ 52.062173843393929, 29.686384201711679, 0.0 ], [ 52.061147689854963, 29.686571121387249, 0.0 ], [ 52.0603847503263, 29.68670463640516, 0.0 ], [ 52.059774398959007, 29.686815261990059, 0.0 ], [ 52.058771132790973, 29.687124252537409, 0.0 ], [ 52.058069229191318, 29.687429428416941, 0.0 ], [ 52.057546615709043, 29.68774223344727, 0.0 ], [ 52.056867599669758, 29.688077927164429, 0.0 ], [ 52.05632972665822, 29.68836784369876, 0.0 ], [ 52.055337905874232, 29.68913078334041, 0.0 ], [ 52.05456733723436, 29.68998527613774, 0.0 ], [ 52.053934097025511, 29.690889358529819, 0.0 ], [ 52.053377151055287, 29.691667557547639, 0.0 ], [ 52.052976607558939, 29.69222450259133, 0.0 ], [ 52.052171707162053, 29.69333076505055, 0.0 ], [ 52.051744461137481, 29.693773269977669, 0.0 ], [ 52.051317214681539, 29.69412803709923, 0.0 ], [ 52.050760269032232, 29.69449043305476, 0.0 ], [ 52.050107955962801, 29.694814681978698, 0.0 ], [ 52.049219130921337, 29.69508552608443, 0.0 ], [ 52.047605513895853, 29.695398331125471, 0.0 ], [ 52.046327590846268, 29.695619583557111, 0.0 ], [ 52.045381545444243, 29.695768357096181, 0.0 ], [ 52.044637680151062, 29.695840835738618, 0.0 ], [ 52.043889999264302, 29.69602394160114, 0.0 ], [ 52.043291091626962, 29.69610404990765, 0.0 ], [ 52.042684554511752, 29.69590187084729, 0.0 ], [ 52.042100906413921, 29.69568061839605, 0.0 ], [ 52.04065513575474, 29.695810318628372, 0.0 ], [ 52.039751052992727, 29.695894241325309, 0.0 ], [ 52.039144516021913, 29.695840836190641, 0.0 ], [ 52.038721084298523, 29.695631027760669, 0.0 ], [ 52.038373947026358, 29.695299148708411, 0.0 ], [ 52.037721633276263, 29.694620132841909, 0.0 ], [ 52.036905288221377, 29.69376945566481, 0.0 ], [ 52.036321639343477, 29.69315910385874, 0.0 ], [ 52.036005019564492, 29.69282341034981, 0.0 ], [ 52.035421371332902, 29.692262649922299, 0.0 ], [ 52.03508186339478, 29.691644668594758, 0.0 ], [ 52.034868240441703, 29.690950394384231, 0.0 ], [ 52.034708023196963, 29.690336228023568, 0.0 ], [ 52.03469657899668, 29.68989753798753, 0.0 ], [ 52.034772873009729, 29.68919563364776, 0.0 ], [ 52.034849166491021, 29.68852806119007, 0.0 ], [ 52.034894942773683, 29.687891007118541, 0.0 ], [ 52.034765243391128, 29.687379837163821, 0.0 ], [ 52.034532546983137, 29.687070847365721, 0.0 ], [ 52.034383773822853, 29.686639786451629, 0.0 ], [ 52.034379958480493, 29.68606376725004, 0.0 ], [ 52.034292221064163, 29.685373306555221, 0.0 ], [ 52.034143448043423, 29.68464469910759, 0.0 ], [ 52.034112929937791, 29.684038162239371, 0.0 ], [ 52.034101485477791, 29.683675766645369, 0.0 ], [ 52.034051895152743, 29.683370590366231, 0.0 ], [ 52.03381919871434, 29.682680130458909, 0.0 ], [ 52.03362083446757, 29.682279587311118, 0.0 ], [ 52.033334731720387, 29.681879044094931, 0.0 ], [ 52.033071517774637, 29.681486130455841, 0.0 ], [ 52.032823561935523, 29.68099021944084, 0.0 ], [ 52.032518386346403, 29.680288314917409, 0.0 ], [ 52.032529830472811, 29.679601669916028, 0.0 ], [ 52.032461165760623, 29.67895698578771, 0.0 ], [ 52.031965255153203, 29.678232193789761, 0.0 ], [ 52.031785964806467, 29.677732467953469, 0.0 ], [ 52.031419753336458, 29.677190781020901, 0.0 ], [ 52.031057357409942, 29.6767940522369, 0.0 ], [ 52.03085899349977, 29.67628288342534, 0.0 ], [ 52.030714035019422, 29.675626754756959, 0.0 ], [ 52.030252456666283, 29.675149918251599, 0.0 ], [ 52.029798506972497, 29.67499351539853, 0.0 ], [ 52.029302596500948, 29.67465782249948, 0.0 ], [ 52.029039382694258, 29.674245835115041, 0.0 ], [ 52.028955459446493, 29.673856735911009, 0.0 ], [ 52.02893638544554, 29.673349381200641, 0.0 ], [ 52.028734207046313, 29.67285347041744, 0.0 ], [ 52.028272628251337, 29.672281265653432, 0.0 ], [ 52.027891158459617, 29.671930313193311, 0.0 ], [ 52.027555465330238, 29.671609878617129, 0.0 ], [ 52.027235031199787, 29.67116737387375, 0.0 ], [ 52.026655196734787, 29.67048835818985, 0.0 ], [ 52.02610588008006, 29.669981003223331, 0.0 ], [ 52.025423050192117, 29.66935539280324, 0.0 ], [ 52.024759292306399, 29.668725968226479, 0.0 ], [ 52.024290084474273, 29.668214798450428, 0.0 ], [ 52.023984908515978, 29.66778755196168, 0.0 ], [ 52.023656845060373, 29.667428970699429, 0.0 ], [ 52.023225784464387, 29.666814804480641, 0.0 ], [ 52.022741317352249, 29.666219712067949, 0.0 ], [ 52.022054671573713, 29.66560554556348, 0.0 ], [ 52.02105140693876, 29.664976120845569, 0.0 ], [ 52.020311355255878, 29.664529801022439, 0.0 ], [ 52.019742965625127, 29.664148330863561, 0.0 ], [ 52.019102096162243, 29.66375923221613, 0.0 ], [ 52.018548965638232, 29.663457871204439, 0.0 ], [ 52.017938613757643, 29.663072586862, 0.0 ], [ 52.01750755290756, 29.662820816507999, 0.0 ], [ 52.017049789622916, 29.66257667573446, 0.0 ], [ 52.016401290573718, 29.66220283538641, 0.0 ], [ 52.015855789031463, 29.661878586241141, 0.0 ], [ 52.015317916690613, 29.661619186649808, 0.0 ], [ 52.014562606742409, 29.661317825629379, 0.0 ], [ 52.013849258211643, 29.66113853469718, 0.0 ], [ 52.013334274211587, 29.661073685527569, 0.0 ], [ 52.012693405373717, 29.661161423300371, 0.0 ], [ 52.012140274155982, 29.661539078448669, 0.0 ], [ 52.011922836430188, 29.662111282386999, 0.0 ], [ 52.011930465341941, 29.662710190044159, 0.0 ], [ 52.011926651200653, 29.663286209924081, 0.0 ], [ 52.011705397827832, 29.66401100186977, 0.0 ], [ 52.011442184291617, 29.66481208870626, 0.0 ], [ 52.011339187073098, 29.665407181112979, 0.0 ], [ 52.011178970189327, 29.665964127287729, 0.0 ], [ 52.010881423265708, 29.666532516823551, 0.0 ], [ 52.010618209413678, 29.666925430828979, 0.0 ], [ 52.010339737025213, 29.667264939058619, 0.0 ], [ 52.003393173016939, 29.66258811998313, 0.0 ], [ 51.999105453433089, 29.65972709723745, 0.0 ], [ 51.981618881178292, 29.647516251269401, 0.0 ], [ 51.976835250247262, 29.644212723110911, 0.0 ], [ 51.960287094295673, 29.632856369000411, 0.0 ], [ 51.9542026517599, 29.628534317385011, 0.0 ], [ 51.952058791483473, 29.62709236166177, 0.0 ], [ 51.948114395020312, 29.628236771173029, 0.0 ], [ 51.946386336865793, 29.630380630948089, 0.0 ], [ 51.944929122970862, 29.632196426981778, 0.0 ], [ 51.944143295005873, 29.633707046953269, 0.0 ], [ 51.943323135378499, 29.635293961190168, 0.0 ], [ 51.938779831022387, 29.639822007084639, 0.0 ], [ 51.937837600636847, 29.640718460733421, 0.0 ], [ 51.938459396449147, 29.643583297701081, 0.0 ], [ 51.939256668004603, 29.645879746038609, 0.0 ], [ 51.938611984402989, 29.646249771668352, 0.0 ], [ 51.937219619699469, 29.647314071787441, 0.0 ], [ 51.936471939298698, 29.64858055177185, 0.0 ], [ 51.934289932057183, 29.65070533760862, 0.0 ], [ 51.933542251130447, 29.651792526633258, 0.0 ], [ 51.931756973400667, 29.652708053616681, 0.0 ], [ 51.930944442629361, 29.654039383591719, 0.0 ], [ 51.930559158493111, 29.656988143915239, 0.0 ], [ 51.929742813033293, 29.6583766938864, 0.0 ], [ 51.927347182745891, 29.660020828329291, 0.0 ], [ 51.924402236549078, 29.66196632421514, 0.0 ], [ 51.919118881330249, 29.664411544836579, 0.0 ], [ 51.916585922189142, 29.666112899964642, 0.0 ], [ 51.914808273216813, 29.667810440061, 0.0 ], [ 51.913362503187201, 29.667940140149241, 0.0 ], [ 51.912275314513622, 29.669332504379799, 0.0 ], [ 51.909601211627027, 29.67109489478732, 0.0 ], [ 51.906183242551727, 29.674005509146991, 0.0 ], [ 51.903039931931801, 29.677095413904102, 0.0 ], [ 51.901475906034392, 29.679452896775508, 0.0 ], [ 51.900815963026432, 29.67987251364594, 0.0 ], [ 51.899080275951853, 29.680974961054499, 0.0 ], [ 51.897714614874147, 29.682668686456829, 0.0 ], [ 51.895593643011942, 29.68426704449136, 0.0 ], [ 51.891908645756928, 29.688302993938471, 0.0 ], [ 51.88837242054548, 29.692853927608208, 0.0 ], [ 51.886846542142933, 29.695802688684211, 0.0 ], [ 51.886087416891577, 29.698221207013582, 0.0 ], [ 51.884645462132639, 29.701093673793931, 0.0 ], [ 51.882867812697661, 29.702623367295701, 0.0 ], [ 51.881986618129822, 29.704317092986109, 0.0 ], [ 51.88062095628208, 29.706010818916109, 0.0 ], [ 51.876981735424508, 29.707178116247981, 0.0 ], [ 51.873971939012023, 29.709905625221541, 0.0 ], [ 51.871232986012068, 29.712392807201741, 0.0 ], [ 51.870901107778607, 29.713476181412769, 0.0 ], [ 51.869573592634147, 29.71483421326116, 0.0 ], [ 51.868593215655061, 29.717702866422819, 0.0 ], [ 51.867704391130623, 29.71879386940541, 0.0 ], [ 51.86694908095388, 29.719217300880199, 0.0 ], [ 51.866472243750053, 29.71988487311592, 0.0 ], [ 51.865591048587909, 29.721273422806739, 0.0 ], [ 51.863943099840633, 29.722005844875198, 0.0 ], [ 51.863191604651668, 29.722974777355599, 0.0 ], [ 51.861364364282608, 29.724157333659459, 0.0 ] ] ] ] } },
{ "type": "Feature", "properties": { "Name": "پناهگاه حيات وحش دره باغ", "description": "<html xmlns:fo=\"http://www.w3.org/1999/XSL/Format\" xmlns:msxsl=\"urn:schemas-microsoft-com:xslt\">\n\n<head>\n\n<META http-equiv=\"Content-Type\" content=\"text/html\">\n\n<meta http-equiv=\"content-type\" content=\"text/html; charset=UTF-8\">\n\n</head>\n\n<body style=\"margin:0px 0px 0px 0px;overflow:auto;background:#FFFFFF;\">\n\n<table style=\"font-family:Arial,Verdana,Times;font-size:12px;text-align:left;width:100%;border-collapse:collapse;padding:3px 3px 3px 3px\">\n\n<tr style=\"text-align:center;font-weight:bold;background:#9CBCE2\">\n\n<td>پناهگاه حيات وحش دره باغ</td>\n\n</tr>\n\n<tr>\n\n<td>\n\n<table style=\"font-family:Arial,Verdana,Times;font-size:12px;text-align:left;width:100%;border-spacing:0px; padding:3px 3px 3px 3px\">\n\n<tr>\n\n<td>FID</td>\n\n<td>7</td>\n\n</tr>\n\n<tr bgcolor=\"#D4E4F3\">\n\n<td>OBJECTID_1</td>\n\n<td>8</td>\n\n</tr>\n\n<tr>\n\n<td>cod</td>\n\n<td>5</td>\n\n</tr>\n\n<tr bgcolor=\"#D4E4F3\">\n\n<td>tafkik_id</td>\n\n<td>2</td>\n\n</tr>\n\n<tr>\n\n<td>tafkik_nam</td>\n\n<td>پناهگاه حيات وحش</td>\n\n</tr>\n\n<tr bgcolor=\"#D4E4F3\">\n\n<td>shahrestan</td>\n\n<td>بولنات</td>\n\n</tr>\n\n<tr>\n\n<td>NAME1</td>\n\n<td>پناهگاه حيات وحش دره باغ</td>\n\n</tr>\n\n<tr bgcolor=\"#D4E4F3\">\n\n<td>sal_mosava</td>\n\n<td>1396</td>\n\n</tr>\n\n<tr>\n\n<td>AREA_ha</td>\n\n<td>33677</td>\n\n</tr>\n\n<tr bgcolor=\"#D4E4F3\">\n\n<td>F_AREA</td>\n\n<td>336769421.915</td>\n\n</tr>\n\n<tr>\n\n<td>Shape_Leng</td>\n\n<td>115884.626953</td>\n\n</tr>\n\n</table>\n\n</td>\n\n</tr>\n\n</table>\n\n</body>\n\n</html>\n\n", "timestamp": null, "begin": null, "end": null, "altitudeMode": "clampToGround", "tessellate": -1, "extrude": 0, "visibility": -1, "drawOrder": null, "icon": null, "snippet": "" }, "geometry": { "type": "MultiPolygon", "coordinates": [ [ [ [ 53.425742435165731, 30.848432797059729, 0.0 ], [ 53.423608905647662, 30.84867788724452, 0.0 ], [ 53.420881279025537, 30.848934058846801, 0.0 ], [ 53.418156206817883, 30.849292686562389, 0.0 ], [ 53.414131814863993, 30.849983184555221, 0.0 ], [ 53.410696326795097, 30.85045746982486, 0.0 ], [ 53.407614697960227, 30.850822517737221, 0.0 ], [ 53.402961756762359, 30.851761377153402, 0.0 ], [ 53.402779109281191, 30.851798227470258, 0.0 ], [ 53.402575948772622, 30.851839215918979, 0.0 ], [ 53.39792498837393, 30.85330218205949, 0.0 ], [ 53.397032112076921, 30.853583013879391, 0.0 ], [ 53.396439419523738, 30.853735955065389, 0.0 ], [ 53.393606570119431, 30.854466916191921, 0.0 ], [ 53.39041352399618, 30.855141309002359, 0.0 ], [ 53.387440298912153, 30.855093630881711, 0.0 ], [ 53.383625132808888, 30.854651141108629, 0.0 ], [ 53.380277700992593, 30.85389224621311, 0.0 ], [ 53.379228351980537, 30.853516722472939, 0.0 ], [ 53.378086979899912, 30.85310825415014, 0.0 ], [ 53.377897453698573, 30.853040425701661, 0.0 ], [ 53.377279207244833, 30.852819163899809, 0.0 ], [ 53.37620477618109, 30.852796781071991, 0.0 ], [ 53.374662516163099, 30.852764636841691, 0.0 ], [ 53.3731843814953, 30.85274453388848, 0.0 ], [ 53.371451696758569, 30.852720947161739, 0.0 ], [ 53.367626586043613, 30.85186790503797, 0.0 ], [ 53.367608949927472, 30.851150284040681, 0.0 ], [ 53.367194543075868, 30.848798898009761, 0.0 ], [ 53.366542523439627, 30.84645185471777, 0.0 ], [ 53.365720168911913, 30.841437192463189, 0.0 ], [ 53.365656988086862, 30.838863077128199, 0.0 ], [ 53.36768048800446, 30.83862006195649, 0.0 ], [ 53.368249292036587, 30.837476538421381, 0.0 ], [ 53.368634037302932, 30.836130359771079, 0.0 ], [ 53.369263746644258, 30.835037223548969, 0.0 ], [ 53.370430382511927, 30.83393425600342, 0.0 ], [ 53.372987004498547, 30.831106132519281, 0.0 ], [ 53.374402322418163, 30.830410615120471, 0.0 ], [ 53.375405092045433, 30.829928675063641, 0.0 ], [ 53.37527436153713, 30.829467525573399, 0.0 ], [ 53.375440652301478, 30.82894942244004, 0.0 ], [ 53.376086728988717, 30.8285255238345, 0.0 ], [ 53.376692177902918, 30.828874949455919, 0.0 ], [ 53.378719239991263, 30.828786220000271, 0.0 ], [ 53.379174898270222, 30.82790225905287, 0.0 ], [ 53.379932641323919, 30.82716726012185, 0.0 ], [ 53.380318461482346, 30.825872535601139, 0.0 ], [ 53.381616880286927, 30.825282102748879, 0.0 ], [ 53.383392517143257, 30.824682874516721, 0.0 ], [ 53.384089275358797, 30.82389747079965, 0.0 ], [ 53.38616695258856, 30.823447161490549, 0.0 ], [ 53.387069961969821, 30.823052214039691, 0.0 ], [ 53.388819147562181, 30.821739586649581, 0.0 ], [ 53.392024010624738, 30.819998527144161, 0.0 ], [ 53.395053564858721, 30.817742044951469, 0.0 ], [ 53.408046125745777, 30.81778142697458, 0.0 ], [ 53.408453608932959, 30.795068272341531, 0.0 ], [ 53.411541139259128, 30.795179029923322, 0.0 ], [ 53.411464167310847, 30.792096987200779, 0.0 ], [ 53.413887791959489, 30.791631383662679, 0.0 ], [ 53.424439094656243, 30.791574536386779, 0.0 ], [ 53.424436602967788, 30.778539938924041, 0.0 ], [ 53.424204054122043, 30.77574113591854, 0.0 ], [ 53.42379171476189, 30.77224490563032, 0.0 ], [ 53.423785322323809, 30.76551745050935, 0.0 ], [ 53.423793008864948, 30.759350360208941, 0.0 ], [ 53.4240478967602, 30.750095164830292, 0.0 ], [ 53.416893416364132, 30.74952792221681, 0.0 ], [ 53.41907317308506, 30.745843157118511, 0.0 ], [ 53.420830214340803, 30.7415737411282, 0.0 ], [ 53.42061403934003, 30.74154548105572, 0.0 ], [ 53.418834417621582, 30.742014651210891, 0.0 ], [ 53.417341711523683, 30.741686302402648, 0.0 ], [ 53.416465379818327, 30.74182136044428, 0.0 ], [ 53.414760559082367, 30.741805623992551, 0.0 ], [ 53.41329094940378, 30.742402870479498, 0.0 ], [ 53.410863343208959, 30.74311541777935, 0.0 ], [ 53.408384743822921, 30.742992727759258, 0.0 ], [ 53.404983555252237, 30.744409337662301, 0.0 ], [ 53.403902027772787, 30.745139382577399, 0.0 ], [ 53.402851334030991, 30.744897652393838, 0.0 ], [ 53.402448578977832, 30.745285041356968, 0.0 ], [ 53.400570579802093, 30.748264263203449, 0.0 ], [ 53.399327885396318, 30.749910614984881, 0.0 ], [ 53.39825961024296, 30.749930377141151, 0.0 ], [ 53.397441024990357, 30.750387845114101, 0.0 ], [ 53.394577456008307, 30.749895862302051, 0.0 ], [ 53.392753883189187, 30.748185934342811, 0.0 ], [ 53.392599689872803, 30.74675288102485, 0.0 ], [ 53.390730992151482, 30.748018116390909, 0.0 ], [ 53.388144997924741, 30.749091409950861, 0.0 ], [ 53.386740871319667, 30.749937775925339, 0.0 ], [ 53.385106901808172, 30.751096048268511, 0.0 ], [ 53.382451303026507, 30.75272435970691, 0.0 ], [ 53.379289222723934, 30.75452601927616, 0.0 ], [ 53.376702916395502, 30.75559909827393, 0.0 ], [ 53.37496009370664, 30.757169504521251, 0.0 ], [ 53.37259599109349, 30.757623045537031, 0.0 ], [ 53.368359527520951, 30.75934699396705, 0.0 ], [ 53.36625737740227, 30.760254396614879, 0.0 ], [ 53.364388782009733, 30.760740553725721, 0.0 ], [ 53.361298419736379, 30.76156435450989, 0.0 ], [ 53.357924360136593, 30.762904897343041, 0.0 ], [ 53.356573156668908, 30.762161986873199, 0.0 ], [ 53.353741429521733, 30.76144594923727, 0.0 ], [ 53.351967886539207, 30.761606048395802, 0.0 ], [ 53.348944664349133, 30.759102588508419, 0.0 ], [ 53.346600663458297, 30.760168343325791, 0.0 ], [ 53.336875199942142, 30.756122839714699, 0.0 ], [ 53.325377044150237, 30.74383539613639, 0.0 ], [ 53.318664640929562, 30.74072403538138, 0.0 ], [ 53.308576932993837, 30.735222703868999, 0.0 ], [ 53.307927358957471, 30.72794298884013, 0.0 ], [ 53.307593968465632, 30.727213920708571, 0.0 ], [ 53.304985404312397, 30.72150899932177, 0.0 ], [ 53.304336814980623, 30.720760842715091, 0.0 ], [ 53.309165840714748, 30.718372500422941, 0.0 ], [ 53.31318503321782, 30.71771171078634, 0.0 ], [ 53.313959271025169, 30.717584404457369, 0.0 ], [ 53.316064476730268, 30.717238223890519, 0.0 ], [ 53.318479549197463, 30.716841044637309, 0.0 ], [ 53.319636561769919, 30.716650747488298, 0.0 ], [ 53.323458123589212, 30.713612208891199, 0.0 ], [ 53.329807124993081, 30.710517861983579, 0.0 ], [ 53.331090223987523, 30.709892450537911, 0.0 ], [ 53.332074023705189, 30.709856844061239, 0.0 ], [ 53.332335967342587, 30.709847362261019, 0.0 ], [ 53.335988414702719, 30.70827708342782, 0.0 ], [ 53.336479680099742, 30.708065864774358, 0.0 ], [ 53.336588023779207, 30.70804555298572, 0.0 ], [ 53.337610739212082, 30.70785381488307, 0.0 ], [ 53.340461305765807, 30.707319347147301, 0.0 ], [ 53.342358475851867, 30.706963599525011, 0.0 ], [ 53.344101527158017, 30.707068885453769, 0.0 ], [ 53.345608715769437, 30.707159905562118, 0.0 ], [ 53.35163489020939, 30.707733912593081, 0.0 ], [ 53.354898687052128, 30.708044676089969, 0.0 ], [ 53.358469759446649, 30.70814887410015, 0.0 ], [ 53.359371964709652, 30.708175183319639, 0.0 ], [ 53.361362883547848, 30.708233218038931, 0.0 ], [ 53.362186627727702, 30.707512038678431, 0.0 ], [ 53.365090560682518, 30.704969552625499, 0.0 ], [ 53.366262528907768, 30.703943403343771, 0.0 ], [ 53.366449848092977, 30.703767207635181, 0.0 ], [ 53.368829194598263, 30.70152908607152, 0.0 ], [ 53.369477058391837, 30.700919651584041, 0.0 ], [ 53.372037173557722, 30.69453085999859, 0.0 ], [ 53.372676249918356, 30.692199147364249, 0.0 ], [ 53.374810919280073, 30.69093959589383, 0.0 ], [ 53.374963943405739, 30.690849302349339, 0.0 ], [ 53.375173085252413, 30.69094672906467, 0.0 ], [ 53.376734407254617, 30.691674038862899, 0.0 ], [ 53.378025958606948, 30.69227565840978, 0.0 ], [ 53.381313344870478, 30.693502883816201, 0.0 ], [ 53.383083882683721, 30.694163801253559, 0.0 ], [ 53.38881191044598, 30.694552696648469, 0.0 ], [ 53.390354495593677, 30.694847907072798, 0.0 ], [ 53.396520025683252, 30.696027624129488, 0.0 ], [ 53.396664277505216, 30.696055221432289, 0.0 ], [ 53.399897963377633, 30.695066672768771, 0.0 ], [ 53.40039070112266, 30.694916032578611, 0.0 ], [ 53.401455307645627, 30.694225171268901, 0.0 ], [ 53.404131610463637, 30.692488343944841, 0.0 ], [ 53.406313515335533, 30.690738451628238, 0.0 ], [ 53.408261830043919, 30.690156046271039, 0.0 ], [ 53.411560479462359, 30.690515999790879, 0.0 ], [ 53.411515858262632, 30.70831212329017, 0.0 ], [ 53.433086063757031, 30.70833068170343, 0.0 ], [ 53.433414934608393, 30.697163064056539, 0.0 ], [ 53.452790191191013, 30.697219557140102, 0.0 ], [ 53.452982451985577, 30.690371678040041, 0.0 ], [ 53.451106696352468, 30.68744309760617, 0.0 ], [ 53.452798559489828, 30.685234354811719, 0.0 ], [ 53.453861170480593, 30.683727340125191, 0.0 ], [ 53.455583234913817, 30.68182461996345, 0.0 ], [ 53.45831477929822, 30.679302359523181, 0.0 ], [ 53.45951009136521, 30.678544164002471, 0.0 ], [ 53.460215485024328, 30.677095996223191, 0.0 ], [ 53.460764821159891, 30.6755491139165, 0.0 ], [ 53.461277679976817, 30.673909983331509, 0.0 ], [ 53.462228988862087, 30.672070843441539, 0.0 ], [ 53.462958605563983, 30.670235901302181, 0.0 ], [ 53.463575903641853, 30.668729588956229, 0.0 ], [ 53.464227659767509, 30.667670799801449, 0.0 ], [ 53.464977967702772, 30.666794996882739, 0.0 ], [ 53.466287584773177, 30.665729105858482, 0.0 ], [ 53.467192315024207, 30.664522804529739, 0.0 ], [ 53.469107267786477, 30.661933772729451, 0.0 ], [ 53.470055043792037, 30.66098031256227, 0.0 ], [ 53.470340408183617, 30.660158358535849, 0.0 ], [ 53.47063111718284, 30.659114332429091, 0.0 ], [ 53.470830589840631, 30.658665013593861, 0.0 ], [ 53.471307890266409, 30.657818796598601, 0.0 ], [ 53.472043529718547, 30.656884258959611, 0.0 ], [ 53.472551240510789, 30.655053494479152, 0.0 ], [ 53.473066253557327, 30.653510130103729, 0.0 ], [ 53.473945407609961, 30.65320584736271, 0.0 ], [ 53.475366385807831, 30.652411998519529, 0.0 ], [ 53.477211013006361, 30.650843276253621, 0.0 ], [ 53.478297070692953, 30.649959937019378, 0.0 ], [ 53.48026464297854, 30.64886806584429, 0.0 ], [ 53.480102464807608, 30.646858368959268, 0.0 ], [ 53.480660616675998, 30.644072222525828, 0.0 ], [ 53.482987524870502, 30.640947901706621, 0.0 ], [ 53.485572709111871, 30.640399034975161, 0.0 ], [ 53.486872261666932, 30.64086316615888, 0.0 ], [ 53.487301557638858, 30.6411289349073, 0.0 ], [ 53.488793591659409, 30.64164834049383, 0.0 ], [ 53.489751402944023, 30.64275333667452, 0.0 ], [ 53.490194755960097, 30.643566801671671, 0.0 ], [ 53.490886722836287, 30.645836763248301, 0.0 ], [ 53.492885505565837, 30.64963424054876, 0.0 ], [ 53.493357046071523, 30.651543097718768, 0.0 ], [ 53.495501428388877, 30.65507600957924, 0.0 ], [ 53.496815479804461, 30.65680686900668, 0.0 ], [ 53.499003725396634, 30.657972114765329, 0.0 ], [ 53.501651546427297, 30.657262603927538, 0.0 ], [ 53.502901731030349, 30.65759809656064, 0.0 ], [ 53.503532989597687, 30.658730980455591, 0.0 ], [ 53.504995980268063, 30.659431439153511, 0.0 ], [ 53.506267719496577, 30.65971919272101, 0.0 ], [ 53.507314887898538, 30.660635839315521, 0.0 ], [ 53.508838109328828, 30.661335089719291, 0.0 ], [ 53.509949532172591, 30.662406614332902, 0.0 ], [ 53.510584940857903, 30.66369552105877, 0.0 ], [ 53.511388787968777, 30.66451273881086, 0.0 ], [ 53.512639060353607, 30.66396808290278, 0.0 ], [ 53.513641871992981, 30.66316796544546, 0.0 ], [ 53.514349174502797, 30.662581752680008, 0.0 ], [ 53.515483094726527, 30.662195464996501, 0.0 ], [ 53.516988854704579, 30.662218337881871, 0.0 ], [ 53.517829973750231, 30.66214998946089, 0.0 ], [ 53.518870523129081, 30.662806426748951, 0.0 ], [ 53.520378993342192, 30.662933304699191, 0.0 ], [ 53.52204501725776, 30.66217230076127, 0.0 ], [ 53.522801616344751, 30.66116870906405, 0.0 ], [ 53.523203913925393, 30.660432231975619, 0.0 ], [ 53.523790785601257, 30.65984830978422, 0.0 ], [ 53.52492327991051, 30.6594099218485, 0.0 ], [ 53.525828600884267, 30.65949641310614, 0.0 ], [ 53.526633886111313, 30.660365553074701, 0.0 ], [ 53.527424287060427, 30.66066245810994, 0.0 ], [ 53.528013841777508, 30.66018255989227, 0.0 ], [ 53.528719676028167, 30.659544254210221, 0.0 ], [ 53.529779765663058, 30.658638808332618, 0.0 ], [ 53.530878307858593, 30.656899852146729, 0.0 ], [ 53.53189038659913, 30.65646375175309, 0.0 ], [ 53.533577920825167, 30.65653493921641, 0.0 ], [ 53.5344614922722, 30.655789044013421, 0.0 ], [ 53.536132707152547, 30.65523595287522, 0.0 ], [ 53.537208991166388, 30.654954698604879, 0.0 ], [ 53.538294789616799, 30.655037580376121, 0.0 ], [ 53.540592176212812, 30.655409042362979, 0.0 ], [ 53.541233633105492, 30.654615791004911, 0.0 ], [ 53.540436442118562, 30.654058867011361, 0.0 ], [ 53.54029568472086, 30.653280914984759, 0.0 ], [ 53.540872880753639, 30.65233277988246, 0.0 ], [ 53.541597633885047, 30.65242269653854, 0.0 ], [ 53.542363488895042, 30.651783145966061, 0.0 ], [ 53.542831216715669, 30.651253521249579, 0.0 ], [ 53.543215609656727, 30.64984072918806, 0.0 ], [ 53.543829759628373, 30.648007062426249, 0.0 ], [ 53.543989817981377, 30.647223222985861, 0.0 ], [ 53.544780154086681, 30.647520025882059, 0.0 ], [ 53.545638838856803, 30.648127766182071, 0.0 ], [ 53.546221409446453, 30.64738769121956, 0.0 ], [ 53.547475341262412, 30.64699878171167, 0.0 ], [ 53.5485542248801, 30.646821479378321, 0.0 ], [ 53.549146322808447, 30.64644553493897, 0.0 ], [ 53.550154105567827, 30.64585324242687, 0.0 ], [ 53.551294501717607, 30.645726757754311, 0.0 ], [ 53.551725219983972, 30.646082627876108, 0.0 ], [ 53.551387464654169, 30.646974057346391, 0.0 ], [ 53.551942623228918, 30.64748362073535, 0.0 ], [ 53.555547081275172, 30.647204578279641, 0.0 ], [ 53.558422680521723, 30.646679559861781, 0.0 ], [ 53.558511492550963, 30.64548073788081, 0.0 ], [ 53.558545620699647, 30.644491177731801, 0.0 ], [ 53.559841796714807, 30.64342471216759, 0.0 ], [ 53.561174980257952, 30.643762765732419, 0.0 ], [ 53.561694495543293, 30.64291977667731, 0.0 ], [ 53.564096613733298, 30.640426201641151, 0.0 ], [ 53.563901030530232, 30.639857548651982, 0.0 ], [ 53.564304302457877, 30.639172984466221, 0.0 ], [ 53.564044440114543, 30.63844946153198, 0.0 ], [ 53.5643054204712, 30.63693495704581, 0.0 ], [ 53.564810454308088, 30.63625814315839, 0.0 ], [ 53.565576385976563, 30.635774603251381, 0.0 ], [ 53.566427753556319, 30.635029064156232, 0.0 ], [ 53.568545089826841, 30.63427309276771, 0.0 ], [ 53.568739844846988, 30.63488677679026, 0.0 ], [ 53.569239315389083, 30.637799349134522, 0.0 ], [ 53.570458450876529, 30.639967068870739, 0.0 ], [ 53.57220063909503, 30.64194176820962, 0.0 ], [ 53.573820641739118, 30.643288712646001, 0.0 ], [ 53.574679694697437, 30.643819648158871, 0.0 ], [ 53.576078698633111, 30.644796504608589, 0.0 ], [ 53.577919389949869, 30.64649518683726, 0.0 ], [ 53.579524759980472, 30.64728525456535, 0.0 ], [ 53.581410473718208, 30.64669984280664, 0.0 ], [ 53.582653037063238, 30.645761887212409, 0.0 ], [ 53.581648303883917, 30.647699701209799, 0.0 ], [ 53.580550087285999, 30.650095994911052, 0.0 ], [ 53.57868611924053, 30.651502897517929, 0.0 ], [ 53.575070859972847, 30.654588375865671, 0.0 ], [ 53.572386266302559, 30.656924721350759, 0.0 ], [ 53.569922378419072, 30.65962195411263, 0.0 ], [ 53.568595667990351, 30.66138339519588, 0.0 ], [ 53.567506648226569, 30.66414471485394, 0.0 ], [ 53.567972484644741, 30.665779375504702, 0.0 ], [ 53.56815537642305, 30.66869819595718, 0.0 ], [ 53.567911062473058, 30.67144280921805, 0.0 ], [ 53.568873529504337, 30.671880402416971, 0.0 ], [ 53.571823018456151, 30.67154804023853, 0.0 ], [ 53.575401220736637, 30.67102049419821, 0.0 ], [ 53.598378560847237, 30.676864169322251, 0.0 ], [ 53.601664507594201, 30.67876483699019, 0.0 ], [ 53.606899296490511, 30.682453064613661, 0.0 ], [ 53.610739715008577, 30.686362810692859, 0.0 ], [ 53.611414765294697, 30.687156303154399, 0.0 ], [ 53.61208982364203, 30.687949787839269, 0.0 ], [ 53.614733613485491, 30.68902645633645, 0.0 ], [ 53.614688139806333, 30.690802918931372, 0.0 ], [ 53.614979255331903, 30.69467097556668, 0.0 ], [ 53.615873737187798, 30.696670616304171, 0.0 ], [ 53.615811150074393, 30.701272155190331, 0.0 ], [ 53.615279373993062, 30.702332058757221, 0.0 ], [ 53.615036338206806, 30.70370896777046, 0.0 ], [ 53.612722383630619, 30.707952321455409, 0.0 ], [ 53.611897431582243, 30.708533876842409, 0.0 ], [ 53.611165824492957, 30.709113547993841, 0.0 ], [ 53.609986992909427, 30.710428570293189, 0.0 ], [ 53.599237799448623, 30.716414892862161, 0.0 ], [ 53.595177421916368, 30.71827173184057, 0.0 ], [ 53.593307982323033, 30.71822840869746, 0.0 ], [ 53.592359224778093, 30.71768241914971, 0.0 ], [ 53.59179040868819, 30.717370955094861, 0.0 ], [ 53.588705100109152, 30.71727113962849, 0.0 ], [ 53.58796034838744, 30.71736670506942, 0.0 ], [ 53.587437666708709, 30.718781436877329, 0.0 ], [ 53.586477441729848, 30.721302510995091, 0.0 ], [ 53.586060155031809, 30.72316709722951, 0.0 ], [ 53.584933360483546, 30.726450131111111, 0.0 ], [ 53.584948437576223, 30.727014780840111, 0.0 ], [ 53.584611557131133, 30.728393516926818, 0.0 ], [ 53.584531105804963, 30.72887936461985, 0.0 ], [ 53.583762588218661, 30.730888145982881, 0.0 ], [ 53.583238923563187, 30.73227059971536, 0.0 ], [ 53.581985425364252, 30.73431324148439, 0.0 ], [ 53.580729725392857, 30.73627520991748, 0.0 ], [ 53.57973477208489, 30.73750561403153, 0.0 ], [ 53.578359809198837, 30.738501446629979, 0.0 ], [ 53.577188778425871, 30.740138869520742, 0.0 ], [ 53.575733246987447, 30.741620521052472, 0.0 ], [ 53.575302808914152, 30.743001096278341, 0.0 ], [ 53.575148237424102, 30.74421477643747, 0.0 ], [ 53.574447916171223, 30.74458379519097, 0.0 ], [ 53.571300492751973, 30.745695442332739, 0.0 ], [ 53.568431033875171, 30.7467208012844, 0.0 ], [ 53.565489509387923, 30.7485546022208, 0.0 ], [ 53.563287352263089, 30.750083177649159, 0.0 ], [ 53.561277476071197, 30.751817758503709, 0.0 ], [ 53.558696452264577, 30.753160046011281, 0.0 ], [ 53.555775859627467, 30.755800303377391, 0.0 ], [ 53.553861266235707, 30.75761360733248, 0.0 ], [ 53.552112118168829, 30.75861654665885, 0.0 ], [ 53.551209985827313, 30.759844923093109, 0.0 ], [ 53.548832432462007, 30.76182868419453, 0.0 ], [ 53.547643620145593, 30.762820551093739, 0.0 ], [ 53.546643730312773, 30.763889400882292, 0.0 ], [ 53.545083343651562, 30.764969253384539, 0.0 ], [ 53.544739423859767, 30.76610591936922, 0.0 ], [ 53.543939036689068, 30.767655083916981, 0.0 ], [ 53.543219308233077, 30.768718413574469, 0.0 ], [ 53.543107608035207, 30.770629589337261, 0.0 ], [ 53.540898009035821, 30.774523089653069, 0.0 ], [ 53.539396874647473, 30.776786307457311, 0.0 ], [ 53.536767662464442, 30.780750013172721, 0.0 ], [ 53.534546378450123, 30.784215849452199, 0.0 ], [ 53.531338161607003, 30.787843537282889, 0.0 ], [ 53.526380805736657, 30.794072055884239, 0.0 ], [ 53.523073914017807, 30.80026826638122, 0.0 ], [ 53.521695918015233, 30.804430474850069, 0.0 ], [ 53.520137802083347, 30.808025779621161, 0.0 ], [ 53.518253043446002, 30.81177001970801, 0.0 ], [ 53.515340169300202, 30.814108212426522, 0.0 ], [ 53.51440880287479, 30.81640788848658, 0.0 ], [ 53.510248749332789, 30.821622175628939, 0.0 ], [ 53.50490886947906, 30.829182169671551, 0.0 ], [ 53.49885612933906, 30.829504248761531, 0.0 ], [ 53.495157966171121, 30.830158481204631, 0.0 ], [ 53.494952100718571, 30.830194897525821, 0.0 ], [ 53.490939813382809, 30.831297749945239, 0.0 ], [ 53.489941708544258, 30.83137448433077, 0.0 ], [ 53.489160626040629, 30.831434527905259, 0.0 ], [ 53.487294304950957, 30.832038792049961, 0.0 ], [ 53.486203167931272, 30.832392056712649, 0.0 ], [ 53.484446030142202, 30.832960921465631, 0.0 ], [ 53.479294167561918, 30.83526972530699, 0.0 ], [ 53.478947201207738, 30.835425206380471, 0.0 ], [ 53.476828666729411, 30.83647190481722, 0.0 ], [ 53.473548379853497, 30.838092477113179, 0.0 ], [ 53.467588249667799, 30.840667670138622, 0.0 ], [ 53.461130010615953, 30.84376487295097, 0.0 ], [ 53.456327968980439, 30.845859736676559, 0.0 ], [ 53.455722352423372, 30.84612391456902, 0.0 ], [ 53.453565446165968, 30.847023431441279, 0.0 ], [ 53.450617917880287, 30.84825258584678, 0.0 ], [ 53.450311809036002, 30.84838023120782, 0.0 ], [ 53.449868333894138, 30.84855710417877, 0.0 ], [ 53.445722308209703, 30.850210574010781, 0.0 ], [ 53.442222045435336, 30.851404841787009, 0.0 ], [ 53.440793632631937, 30.85132922574455, 0.0 ], [ 53.438644525665843, 30.850959495939911, 0.0 ], [ 53.436846698074703, 30.850377992078212, 0.0 ], [ 53.43409058842137, 30.8495068026292, 0.0 ], [ 53.433114168552841, 30.848499548158081, 0.0 ], [ 53.431192428927197, 30.847715169218301, 0.0 ], [ 53.428575923082718, 30.84766172991031, 0.0 ], [ 53.425742435165731, 30.848432797059729, 0.0 ] ] ] ] } },
{ "type": "Feature", "properties": { "Name": "منطقه حفاظت شده ماله گاله", "description": "<html xmlns:fo=\"http://www.w3.org/1999/XSL/Format\" xmlns:msxsl=\"urn:schemas-microsoft-com:xslt\">\n\n<head>\n\n<META http-equiv=\"Content-Type\" content=\"text/html\">\n\n<meta http-equiv=\"content-type\" content=\"text/html; charset=UTF-8\">\n\n</head>\n\n<body style=\"margin:0px 0px 0px 0px;overflow:auto;background:#FFFFFF;\">\n\n<table style=\"font-family:Arial,Verdana,Times;font-size:12px;text-align:left;width:100%;border-collapse:collapse;padding:3px 3px 3px 3px\">\n\n<tr style=\"text-align:center;font-weight:bold;background:#9CBCE2\">\n\n<td>منطقه حفاظت شده ماله گاله</td>\n\n</tr>\n\n<tr>\n\n<td>\n\n<table style=\"font-family:Arial,Verdana,Times;font-size:12px;text-align:left;width:100%;border-spacing:0px; padding:3px 3px 3px 3px\">\n\n<tr>\n\n<td>FID</td>\n\n<td>8</td>\n\n</tr>\n\n<tr bgcolor=\"#D4E4F3\">\n\n<td>OBJECTID_1</td>\n\n<td>9</td>\n\n</tr>\n\n<tr>\n\n<td>cod</td>\n\n<td>11</td>\n\n</tr>\n\n<tr bgcolor=\"#D4E4F3\">\n\n<td>tafkik_id</td>\n\n<td>3</td>\n\n</tr>\n\n<tr>\n\n<td>tafkik_nam</td>\n\n<td>منطقه حفاظت شده</td>\n\n</tr>\n\n<tr bgcolor=\"#D4E4F3\">\n\n<td>shahrestan</td>\n\n<td>شیراز</td>\n\n</tr>\n\n<tr>\n\n<td>NAME1</td>\n\n<td>منطقه حفاظت شده ماله گاله</td>\n\n</tr>\n\n<tr bgcolor=\"#D4E4F3\">\n\n<td>sal_mosava</td>\n\n<td>1378.1396</td>\n\n</tr>\n\n<tr>\n\n<td>AREA_ha</td>\n\n<td>48289</td>\n\n</tr>\n\n<tr bgcolor=\"#D4E4F3\">\n\n<td>F_AREA</td>\n\n<td>482889306.004</td>\n\n</tr>\n\n<tr>\n\n<td>Shape_Leng</td>\n\n<td>110349.36424</td>\n\n</tr>\n\n</table>\n\n</td>\n\n</tr>\n\n</table>\n\n</body>\n\n</html>\n\n", "timestamp": null, "begin": null, "end": null, "altitudeMode": "clampToGround", "tessellate": -1, "extrude": 0, "visibility": -1, "drawOrder": null, "icon": null, "snippet": "" }, "geometry": { "type": "MultiPolygon", "coordinates": [ [ [ [ 52.208434499086692, 29.49584871127011, 0.0 ], [ 52.207224030070982, 29.496185870650901, 0.0 ], [ 52.206586872010213, 29.496323482614368, 0.0 ], [ 52.206198895063103, 29.495994855830951, 0.0 ], [ 52.205687779851537, 29.49586730560609, 0.0 ], [ 52.205373950480841, 29.495774076118579, 0.0 ], [ 52.205082094170713, 29.495462125148961, 0.0 ], [ 52.204646397414841, 29.495379471729869, 0.0 ], [ 52.20423024115059, 29.4953802190782, 0.0 ], [ 52.204149648224899, 29.495140838333871, 0.0 ], [ 52.204033834847067, 29.494821023629161, 0.0 ], [ 52.204019088732572, 29.494702818307331, 0.0 ], [ 52.203681847304757, 29.494779136115969, 0.0 ], [ 52.203628209321153, 29.494820000616901, 0.0 ], [ 52.203227026386372, 29.495065143460149, 0.0 ], [ 52.202997836237287, 29.494950586146679, 0.0 ], [ 52.202263084085992, 29.49470091903892, 0.0 ], [ 52.201629906643028, 29.49421041989816, 0.0 ], [ 52.201508722740058, 29.493940841588991, 0.0 ], [ 52.201385029309179, 29.493683806089461, 0.0 ], [ 52.201054699013063, 29.493598100679289, 0.0 ], [ 52.200465755815863, 29.493539854228199, 0.0 ], [ 52.200036939938229, 29.493547359772901, 0.0 ], [ 52.19982266163894, 29.493352244258102, 0.0 ], [ 52.19971210476082, 29.493047804083272, 0.0 ], [ 52.199099924624583, 29.492623430483221, 0.0 ], [ 52.198412375243521, 29.492097817338362, 0.0 ], [ 52.197245379155291, 29.491436269598221, 0.0 ], [ 52.196294244067261, 29.490686119745298, 0.0 ], [ 52.195757793611058, 29.490338386182131, 0.0 ], [ 52.195560807689731, 29.490082399783741, 0.0 ], [ 52.194685555171873, 29.48997692685883, 0.0 ], [ 52.194460429122159, 29.489997662315311, 0.0 ], [ 52.194298417162408, 29.489943382147871, 0.0 ], [ 52.193901034875658, 29.489754771830331, 0.0 ], [ 52.193216515334292, 29.48975598678015, 0.0 ], [ 52.193175999969583, 29.48981100583563, 0.0 ], [ 52.193143365491977, 29.489882784491659, 0.0 ], [ 52.192874782261697, 29.489886113870281, 0.0 ], [ 52.19242947196674, 29.490099372746311, 0.0 ], [ 52.191989548723043, 29.490387118029869, 0.0 ], [ 52.19182267171518, 29.490478127132651, 0.0 ], [ 52.191462743791227, 29.490483332470731, 0.0 ], [ 52.190915047175992, 29.490358481465119, 0.0 ], [ 52.190493024997707, 29.490058187442798, 0.0 ], [ 52.190111270630943, 29.489605184471952, 0.0 ], [ 52.18961428355513, 29.48938392792434, 0.0 ], [ 52.188959237680983, 29.489271499482012, 0.0 ], [ 52.188676328344393, 29.489223392577781, 0.0 ], [ 52.188284060749638, 29.48890858774358, 0.0 ], [ 52.188012278831557, 29.488893247402249, 0.0 ], [ 52.187659568008549, 29.488609636316269, 0.0 ], [ 52.187476801665923, 29.48842413375414, 0.0 ], [ 52.187248121519787, 29.488347981212382, 0.0 ], [ 52.186875900950753, 29.488220505515521, 0.0 ], [ 52.186640571907652, 29.488154271188769, 0.0 ], [ 52.186356635062822, 29.488196627157681, 0.0 ], [ 52.185624065563381, 29.487984860646851, 0.0 ], [ 52.185100386113767, 29.48778734750287, 0.0 ], [ 52.184948292516928, 29.487797223177399, 0.0 ], [ 52.184867645230668, 29.487761107033741, 0.0 ], [ 52.184517574285529, 29.48765936499948, 0.0 ], [ 52.184556642066568, 29.487309959546291, 0.0 ], [ 52.184352239795672, 29.48706656019446, 0.0 ], [ 52.184171310911182, 29.48697533153836, 0.0 ], [ 52.184055250316867, 29.486899091283441, 0.0 ], [ 52.184027265377672, 29.486848387312548, 0.0 ], [ 52.184003150336018, 29.48650493634009, 0.0 ], [ 52.183932519488962, 29.48614241765636, 0.0 ], [ 52.183742823260559, 29.48585473853143, 0.0 ], [ 52.183300120053168, 29.485629785402011, 0.0 ], [ 52.182940395635761, 29.485634872592161, 0.0 ], [ 52.182531741426068, 29.485579534695681, 0.0 ], [ 52.1820352298476, 29.485382744887829, 0.0 ], [ 52.181651897339037, 29.48517252322366, 0.0 ], [ 52.181313132152908, 29.484968669293831, 0.0 ], [ 52.181199599065913, 29.484711309394431, 0.0 ], [ 52.180627898352647, 29.484532258488411, 0.0 ], [ 52.180095223942487, 29.484337746766219, 0.0 ], [ 52.179463776804567, 29.48413260892751, 0.0 ], [ 52.179079329216087, 29.483933012034981, 0.0 ], [ 52.179056489576418, 29.483922693906621, 0.0 ], [ 52.178699321793303, 29.483994829162128, 0.0 ], [ 52.178665291921469, 29.484049269390638, 0.0 ], [ 52.17851274097594, 29.484182584485371, 0.0 ], [ 52.178480967974693, 29.484185887297301, 0.0 ], [ 52.17813327851318, 29.48426148635625, 0.0 ], [ 52.177776731891122, 29.48443725893215, 0.0 ], [ 52.177560682530938, 29.484516269032639, 0.0 ], [ 52.17743830292347, 29.48443637878826, 0.0 ], [ 52.177157410116457, 29.484256147299419, 0.0 ], [ 52.176867367729031, 29.484053711463861, 0.0 ], [ 52.176196455906812, 29.483755334706022, 0.0 ], [ 52.174983672226631, 29.483190431310739, 0.0 ], [ 52.174522105845227, 29.482942299617601, 0.0 ], [ 52.174356091510873, 29.482797568302921, 0.0 ], [ 52.174262129701269, 29.48238140855943, 0.0 ], [ 52.174120562752137, 29.48171898959038, 0.0 ], [ 52.173998515099662, 29.481511500746731, 0.0 ], [ 52.173734942061159, 29.481283368308631, 0.0 ], [ 52.173430055388522, 29.48090392047644, 0.0 ], [ 52.173179646229023, 29.480685230238119, 0.0 ], [ 52.172917842986131, 29.48053636649734, 0.0 ], [ 52.172600945851997, 29.48048506713425, 0.0 ], [ 52.172077620796777, 29.480268679696671, 0.0 ], [ 52.171718363900773, 29.48011715615506, 0.0 ], [ 52.171170569104838, 29.479710538085179, 0.0 ], [ 52.170979075093022, 29.47950244648743, 0.0 ], [ 52.170854462858998, 29.479317439583571, 0.0 ], [ 52.170764040138359, 29.479109997691801, 0.0 ], [ 52.170784398795583, 29.479024872400089, 0.0 ], [ 52.17076950894748, 29.478898000235141, 0.0 ], [ 52.170780173605273, 29.478671269931279, 0.0 ], [ 52.170725299890357, 29.478470651607591, 0.0 ], [ 52.170620324468047, 29.47825179819591, 0.0 ], [ 52.170626703142602, 29.477867298675839, 0.0 ], [ 52.170599903990187, 29.477150720782539, 0.0 ], [ 52.170494316366387, 29.476799268839311, 0.0 ], [ 52.170380268229437, 29.476588655674291, 0.0 ], [ 52.170348091310807, 29.476256694731699, 0.0 ], [ 52.170392921538422, 29.475756020342569, 0.0 ], [ 52.170469293611838, 29.47551205752475, 0.0 ], [ 52.1704088640113, 29.475209232914821, 0.0 ], [ 52.170294850202318, 29.474993167680079, 0.0 ], [ 52.170147594546073, 29.47484638131289, 0.0 ], [ 52.170192990767042, 29.47466438599481, 0.0 ], [ 52.170082963768913, 29.47446310436472, 0.0 ], [ 52.170041841186269, 29.474384132913421, 0.0 ], [ 52.169870407501612, 29.47418499737676, 0.0 ], [ 52.16969639665183, 29.474111662055709, 0.0 ], [ 52.16962552321688, 29.473774896141752, 0.0 ], [ 52.169662688014753, 29.4733867389, 0.0 ], [ 52.169767311642808, 29.472904875344561, 0.0 ], [ 52.17051073213463, 29.472349356739588, 0.0 ], [ 52.170912315785067, 29.472068373516461, 0.0 ], [ 52.171274181403398, 29.471662473498771, 0.0 ], [ 52.171886840965122, 29.471049269478389, 0.0 ], [ 52.172451084645317, 29.47062509374064, 0.0 ], [ 52.172801509390119, 29.469865268801641, 0.0 ], [ 52.172906796795161, 29.468908011293131, 0.0 ], [ 52.173098972526638, 29.46834474179569, 0.0 ], [ 52.17307818648851, 29.467958551849129, 0.0 ], [ 52.172842424071007, 29.46739928977253, 0.0 ], [ 52.172530165353507, 29.466524633942061, 0.0 ], [ 52.172370266024672, 29.466081228491241, 0.0 ], [ 52.172137328782732, 29.465306705409571, 0.0 ], [ 52.172549301126267, 29.464519977717551, 0.0 ], [ 52.172240521569833, 29.46434996797305, 0.0 ], [ 52.171844570027069, 29.463971737116879, 0.0 ], [ 52.171481326953597, 29.463048845005879, 0.0 ], [ 52.171082781588701, 29.46205426319445, 0.0 ], [ 52.170961591000733, 29.461599733506429, 0.0 ], [ 52.171188467818418, 29.460834244357049, 0.0 ], [ 52.170990176239883, 29.460467830107671, 0.0 ], [ 52.17074020716187, 29.459943462643679, 0.0 ], [ 52.170524708632399, 29.459380191550601, 0.0 ], [ 52.170124229818953, 29.458856527195969, 0.0 ], [ 52.170254408103567, 29.458509360381871, 0.0 ], [ 52.170646891365443, 29.45800374347899, 0.0 ], [ 52.170951780746677, 29.457691104320929, 0.0 ], [ 52.171054478767857, 29.457144563013621, 0.0 ], [ 52.171244688351251, 29.45630811074032, 0.0 ], [ 52.171273717753927, 29.456078656111181, 0.0 ], [ 52.171814621617727, 29.455679032289328, 0.0 ], [ 52.172580458907312, 29.45500602976843, 0.0 ], [ 52.173172086792349, 29.454610283636981, 0.0 ], [ 52.173768181499931, 29.454240017374222, 0.0 ], [ 52.173749151726341, 29.454000821864859, 0.0 ], [ 52.17367437359718, 29.45376162424656, 0.0 ], [ 52.173543470124393, 29.453617929055909, 0.0 ], [ 52.173245853283589, 29.453173587038851, 0.0 ], [ 52.172676308533063, 29.451823534333649, 0.0 ], [ 52.172715775110888, 29.451254306272919, 0.0 ], [ 52.172997390425778, 29.45039475491026, 0.0 ], [ 52.17285797529982, 29.44959449941231, 0.0 ], [ 52.171730556224681, 29.44895617523272, 0.0 ], [ 52.170184842588448, 29.448497323412159, 0.0 ], [ 52.169938783524479, 29.448520658971312, 0.0 ], [ 52.169836526279113, 29.448473715678869, 0.0 ], [ 52.169568456578631, 29.448164436371769, 0.0 ], [ 52.169375440922487, 29.447642439534398, 0.0 ], [ 52.169142021685282, 29.44735144514847, 0.0 ], [ 52.169140630641039, 29.446184636510822, 0.0 ], [ 52.169125614031728, 29.445379079942651, 0.0 ], [ 52.169092729001257, 29.444746675034558, 0.0 ], [ 52.169629161095543, 29.44279775792403, 0.0 ], [ 52.169813535437051, 29.442434999147359, 0.0 ], [ 52.170054176770442, 29.44179630859237, 0.0 ], [ 52.170316462262157, 29.44081163697847, 0.0 ], [ 52.170688958532608, 29.439152638880351, 0.0 ], [ 52.171016488551523, 29.43836449216203, 0.0 ], [ 52.171237734594001, 29.43626057485805, 0.0 ], [ 52.171477088706517, 29.434619164880999, 0.0 ], [ 52.172368033067293, 29.432704411076969, 0.0 ], [ 52.172833877191671, 29.431225045439032, 0.0 ], [ 52.173355294162043, 29.430364387070309, 0.0 ], [ 52.174428005681243, 29.429384710558189, 0.0 ], [ 52.175776235443912, 29.428321427317261, 0.0 ], [ 52.176701936770897, 29.42740118035853, 0.0 ], [ 52.177192603107457, 29.42671797866015, 0.0 ], [ 52.177406332731202, 29.426547061571259, 0.0 ], [ 52.177846743489233, 29.426318520591551, 0.0 ], [ 52.178118014669231, 29.42596494956025, 0.0 ], [ 52.178027956203891, 29.425504250913541, 0.0 ], [ 52.177591273294787, 29.424717879796741, 0.0 ], [ 52.177224237503331, 29.424140000478801, 0.0 ], [ 52.176892419087068, 29.423544287080801, 0.0 ], [ 52.176871496601038, 29.423463264024829, 0.0 ], [ 52.176604201840853, 29.42305843245455, 0.0 ], [ 52.176575632422207, 29.422574482990971, 0.0 ], [ 52.176564082667099, 29.422533728811189, 0.0 ], [ 52.176641218387537, 29.422090615987489, 0.0 ], [ 52.177433569994882, 29.421878625185101, 0.0 ], [ 52.178534951573731, 29.422283205630201, 0.0 ], [ 52.178578083694411, 29.422306545557941, 0.0 ], [ 52.179191849179063, 29.422760079394681, 0.0 ], [ 52.179300889964772, 29.422801690285979, 0.0 ], [ 52.179869881640393, 29.422780207306388, 0.0 ], [ 52.180761060969417, 29.422726816766801, 0.0 ], [ 52.181121847431328, 29.422935241199209, 0.0 ], [ 52.181023800139997, 29.423177774926579, 0.0 ], [ 52.180708445335149, 29.423381366193698, 0.0 ], [ 52.180728719330013, 29.42370606302217, 0.0 ], [ 52.181387229237821, 29.424486891666909, 0.0 ], [ 52.181710389992823, 29.425157575215469, 0.0 ], [ 52.182407477942711, 29.425654455490339, 0.0 ], [ 52.182649713699483, 29.42550127445509, 0.0 ], [ 52.182378450575698, 29.42480699142677, 0.0 ], [ 52.182237344512991, 29.42431487396237, 0.0 ], [ 52.18222995504108, 29.424252605345679, 0.0 ], [ 52.182006213073542, 29.42379545412653, 0.0 ], [ 52.182418593491512, 29.42353907039012, 0.0 ], [ 52.182428258921348, 29.423344918570159, 0.0 ], [ 52.182445462150888, 29.423051046132279, 0.0 ], [ 52.182546166309493, 29.422698595051081, 0.0 ], [ 52.182897040802878, 29.422402389794762, 0.0 ], [ 52.18276864883935, 29.421984484737251, 0.0 ], [ 52.182799239476701, 29.421943264909739, 0.0 ], [ 52.183086877285291, 29.421591683853741, 0.0 ], [ 52.18290982228423, 29.421034988977041, 0.0 ], [ 52.182775373340952, 29.420653751388919, 0.0 ], [ 52.182905739320297, 29.42021217154824, 0.0 ], [ 52.183002588770179, 29.419497203548371, 0.0 ], [ 52.184319433085072, 29.419401277112971, 0.0 ], [ 52.185051526223887, 29.419386524494001, 0.0 ], [ 52.185389596828372, 29.419424007272731, 0.0 ], [ 52.185169641289583, 29.418959305592779, 0.0 ], [ 52.185012042145502, 29.418568196866751, 0.0 ], [ 52.184969473145678, 29.418541937314309, 0.0 ], [ 52.184916263775627, 29.418508939117508, 0.0 ], [ 52.184552936208327, 29.418238714805131, 0.0 ], [ 52.184083233524888, 29.41761833890375, 0.0 ], [ 52.183283815265661, 29.416914921024151, 0.0 ], [ 52.183064607648767, 29.416721292826171, 0.0 ], [ 52.183037767839451, 29.416575972058379, 0.0 ], [ 52.183334087511973, 29.416370787595699, 0.0 ], [ 52.183233472803813, 29.416023026132851, 0.0 ], [ 52.18254301692069, 29.415517746379241, 0.0 ], [ 52.181928927650048, 29.415267586738821, 0.0 ], [ 52.180861890362507, 29.415363223897518, 0.0 ], [ 52.180290558237168, 29.415566281446299, 0.0 ], [ 52.179413190216742, 29.415730458148762, 0.0 ], [ 52.178439848550482, 29.415815939639689, 0.0 ], [ 52.177205924274027, 29.41608537746075, 0.0 ], [ 52.17667221859277, 29.416293144472171, 0.0 ], [ 52.17548387738475, 29.415933072704039, 0.0 ], [ 52.174320451600721, 29.415638671357989, 0.0 ], [ 52.17377200350203, 29.415322526723141, 0.0 ], [ 52.17360867373602, 29.41490013458678, 0.0 ], [ 52.173941046215177, 29.414500087483582, 0.0 ], [ 52.174686341501612, 29.41388357379919, 0.0 ], [ 52.174959573487882, 29.413474467146681, 0.0 ], [ 52.174468181146771, 29.413435307555609, 0.0 ], [ 52.173420124314717, 29.41342792034137, 0.0 ], [ 52.1721094935276, 29.41333778807196, 0.0 ], [ 52.171029238630233, 29.412964487370299, 0.0 ], [ 52.169890974542767, 29.411945204830161, 0.0 ], [ 52.168253573524979, 29.410593804342231, 0.0 ], [ 52.167306551930061, 29.409857481975209, 0.0 ], [ 52.166916128508277, 29.40753938067688, 0.0 ], [ 52.167027245426091, 29.40540336672553, 0.0 ], [ 52.167423879482641, 29.404015038933998, 0.0 ], [ 52.166844264314634, 29.40131180891246, 0.0 ], [ 52.166845636682567, 29.400953835733009, 0.0 ], [ 52.167087810579403, 29.400068231221368, 0.0 ], [ 52.16717279252773, 29.39931205548276, 0.0 ], [ 52.167400475502639, 29.398661269870448, 0.0 ], [ 52.16735176095824, 29.3980912689862, 0.0 ], [ 52.167191572915982, 29.397507061592329, 0.0 ], [ 52.167192073715427, 29.397481249972252, 0.0 ], [ 52.167281216235871, 29.397169767187329, 0.0 ], [ 52.167757262483569, 29.39757330372915, 0.0 ], [ 52.168262723484432, 29.397910754468079, 0.0 ], [ 52.169097443891218, 29.39817198349056, 0.0 ], [ 52.169942288742817, 29.398447001526069, 0.0 ], [ 52.169979661890459, 29.398455363078661, 0.0 ], [ 52.170073194536101, 29.398496680694969, 0.0 ], [ 52.171141318369791, 29.398972165096161, 0.0 ], [ 52.17254658015861, 29.399568446929859, 0.0 ], [ 52.17332986197345, 29.399641736099792, 0.0 ], [ 52.173959973706722, 29.399534419226448, 0.0 ], [ 52.174595164685243, 29.398917368671, 0.0 ], [ 52.174891949116187, 29.398026652857538, 0.0 ], [ 52.174395712908662, 29.39772395640184, 0.0 ], [ 52.174000703505413, 29.397251636345469, 0.0 ], [ 52.173590597903868, 29.397015132162402, 0.0 ], [ 52.173506698006541, 29.39698936162802, 0.0 ], [ 52.173436789947672, 29.396982807234799, 0.0 ], [ 52.172804092574253, 29.396850022570892, 0.0 ], [ 52.172768903814543, 29.39684967885011, 0.0 ], [ 52.172389132705597, 29.39681586827145, 0.0 ], [ 52.171939402511562, 29.396844080455299, 0.0 ], [ 52.171573898067336, 29.39673714513474, 0.0 ], [ 52.171430742740462, 29.396589818624189, 0.0 ], [ 52.171106921058367, 29.396448358074579, 0.0 ], [ 52.170694917572973, 29.39614049698169, 0.0 ], [ 52.170458292463138, 29.395851594441041, 0.0 ], [ 52.17009336855736, 29.395362396591171, 0.0 ], [ 52.170013632221178, 29.39489767393836, 0.0 ], [ 52.169724184716877, 29.39513962969162, 0.0 ], [ 52.169420599099411, 29.395135699554022, 0.0 ], [ 52.169094059646767, 29.395249173371479, 0.0 ], [ 52.16850852914461, 29.395324900155192, 0.0 ], [ 52.168222927144328, 29.395320376455501, 0.0 ], [ 52.167874467805632, 29.395354523153681, 0.0 ], [ 52.167798119244452, 29.395322707702601, 0.0 ], [ 52.167593149171758, 29.39523169325437, 0.0 ], [ 52.167369855347239, 29.39511412477589, 0.0 ], [ 52.167183874376228, 29.39490460653921, 0.0 ], [ 52.166905936670616, 29.394554108062191, 0.0 ], [ 52.16664026891457, 29.394405555605399, 0.0 ], [ 52.166372499678722, 29.394834970890699, 0.0 ], [ 52.166372298636723, 29.394856907502248, 0.0 ], [ 52.166338618558797, 29.395139893438969, 0.0 ], [ 52.166231954434359, 29.39521355583204, 0.0 ], [ 52.165968552445491, 29.395033062721819, 0.0 ], [ 52.165722558977727, 29.39479645522475, 0.0 ], [ 52.165684965225331, 29.394773754502069, 0.0 ], [ 52.165457668210507, 29.394630910463881, 0.0 ], [ 52.165297088347188, 29.394381456128801, 0.0 ], [ 52.165199876047893, 29.394294379779449, 0.0 ], [ 52.164806586783889, 29.394330835235909, 0.0 ], [ 52.16456372970314, 29.394460837674359, 0.0 ], [ 52.164025555350968, 29.39445059347452, 0.0 ], [ 52.163722881194843, 29.394433591167779, 0.0 ], [ 52.163235214938418, 29.394034885023391, 0.0 ], [ 52.162794794957883, 29.393662868912521, 0.0 ], [ 52.162598403768257, 29.393223251322372, 0.0 ], [ 52.162640085041318, 29.392695520367461, 0.0 ], [ 52.162643426786389, 29.391993057205969, 0.0 ], [ 52.162412233178152, 29.39144889461728, 0.0 ], [ 52.162061619228339, 29.390687805529272, 0.0 ], [ 52.161943944454443, 29.390200602868688, 0.0 ], [ 52.161779975822313, 29.389690820913749, 0.0 ], [ 52.161567205621168, 29.389248035705769, 0.0 ], [ 52.161494050818, 29.38872769740188, 0.0 ], [ 52.161696536488392, 29.38780045662271, 0.0 ], [ 52.161716476216867, 29.38700342420999, 0.0 ], [ 52.161560880355822, 29.38590621675765, 0.0 ], [ 52.161375388372633, 29.385353249707851, 0.0 ], [ 52.161271440049532, 29.384858801490331, 0.0 ], [ 52.161401299595703, 29.384500382875281, 0.0 ], [ 52.161476003272902, 29.384292205962669, 0.0 ], [ 52.161288119579702, 29.383837075804781, 0.0 ], [ 52.161142201360512, 29.383446582268441, 0.0 ], [ 52.161300690115873, 29.383090840085391, 0.0 ], [ 52.162262411818418, 29.382063632028011, 0.0 ], [ 52.161913148140442, 29.380934666738781, 0.0 ], [ 52.162597463752128, 29.380806126023209, 0.0 ], [ 52.163356724305054, 29.380346677808621, 0.0 ], [ 52.16417940434637, 29.380032749106149, 0.0 ], [ 52.164264207103727, 29.380023495789661, 0.0 ], [ 52.164879512033892, 29.379825179540649, 0.0 ], [ 52.164903701500613, 29.379804862547509, 0.0 ], [ 52.165252604664772, 29.379593449151219, 0.0 ], [ 52.165609373059738, 29.379507145580831, 0.0 ], [ 52.165668033014008, 29.37951862355526, 0.0 ], [ 52.166006212040827, 29.37956672602018, 0.0 ], [ 52.166277024031473, 29.379388426902072, 0.0 ], [ 52.166326621318142, 29.378350201218389, 0.0 ], [ 52.166327884686247, 29.37829853042534, 0.0 ], [ 52.166604807068381, 29.37791572128868, 0.0 ], [ 52.166629830804958, 29.377854162933659, 0.0 ], [ 52.166739788457612, 29.377670658065551, 0.0 ], [ 52.166775206919652, 29.377651160270378, 0.0 ], [ 52.166592302513948, 29.37753944934731, 0.0 ], [ 52.166340962412477, 29.37712266045936, 0.0 ], [ 52.166350204478597, 29.37602098435697, 0.0 ], [ 52.166601554188787, 29.37337897627922, 0.0 ], [ 52.166634633764787, 29.373046182328839, 0.0 ], [ 52.166049935726022, 29.3725291216427, 0.0 ], [ 52.166023865312837, 29.372505282205051, 0.0 ], [ 52.165959335717893, 29.371765710130141, 0.0 ], [ 52.165896883019158, 29.371279354218469, 0.0 ], [ 52.165477981496579, 29.370530466397849, 0.0 ], [ 52.164662683117072, 29.36967986458826, 0.0 ], [ 52.164226910818037, 29.36917249341651, 0.0 ], [ 52.164065488913558, 29.369197322959451, 0.0 ], [ 52.163884111913568, 29.368692593874879, 0.0 ], [ 52.163869118501111, 29.368650656131368, 0.0 ], [ 52.163420687049722, 29.3679335576143, 0.0 ], [ 52.163406554420803, 29.36786409208662, 0.0 ], [ 52.163033916137621, 29.36714358377613, 0.0 ], [ 52.163019650995722, 29.367045383530201, 0.0 ], [ 52.162726876109573, 29.366239071197231, 0.0 ], [ 52.162473580385239, 29.365981179590371, 0.0 ], [ 52.162543632181119, 29.365739228455681, 0.0 ], [ 52.162429479067171, 29.365261322809879, 0.0 ], [ 52.162410603067023, 29.36516589255767, 0.0 ], [ 52.162002343583318, 29.364470036639879, 0.0 ], [ 52.160788860294161, 29.363522755146601, 0.0 ], [ 52.160090117716109, 29.36278334519298, 0.0 ], [ 52.159578313998907, 29.36237443624098, 0.0 ], [ 52.159821374364562, 29.36153519899824, 0.0 ], [ 52.159892045759271, 29.361052336947569, 0.0 ], [ 52.159301022006822, 29.36025154547216, 0.0 ], [ 52.158478377598193, 29.359245350705681, 0.0 ], [ 52.157432338260868, 29.35773103207967, 0.0 ], [ 52.156966815357571, 29.356982602290071, 0.0 ], [ 52.156279978423953, 29.355063801333419, 0.0 ], [ 52.155673408117522, 29.353598250661818, 0.0 ], [ 52.155262435721113, 29.352325482470761, 0.0 ], [ 52.155222693327843, 29.352230241479891, 0.0 ], [ 52.154826516630571, 29.351182725733612, 0.0 ], [ 52.154460043248477, 29.350701382872561, 0.0 ], [ 52.153635744107341, 29.349043383135289, 0.0 ], [ 52.152446352769708, 29.346577466805829, 0.0 ], [ 52.150957711556693, 29.343744928849642, 0.0 ], [ 52.150055669631648, 29.342036877434939, 0.0 ], [ 52.149806002526873, 29.340059932852611, 0.0 ], [ 52.149118288244573, 29.33840140221357, 0.0 ], [ 52.148829555344648, 29.337678985772481, 0.0 ], [ 52.148457889214498, 29.337394461106928, 0.0 ], [ 52.148001835759288, 29.336099038174211, 0.0 ], [ 52.147535066059433, 29.334485000898908, 0.0 ], [ 52.148423708989682, 29.333301613258801, 0.0 ], [ 52.148384114424033, 29.33272212263703, 0.0 ], [ 52.147704772763767, 29.33252565550595, 0.0 ], [ 52.146501901073357, 29.332466152384541, 0.0 ], [ 52.145484471629167, 29.332301383357152, 0.0 ], [ 52.144941195656763, 29.331884617326931, 0.0 ], [ 52.144787820068693, 29.33117948004476, 0.0 ], [ 52.144587672424088, 29.33041207691895, 0.0 ], [ 52.144807555580059, 29.329111084645682, 0.0 ], [ 52.144418099473853, 29.327780228502728, 0.0 ], [ 52.143848502330293, 29.32555775041126, 0.0 ], [ 52.143211746057517, 29.323862012753398, 0.0 ], [ 52.143219676819839, 29.323728133615319, 0.0 ], [ 52.143175104848901, 29.320998999352661, 0.0 ], [ 52.144981273852721, 29.316328207901851, 0.0 ], [ 52.145490821267643, 29.315289987117129, 0.0 ], [ 52.145602279017623, 29.314443647907641, 0.0 ], [ 52.145607289826089, 29.314331764862128, 0.0 ], [ 52.14527911502519, 29.313171239968309, 0.0 ], [ 52.145162269419153, 29.31183929586248, 0.0 ], [ 52.145487542971367, 29.311000312984248, 0.0 ], [ 52.146986479154819, 29.31012845081689, 0.0 ], [ 52.147062170799927, 29.31009983514631, 0.0 ], [ 52.14757773359193, 29.309789911445922, 0.0 ], [ 52.147582630722987, 29.30967938476828, 0.0 ], [ 52.147175026421763, 29.30923188104239, 0.0 ], [ 52.146500262768392, 29.308897347929211, 0.0 ], [ 52.146094610635949, 29.30853723176304, 0.0 ], [ 52.146095186899117, 29.308059385661171, 0.0 ], [ 52.146803823580143, 29.307618924571841, 0.0 ], [ 52.147308386565548, 29.307487869407289, 0.0 ], [ 52.147547505413883, 29.30732085478606, 0.0 ], [ 52.147643250132752, 29.30648490939403, 0.0 ], [ 52.147885212732113, 29.305912717296369, 0.0 ], [ 52.148636645901767, 29.306456348644488, 0.0 ], [ 52.149170462897942, 29.306413613212989, 0.0 ], [ 52.149279844147742, 29.306039909690689, 0.0 ], [ 52.149639397506007, 29.305232776601791, 0.0 ], [ 52.150087432240497, 29.304895098516099, 0.0 ], [ 52.150121987197913, 29.30486688600082, 0.0 ], [ 52.150530278886038, 29.304704682923301, 0.0 ], [ 52.150578649213053, 29.304293929174371, 0.0 ], [ 52.150600095167491, 29.303702346741911, 0.0 ], [ 52.15210104317287, 29.301521425391009, 0.0 ], [ 52.152900534271481, 29.3008998645114, 0.0 ], [ 52.153021182557943, 29.300454388219791, 0.0 ], [ 52.153124838411387, 29.299591016248861, 0.0 ], [ 52.152994828448513, 29.298577595178099, 0.0 ], [ 52.152512548635727, 29.297931451852548, 0.0 ], [ 52.151931918768668, 29.297158770728132, 0.0 ], [ 52.151756782052807, 29.296550498089911, 0.0 ], [ 52.151338437866308, 29.29579216508191, 0.0 ], [ 52.151056111898633, 29.294852310518291, 0.0 ], [ 52.150941195498653, 29.294350030483919, 0.0 ], [ 52.150793610924239, 29.292222716103652, 0.0 ], [ 52.150819803867293, 29.29046783353494, 0.0 ], [ 52.150821421479662, 29.289357758600431, 0.0 ], [ 52.151030458094723, 29.288654597244669, 0.0 ], [ 52.150762243285158, 29.288193896141141, 0.0 ], [ 52.150172985377253, 29.287487652739362, 0.0 ], [ 52.149645654525102, 29.287276914053891, 0.0 ], [ 52.1486005347085, 29.287398202266939, 0.0 ], [ 52.14839742029978, 29.28693811221288, 0.0 ], [ 52.14731145199459, 29.286381522314649, 0.0 ], [ 52.146810956553153, 29.284856106416559, 0.0 ], [ 52.146853684128089, 29.282720634249149, 0.0 ], [ 52.146808819617277, 29.282513053805179, 0.0 ], [ 52.146012184744947, 29.279968490031809, 0.0 ], [ 52.14601887288071, 29.279678601739281, 0.0 ], [ 52.145772829926997, 29.278094627026249, 0.0 ], [ 52.145680964649713, 29.27796723862793, 0.0 ], [ 52.145150434425922, 29.276623478130642, 0.0 ], [ 52.145153599845521, 29.276540869148569, 0.0 ], [ 52.144822508748398, 29.275460001090309, 0.0 ], [ 52.144685765040123, 29.275247978762959, 0.0 ], [ 52.144414869316982, 29.274360173352921, 0.0 ], [ 52.144496000265882, 29.273196641055218, 0.0 ], [ 52.14459827687029, 29.273077171144461, 0.0 ], [ 52.144862351848147, 29.272168006053011, 0.0 ], [ 52.144863216866412, 29.272083443942051, 0.0 ], [ 52.144869755896572, 29.270945584589199, 0.0 ], [ 52.144763364910943, 29.270885803408341, 0.0 ], [ 52.144590499784059, 29.269574196419889, 0.0 ], [ 52.143719690972389, 29.269304144616392, 0.0 ], [ 52.142695912305967, 29.269450527783409, 0.0 ], [ 52.141347883502597, 29.268841602849761, 0.0 ], [ 52.140508176031837, 29.268126798423388, 0.0 ], [ 52.140501539925658, 29.267528969914881, 0.0 ], [ 52.141380679274462, 29.26704541328278, 0.0 ], [ 52.143406983568461, 29.265656343266858, 0.0 ], [ 52.145508062505513, 29.26492089052368, 0.0 ], [ 52.147568755191017, 29.263163709988191, 0.0 ], [ 52.14946432148529, 29.262292333674392, 0.0 ], [ 52.151085937424106, 29.261430059922731, 0.0 ], [ 52.152741850878279, 29.260817905332349, 0.0 ], [ 52.154414079360208, 29.26005668282767, 0.0 ], [ 52.156085871762002, 29.2584584069394, 0.0 ], [ 52.158095352849507, 29.256979019263369, 0.0 ], [ 52.16044373555134, 29.256410404578741, 0.0 ], [ 52.163872551811593, 29.256967197127771, 0.0 ], [ 52.166158942934992, 29.25785424625721, 0.0 ], [ 52.168175023797353, 29.258441291903871, 0.0 ], [ 52.171170865215743, 29.259094179702089, 0.0 ], [ 52.173105182560633, 29.259106547329971, 0.0 ], [ 52.175326115941388, 29.259152465501781, 0.0 ], [ 52.177664925352794, 29.260054646741299, 0.0 ], [ 52.180108039334677, 29.26090622988248, 0.0 ], [ 52.183275154055274, 29.260612003485981, 0.0 ], [ 52.184899713586027, 29.2603674843036, 0.0 ], [ 52.188250094066149, 29.260071515779561, 0.0 ], [ 52.190673598552358, 29.259722807448419, 0.0 ], [ 52.192499053062392, 29.257448130530129, 0.0 ], [ 52.193816050058928, 29.255927010824241, 0.0 ], [ 52.195508906879169, 29.254650694895581, 0.0 ], [ 52.197387108215331, 29.253110984975439, 0.0 ], [ 52.201494329811041, 29.25117220311833, 0.0 ], [ 52.203693375137632, 29.25095613583067, 0.0 ], [ 52.205619054681719, 29.251507332929311, 0.0 ], [ 52.207362656829297, 29.251996973442239, 0.0 ], [ 52.20950847911093, 29.251848976223489, 0.0 ], [ 52.211770060592087, 29.251591600620419, 0.0 ], [ 52.21399868763428, 29.251866935470659, 0.0 ], [ 52.21732458316437, 29.252522556852401, 0.0 ], [ 52.220424630807393, 29.252408558389629, 0.0 ], [ 52.223378605730893, 29.252397351119701, 0.0 ], [ 52.225401981758623, 29.252500650496248, 0.0 ], [ 52.227946369240748, 29.252768344453379, 0.0 ], [ 52.230902152198347, 29.252585487929991, 0.0 ], [ 52.232375224709891, 29.251958249064931, 0.0 ], [ 52.232854121507792, 29.250541493494659, 0.0 ], [ 52.233374753718053, 29.248905507150919, 0.0 ], [ 52.234247334382601, 29.24739035745581, 0.0 ], [ 52.235991112814467, 29.246124351417379, 0.0 ], [ 52.238824183949482, 29.244527862363551, 0.0 ], [ 52.2404120917653, 29.244050633402061, 0.0 ], [ 52.242036226666343, 29.243805430817609, 0.0 ], [ 52.244069298120522, 29.244138485898539, 0.0 ], [ 52.246124406229853, 29.244802955324509, 0.0 ], [ 52.247952404622083, 29.245776346810061, 0.0 ], [ 52.249489174454823, 29.247020911729521, 0.0 ], [ 52.250684558240749, 29.24721504219529, 0.0 ], [ 52.251507144416308, 29.247744302533022, 0.0 ], [ 52.25260166098316, 29.24821009472916, 0.0 ], [ 52.253833360495747, 29.248796421923181, 0.0 ], [ 52.254998338109893, 29.249500682194089, 0.0 ], [ 52.255485153014689, 29.250391792188481, 0.0 ], [ 52.257276975738193, 29.252283631733391, 0.0 ], [ 52.259277768127383, 29.254532200013671, 0.0 ], [ 52.261066079643108, 29.256126211040652, 0.0 ], [ 52.261495772343032, 29.257911257178161, 0.0 ], [ 52.262253906895197, 29.258680204291942, 0.0 ], [ 52.263275389400533, 29.25879012818077, 0.0 ], [ 52.264685430342489, 29.258695574018422, 0.0 ], [ 52.26662121929192, 29.25856895059496, 0.0 ], [ 52.26849120031315, 29.258530912215338, 0.0 ], [ 52.270307799945677, 29.258493355021759, 0.0 ], [ 52.272054588089397, 29.257856311574201, 0.0 ], [ 52.273691351423473, 29.256751023671288, 0.0 ], [ 52.275462459599758, 29.255382723666852, 0.0 ], [ 52.277029644612433, 29.254584890207941, 0.0 ], [ 52.278014168920372, 29.2533797421749, 0.0 ], [ 52.279765786190197, 29.25154004779526, 0.0 ], [ 52.281364891592517, 29.250317710566701, 0.0 ], [ 52.283481565234389, 29.24578744061451, 0.0 ], [ 52.283718984666869, 29.243838136028089, 0.0 ], [ 52.28274252414738, 29.241810237826801, 0.0 ], [ 52.281081592830539, 29.240070905660868, 0.0 ], [ 52.283551002833008, 29.239189900399211, 0.0 ], [ 52.286549706155768, 29.239601025215471, 0.0 ], [ 52.288520835224148, 29.239760278367029, 0.0 ], [ 52.293928005445693, 29.240840629846449, 0.0 ], [ 52.296287535159067, 29.24119905819763, 0.0 ], [ 52.298076933194203, 29.24127419904849, 0.0 ], [ 52.301716577099072, 29.241658451178331, 0.0 ], [ 52.303368224535546, 29.242179314243401, 0.0 ], [ 52.305018088712949, 29.242862613264109, 0.0 ], [ 52.307194833324168, 29.243254216427779, 0.0 ], [ 52.309333591635003, 29.243540119048799, 0.0 ], [ 52.313687812803131, 29.24518045830332, 0.0 ], [ 52.315319555274158, 29.24619770673144, 0.0 ], [ 52.317494322314218, 29.247631474877799, 0.0 ], [ 52.319529051849493, 29.248822930192091, 0.0 ], [ 52.321093776253512, 29.250021255729269, 0.0 ], [ 52.322421909069867, 29.25127379086938, 0.0 ], [ 52.322955330328149, 29.253927970107501, 0.0 ], [ 52.320795780620259, 29.254919484170792, 0.0 ], [ 52.316648473280218, 29.25754573091352, 0.0 ], [ 52.316219575135293, 29.2584802952118, 0.0 ], [ 52.315892402629942, 29.260453602714708, 0.0 ], [ 52.316744192228889, 29.261658527794101, 0.0 ], [ 52.318202750594672, 29.26299904941337, 0.0 ], [ 52.319541208653341, 29.263965031652681, 0.0 ], [ 52.325203223602223, 29.26728597850288, 0.0 ], [ 52.325540770548869, 29.26802086769974, 0.0 ], [ 52.327857015944673, 29.26823437950188, 0.0 ], [ 52.330746467686403, 29.268983725487601, 0.0 ], [ 52.331115800120877, 29.27012281989898, 0.0 ], [ 52.331440670125282, 29.271662742562999, 0.0 ], [ 52.331910217301989, 29.273693047199291, 0.0 ], [ 52.332475912193672, 29.275298247580569, 0.0 ], [ 52.332893785271963, 29.276070170639979, 0.0 ], [ 52.334459517862292, 29.27611319992177, 0.0 ], [ 52.335350171788917, 29.276582589784191, 0.0 ], [ 52.336170302234272, 29.276872192675398, 0.0 ], [ 52.347531611472832, 29.27150821065246, 0.0 ], [ 52.348952323782107, 29.27089827289176, 0.0 ], [ 52.358348396936321, 29.266209734821501, 0.0 ], [ 52.35923274009118, 29.266200743137041, 0.0 ], [ 52.361122097325463, 29.265046710148251, 0.0 ], [ 52.366326444369328, 29.26242845632893, 0.0 ], [ 52.369707449971408, 29.26090259071864, 0.0 ], [ 52.370414915989628, 29.26292353969416, 0.0 ], [ 52.371042318672657, 29.264051904917839, 0.0 ], [ 52.372217002910027, 29.265411534947191, 0.0 ], [ 52.373460675243543, 29.266829103168462, 0.0 ], [ 52.374223380515282, 29.267825208419911, 0.0 ], [ 52.374687861200933, 29.26826825731025, 0.0 ], [ 52.375377020922272, 29.26907501171878, 0.0 ], [ 52.376447990419358, 29.270077484801259, 0.0 ], [ 52.37737635572433, 29.27097909653201, 0.0 ], [ 52.37785433948585, 29.271868048589798, 0.0 ], [ 52.378842206781577, 29.272920308794589, 0.0 ], [ 52.379909593082587, 29.273949676546671, 0.0 ], [ 52.381372224652672, 29.27523372975266, 0.0 ], [ 52.382671093784261, 29.276199486387689, 0.0 ], [ 52.383860045332611, 29.277185184625171, 0.0 ], [ 52.384851696026018, 29.27823470651877, 0.0 ], [ 52.386432192869258, 29.279103865358358, 0.0 ], [ 52.386926516842017, 29.27892263272787, 0.0 ], [ 52.387474075252449, 29.278342752680551, 0.0 ], [ 52.388088386510518, 29.27810514178358, 0.0 ], [ 52.389064191987799, 29.278670612207709, 0.0 ], [ 52.390731236280978, 29.279810526935972, 0.0 ], [ 52.391072419627598, 29.281089436364049, 0.0 ], [ 52.389832716676153, 29.282214026912062, 0.0 ], [ 52.389490615387878, 29.28280940300484, 0.0 ], [ 52.389511543110963, 29.284348172012891, 0.0 ], [ 52.390533631122828, 29.285568648128589, 0.0 ], [ 52.392138182575678, 29.286648662061602, 0.0 ], [ 52.393255865350348, 29.286596452642851, 0.0 ], [ 52.393958951169189, 29.28596742548585, 0.0 ], [ 52.39449790947041, 29.28552091759952, 0.0 ], [ 52.394891045959682, 29.286582176811031, 0.0 ], [ 52.395089927926008, 29.288339815136659, 0.0 ], [ 52.395622727147888, 29.290522610349541, 0.0 ], [ 52.394217458369752, 29.292267671447739, 0.0 ], [ 52.393886857932287, 29.292986288594861, 0.0 ], [ 52.394867170703172, 29.295004235111101, 0.0 ], [ 52.395572169074541, 29.29678816685551, 0.0 ], [ 52.397049735484288, 29.30035079719233, 0.0 ], [ 52.397068410591693, 29.301722273385248, 0.0 ], [ 52.397547761441821, 29.301956397578611, 0.0 ], [ 52.398836047264332, 29.301584198549321, 0.0 ], [ 52.398908334008652, 29.30188349430799, 0.0 ], [ 52.398112373096787, 29.303441728245161, 0.0 ], [ 52.398196035769857, 29.304575639885631, 0.0 ], [ 52.399236597872417, 29.305995066070789, 0.0 ], [ 52.399649404883057, 29.306349449216, 0.0 ], [ 52.399982435420192, 29.305809021336209, 0.0 ], [ 52.400525915834187, 29.305742408982798, 0.0 ], [ 52.400530011967717, 29.306042418736521, 0.0 ], [ 52.400130227252568, 29.306642204844891, 0.0 ], [ 52.400279841938257, 29.307655851725158, 0.0 ], [ 52.399541317120473, 29.308378758110951, 0.0 ], [ 52.399620107540358, 29.309154008246178, 0.0 ], [ 52.400587826449232, 29.310276390383269, 0.0 ], [ 52.400599224463583, 29.311111002457778, 0.0 ], [ 52.399122308961537, 29.312617726690149, 0.0 ], [ 52.399191344346463, 29.312677916107919, 0.0 ], [ 52.399128033273293, 29.31303728901894, 0.0 ], [ 52.399672195943062, 29.312970672169609, 0.0 ], [ 52.40041238405928, 29.31236731711769, 0.0 ], [ 52.401227270444267, 29.312239197136009, 0.0 ], [ 52.40196725477594, 29.311574922976039, 0.0 ], [ 52.402444195282143, 29.311628570639321, 0.0 ], [ 52.40265371170922, 29.311985078769709, 0.0 ], [ 52.401911293036648, 29.312471155647572, 0.0 ], [ 52.401508414261009, 29.312892751637399, 0.0 ], [ 52.402873170510937, 29.313115301061341, 0.0 ], [ 52.403216020502072, 29.313292180464231, 0.0 ], [ 52.403758734860368, 29.31316690538182, 0.0 ], [ 52.404359025877369, 29.312264947674439, 0.0 ], [ 52.40463039519036, 29.31220343603832, 0.0 ], [ 52.404908284565067, 29.312617877827989, 0.0 ], [ 52.404645102159037, 29.31327715216225, 0.0 ], [ 52.404720660980189, 29.313813292514521, 0.0 ], [ 52.405063484401182, 29.313987911274129, 0.0 ], [ 52.405733801959663, 29.31326569306777, 0.0 ], [ 52.406070099070377, 29.312964355573019, 0.0 ], [ 52.40628043507099, 29.313379505741, 0.0 ], [ 52.406157109760841, 29.314335105483181, 0.0 ], [ 52.405620916983658, 29.314936344964181, 0.0 ], [ 52.405693204590698, 29.315233379773641, 0.0 ], [ 52.406102792770831, 29.31534863587747, 0.0 ], [ 52.407045934321488, 29.314623536444572, 0.0 ], [ 52.407522890945117, 29.31467716537092, 0.0 ], [ 52.407996433949577, 29.314435288793291, 0.0 ], [ 52.407784254791487, 29.313839678699321, 0.0 ], [ 52.407915127965659, 29.31348184594637, 0.0 ], [ 52.408325323723787, 29.313594832921929, 0.0 ], [ 52.409145136355768, 29.31382532118873, 0.0 ], [ 52.410920345453249, 29.314223936716601, 0.0 ], [ 52.411823156019679, 29.31552740073511, 0.0 ], [ 52.41223995026526, 29.316118582255001, 0.0 ], [ 52.414229887790157, 29.317290953231169, 0.0 ], [ 52.412697225750343, 29.31969405642004, 0.0 ], [ 52.411160200773473, 29.321738480998981, 0.0 ], [ 52.40883209147691, 29.325699838422281, 0.0 ], [ 52.406877441418047, 29.327153032871621, 0.0 ], [ 52.405666088126729, 29.328181008208439, 0.0 ], [ 52.404458683147958, 29.329588114327841, 0.0 ], [ 52.403799420192463, 29.330870475040211, 0.0 ], [ 52.402557392331147, 29.333221278044501, 0.0 ], [ 52.400205637541013, 29.337934489874272, 0.0 ], [ 52.398689977094072, 29.34078202050431, 0.0 ], [ 52.398226727037347, 29.341741174633071, 0.0 ], [ 52.397642684935271, 29.342889371530099, 0.0 ], [ 52.396374023984677, 29.345513845901991, 0.0 ], [ 52.394698812078687, 29.34844885113192, 0.0 ], [ 52.391623304419859, 29.35259595999651, 0.0 ], [ 52.38972558459583, 29.355162577206769, 0.0 ], [ 52.387705542282767, 29.358264019319719, 0.0 ], [ 52.384743406293417, 29.36237952844672, 0.0 ], [ 52.380948599917062, 29.368064778855629, 0.0 ], [ 52.375321941912183, 29.37597975038944, 0.0 ], [ 52.371874100203122, 29.381085020790671, 0.0 ], [ 52.367138640550777, 29.38651266074503, 0.0 ], [ 52.358413490795087, 29.396511258635019, 0.0 ], [ 52.354937086302577, 29.40042796536995, 0.0 ], [ 52.353365103551518, 29.4022954691292, 0.0 ], [ 52.351907244741753, 29.405170730920329, 0.0 ], [ 52.348880273278652, 29.410909240038961, 0.0 ], [ 52.348401016263757, 29.41078814996369, 0.0 ], [ 52.344674792861568, 29.408250700757041, 0.0 ], [ 52.343010745342063, 29.40773198463528, 0.0 ], [ 52.34137464437115, 29.406952960046748, 0.0 ], [ 52.340134724623361, 29.408113758377048, 0.0 ], [ 52.337914551173803, 29.41007208839298, 0.0 ], [ 52.33576622172761, 29.41289378541536, 0.0 ], [ 52.333480428323909, 29.414619384071571, 0.0 ], [ 52.332191854492272, 29.415885750077749, 0.0 ], [ 52.330924624732162, 29.4178355801312, 0.0 ], [ 52.329987785902318, 29.419157948674151, 0.0 ], [ 52.328837395414013, 29.419765023479911, 0.0 ], [ 52.325864391025483, 29.421703253264841, 0.0 ], [ 52.324653425082623, 29.422908744254901, 0.0 ], [ 52.324185267266017, 29.423569905546181, 0.0 ], [ 52.322899778920792, 29.424297842494859, 0.0 ], [ 52.321547424055098, 29.425087343792629, 0.0 ], [ 52.320466100440463, 29.42581323286279, 0.0 ], [ 52.319178141731378, 29.42630427544691, 0.0 ], [ 52.317607778292988, 29.42608067998346, 0.0 ], [ 52.315572274075031, 29.426757307394151, 0.0 ], [ 52.314022643872917, 29.42814427657429, 0.0 ], [ 52.311521989952503, 29.429779737324051, 0.0 ], [ 52.311323923469182, 29.43025996801579, 0.0 ], [ 52.310248471333352, 29.4314030857327, 0.0 ], [ 52.307683984056382, 29.4333978140738, 0.0 ], [ 52.304582631034549, 29.435993350830309, 0.0 ], [ 52.304101415183311, 29.4356980109802, 0.0 ], [ 52.303764446898633, 29.436001364015389, 0.0 ], [ 52.303705188964152, 29.436658452959019, 0.0 ], [ 52.302220485833523, 29.437805512420471, 0.0 ], [ 52.299793011815751, 29.439857411519551, 0.0 ], [ 52.296490162492837, 29.442752531032511, 0.0 ], [ 52.291837281888512, 29.446675895321832, 0.0 ], [ 52.289199860341803, 29.448312277328359, 0.0 ], [ 52.288521189592132, 29.448557988422461, 0.0 ], [ 52.287232109064618, 29.449046483442281, 0.0 ], [ 52.285467745212472, 29.449661383750829, 0.0 ], [ 52.284454843444173, 29.45038632694822, 0.0 ], [ 52.280874177177807, 29.45292729493222, 0.0 ], [ 52.278578135331891, 29.454679756095469, 0.0 ], [ 52.275535481189799, 29.45661756331587, 0.0 ], [ 52.273447137655161, 29.458604833922511, 0.0 ], [ 52.271909114322852, 29.461006437946089, 0.0 ], [ 52.270905793040043, 29.46256818321768, 0.0 ], [ 52.269897127511129, 29.46365169013254, 0.0 ], [ 52.2698377280065, 29.4643674248533, 0.0 ], [ 52.268690196225847, 29.465274020141869, 0.0 ], [ 52.267065084148008, 29.46618289683709, 0.0 ], [ 52.26612179516065, 29.467087525838888, 0.0 ], [ 52.264906530927931, 29.467994733848009, 0.0 ], [ 52.26375824054908, 29.468899039007081, 0.0 ], [ 52.259117648466336, 29.47401462905497, 0.0 ], [ 52.256160854591933, 29.477503356597239, 0.0 ], [ 52.255427437838058, 29.47882104375056, 0.0 ], [ 52.253081793451521, 29.48212571010918, 0.0 ], [ 52.25194718845129, 29.48416457974583, 0.0 ], [ 52.25134228078096, 29.484826781481019, 0.0 ], [ 52.250016464993237, 29.48794131389057, 0.0 ], [ 52.249211664810183, 29.489022753608911, 0.0 ], [ 52.24888091430703, 29.489860597420659, 0.0 ], [ 52.248462856273449, 29.491021345126381, 0.0 ], [ 52.248457591197237, 29.491041668298081, 0.0 ], [ 52.24845306052967, 29.491027420110761, 0.0 ], [ 52.24844764171624, 29.490815161477261, 0.0 ], [ 52.248411009582348, 29.490413480165, 0.0 ], [ 52.248383522923604, 29.490086002859289, 0.0 ], [ 52.248383667457396, 29.490076339297431, 0.0 ], [ 52.24831102412093, 29.489742194546899, 0.0 ], [ 52.248199213517758, 29.489585324905619, 0.0 ], [ 52.248145732998871, 29.489467191964131, 0.0 ], [ 52.248119963791069, 29.489314466422599, 0.0 ], [ 52.248029360800601, 29.489157341666001, 0.0 ], [ 52.247837365585127, 29.48898069575074, 0.0 ], [ 52.247755957513263, 29.488921773378799, 0.0 ], [ 52.247520521409839, 29.488857772929709, 0.0 ], [ 52.247398168294509, 29.488851173107161, 0.0 ], [ 52.247297996115648, 29.488766893342849, 0.0 ], [ 52.247231216054942, 29.488663631141389, 0.0 ], [ 52.246854863090157, 29.488599111583099, 0.0 ], [ 52.246628284618069, 29.488514577659501, 0.0 ], [ 52.246434979555517, 29.488327194984791, 0.0 ], [ 52.246142826341377, 29.48812795709496, 0.0 ], [ 52.245842024338103, 29.488506989165401, 0.0 ], [ 52.245802182422047, 29.488711932838381, 0.0 ], [ 52.245702391754477, 29.488816287464449, 0.0 ], [ 52.24553432540683, 29.48857982722182, 0.0 ], [ 52.245367927752703, 29.488585311639969, 0.0 ], [ 52.245327299253439, 29.488713796879811, 0.0 ], [ 52.245327338297813, 29.488731241199091, 0.0 ], [ 52.245327765703443, 29.48892304209545, 0.0 ], [ 52.245327844451467, 29.488957900044461, 0.0 ], [ 52.245381572777127, 29.489178884311482, 0.0 ], [ 52.245178357869122, 29.489346534292459, 0.0 ], [ 52.245018299668622, 29.489503201864839, 0.0 ], [ 52.244998618536272, 29.48953181953226, 0.0 ], [ 52.244782692374592, 29.489853676143401, 0.0 ], [ 52.244728957775472, 29.489900401857671, 0.0 ], [ 52.244554892971529, 29.490084430490931, 0.0 ], [ 52.244028996272242, 29.490053653917421, 0.0 ], [ 52.243901343843007, 29.49011355018126, 0.0 ], [ 52.243815861278968, 29.48969356450446, 0.0 ], [ 52.24353211783707, 29.489474758996039, 0.0 ], [ 52.243349132944523, 29.489268944434251, 0.0 ], [ 52.243055012154869, 29.489016940946311, 0.0 ], [ 52.242733342470963, 29.489082847116158, 0.0 ], [ 52.242593306104332, 29.488986085699331, 0.0 ], [ 52.242368295836009, 29.488986673209158, 0.0 ], [ 52.242183395303663, 29.489041481328659, 0.0 ], [ 52.242169837073547, 29.48882997584246, 0.0 ], [ 52.241866616499607, 29.488720104663809, 0.0 ], [ 52.24172812108521, 29.488776230494789, 0.0 ], [ 52.241475695711003, 29.48867730616621, 0.0 ], [ 52.241301979044188, 29.488468459354809, 0.0 ], [ 52.24125291905343, 29.48835856822717, 0.0 ], [ 52.241102967043439, 29.488271235059049, 0.0 ], [ 52.240878717725373, 29.48812957421249, 0.0 ], [ 52.240754543884137, 29.48804253529563, 0.0 ], [ 52.240694970057099, 29.48792307617525, 0.0 ], [ 52.240557394102133, 29.487824873679781, 0.0 ], [ 52.240407113766047, 29.487814618548452, 0.0 ], [ 52.240373071499562, 29.487596735051099, 0.0 ], [ 52.240234131067858, 29.487596796038549, 0.0 ], [ 52.240024414443077, 29.487401777889389, 0.0 ], [ 52.239927203409842, 29.487261226803732, 0.0 ], [ 52.239673049885567, 29.487124451232159, 0.0 ], [ 52.239340093253297, 29.48688356062933, 0.0 ], [ 52.238860480854257, 29.48651836833081, 0.0 ], [ 52.238688352920263, 29.48644725953681, 0.0 ], [ 52.238268113818833, 29.48629917443883, 0.0 ], [ 52.2382325542399, 29.486289604071551, 0.0 ], [ 52.237696323891591, 29.486106676764528, 0.0 ], [ 52.237549398815972, 29.485911011613741, 0.0 ], [ 52.237424271481061, 29.48574674904556, 0.0 ], [ 52.237190031598473, 29.485726956499072, 0.0 ], [ 52.237007067171888, 29.4859932093465, 0.0 ], [ 52.23695866174986, 29.486022053268211, 0.0 ], [ 52.236657189882393, 29.486092492750981, 0.0 ], [ 52.236339257033769, 29.48605870499026, 0.0 ], [ 52.236292030517177, 29.486047976432388, 0.0 ], [ 52.235922816310953, 29.486082530011931, 0.0 ], [ 52.235678223518107, 29.486221438927661, 0.0 ], [ 52.235492868762798, 29.486195107876672, 0.0 ], [ 52.235453899615493, 29.486184863635309, 0.0 ], [ 52.235008847789693, 29.48611196368525, 0.0 ], [ 52.234980515870497, 29.486102312704588, 0.0 ], [ 52.234685797537111, 29.48603769980167, 0.0 ], [ 52.23447144639217, 29.48604248575549, 0.0 ], [ 52.234276931171053, 29.486246514565089, 0.0 ], [ 52.234062902805142, 29.486718236435291, 0.0 ], [ 52.233861576997228, 29.487182991661211, 0.0 ], [ 52.233849913125532, 29.487273365555289, 0.0 ], [ 52.233695887676127, 29.48779073248955, 0.0 ], [ 52.233690438998423, 29.48783631654879, 0.0 ], [ 52.233679831096403, 29.48790514973529, 0.0 ], [ 52.233457440439757, 29.48840637799572, 0.0 ], [ 52.232714459282583, 29.48886364914226, 0.0 ], [ 52.232190432280703, 29.489206800058589, 0.0 ], [ 52.231967112449411, 29.489464047487349, 0.0 ], [ 52.231656704012813, 29.489456852838259, 0.0 ], [ 52.231616335603981, 29.489463432582021, 0.0 ], [ 52.231492370791308, 29.489435901347051, 0.0 ], [ 52.231226407371508, 29.48939117575479, 0.0 ], [ 52.231180344597611, 29.48939010950718, 0.0 ], [ 52.230831972077887, 29.4893916938424, 0.0 ], [ 52.230778463579433, 29.489389384229899, 0.0 ], [ 52.230425851555438, 29.489403759766621, 0.0 ], [ 52.230353754744648, 29.489411759744751, 0.0 ], [ 52.230232575473153, 29.489761130911489, 0.0 ], [ 52.230358460436129, 29.490010455640139, 0.0 ], [ 52.230292124108132, 29.490017271573599, 0.0 ], [ 52.23000660274559, 29.490146196279319, 0.0 ], [ 52.229973149197853, 29.490225284422749, 0.0 ], [ 52.22983941117544, 29.490398124828939, 0.0 ], [ 52.229820609365113, 29.490436805046201, 0.0 ], [ 52.229691408784113, 29.490612076896781, 0.0 ], [ 52.229684296024011, 29.490672652803479, 0.0 ], [ 52.229663882649852, 29.49079295308028, 0.0 ], [ 52.22928844335847, 29.490973773826241, 0.0 ], [ 52.229142649305757, 29.491040590134808, 0.0 ], [ 52.228848044028688, 29.490993352286779, 0.0 ], [ 52.228580903528183, 29.491025710987739, 0.0 ], [ 52.228186154819369, 29.491058250332699, 0.0 ], [ 52.227594490527643, 29.49105421696186, 0.0 ], [ 52.226993852780389, 29.49128387400626, 0.0 ], [ 52.226687188338751, 29.491305446789649, 0.0 ], [ 52.22621578808134, 29.490785192217899, 0.0 ], [ 52.226028178288239, 29.49040132424614, 0.0 ], [ 52.225917995893283, 29.49004155360964, 0.0 ], [ 52.225689912686512, 29.489754845712572, 0.0 ], [ 52.225415719059839, 29.48938544716933, 0.0 ], [ 52.225252724413927, 29.489045949829041, 0.0 ], [ 52.225272016744078, 29.48899682014822, 0.0 ], [ 52.225029374622338, 29.48865524958881, 0.0 ], [ 52.225035967411671, 29.488584153681678, 0.0 ], [ 52.224722751856604, 29.488147839908379, 0.0 ], [ 52.224646540074417, 29.48790552602885, 0.0 ], [ 52.224258448504223, 29.487722908480809, 0.0 ], [ 52.223711392843903, 29.487651746904529, 0.0 ], [ 52.223701022606988, 29.488126615752378, 0.0 ], [ 52.2234822202022, 29.48818837340955, 0.0 ], [ 52.223250911155013, 29.48811869032998, 0.0 ], [ 52.222985148549633, 29.48797144981522, 0.0 ], [ 52.222779051129173, 29.487677335808719, 0.0 ], [ 52.22220724207137, 29.487426690367261, 0.0 ], [ 52.222156155289653, 29.4870471903116, 0.0 ], [ 52.222019130359733, 29.486715831725029, 0.0 ], [ 52.221964079521982, 29.486200841820729, 0.0 ], [ 52.222690500110197, 29.486094493278259, 0.0 ], [ 52.223187193230054, 29.485828731116818, 0.0 ], [ 52.222541523882207, 29.485675953510249, 0.0 ], [ 52.221556087216527, 29.485461828446709, 0.0 ], [ 52.221050177404791, 29.485445948374998, 0.0 ], [ 52.220623816848381, 29.485434122938351, 0.0 ], [ 52.220057307464799, 29.485270845229969, 0.0 ], [ 52.219462138883188, 29.485391567415949, 0.0 ], [ 52.219197288675012, 29.48570956680754, 0.0 ], [ 52.218832103450303, 29.486017706467528, 0.0 ], [ 52.218036576455297, 29.486427046041509, 0.0 ], [ 52.217718448552738, 29.48672972442894, 0.0 ], [ 52.217281399752409, 29.487091813213329, 0.0 ], [ 52.217167675762148, 29.487307039986131, 0.0 ], [ 52.21712529522879, 29.48734981197617, 0.0 ], [ 52.217079763175867, 29.48737020015227, 0.0 ], [ 52.216815214797819, 29.487758002012669, 0.0 ], [ 52.216532822539783, 29.487932933713161, 0.0 ], [ 52.216382003657408, 29.48796838490648, 0.0 ], [ 52.216329538076423, 29.487975936965949, 0.0 ], [ 52.215858398514378, 29.488065153408929, 0.0 ], [ 52.21518192344687, 29.488106650464271, 0.0 ], [ 52.215138590175201, 29.488061389903251, 0.0 ], [ 52.214732757322693, 29.487737800306579, 0.0 ], [ 52.214485091934023, 29.48750216695532, 0.0 ], [ 52.213791124564089, 29.48788615363349, 0.0 ], [ 52.213468830916412, 29.488385388632231, 0.0 ], [ 52.21297933713943, 29.488694449849358, 0.0 ], [ 52.212939912290601, 29.488696769422621, 0.0 ], [ 52.212900388483433, 29.488699094398669, 0.0 ], [ 52.212075402659913, 29.48881659836379, 0.0 ], [ 52.211865578488187, 29.488933912378759, 0.0 ], [ 52.212061834476131, 29.490109499488359, 0.0 ], [ 52.212112187361413, 29.49084794328105, 0.0 ], [ 52.211944665590373, 29.491648050648308, 0.0 ], [ 52.211936859777147, 29.492320828639549, 0.0 ], [ 52.211938580935929, 29.49304697132359, 0.0 ], [ 52.211827717982921, 29.493918468257569, 0.0 ], [ 52.211487973699633, 29.494251424164538, 0.0 ], [ 52.211353397979117, 29.494541345725331, 0.0 ], [ 52.211402976482368, 29.495031542833889, 0.0 ], [ 52.211262183933748, 29.49518860449848, 0.0 ], [ 52.210508986487433, 29.495371924859011, 0.0 ], [ 52.210174373298678, 29.495496388582691, 0.0 ], [ 52.209409046567721, 29.495472277823151, 0.0 ], [ 52.208434499086692, 29.49584871127011, 0.0 ] ] ] ] } },
{ "type": "Feature", "properties": { "Name": " پارک ملی بمو", "description": "<html xmlns:fo=\"http://www.w3.org/1999/XSL/Format\" xmlns:msxsl=\"urn:schemas-microsoft-com:xslt\">\n\n<head>\n\n<META http-equiv=\"Content-Type\" content=\"text/html\">\n\n<meta http-equiv=\"content-type\" content=\"text/html; charset=UTF-8\">\n\n</head>\n\n<body style=\"margin:0px 0px 0px 0px;overflow:auto;background:#FFFFFF;\">\n\n<table style=\"font-family:Arial,Verdana,Times;font-size:12px;text-align:left;width:100%;border-collapse:collapse;padding:3px 3px 3px 3px\">\n\n<tr style=\"text-align:center;font-weight:bold;background:#9CBCE2\">\n\n<td> پارک ملی بمو</td>\n\n</tr>\n\n<tr>\n\n<td>\n\n<table style=\"font-family:Arial,Verdana,Times;font-size:12px;text-align:left;width:100%;border-spacing:0px; padding:3px 3px 3px 3px\">\n\n<tr>\n\n<td>FID</td>\n\n<td>9</td>\n\n</tr>\n\n<tr bgcolor=\"#D4E4F3\">\n\n<td>OBJECTID_1</td>\n\n<td>10</td>\n\n</tr>\n\n<tr>\n\n<td>cod</td>\n\n<td>1</td>\n\n</tr>\n\n<tr bgcolor=\"#D4E4F3\">\n\n<td>tafkik_id</td>\n\n<td>1</td>\n\n</tr>\n\n<tr>\n\n<td>tafkik_nam</td>\n\n<td>پارک ملي</td>\n\n</tr>\n\n<tr bgcolor=\"#D4E4F3\">\n\n<td>shahrestan</td>\n\n<td>شیراز- سپیدان - زرقان</td>\n\n</tr>\n\n<tr>\n\n<td>NAME1</td>\n\n<td>پارک ملی بمو</td>\n\n</tr>\n\n<tr bgcolor=\"#D4E4F3\">\n\n<td>sal_mosava</td>\n\n<td>1349</td>\n\n</tr>\n\n<tr>\n\n<td>AREA_ha</td>\n\n<td>47751</td>\n\n</tr>\n\n<tr bgcolor=\"#D4E4F3\">\n\n<td>F_AREA</td>\n\n<td>477508356.651</td>\n\n</tr>\n\n<tr>\n\n<td>Shape_Leng</td>\n\n<td>212015.312644</td>\n\n</tr>\n\n</table>\n\n</td>\n\n</tr>\n\n</table>\n\n</body>\n\n</html>\n\n", "timestamp": null, "begin": null, "end": null, "altitudeMode": "clampToGround", "tessellate": -1, "extrude": 0, "visibility": -1, "drawOrder": null, "icon": null, "snippet": "" }, "geometry": { "type": "MultiPolygon", "coordinates": [ [ [ [ 52.529650337312511, 29.874653739205389, 0.0 ], [ 52.528816243815797, 29.874869335562181, 0.0 ], [ 52.52726072366827, 29.875117873957979, 0.0 ], [ 52.525839572766706, 29.87513621529915, 0.0 ], [ 52.524897586355898, 29.8752396523961, 0.0 ], [ 52.5224938322471, 29.875944074240088, 0.0 ], [ 52.520268021257181, 29.87641120682844, 0.0 ], [ 52.518497277848731, 29.87691744564485, 0.0 ], [ 52.517541485672119, 29.8771001887079, 0.0 ], [ 52.513621279899297, 29.877676554863051, 0.0 ], [ 52.512348370534667, 29.87746010133818, 0.0 ], [ 52.511356983661692, 29.8772346885875, 0.0 ], [ 52.5105184212495, 29.877000756889899, 0.0 ], [ 52.509674789846798, 29.87669435115696, 0.0 ], [ 52.508703007665837, 29.876345442406709, 0.0 ], [ 52.50803162615157, 29.87586721902381, 0.0 ], [ 52.507240230056979, 29.875061351021561, 0.0 ], [ 52.506642895801917, 29.873425751805669, 0.0 ], [ 52.507241902030557, 29.871507984147701, 0.0 ], [ 52.507977062403, 29.870190114056701, 0.0 ], [ 52.508980125881862, 29.868677940258699, 0.0 ], [ 52.509795459821071, 29.86713682835234, 0.0 ], [ 52.510522199756203, 29.865885862444781, 0.0 ], [ 52.511037839283013, 29.86501413492682, 0.0 ], [ 52.511390833275932, 29.864703134575691, 0.0 ], [ 52.511496929627079, 29.864178957342219, 0.0 ], [ 52.511492245420627, 29.863859775493939, 0.0 ], [ 52.51128788875593, 29.863450647636451, 0.0 ], [ 52.511065912140317, 29.863103483156369, 0.0 ], [ 52.510820989369037, 29.86291724088775, 0.0 ], [ 52.51048807248835, 29.86277348847641, 0.0 ], [ 52.509094706996898, 29.862834422194869, 0.0 ], [ 52.506619030306922, 29.862959250661142, 0.0 ], [ 52.504990435209457, 29.862961054905298, 0.0 ], [ 52.503403162015523, 29.862365621235789, 0.0 ], [ 52.501790887259169, 29.861634097063149, 0.0 ], [ 52.500640429402416, 29.86107031972799, 0.0 ], [ 52.499681031650972, 29.8604792668622, 0.0 ], [ 52.49849951574177, 29.85948630350379, 0.0 ], [ 52.497663511981962, 29.858631454777068, 0.0 ], [ 52.497032763880931, 29.857845225111578, 0.0 ], [ 52.496637666242783, 29.857385534445601, 0.0 ], [ 52.495586829147889, 29.85621913422646, 0.0 ], [ 52.495296688111402, 29.85586172496172, 0.0 ], [ 52.494416070157207, 29.8545435461224, 0.0 ], [ 52.493342023014741, 29.852961481036111, 0.0 ], [ 52.492623397076507, 29.85176029411258, 0.0 ], [ 52.492324463441861, 29.851196253186291, 0.0 ], [ 52.491901667864497, 29.850515451622819, 0.0 ], [ 52.490984559035788, 29.849148746696219, 0.0 ], [ 52.490311822925207, 29.8483161445041, 0.0 ], [ 52.489912009405032, 29.847652187095061, 0.0 ], [ 52.489566988760032, 29.847128452546389, 0.0 ], [ 52.489151352440061, 29.84670089484284, 0.0 ], [ 52.488753792250058, 29.846250828177091, 0.0 ], [ 52.488535270563588, 29.845950006217141, 0.0 ], [ 52.487799376563608, 29.8448197120549, 0.0 ], [ 52.486983046585998, 29.84365514183504, 0.0 ], [ 52.486225646583321, 29.842812276570481, 0.0 ], [ 52.485829415564787, 29.8420316912039, 0.0 ], [ 52.485394953584127, 29.841234956905829, 0.0 ], [ 52.484758280957038, 29.839726137204352, 0.0 ], [ 52.484592460631347, 29.83923922889127, 0.0 ], [ 52.484678496925532, 29.838771038320541, 0.0 ], [ 52.484751866765947, 29.837775453278841, 0.0 ], [ 52.484764052619298, 29.83707786990729, 0.0 ], [ 52.484900925550633, 29.83661355511309, 0.0 ], [ 52.48512943229494, 29.836070666227808, 0.0 ], [ 52.485646379389053, 29.835222635588529, 0.0 ], [ 52.485881708380568, 29.834877105592049, 0.0 ], [ 52.486042439113817, 29.83464978962969, 0.0 ], [ 52.48624880976584, 29.834414068988458, 0.0 ], [ 52.48627361231285, 29.834179833912021, 0.0 ], [ 52.486192799115727, 29.833989118387439, 0.0 ], [ 52.485932374767977, 29.83381771965831, 0.0 ], [ 52.485647201541397, 29.833284378448841, 0.0 ], [ 52.485208511000593, 29.831407547150452, 0.0 ], [ 52.485223769531864, 29.83028221248426, 0.0 ], [ 52.485876936942873, 29.829032651580089, 0.0 ], [ 52.486346143347987, 29.82826228296728, 0.0 ], [ 52.486732234147979, 29.827622805537452, 0.0 ], [ 52.486344180912077, 29.82724570021022, 0.0 ], [ 52.486019995704481, 29.827005213404661, 0.0 ], [ 52.485815861712709, 29.826700977412798, 0.0 ], [ 52.485281847421682, 29.826355811725971, 0.0 ], [ 52.484842299739228, 29.82621574457886, 0.0 ], [ 52.484060973796048, 29.82507393451678, 0.0 ], [ 52.483541038395103, 29.824790741317241, 0.0 ], [ 52.483218427828078, 29.824080396479779, 0.0 ], [ 52.482379021607819, 29.823108571616899, 0.0 ], [ 52.481745313558889, 29.822007949375561, 0.0 ], [ 52.481115259084163, 29.821154896997641, 0.0 ], [ 52.480293079547067, 29.819892601106439, 0.0 ], [ 52.479906215357452, 29.818893477711189, 0.0 ], [ 52.479685249360223, 29.817151208556101, 0.0 ], [ 52.479662034834739, 29.814827795886821, 0.0 ], [ 52.479757873672959, 29.812891620948591, 0.0 ], [ 52.480010320083728, 29.809645004345001, 0.0 ], [ 52.480293662059474, 29.807715557822, 0.0 ], [ 52.481047310949563, 29.804078788777169, 0.0 ], [ 52.481655585895084, 29.8032696063622, 0.0 ], [ 52.483835779948251, 29.802468617034371, 0.0 ], [ 52.490231887952, 29.799083027397259, 0.0 ], [ 52.502145766180988, 29.79277610815981, 0.0 ], [ 52.508630752256558, 29.789487839240891, 0.0 ], [ 52.524938582178869, 29.78165626503786, 0.0 ], [ 52.546915054021838, 29.770956039526361, 0.0 ], [ 52.558618545405011, 29.764371872173822, 0.0 ], [ 52.565744399915332, 29.76061439544009, 0.0 ], [ 52.574102402070913, 29.75647545012453, 0.0 ], [ 52.579183577469877, 29.75366401737902, 0.0 ], [ 52.581783957857283, 29.75255052104032, 0.0 ], [ 52.585811779279588, 29.748181899189749, 0.0 ], [ 52.588830946847068, 29.744981766438151, 0.0 ], [ 52.591844558596442, 29.74205970865226, 0.0 ], [ 52.594427108467769, 29.73991584851283, 0.0 ], [ 52.597864150549768, 29.73901939499839, 0.0 ], [ 52.598989486469442, 29.738862991797681, 0.0 ], [ 52.599464354980881, 29.738543238876112, 0.0 ], [ 52.599642941281878, 29.738382839777049, 0.0 ], [ 52.599841869311753, 29.73764766312738, 0.0 ], [ 52.599972136711692, 29.736811524208381, 0.0 ], [ 52.599776076050993, 29.735799786758559, 0.0 ], [ 52.599482212829543, 29.734557267716259, 0.0 ], [ 52.599326429592082, 29.733567535185411, 0.0 ], [ 52.599191665692082, 29.73282051174597, 0.0 ], [ 52.599223030233681, 29.732408021634448, 0.0 ], [ 52.599420294160851, 29.73183279485497, 0.0 ], [ 52.599702833793238, 29.731416702026671, 0.0 ], [ 52.600206374474091, 29.73117637616977, 0.0 ], [ 52.600805281796767, 29.7307033538791, 0.0 ], [ 52.603110506696702, 29.72945026944992, 0.0 ], [ 52.604134795945058, 29.72891077481037, 0.0 ], [ 52.604837417556361, 29.72778129632017, 0.0 ], [ 52.605398177482442, 29.727003098223989, 0.0 ], [ 52.607019422806481, 29.725332260369751, 0.0 ], [ 52.60774040133068, 29.72459602499239, 0.0 ], [ 52.60749244599662, 29.72435569897549, 0.0 ], [ 52.607549665829687, 29.72403907849171, 0.0 ], [ 52.607282638348288, 29.7237758644882, 0.0 ], [ 52.608518599790862, 29.72292518717223, 0.0 ], [ 52.610017775496331, 29.722112656817568, 0.0 ], [ 52.61169624277268, 29.720487595437529, 0.0 ], [ 52.611848831343941, 29.720354080437161, 0.0 ], [ 52.612070083137027, 29.719690322844951, 0.0 ], [ 52.612154006284598, 29.719076157733429, 0.0 ], [ 52.612977981289021, 29.718477250154478, 0.0 ], [ 52.613481521585072, 29.717679977806259, 0.0 ], [ 52.613725660950607, 29.7172641758245, 0.0 ], [ 52.613882064294472, 29.71701622094384, 0.0 ], [ 52.61441993673558, 29.71666145391514, 0.0 ], [ 52.615209578523768, 29.716733933045688, 0.0 ], [ 52.615922927561819, 29.71628379877297, 0.0 ], [ 52.613821029553669, 29.713766098689259, 0.0 ], [ 52.613378524526169, 29.71303367668575, 0.0 ], [ 52.613191604631623, 29.71275138987842, 0.0 ], [ 52.612962721682528, 29.712594986497201, 0.0 ], [ 52.612661360634533, 29.712472917203051, 0.0 ], [ 52.61237525852583, 29.7122364045258, 0.0 ], [ 52.61203193633154, 29.71195793268279, 0.0 ], [ 52.611780165999278, 29.711591721939939, 0.0 ], [ 52.61151313777254, 29.711233139596011, 0.0 ], [ 52.611242294028997, 29.71076393200093, 0.0 ], [ 52.611116409018948, 29.710264206559909, 0.0 ], [ 52.611104964809911, 29.70985603343285, 0.0 ], [ 52.611234664439223, 29.709432602484231, 0.0 ], [ 52.611337662102358, 29.708787918666221, 0.0 ], [ 52.611013412145191, 29.708482742056511, 0.0 ], [ 52.610872268558758, 29.708265306159969, 0.0 ], [ 52.610685349293341, 29.70808219984206, 0.0 ], [ 52.610368728654628, 29.70773506293423, 0.0 ], [ 52.610082626252897, 29.707494736884371, 0.0 ], [ 52.609895705873519, 29.70757103060696, 0.0 ], [ 52.609395980639754, 29.707685471668391, 0.0 ], [ 52.608427047284309, 29.707998276617761, 0.0 ], [ 52.608217238820792, 29.70806694085049, 0.0 ], [ 52.607770919366217, 29.70823097279164, 0.0 ], [ 52.607194900187423, 29.708669661881391, 0.0 ], [ 52.606756209545033, 29.708951950565591, 0.0 ], [ 52.6063480368001, 29.709524155360629, 0.0 ], [ 52.605787276017807, 29.710123062334311, 0.0 ], [ 52.605043410982162, 29.7103252418935, 0.0 ], [ 52.60373497008402, 29.71061134351066, 0.0 ], [ 52.602899550712699, 29.710802078858311, 0.0 ], [ 52.602073598456357, 29.71083367500675, 0.0 ], [ 52.600794813794799, 29.71129907885636, 0.0 ], [ 52.599595052747389, 29.712022885100431, 0.0 ], [ 52.598352431935609, 29.712854385834099, 0.0 ], [ 52.594803480064002, 29.714471336321331, 0.0 ], [ 52.592724691195947, 29.715468663803978, 0.0 ], [ 52.588350491736463, 29.71694401261194, 0.0 ], [ 52.586627227407782, 29.71733851140597, 0.0 ], [ 52.585656068443377, 29.717438866080819, 0.0 ], [ 52.584041675880158, 29.717932563392569, 0.0 ], [ 52.582534368884851, 29.718376382805989, 0.0 ], [ 52.580003803379348, 29.719459539632489, 0.0 ], [ 52.578604467842332, 29.71998161402712, 0.0 ], [ 52.577674227282088, 29.72050224250809, 0.0 ], [ 52.576547712935863, 29.720895298483299, 0.0 ], [ 52.575996629934266, 29.720860164560161, 0.0 ], [ 52.575066424273899, 29.72062835061314, 0.0 ], [ 52.574320467177827, 29.72012389938282, 0.0 ], [ 52.573742635632328, 29.719492403495341, 0.0 ], [ 52.57342850984648, 29.718846931879071, 0.0 ], [ 52.573272332727377, 29.7176661752728, 0.0 ], [ 52.573185825270173, 29.716783123784008, 0.0 ], [ 52.573250221653069, 29.71599162618789, 0.0 ], [ 52.573322629120852, 29.71565501298311, 0.0 ], [ 52.573648500948543, 29.714893467639438, 0.0 ], [ 52.573991941227391, 29.714450876988401, 0.0 ], [ 52.574233414856323, 29.71414927821748, 0.0 ], [ 52.57449968471537, 29.71393004798086, 0.0 ], [ 52.574684541067349, 29.713875575781849, 0.0 ], [ 52.574898539359907, 29.71382479004804, 0.0 ], [ 52.575192322457973, 29.713746242079189, 0.0 ], [ 52.575601576935547, 29.713670731605689, 0.0 ], [ 52.578012465464397, 29.714010239864439, 0.0 ], [ 52.581491469121623, 29.714323044249561, 0.0 ], [ 52.582884332200983, 29.71468868048882, 0.0 ], [ 52.58436775195829, 29.713701248847869, 0.0 ], [ 52.585496902167932, 29.712976457156671, 0.0 ], [ 52.586217880244376, 29.712530137077209, 0.0 ], [ 52.58719825642941, 29.7121486665616, 0.0 ], [ 52.588453292439887, 29.711439133390861, 0.0 ], [ 52.589086532588823, 29.711301804558161, 0.0 ], [ 52.589506148244723, 29.71100807278965, 0.0 ], [ 52.590848922606909, 29.71055412344279, 0.0 ], [ 52.595220565541688, 29.708398820052601, 0.0 ], [ 52.596158980341407, 29.706659318031821, 0.0 ], [ 52.596078873000089, 29.7060985577304, 0.0 ], [ 52.595361709426179, 29.705282211350688, 0.0 ], [ 52.595975875882147, 29.703409195061461, 0.0 ], [ 52.597005844004848, 29.701738358604921, 0.0 ], [ 52.596986770384333, 29.700971603938999, 0.0 ], [ 52.596590041763363, 29.700654984273601, 0.0 ], [ 52.596162795147613, 29.700315475639169, 0.0 ], [ 52.595880507142567, 29.700071335647191, 0.0 ], [ 52.595510482676659, 29.69938850424094, 0.0 ], [ 52.594961164942013, 29.69882774447132, 0.0 ], [ 52.59391975268138, 29.69870567292547, 0.0 ], [ 52.592172622665679, 29.69826316845484, 0.0 ], [ 52.592218398425537, 29.69767952117412, 0.0 ], [ 52.5925312040617, 29.697099686668079, 0.0 ], [ 52.59171104353117, 29.696752548709899, 0.0 ], [ 52.590932846038108, 29.696397782071109, 0.0 ], [ 52.589910506787383, 29.696870804485879, 0.0 ], [ 52.58893775877214, 29.696992875053571, 0.0 ], [ 52.588399885790658, 29.696828843141869, 0.0 ], [ 52.587961196524923, 29.696432114777121, 0.0 ], [ 52.587106704318153, 29.696115495221441, 0.0 ], [ 52.586168288481048, 29.6958980571954, 0.0 ], [ 52.585870743328378, 29.695875168891419, 0.0 ], [ 52.585390090396757, 29.695981979659599, 0.0 ], [ 52.585042952380533, 29.696008683056839, 0.0 ], [ 52.584817885685688, 29.696001053977579, 0.0 ], [ 52.584627151045758, 29.695966721758179, 0.0 ], [ 52.584241866197843, 29.696012498082599, 0.0 ], [ 52.583887099214337, 29.69609260724798, 0.0 ], [ 52.583734511384961, 29.69616127096587, 0.0 ], [ 52.583597182902658, 29.69619178849166, 0.0 ], [ 52.583421706996752, 29.696294785637551, 0.0 ], [ 52.583097457055842, 29.696420670990779, 0.0 ], [ 52.582513808506107, 29.69662666363276, 0.0 ], [ 52.58219337415423, 29.696878434364859, 0.0 ], [ 52.582101821072143, 29.696985245564651, 0.0 ], [ 52.582002638937858, 29.697130204345111, 0.0 ], [ 52.581747054382049, 29.697473527157591, 0.0 ], [ 52.581663131210817, 29.69779777610378, 0.0 ], [ 52.581586836888683, 29.698213576825641, 0.0 ], [ 52.581697462741019, 29.69848442146505, 0.0 ], [ 52.58127403250235, 29.698965073487461, 0.0 ], [ 52.581090926282741, 29.699209213107061, 0.0 ], [ 52.58085441546789, 29.69930076603875, 0.0 ], [ 52.580675123868907, 29.699346542735771, 0.0 ], [ 52.58030891264783, 29.699457169580239, 0.0 ], [ 52.57974815402391, 29.699403763530249, 0.0 ], [ 52.578927993535487, 29.699815750682419, 0.0 ], [ 52.578454970650419, 29.699972153237439, 0.0 ], [ 52.578046798530458, 29.70153236443636, 0.0 ], [ 52.577116012863918, 29.702169418966541, 0.0 ], [ 52.577192306618848, 29.702386857048541, 0.0 ], [ 52.576902389967827, 29.70268440334965, 0.0 ], [ 52.576765059492182, 29.7029323594085, 0.0 ], [ 52.576505660473742, 29.703283311126281, 0.0 ], [ 52.576410293571868, 29.70347404517068, 0.0 ], [ 52.576223372269837, 29.703687668331511, 0.0 ], [ 52.576005935367498, 29.703927994262191, 0.0 ], [ 52.57584190294326, 29.70422554057404, 0.0 ], [ 52.575559614776417, 29.704599380658191, 0.0 ], [ 52.575265882749022, 29.70490455662225, 0.0 ], [ 52.574975965788468, 29.7058734894601, 0.0 ], [ 52.574697493818697, 29.70620536844757, 0.0 ], [ 52.574071883335783, 29.706483841842871, 0.0 ], [ 52.573289871186667, 29.70771598843757, 0.0 ], [ 52.572698592674797, 29.70873832825146, 0.0 ], [ 52.57203865028243, 29.709386826699621, 0.0 ], [ 52.570867537465908, 29.710432053099229, 0.0 ], [ 52.570001601112423, 29.70997047425405, 0.0 ], [ 52.569635389860998, 29.70950126602602, 0.0 ], [ 52.569150923985688, 29.70894050677547, 0.0 ], [ 52.56863594021457, 29.707784653888599, 0.0 ], [ 52.568193434659293, 29.707193375790752, 0.0 ], [ 52.567541121667759, 29.706888199851459, 0.0 ], [ 52.56703376784597, 29.70670890871288, 0.0 ], [ 52.566465377689802, 29.706521988454021, 0.0 ], [ 52.565759658346103, 29.706399918600749, 0.0 ], [ 52.565267299971453, 29.706276578879571, 0.0 ], [ 52.565044463892491, 29.70559969897916, 0.0 ], [ 52.564956766578952, 29.7048943582036, 0.0 ], [ 52.564837547690637, 29.703695296067089, 0.0 ], [ 52.564798155022309, 29.703025161420769, 0.0 ], [ 52.564484644867093, 29.702584139379329, 0.0 ], [ 52.563775701568659, 29.701715279603849, 0.0 ], [ 52.563577318348308, 29.701459070488781, 0.0 ], [ 52.562911403440921, 29.700946724155351, 0.0 ], [ 52.561850829340472, 29.701173559699619, 0.0 ], [ 52.561522987042899, 29.70098558705779, 0.0 ], [ 52.56136433240313, 29.700911318302719, 0.0 ], [ 52.561149210808637, 29.700830614625708, 0.0 ], [ 52.561050222644297, 29.700785902596081, 0.0 ], [ 52.560883968701802, 29.700726385697681, 0.0 ], [ 52.560724515400523, 29.700684228674412, 0.0 ], [ 52.560533839315703, 29.700611823333119, 0.0 ], [ 52.560413720349707, 29.700721848722289, 0.0 ], [ 52.560289237076439, 29.700742792327649, 0.0 ], [ 52.560129738038917, 29.70067385936629, 0.0 ], [ 52.559703645626527, 29.7004875006627, 0.0 ], [ 52.559298287076153, 29.700305855611859, 0.0 ], [ 52.558722711705833, 29.700066843194161, 0.0 ], [ 52.557837549089072, 29.699596890598752, 0.0 ], [ 52.557604164888147, 29.699279736023751, 0.0 ], [ 52.557412885627613, 29.698802050142142, 0.0 ], [ 52.557319160256782, 29.698482916768139, 0.0 ], [ 52.557268214605124, 29.698154776678379, 0.0 ], [ 52.557285479223729, 29.69799283074849, 0.0 ], [ 52.557341507886427, 29.69790832092448, 0.0 ], [ 52.557452422588277, 29.697847531256311, 0.0 ], [ 52.558153475158498, 29.697828278011471, 0.0 ], [ 52.558163814448037, 29.697829615430479, 0.0 ], [ 52.558160781901186, 29.697752000090262, 0.0 ], [ 52.558183669850017, 29.697652818138341, 0.0 ], [ 52.558317183974637, 29.69759178260944, 0.0 ], [ 52.558465957916411, 29.697504045148442, 0.0 ], [ 52.558664321651861, 29.697408676676631, 0.0 ], [ 52.55881309495372, 29.6973819743313, 0.0 ], [ 52.55899620041609, 29.697324754166491, 0.0 ], [ 52.559164046996877, 29.697317124151599, 0.0 ], [ 52.559389113982789, 29.697309495108211, 0.0 ], [ 52.559545516628411, 29.697336197709301, 0.0 ], [ 52.559717177647677, 29.697431564663582, 0.0 ], [ 52.559907912482558, 29.69752311814657, 0.0 ], [ 52.559980391432497, 29.69758415256705, 0.0 ], [ 52.560060500767086, 29.697629929778181, 0.0 ], [ 52.56016349770713, 29.697702408874012, 0.0 ], [ 52.560289383207312, 29.697710038398611, 0.0 ], [ 52.560396193797018, 29.69769477935559, 0.0 ], [ 52.560483931976883, 29.697687150395009, 0.0 ], [ 52.560548781446293, 29.697652817722659, 0.0 ], [ 52.560590743615244, 29.697614670780599, 0.0 ], [ 52.560586928794201, 29.697546005953551, 0.0 ], [ 52.560503005412912, 29.697484971379581, 0.0 ], [ 52.560415267772953, 29.697378159527609, 0.0 ], [ 52.560338974347509, 29.697267533068459, 0.0 ], [ 52.560308456074907, 29.697137834272969, 0.0 ], [ 52.56024360700426, 29.69694709932093, 0.0 ], [ 52.56017875663278, 29.696798325438252, 0.0 ], [ 52.560041427970077, 29.696668626085959, 0.0 ], [ 52.559793471829281, 29.696481706196519, 0.0 ], [ 52.559530258137457, 29.696325302762769, 0.0 ], [ 52.559270859010397, 29.696207047746579, 0.0 ], [ 52.559160232929372, 29.69615745600758, 0.0 ], [ 52.55899620082922, 29.696062088675049, 0.0 ], [ 52.558996200801829, 29.695932388473029, 0.0 ], [ 52.559217452210603, 29.695951462284739, 0.0 ], [ 52.559343337563583, 29.695962906922681, 0.0 ], [ 52.559606551367011, 29.696008683157601, 0.0 ], [ 52.559850693057427, 29.69603920039976, 0.0 ], [ 52.560052871809823, 29.696081161294909, 0.0 ], [ 52.560247421107043, 29.69609642065058, 0.0 ], [ 52.56043052657062, 29.6961154951656, 0.0 ], [ 52.560655594238142, 29.696134567608869, 0.0 ], [ 52.560708999583653, 29.69608879192889, 0.0 ], [ 52.560892105114831, 29.696001053284501, 0.0 ], [ 52.56146430950065, 29.69568824912805, 0.0 ], [ 52.561906814095018, 29.69540596053811, 0.0 ], [ 52.562692640722233, 29.694963455390319, 0.0 ], [ 52.562601088650787, 29.694154739823869, 0.0 ], [ 52.562597274165071, 29.693861008484198, 0.0 ], [ 52.562486647948951, 29.692911148620031, 0.0 ], [ 52.562589644460758, 29.69185447783455, 0.0 ], [ 52.562498091733829, 29.691099168038448, 0.0 ], [ 52.562391279727763, 29.690374374443181, 0.0 ], [ 52.562391280550287, 29.69026756367348, 0.0 ], [ 52.562585830126707, 29.690217972929119, 0.0 ], [ 52.562520979876282, 29.68932151835341, 0.0 ], [ 52.562646865001682, 29.688913345280959, 0.0 ], [ 52.562864303609189, 29.68848991443738, 0.0 ], [ 52.562875747088839, 29.68773078961663, 0.0 ], [ 52.563039778988227, 29.686849595177289, 0.0 ], [ 52.563455580910471, 29.686208725663629, 0.0 ], [ 52.563928602960992, 29.686109543767909, 0.0 ], [ 52.564596175997288, 29.686147690938778, 0.0 ], [ 52.56515312153941, 29.686082840569579, 0.0 ], [ 52.565740585006232, 29.686075212112758, 0.0 ], [ 52.56639289883779, 29.686365129313842, 0.0 ], [ 52.567010879810681, 29.686273575761401, 0.0 ], [ 52.567502974324768, 29.68618202296441, 0.0 ], [ 52.56902503876583, 29.688970566245239, 0.0 ], [ 52.569116590750468, 29.68914985746763, 0.0 ], [ 52.569360732682533, 29.688901901223339, 0.0 ], [ 52.570329665329567, 29.68786430426281, 0.0 ], [ 52.571214675266553, 29.687055588460851, 0.0 ], [ 52.572038650559371, 29.68664741634311, 0.0 ], [ 52.572755814245369, 29.686323167187979, 0.0 ], [ 52.573450088531423, 29.68576622092851, 0.0 ], [ 52.573865890396988, 29.6856327064841, 0.0 ], [ 52.574487685424039, 29.685602188631851, 0.0 ], [ 52.575025557472472, 29.685403824647292, 0.0 ], [ 52.575323104058512, 29.68528175465795, 0.0 ], [ 52.575654982913143, 29.685216904685941, 0.0 ], [ 52.576021192935023, 29.685262680617011, 0.0 ], [ 52.576391219595209, 29.685358048117141, 0.0 ], [ 52.57664298905388, 29.685342789934801, 0.0 ], [ 52.577520369465446, 29.685007096094679, 0.0 ], [ 52.5778980255661, 29.684164047853919, 0.0 ], [ 52.578496933059022, 29.683362961750539, 0.0 ], [ 52.578972333338939, 29.68312359114967, 0.0 ], [ 52.579375548613207, 29.68300506124751, 0.0 ], [ 52.579727505385968, 29.68296550051322, 0.0 ], [ 52.580026625517718, 29.68306541483377, 0.0 ], [ 52.580302700298127, 29.683036149060239, 0.0 ], [ 52.580512868561442, 29.68291584003012, 0.0 ], [ 52.580743788935933, 29.68270683322984, 0.0 ], [ 52.580602644904758, 29.681966781906748, 0.0 ], [ 52.580892561746538, 29.681486130638529, 0.0 ], [ 52.581346511053212, 29.680974961239329, 0.0 ], [ 52.581060409179187, 29.680471420957499, 0.0 ], [ 52.580446242581253, 29.67937278777238, 0.0 ], [ 52.580797194139564, 29.678915024318059, 0.0 ], [ 52.581106185398383, 29.678689957891951, 0.0 ], [ 52.581750868946237, 29.678388596811821, 0.0 ], [ 52.582036970970869, 29.67838096676266, 0.0 ], [ 52.582212447798398, 29.67838859648748, 0.0 ], [ 52.582483291601278, 29.678319931939988, 0.0 ], [ 52.58302879224312, 29.678327560696349, 0.0 ], [ 52.58336067174988, 29.67785453830647, 0.0 ], [ 52.583799361328524, 29.677362442591221, 0.0 ], [ 52.583986281701002, 29.677099228441811, 0.0 ], [ 52.584310531696318, 29.677003860690721, 0.0 ], [ 52.584501265323482, 29.676843643412042, 0.0 ], [ 52.584718704029562, 29.676717758549, 0.0 ], [ 52.584939956316752, 29.676626205513539, 0.0 ], [ 52.585172652567572, 29.67655372665871, 0.0 ], [ 52.585405349586473, 29.676420212127251, 0.0 ], [ 52.585542678683488, 29.676332473999821, 0.0 ], [ 52.585672378870292, 29.67623710582119, 0.0 ], [ 52.585790633664907, 29.676172255893821, 0.0 ], [ 52.586015700737278, 29.676080704173, 0.0 ], [ 52.58627510032462, 29.675996779861361, 0.0 ], [ 52.586469648654493, 29.67587852565515, 0.0 ], [ 52.586645125169468, 29.67576027037984, 0.0 ], [ 52.586622236705537, 29.67563057048509, 0.0 ], [ 52.586622236849472, 29.675455093898719, 0.0 ], [ 52.586614607708128, 29.675367356282461, 0.0 ], [ 52.586622237022389, 29.675279618210059, 0.0 ], [ 52.586687087111123, 29.67521476819698, 0.0 ], [ 52.586809156967163, 29.67515373276883, 0.0 ], [ 52.586874006597768, 29.675149918830989, 0.0 ], [ 52.587060926639182, 29.675168991994909, 0.0 ], [ 52.587217329832093, 29.675241471108869, 0.0 ], [ 52.587404250099219, 29.67526054468151, 0.0 ], [ 52.587564467582183, 29.675359727175881, 0.0 ], [ 52.587762831779123, 29.6753978736607, 0.0 ], [ 52.587865828187063, 29.675397873696301, 0.0 ], [ 52.587968825256347, 29.675340653448071, 0.0 ], [ 52.58822059563775, 29.6752567302199, 0.0 ], [ 52.588415145519548, 29.67515373337773, 0.0 ], [ 52.588594436429858, 29.67511940135423, 0.0 ], [ 52.588754653166362, 29.675104142022771, 0.0 ], [ 52.588941573035072, 29.67510032770122, 0.0 ], [ 52.589056014085877, 29.675123216054232, 0.0 ], [ 52.589189528829017, 29.675054550983479, 0.0 ], [ 52.589403151178331, 29.67493248065232, 0.0 ], [ 52.589494704899508, 29.67480278083837, 0.0 ], [ 52.589509963581627, 29.674673081339119, 0.0 ], [ 52.589483260264707, 29.67450523496618, 0.0 ], [ 52.589456557990609, 29.674283981621301, 0.0 ], [ 52.58950233447392, 29.67411613556034, 0.0 ], [ 52.589597701944193, 29.673974991730908, 0.0 ], [ 52.589738846021277, 29.673929215080641, 0.0 ], [ 52.589914322008298, 29.673913957184421, 0.0 ], [ 52.590074538639747, 29.67393684489673, 0.0 ], [ 52.590307235966087, 29.67403602676816, 0.0 ], [ 52.590524672266753, 29.67413139411115, 0.0 ], [ 52.59076499894951, 29.674287796670029, 0.0 ], [ 52.590932845827673, 29.67445182843705, 0.0 ], [ 52.591100692987823, 29.674608231698869, 0.0 ], [ 52.59131050084131, 29.67473793080212, 0.0 ], [ 52.591463089273269, 29.674783707500492, 0.0 ], [ 52.591585159325007, 29.674737930604731, 0.0 ], [ 52.591680526464017, 29.674669266550509, 0.0 ], [ 52.591833114908319, 29.674528123133669, 0.0 ], [ 52.592050552093667, 29.674367905660318, 0.0 ], [ 52.592214584102827, 29.674249649887269, 0.0 ], [ 52.592412948128391, 29.674070358477131, 0.0 ], [ 52.592660903420708, 29.67387962380656, 0.0 ], [ 52.592916488234117, 29.673723221626268, 0.0 ], [ 52.593179701871207, 29.67351341237001, 0.0 ], [ 52.593408583670097, 29.673273087350399, 0.0 ], [ 52.593561170912707, 29.67310142535942, 0.0 ], [ 52.593801497285568, 29.67291069016246, 0.0 ], [ 52.593927382265292, 29.672822952224031, 0.0 ], [ 52.594118117373732, 29.672521591383308, 0.0 ], [ 52.594278335196897, 29.67230796885341, 0.0 ], [ 52.594423293077533, 29.672060013077271, 0.0 ], [ 52.594560622682557, 29.671838760365951, 0.0 ], [ 52.594800948350453, 29.671590805128972, 0.0 ], [ 52.59492301886641, 29.671442031922211, 0.0 ], [ 52.595193862023407, 29.671297073758481, 0.0 ], [ 52.595537185483863, 29.671186447458378, 0.0 ], [ 52.595903396823651, 29.671205521102451, 0.0 ], [ 52.596204757339358, 29.671274185416291, 0.0 ], [ 52.596426009780522, 29.671278000370869, 0.0 ], [ 52.596506118483518, 29.671148300300931, 0.0 ], [ 52.596616744587408, 29.67101860061026, 0.0 ], [ 52.596609115595101, 29.67086219851112, 0.0 ], [ 52.596647262878378, 29.670602798314601, 0.0 ], [ 52.596780776943007, 29.670412064567621, 0.0 ], [ 52.596956252897073, 29.670354842955899, 0.0 ], [ 52.597127914105037, 29.67032051128621, 0.0 ], [ 52.59721183733717, 29.670270921166772, 0.0 ], [ 52.597410202308197, 29.670133592468801, 0.0 ], [ 52.597620009496929, 29.670015336045719, 0.0 ], [ 52.597856521623832, 29.6698741919047, 0.0 ], [ 52.598001480034313, 29.669778824771221, 0.0 ], [ 52.598196030024319, 29.669942857339461, 0.0 ], [ 52.598367691383963, 29.67013359212044, 0.0 ], [ 52.598585127736158, 29.670270919781821, 0.0 ], [ 52.598676680674423, 29.670297623088761, 0.0 ], [ 52.599061964918732, 29.67012977669437, 0.0 ], [ 52.599454878970043, 29.66997718927594, 0.0 ], [ 52.599740981115943, 29.669855119339449, 0.0 ], [ 52.599985122140033, 29.66979789760655, 0.0 ], [ 52.600206374232293, 29.669717790059451, 0.0 ], [ 52.600515365257749, 29.669576645726131, 0.0 ], [ 52.600801466890033, 29.669477463747711, 0.0 ], [ 52.601099013562461, 29.66928291416648, 0.0 ], [ 52.601362226983142, 29.669099808890309, 0.0 ], [ 52.601613997949201, 29.669008255984409, 0.0 ], [ 52.601869582386243, 29.668794633270139, 0.0 ], [ 52.602094649405643, 29.66857719497683, 0.0 ], [ 52.602361678775587, 29.668428422043121, 0.0 ], [ 52.602632522369767, 29.668233871718769, 0.0 ], [ 52.602811812940971, 29.66803932295263, 0.0 ], [ 52.603033066166283, 29.667810440863171, 0.0 ], [ 52.603200911564286, 29.66758918859027, 0.0 ], [ 52.603384017424908, 29.667387009789309, 0.0 ], [ 52.603567123204293, 29.667215347380729, 0.0 ], [ 52.603662490563757, 29.667146684028229, 0.0 ], [ 52.603776931625518, 29.667104721458301, 0.0 ], [ 52.604043960903958, 29.667097092341571, 0.0 ], [ 52.604207993097837, 29.667081833451761, 0.0 ], [ 52.604291916048197, 29.667024612531339, 0.0 ], [ 52.604433059472782, 29.66689491340367, 0.0 ], [ 52.604707717765578, 29.666700363340471, 0.0 ], [ 52.604928968942403, 29.66657447862206, 0.0 ], [ 52.605119703836827, 29.666559219150621, 0.0 ], [ 52.605237960407401, 29.666536331195129, 0.0 ], [ 52.605310439446257, 29.666429520262149, 0.0 ], [ 52.605302810447242, 29.66626930206241, 0.0 ], [ 52.605325698141243, 29.66612434424221, 0.0 ], [ 52.605451583180432, 29.665971756478012, 0.0 ], [ 52.605661390807242, 29.66573143023075, 0.0 ], [ 52.605916976218467, 29.665357590466161, 0.0 ], [ 52.60605811972848, 29.665155411358089, 0.0 ], [ 52.606683730735703, 29.664762497232068, 0.0 ], [ 52.60695075948869, 29.66454124610242, 0.0 ], [ 52.607431411796149, 29.664228439645601, 0.0 ], [ 52.607812880545652, 29.664007188247911, 0.0 ], [ 52.60763359033092, 29.663579941726208, 0.0 ], [ 52.60760307277264, 29.662874223090348, 0.0 ], [ 52.607507705450239, 29.662572862045209, 0.0 ], [ 52.607496261848979, 29.662218094886239, 0.0 ], [ 52.60739707798286, 29.661760330415749, 0.0 ], [ 52.607397078249171, 29.661546707714631, 0.0 ], [ 52.607023237893458, 29.660779953881299, 0.0 ], [ 52.606451034351288, 29.659513474647969, 0.0 ], [ 52.606302260205652, 29.659257889567709, 0.0 ], [ 52.606618880687087, 29.659082414142741, 0.0 ], [ 52.606813430032297, 29.659029008362459, 0.0 ], [ 52.607107161280979, 29.658880234803259, 0.0 ], [ 52.607267379441168, 29.65870475942863, 0.0 ], [ 52.607297896182693, 29.65846443309071, 0.0 ], [ 52.607233046294077, 29.658224106480819, 0.0 ], [ 52.607252120615762, 29.6578807840135, 0.0 ], [ 52.607038497401533, 29.657800674479279, 0.0 ], [ 52.606676101731942, 29.65776634298755, 0.0 ], [ 52.605886457961532, 29.656839372014261, 0.0 ], [ 52.605093000815657, 29.656076431666541, 0.0 ], [ 52.604089736886984, 29.655260086664359, 0.0 ], [ 52.603208541709343, 29.654508591687531, 0.0 ], [ 52.601404189531323, 29.652437211302829, 0.0 ], [ 52.600542066840852, 29.651460649096489, 0.0 ], [ 52.598535536734737, 29.650327682782141, 0.0 ], [ 52.59721183771827, 29.64809608599511, 0.0 ], [ 52.598577498081731, 29.646963121183401, 0.0 ], [ 52.600507735846783, 29.646203995986159, 0.0 ], [ 52.602566818690278, 29.645464253249209, 0.0 ], [ 52.602397997413952, 29.644897712650071, 0.0 ], [ 52.60241335243942, 29.64425915608442, 0.0 ], [ 52.604079588340802, 29.642726299378541, 0.0 ], [ 52.601779344549897, 29.6405616474777, 0.0 ], [ 52.600649421651482, 29.639329295179689, 0.0 ], [ 52.600655689161577, 29.638724391859689, 0.0 ], [ 52.601022675914017, 29.638432756845418, 0.0 ], [ 52.602235255608832, 29.63839259433696, 0.0 ], [ 52.604300802779818, 29.638976779959101, 0.0 ], [ 52.607271525610592, 29.639355594351269, 0.0 ], [ 52.614531384973809, 29.63853780364375, 0.0 ], [ 52.615462456426243, 29.638592382239871, 0.0 ], [ 52.616556167512037, 29.63861656261092, 0.0 ], [ 52.618280409818148, 29.638868332709549, 0.0 ], [ 52.619104384686523, 29.638872147469581, 0.0 ], [ 52.620866775940627, 29.638517380443979, 0.0 ], [ 52.621717453269817, 29.6381664285522, 0.0 ], [ 52.623006820768261, 29.63775062639877, 0.0 ], [ 52.62378501829776, 29.637319565130401, 0.0 ], [ 52.625116347806291, 29.636518478990659, 0.0 ], [ 52.626482009996749, 29.635641098632149, 0.0 ], [ 52.627717971732913, 29.634908677007079, 0.0 ], [ 52.629167557482923, 29.634271622914529, 0.0 ], [ 52.6310138693254, 29.633531570069611, 0.0 ], [ 52.633138656783991, 29.633031845032662, 0.0 ], [ 52.635259627458034, 29.632474899202251, 0.0 ], [ 52.639638900185638, 29.63134956538525, 0.0 ], [ 52.642602919600542, 29.631345749706089, 0.0 ], [ 52.648653029188672, 29.6313037875011, 0.0 ], [ 52.65197944517999, 29.631612778301101, 0.0 ], [ 52.655771253738891, 29.63212394736054, 0.0 ], [ 52.659780501825132, 29.632463455659511, 0.0 ], [ 52.66300392122001, 29.63307762110966, 0.0 ], [ 52.664876937607467, 29.633485794454959, 0.0 ], [ 52.666391373156408, 29.63353920101364, 0.0 ], [ 52.668653487698187, 29.63273429983624, 0.0 ], [ 52.672224044879833, 29.63092994812958, 0.0 ], [ 52.676614760058811, 29.62993431194084, 0.0 ], [ 52.68083000109467, 29.629598618595441, 0.0 ], [ 52.683427810219037, 29.628717422457541, 0.0 ], [ 52.686780929361959, 29.626329422568109, 0.0 ], [ 52.688974379499427, 29.624494553871521, 0.0 ], [ 52.691232680914119, 29.62352180560476, 0.0 ], [ 52.691823959369017, 29.62350654699501, 0.0 ], [ 52.692319868755312, 29.623476029219681, 0.0 ], [ 52.693052291661687, 29.623430252578501, 0.0 ], [ 52.693410872650681, 29.62338829105828, 0.0 ], [ 52.694112777208517, 29.623167039045509, 0.0 ], [ 52.694704055685989, 29.62297630368559, 0.0 ], [ 52.69518470708384, 29.622919084134249, 0.0 ], [ 52.695772170149581, 29.622930528132532, 0.0 ], [ 52.696123122901568, 29.62296867453966, 0.0 ], [ 52.696447371453758, 29.623022079457119, 0.0 ], [ 52.696592331099659, 29.623010635466791, 0.0 ], [ 52.696813582720218, 29.622915268743771, 0.0 ], [ 52.697114943365612, 29.62278556879075, 0.0 ], [ 52.697362899947123, 29.622739792316931, 0.0 ], [ 52.697576523087967, 29.622617722510299, 0.0 ], [ 52.697759628332022, 29.62254142824618, 0.0 ], [ 52.697942734441277, 29.62245750470564, 0.0 ], [ 52.698354720025748, 29.62243461672724, 0.0 ], [ 52.69904899538939, 29.622449875763628, 0.0 ], [ 52.699232099989423, 29.622472763940351, 0.0 ], [ 52.699419021544053, 29.622560501471892, 0.0 ], [ 52.699571607726448, 29.622583389508939, 0.0 ], [ 52.69983863769437, 29.62252235503545, 0.0 ], [ 52.699964522750477, 29.622465135041061, 0.0 ], [ 52.700136184698827, 29.622430801685319, 0.0 ], [ 52.700258254128428, 29.62243843138468, 0.0 ], [ 52.700471877083963, 29.622514725815439, 0.0 ], [ 52.700647353545847, 29.62254905725008, 0.0 ], [ 52.700765609037497, 29.622533798714951, 0.0 ], [ 52.700956344216088, 29.622449875207138, 0.0 ], [ 52.701135634016609, 29.622392654956471, 0.0 ], [ 52.701192855269703, 29.622446060384881, 0.0 ], [ 52.701284408441211, 29.622579575320302, 0.0 ], [ 52.701528548866023, 29.622747421707199, 0.0 ], [ 52.701650619910147, 29.62280845677622, 0.0 ], [ 52.701761245752863, 29.622789383734741, 0.0 ], [ 52.701913833563673, 29.622762680911801, 0.0 ], [ 52.702013015894941, 29.62274742148465, 0.0 ], [ 52.702180861978412, 29.622648239596071, 0.0 ], [ 52.702238082816791, 29.622587204895929, 0.0 ], [ 52.702432631591741, 29.622571945574052, 0.0 ], [ 52.702653884490353, 29.622568130896461, 0.0 ], [ 52.702798842710941, 29.6224994666625, 0.0 ], [ 52.702875136697891, 29.622453690267569, 0.0 ], [ 52.703031540243231, 29.62238884086775, 0.0 ], [ 52.703130722227648, 29.622407913415859, 0.0 ], [ 52.703283310201591, 29.622438431561179, 0.0 ], [ 52.703424453740809, 29.62244224565557, 0.0 ], [ 52.703577041937983, 29.622449875531071, 0.0 ], [ 52.703733444169309, 29.62243843199154, 0.0 ], [ 52.70387077329061, 29.622404099947602, 0.0 ], [ 52.704019546426913, 29.622362137899529, 0.0 ], [ 52.704141617086322, 29.622327805817608, 0.0 ], [ 52.70424461346699, 29.622335434183778, 0.0 ], [ 52.704767226328748, 29.62237358139005, 0.0 ], [ 52.704862593623453, 29.62231254703536, 0.0 ], [ 52.704919814449781, 29.622266769233139, 0.0 ], [ 52.704999923310631, 29.622205734222131, 0.0 ], [ 52.705110549306838, 29.622121811424542, 0.0 ], [ 52.705343245359281, 29.621797562331551, 0.0 ], [ 52.705518722454897, 29.62158012474255, 0.0 ], [ 52.705652236425188, 29.621519089264481, 0.0 ], [ 52.705789564850228, 29.621488571143129, 0.0 ], [ 52.705984115235147, 29.62146186811221, 0.0 ], [ 52.706052779711733, 29.621515274889742, 0.0 ], [ 52.706068037801508, 29.621625900837479, 0.0 ], [ 52.706720351264067, 29.62169075044195, 0.0 ], [ 52.706933974392307, 29.62170219462557, 0.0 ], [ 52.707109450360811, 29.621709824558842, 0.0 ], [ 52.707315444529087, 29.62170219411118, 0.0 ], [ 52.707437514086358, 29.62167930661651, 0.0 ], [ 52.707555770659212, 29.621641159571201, 0.0 ], [ 52.707693099739551, 29.621599197333492, 0.0 ], [ 52.70785713160609, 29.621549606797888, 0.0 ], [ 52.708154677308279, 29.621435165864408, 0.0 ], [ 52.708307265710602, 29.621377945184719, 0.0 ], [ 52.708494185923072, 29.621309280277391, 0.0 ], [ 52.708665847481811, 29.621248245785829, 0.0 ], [ 52.708898544070671, 29.62115287875519, 0.0 ], [ 52.709165573039009, 29.621046066190811, 0.0 ], [ 52.709436416964373, 29.620946884361921, 0.0 ], [ 52.709657669113867, 29.620843887459699, 0.0 ], [ 52.709905623595937, 29.620756149533911, 0.0 ], [ 52.710165024217567, 29.62077903695122, 0.0 ], [ 52.710416794232643, 29.620790482671641, 0.0 ], [ 52.711484908543042, 29.62087059001993, 0.0 ], [ 52.712217330639668, 29.620935439982389, 0.0 ], [ 52.71286964313812, 29.620965958213681, 0.0 ], [ 52.713506698577177, 29.621053696006481, 0.0 ], [ 52.714075088174667, 29.621019363748111, 0.0 ], [ 52.714723586904107, 29.621030807685699, 0.0 ], [ 52.715166091660528, 29.6209354403431, 0.0 ], [ 52.715520858702341, 29.620836258158722, 0.0 ], [ 52.715715408142422, 29.620779037646869, 0.0 ], [ 52.716096878128383, 29.62083625864739, 0.0 ], [ 52.716768265261052, 29.62096977236768, 0.0 ], [ 52.717405317966637, 29.621049881325309, 0.0 ], [ 52.71769142072192, 29.621129990514842, 0.0 ], [ 52.718137739770327, 29.620805740554481, 0.0 ], [ 52.718397140450591, 29.62094306903878, 0.0 ], [ 52.718877791303022, 29.621202469132609, 0.0 ], [ 52.719240188634572, 29.62143516543772, 0.0 ], [ 52.719457625377501, 29.62173271273598, 0.0 ], [ 52.719720839892851, 29.62213325590897, 0.0 ], [ 52.719915389948447, 29.622503281559059, 0.0 ], [ 52.720083236110113, 29.62283516004242, 0.0 ], [ 52.720186233342623, 29.62329292415215, 0.0 ], [ 52.720102309479337, 29.62361335844335, 0.0 ], [ 52.720026015356943, 29.624097825359922, 0.0 ], [ 52.719991683005539, 29.624494553976302, 0.0 ], [ 52.720022201949561, 29.62457466164415, 0.0 ], [ 52.720155715166086, 29.624601365187431, 0.0 ], [ 52.720327376499633, 29.624608995342999, 0.0 ], [ 52.720445632418802, 29.62478447149158, 0.0 ], [ 52.720643996227047, 29.625051498019172, 0.0 ], [ 52.720949172974763, 29.625440598469719, 0.0 ], [ 52.721021651927373, 29.625577927683381, 0.0 ], [ 52.721109389517054, 29.62577629088366, 0.0 ], [ 52.721403121779673, 29.625917435268661, 0.0 ], [ 52.72147178565826, 29.626096725668379, 0.0 ], [ 52.721544265905628, 29.62615013138905, 0.0 ], [ 52.721590041609751, 29.62616157567879, 0.0 ], [ 52.72162437414763, 29.626306534209132, 0.0 ], [ 52.721738814300551, 29.626482010760419, 0.0 ], [ 52.721788406001693, 29.626626968730719, 0.0 ], [ 52.721929549954822, 29.626749039409329, 0.0 ], [ 52.722063064297238, 29.626871109745551, 0.0 ], [ 52.722219466787912, 29.62692070033615, 0.0 ], [ 52.7226085661787, 29.62708473273651, 0.0 ], [ 52.722974777083813, 29.627271652263239, 0.0 ], [ 52.723428725227748, 29.62751579324059, 0.0 ], [ 52.723733901187728, 29.62770271333963, 0.0 ], [ 52.724199293702547, 29.627958298279889, 0.0 ], [ 52.724546431366917, 29.628095628050609, 0.0 ], [ 52.724794387211269, 29.628255844386199, 0.0 ], [ 52.72516059857184, 29.628480911415512, 0.0 ], [ 52.725526809596808, 29.628694534402541, 0.0 ], [ 52.725858686954858, 29.62887382577852, 0.0 ], [ 52.726198195679622, 29.629011154698301, 0.0 ], [ 52.72648429867732, 29.629129411327551, 0.0 ], [ 52.72714042698167, 29.629419327730751, 0.0 ], [ 52.72749137841636, 29.629575730414111, 0.0 ], [ 52.727766036820299, 29.629747391551941, 0.0 ], [ 52.727872848327713, 29.62979698343846, 0.0 ], [ 52.728021622201979, 29.62994575607939, 0.0 ], [ 52.728101729385202, 29.630052567742531, 0.0 ], [ 52.728277205423687, 29.63014030608576, 0.0 ], [ 52.728387832888863, 29.630254745746221, 0.0 ], [ 52.728216170518827, 29.63044929482567, 0.0 ], [ 52.728479384993783, 29.630811690954701, 0.0 ], [ 52.728708266616742, 29.631143570749369, 0.0 ], [ 52.728929519923582, 29.631452560754891, 0.0 ], [ 52.729169845862899, 29.631784439306202, 0.0 ], [ 52.729352950657038, 29.632032394531929, 0.0 ], [ 52.729425429660907, 29.632173538918199, 0.0 ], [ 52.7295513147523, 29.632272720906538, 0.0 ], [ 52.729738233969798, 29.632383347209721, 0.0 ], [ 52.729871748919138, 29.632539749731219, 0.0 ], [ 52.729932784435022, 29.63276481618664, 0.0 ], [ 52.729974745508251, 29.632966995595989, 0.0 ], [ 52.730043410155403, 29.633253098640498, 0.0 ], [ 52.729982374603964, 29.633378983448171, 0.0 ], [ 52.729913710865247, 29.63362693878269, 0.0 ], [ 52.729898451525791, 29.63372612100925, 0.0 ], [ 52.729913711082688, 29.633943558349831, 0.0 ], [ 52.729982375502367, 29.63409614724053, 0.0 ], [ 52.729982375041992, 29.634222031539981, 0.0 ], [ 52.730054853810493, 29.634424210609289, 0.0 ], [ 52.730211256823047, 29.634668351356861, 0.0 ], [ 52.730356215124687, 29.634870530040349, 0.0 ], [ 52.730535506055368, 29.635137558943011, 0.0 ], [ 52.730672835477357, 29.635438920059151, 0.0 ], [ 52.730905531977427, 29.63570213385492, 0.0 ], [ 52.731149672120353, 29.635915756323449, 0.0 ], [ 52.731325149015532, 29.636049271031411, 0.0 ], [ 52.73153877187827, 29.636156081877662, 0.0 ], [ 52.73173713633868, 29.636213303715039, 0.0 ], [ 52.732069015336613, 29.636251449827149, 0.0 ], [ 52.732652663710127, 29.636407852111759, 0.0 ], [ 52.732725142939898, 29.636713028626751, 0.0 ], [ 52.73309898363609, 29.637052536324781, 0.0 ], [ 52.733217238472683, 29.637281418539519, 0.0 ], [ 52.732828139290717, 29.637418747897019, 0.0 ], [ 52.732320785220857, 29.637537003735591, 0.0 ], [ 52.731737135898122, 29.637491226499051, 0.0 ], [ 52.73147773672833, 29.637647629683769, 0.0 ], [ 52.731325149223778, 29.63787269663889, 0.0 ], [ 52.731149672321557, 29.638067245189411, 0.0 ], [ 52.730970382015308, 29.638231277941749, 0.0 ], [ 52.730699538568082, 29.638296127567489, 0.0 ], [ 52.73017692474621, 29.63845634558033, 0.0 ], [ 52.72959327738252, 29.638566971608519, 0.0 ], [ 52.72922706567639, 29.63870430064441, 0.0 ], [ 52.728944777924468, 29.638883592026669, 0.0 ], [ 52.728788375939622, 29.639150620465859, 0.0 ], [ 52.728792191021078, 29.639501573151119, 0.0 ], [ 52.729089737343138, 29.639913559832081, 0.0 ], [ 52.72931098871701, 29.64040565629281, 0.0 ], [ 52.729177474890378, 29.640970230922498, 0.0 ], [ 52.728521346707097, 29.641252518299851, 0.0 ], [ 52.727399825625483, 29.641675949440849, 0.0 ], [ 52.726724624915597, 29.642007827909421, 0.0 ], [ 52.725873946641087, 29.642389297813779, 0.0 ], [ 52.724485395851467, 29.642816544483601, 0.0 ], [ 52.723184585774547, 29.642812729348229, 0.0 ], [ 52.721830367496139, 29.643053055555161, 0.0 ], [ 52.721086501730497, 29.643236160268451, 0.0 ], [ 52.720930098084033, 29.64355278039563, 0.0 ], [ 52.721292495366903, 29.643800735882071, 0.0 ], [ 52.72167396477586, 29.643983841551272, 0.0 ], [ 52.722326279247312, 29.64406395080314, 0.0 ], [ 52.723121560161871, 29.644391496839141, 0.0 ], [ 52.722978580618019, 29.64450886491225, 0.0 ], [ 52.722819933372797, 29.644564861708961, 0.0 ], [ 52.722611961597877, 29.644612798382042, 0.0 ], [ 52.722433705523237, 29.644682728390421, 0.0 ], [ 52.722375411558282, 29.644724738932069, 0.0 ], [ 52.722377448457863, 29.644756949838449, 0.0 ], [ 52.722408097402017, 29.64479564196882, 0.0 ], [ 52.722403237354243, 29.64487031358351, 0.0 ], [ 52.722347239090652, 29.645036423681098, 0.0 ], [ 52.722267270295923, 29.645392301076289, 0.0 ], [ 52.722390336833847, 29.64541403293493, 0.0 ], [ 52.722725073439683, 29.645487336199469, 0.0 ], [ 52.722944719715407, 29.645819184300791, 0.0 ], [ 52.723235391009808, 29.645872380032412, 0.0 ], [ 52.723561158166802, 29.64610351695254, 0.0 ], [ 52.723810637687102, 29.646597842421482, 0.0 ], [ 52.723913672085871, 29.64669413133257, 0.0 ], [ 52.724098857551994, 29.646730437905951, 0.0 ], [ 52.724343266390832, 29.646896291126819, 0.0 ], [ 52.72442983278016, 29.647076772605349, 0.0 ], [ 52.724404238257897, 29.64729822838046, 0.0 ], [ 52.724292993560361, 29.647480528671149, 0.0 ], [ 52.724001883531542, 29.647699151520161, 0.0 ], [ 52.723549032473272, 29.64781706254076, 0.0 ], [ 52.723165366189903, 29.647995182734679, 0.0 ], [ 52.722612262691428, 29.648278869427511, 0.0 ], [ 52.721983587087017, 29.648628024772659, 0.0 ], [ 52.721608683572377, 29.649038615227418, 0.0 ], [ 52.721331559569961, 29.649352619656021, 0.0 ], [ 52.721060119120168, 29.64985150672377, 0.0 ], [ 52.72068629367174, 29.650457324827229, 0.0 ], [ 52.720599863878363, 29.65110131626065, 0.0 ], [ 52.720762233801857, 29.651206003751739, 0.0 ], [ 52.721126623963983, 29.651270900492332, 0.0 ], [ 52.7214502984503, 29.651541251610329, 0.0 ], [ 52.721530567990342, 29.651742060666031, 0.0 ], [ 52.721641799179167, 29.651950459171921, 0.0 ], [ 52.721508652870817, 29.652111741180221, 0.0 ], [ 52.721088966449138, 29.652406698565461, 0.0 ], [ 52.720641100079519, 29.652560926142289, 0.0 ], [ 52.720174410725477, 29.652781464692069, 0.0 ], [ 52.719710413137292, 29.652829170045379, 0.0 ], [ 52.719128367113981, 29.65284393437824, 0.0 ], [ 52.718571315835703, 29.652871838003541, 0.0 ], [ 52.718019531543639, 29.652880286012511, 0.0 ], [ 52.717677110444583, 29.6530271492792, 0.0 ], [ 52.717320623840962, 29.65309232372682, 0.0 ], [ 52.717570411420418, 29.653422797368389, 0.0 ], [ 52.71752695329365, 29.65386471963901, 0.0 ], [ 52.71759718535403, 29.654048553639221, 0.0 ], [ 52.71801160302293, 29.65405980208757, 0.0 ], [ 52.718278375410513, 29.65413258284191, 0.0 ], [ 52.718672408681279, 29.654676552193571, 0.0 ], [ 52.718781221067587, 29.654796205402089, 0.0 ], [ 52.71976243667941, 29.654850369363899, 0.0 ], [ 52.720030627738737, 29.65484913052283, 0.0 ], [ 52.720185765987672, 29.654756836693441, 0.0 ], [ 52.720779137712007, 29.654800176414199, 0.0 ], [ 52.72132629147989, 29.654771886488192, 0.0 ], [ 52.721717128343457, 29.654740264417761, 0.0 ], [ 52.722029628302771, 29.654751185507219, 0.0 ], [ 52.722755613450722, 29.654752646433799, 0.0 ], [ 52.722889111898603, 29.654830283654551, 0.0 ], [ 52.723011203144047, 29.654886119714671, 0.0 ], [ 52.723104541535072, 29.654984117614731, 0.0 ], [ 52.723221567099863, 29.65501940632122, 0.0 ], [ 52.723387727531659, 29.655042479551831, 0.0 ], [ 52.723540636934217, 29.655010442873952, 0.0 ], [ 52.723748430412932, 29.65493956472141, 0.0 ], [ 52.7239073498775, 29.654940802015862, 0.0 ], [ 52.724130359303821, 29.65492219490751, 0.0 ], [ 52.724328150898572, 29.654907748471221, 0.0 ], [ 52.724491948776013, 29.65490344194108, 0.0 ], [ 52.724544098199672, 29.65488313752331, 0.0 ], [ 52.724672844028433, 29.65492237157844, 0.0 ], [ 52.724802023515792, 29.654939058652449, 0.0 ], [ 52.72492195781841, 29.65494438688442, 0.0 ], [ 52.725001581194007, 29.654922050967059, 0.0 ], [ 52.725098388724192, 29.654922825668251, 0.0 ], [ 52.725223575909737, 29.654910045614429, 0.0 ], [ 52.725292429667697, 29.654913251199361, 0.0 ], [ 52.72534746389973, 29.654915814652242, 0.0 ], [ 52.725453631442548, 29.654909549331009, 0.0 ], [ 52.725528170417533, 29.654893469054642, 0.0 ], [ 52.725675836799468, 29.654872121847799, 0.0 ], [ 52.725758259402639, 29.654863643519299, 0.0 ], [ 52.725812746884223, 29.654861713236809, 0.0 ], [ 52.725896098750958, 29.65483438635448, 0.0 ], [ 52.726098277904391, 29.654761467200501, 0.0 ], [ 52.726253617023822, 29.654719347793151, 0.0 ], [ 52.726349206103308, 29.654694692659451, 0.0 ], [ 52.72648311514989, 29.654645032802652, 0.0 ], [ 52.72670091096424, 29.654584099365099, 0.0 ], [ 52.726898751037858, 29.65454455378423, 0.0 ], [ 52.727038811551637, 29.65454837631782, 0.0 ], [ 52.727161892215371, 29.654536780448399, 0.0 ], [ 52.727268337656291, 29.654525650290029, 0.0 ], [ 52.727431435958351, 29.654480202691769, 0.0 ], [ 52.727691605655878, 29.65431938957536, 0.0 ], [ 52.727846209948339, 29.65427878294421, 0.0 ], [ 52.727939664858702, 29.65425907743867, 0.0 ], [ 52.728040911456723, 29.654239711505952, 0.0 ], [ 52.728203776030931, 29.654163229703489, 0.0 ], [ 52.728565250325751, 29.65405124727166, 0.0 ], [ 52.728914172040973, 29.653831326998041, 0.0 ], [ 52.729149575290897, 29.653715107181021, 0.0 ], [ 52.729464049064163, 29.653685537768929, 0.0 ], [ 52.729641195663937, 29.65363076483376, 0.0 ], [ 52.729904905750288, 29.65354922674301, 0.0 ], [ 52.730062975471498, 29.65355557930933, 0.0 ], [ 52.730200284434851, 29.65350027896179, 0.0 ], [ 52.73050848871457, 29.65340243363427, 0.0 ], [ 52.731100080807899, 29.653230667268009, 0.0 ], [ 52.73245048402444, 29.652841568717541, 0.0 ], [ 52.734331130886638, 29.652746201652199, 0.0 ], [ 52.735445022999038, 29.65264320415482, 0.0 ], [ 52.73698615887605, 29.652467728184241, 0.0 ], [ 52.737392785975977, 29.652361168495709, 0.0 ], [ 52.737667632270181, 29.65210115222267, 0.0 ], [ 52.737900556574999, 29.65152655485447, 0.0 ], [ 52.73822050220322, 29.651268838037971, 0.0 ], [ 52.738396955980242, 29.651110544180479, 0.0 ], [ 52.738535370829148, 29.651049200769769, 0.0 ], [ 52.738633719672237, 29.65099312973727, 0.0 ], [ 52.738735639367732, 29.650825840912511, 0.0 ], [ 52.73877049199578, 29.650661012621729, 0.0 ], [ 52.738838864563867, 29.65049694555832, 0.0 ], [ 52.738992126929681, 29.650191126754219, 0.0 ], [ 52.739281824772803, 29.650237918393689, 0.0 ], [ 52.739270413606242, 29.64991729950976, 0.0 ], [ 52.739355086979756, 29.649831772433082, 0.0 ], [ 52.739801406805832, 29.649801254476031, 0.0 ], [ 52.7401599871407, 29.649713516533829, 0.0 ], [ 52.740289687661232, 29.649705887491471, 0.0 ], [ 52.740579604807976, 29.649518967345589, 0.0 ], [ 52.74117851298216, 29.649179459637391, 0.0 ], [ 52.741132735497366, 29.64883232194844, 0.0 ], [ 52.741102218825759, 29.648508072595011, 0.0 ], [ 52.740819930836871, 29.648450851715001, 0.0 ], [ 52.740198134672013, 29.64846992571961, 0.0 ], [ 52.739847182374909, 29.648538589172841, 0.0 ], [ 52.739408492402312, 29.648553848456562, 0.0 ], [ 52.738996505041513, 29.64847374067395, 0.0 ], [ 52.738595962052393, 29.648374557645841, 0.0 ], [ 52.73817253006473, 29.648256302135021, 0.0 ], [ 52.737783431475023, 29.648145676108118, 0.0 ], [ 52.737306594593441, 29.648145676196229, 0.0 ], [ 52.73686790372507, 29.648107529165809, 0.0 ], [ 52.736490248974327, 29.648080826183111, 0.0 ], [ 52.736188888681568, 29.648061752428731, 0.0 ], [ 52.735841751365228, 29.648118973774469, 0.0 ], [ 52.73554039018866, 29.648298264776631, 0.0 ], [ 52.735239029168852, 29.648458481474599, 0.0 ], [ 52.734785079533971, 29.64871025196841, 0.0 ], [ 52.734611283457511, 29.64870132794664, 0.0 ], [ 52.734582146088037, 29.648638361704752, 0.0 ], [ 52.73447697374931, 29.648521765349109, 0.0 ], [ 52.734349188952649, 29.64841564717555, 0.0 ], [ 52.734227573277053, 29.648244525215979, 0.0 ], [ 52.734112296828002, 29.648081749455461, 0.0 ], [ 52.734099258615572, 29.647975581655359, 0.0 ], [ 52.734081652475709, 29.647798608130859, 0.0 ], [ 52.734034097818352, 29.64758288924418, 0.0 ], [ 52.733987252607527, 29.6474807241142, 0.0 ], [ 52.733879618890711, 29.647308345137191, 0.0 ], [ 52.733670031490952, 29.647212889395352, 0.0 ], [ 52.733465983035828, 29.64718420754323, 0.0 ], [ 52.733262696119247, 29.6471364859737, 0.0 ], [ 52.733013089999403, 29.647192234205288, 0.0 ], [ 52.732724010124542, 29.64711640256013, 0.0 ], [ 52.732511789582396, 29.646929129119869, 0.0 ], [ 52.731916318532129, 29.646838116855271, 0.0 ], [ 52.731578492285919, 29.646714427346449, 0.0 ], [ 52.731496283746019, 29.646570737463559, 0.0 ], [ 52.731504369748912, 29.64632056461809, 0.0 ], [ 52.731813429871302, 29.646104814139399, 0.0 ], [ 52.732789992233727, 29.64603233418935, 0.0 ], [ 52.733839034609332, 29.645570756219708, 0.0 ], [ 52.734552383111946, 29.645261766116558, 0.0 ], [ 52.735555648773918, 29.644857407441371, 0.0 ], [ 52.737211029350853, 29.64474348777135, 0.0 ], [ 52.737740011590702, 29.644427428972591, 0.0 ], [ 52.738186956081783, 29.644142997357971, 0.0 ], [ 52.738414243517042, 29.643998468469899, 0.0 ], [ 52.738718572019188, 29.64390415033537, 0.0 ], [ 52.738915668842807, 29.64395111203492, 0.0 ], [ 52.739041250176093, 29.643995762426972, 0.0 ], [ 52.739383038878472, 29.643854587805521, 0.0 ], [ 52.739738148546508, 29.64387019727447, 0.0 ], [ 52.740178697187382, 29.643775687885061, 0.0 ], [ 52.740865086578722, 29.643818181038419, 0.0 ], [ 52.741622811911647, 29.643832246844141, 0.0 ], [ 52.742345256018893, 29.64381573035131, 0.0 ], [ 52.743354599830383, 29.643753510426141, 0.0 ], [ 52.744556523554252, 29.643224028192989, 0.0 ], [ 52.745327251340207, 29.642887600413442, 0.0 ], [ 52.746318575744652, 29.642221576159709, 0.0 ], [ 52.747132256832622, 29.64176987095875, 0.0 ], [ 52.748252610305563, 29.64150516357201, 0.0 ], [ 52.748911420322273, 29.64169284953033, 0.0 ], [ 52.750366606782457, 29.641640255557181, 0.0 ], [ 52.751379312081013, 29.64179464086795, 0.0 ], [ 52.752050370065326, 29.642251070376069, 0.0 ], [ 52.752829840214531, 29.642649373693072, 0.0 ], [ 52.753928300467003, 29.642538072065079, 0.0 ], [ 52.754045817493846, 29.642440901343129, 0.0 ], [ 52.754541765092988, 29.64225563331976, 0.0 ], [ 52.755533196132973, 29.641808076526541, 0.0 ], [ 52.755901041678612, 29.641736049262231, 0.0 ], [ 52.756164077236932, 29.641612672245891, 0.0 ], [ 52.756481462180588, 29.641406866715649, 0.0 ], [ 52.756759585256248, 29.64148880548052, 0.0 ], [ 52.757002913123721, 29.641406910991261, 0.0 ], [ 52.757004334064092, 29.641168280190051, 0.0 ], [ 52.757004572069008, 29.64078498707066, 0.0 ], [ 52.757004110360647, 29.640397202572188, 0.0 ], [ 52.757144398420373, 29.640138535705979, 0.0 ], [ 52.757286081309267, 29.639923881156761, 0.0 ], [ 52.757289981863828, 29.639552171804009, 0.0 ], [ 52.757428137358552, 29.639331801834409, 0.0 ], [ 52.757370333193663, 29.63893761048412, 0.0 ], [ 52.757414256374211, 29.638528945057629, 0.0 ], [ 52.757492380633387, 29.638157054821349, 0.0 ], [ 52.757456403279782, 29.637808530550039, 0.0 ], [ 52.757548780004512, 29.637448518598891, 0.0 ], [ 52.757671168730099, 29.637109093335319, 0.0 ], [ 52.75769231484287, 29.636893891524171, 0.0 ], [ 52.757603097947822, 29.6366687017433, 0.0 ], [ 52.75748427645491, 29.63644316712762, 0.0 ], [ 52.757281235026419, 29.63632396854285, 0.0 ], [ 52.756953989335948, 29.636140334336321, 0.0 ], [ 52.757055282841172, 29.635942459225451, 0.0 ], [ 52.757371900984708, 29.635446548029059, 0.0 ], [ 52.757524489398108, 29.635126114660551, 0.0 ], [ 52.757749556038988, 29.63480568036718, 0.0 ], [ 52.757963180809668, 29.634580612723891, 0.0 ], [ 52.758230208057512, 29.634481430962481, 0.0 ], [ 52.758481978204252, 29.63438606379631, 0.0 ], [ 52.758787154227797, 29.63422203163972, 0.0 ], [ 52.758882522830113, 29.6341953291805, 0.0 ], [ 52.759290694195528, 29.63389396772736, 0.0 ], [ 52.759443283186982, 29.633619309197091, 0.0 ], [ 52.759790421245476, 29.633150101496572, 0.0 ], [ 52.760198593365779, 29.63280677900061, 0.0 ], [ 52.760721207125528, 29.632410049448119, 0.0 ], [ 52.761293409509882, 29.63207054129073, 0.0 ], [ 52.762140272697252, 29.6319789896259, 0.0 ], [ 52.763147353788042, 29.631811142093259, 0.0 ], [ 52.763303756430858, 29.631673813406898, 0.0 ], [ 52.763811109989561, 29.631616592507829, 0.0 ], [ 52.764245986449843, 29.63115501485224, 0.0 ], [ 52.764787673108572, 29.630819321359539, 0.0 ], [ 52.765336990007803, 29.630552292270291, 0.0 ], [ 52.766229629305272, 29.62993431081825, 0.0 ], [ 52.767210007449393, 29.62943458698992, 0.0 ], [ 52.768346785240773, 29.628938676130851, 0.0 ], [ 52.769227981705477, 29.62853050297101, 0.0 ], [ 52.770708083179173, 29.627805711043958, 0.0 ], [ 52.772165298257917, 29.627195358523529, 0.0 ], [ 52.77453803963472, 29.626398087595138, 0.0 ], [ 52.776292800092442, 29.625776291301431, 0.0 ], [ 52.77725029009266, 29.625558853808599, 0.0 ], [ 52.778123855503971, 29.625169754650312, 0.0 ], [ 52.778909682657407, 29.624677658525378, 0.0 ], [ 52.779764174350831, 29.624158858997571, 0.0 ], [ 52.780664443045012, 29.623636247255721, 0.0 ], [ 52.781606673245641, 29.623392105679759, 0.0 ], [ 52.782392501474646, 29.623037338570398, 0.0 ], [ 52.783491134264501, 29.623140335617968, 0.0 ], [ 52.784048079316463, 29.623479843735431, 0.0 ], [ 52.785024643268322, 29.623769760833849, 0.0 ], [ 52.785799025785863, 29.623712541412139, 0.0 ], [ 52.7862720483852, 29.623937607704288, 0.0 ], [ 52.786909102450892, 29.624048233126199, 0.0 ], [ 52.787805556566433, 29.62423133946081, 0.0 ], [ 52.788953780656563, 29.62453651464541, 0.0 ], [ 52.789667129862643, 29.624834061557049, 0.0 ], [ 52.790510177628782, 29.625123978690201, 0.0 ], [ 52.791215896793297, 29.625181197997119, 0.0 ], [ 52.792768477380562, 29.625143051109809, 0.0 ], [ 52.79402732705185, 29.625051498068441, 0.0 ], [ 52.795263288983548, 29.624799728405449, 0.0 ], [ 52.796453475328363, 29.62473869311836, 0.0 ], [ 52.797952651638553, 29.624540329251221, 0.0 ], [ 52.799470899944978, 29.624059677569988, 0.0 ], [ 52.801115035633977, 29.624082565039242, 0.0 ], [ 52.802404403444719, 29.623865128298871, 0.0 ], [ 52.804548263713038, 29.623498918129521, 0.0 ], [ 52.806207656648319, 29.623239517880229, 0.0 ], [ 52.807661056756167, 29.623079301049088, 0.0 ], [ 52.80951881344896, 29.622938157162491, 0.0 ], [ 52.810945510654953, 29.622713089957799, 0.0 ], [ 52.812314986494243, 29.622644424708891, 0.0 ], [ 52.814095371305392, 29.622595428018499, 0.0 ], [ 52.815607070584619, 29.622621536583122, 0.0 ], [ 52.816267014337427, 29.622667313845771, 0.0 ], [ 52.818048476154303, 29.62255668684541, 0.0 ], [ 52.820497512940257, 29.62249565205931, 0.0 ], [ 52.821718215348817, 29.62230110265693, 0.0 ], [ 52.822908400817767, 29.622102738028719, 0.0 ], [ 52.824289321347273, 29.621999742012861, 0.0 ], [ 52.825048446602437, 29.621782303848921, 0.0 ], [ 52.826940535078528, 29.621461868699939, 0.0 ], [ 52.829278945930497, 29.621431351547269, 0.0 ], [ 52.834921082812997, 29.620857454391171, 0.0 ], [ 52.835592269659188, 29.620763779738429, 0.0 ], [ 52.836633302084692, 29.620599021681919, 0.0 ], [ 52.84123337922999, 29.620449893352319, 0.0 ], [ 52.843506525793693, 29.620398800496311, 0.0 ], [ 52.846193790588181, 29.62061484468753, 0.0 ], [ 52.845911026058971, 29.621370316823501, 0.0 ], [ 52.845724105458913, 29.621812820808259, 0.0 ], [ 52.845499038007183, 29.622121812109171, 0.0 ], [ 52.845315932226931, 29.622529985183551, 0.0 ], [ 52.845018386742709, 29.622907640104831, 0.0 ], [ 52.844568252564862, 29.62335777322588, 0.0 ], [ 52.844310872739158, 29.623589826927269, 0.0 ], [ 52.843721389572302, 29.62408256504769, 0.0 ], [ 52.843288777607881, 29.62448585443898, 0.0 ], [ 52.843256377685648, 29.624950353119409, 0.0 ], [ 52.843269177933252, 29.625472880212179, 0.0 ], [ 52.842657088008067, 29.625944138296209, 0.0 ], [ 52.842393874965367, 29.626337051711911, 0.0 ], [ 52.842069626373679, 29.626638412620821, 0.0 ], [ 52.841806411609987, 29.626852037217521, 0.0 ], [ 52.841215134076933, 29.627153398039312, 0.0 ], [ 52.840066909195052, 29.62767219623883, 0.0 ], [ 52.839796065680432, 29.62809944291897, 0.0 ], [ 52.839235305633864, 29.628377915174848, 0.0 ], [ 52.83867454459935, 29.62877464421199, 0.0 ], [ 52.8380002718078, 29.628982497173329, 0.0 ], [ 52.836998943476431, 29.629398010253119, 0.0 ], [ 52.835695456618637, 29.63002354928091, 0.0 ], [ 52.834541709977579, 29.630835739162311, 0.0 ], [ 52.833627547853347, 29.631566381270691, 0.0 ], [ 52.833206431578461, 29.632854350051311, 0.0 ], [ 52.833488656297227, 29.63377831958632, 0.0 ], [ 52.834167195527037, 29.634245070848099, 0.0 ], [ 52.835135219039543, 29.63505510407499, 0.0 ], [ 52.836344864245874, 29.635249023191729, 0.0 ], [ 52.837892815055319, 29.635306667346519, 0.0 ], [ 52.841452490038677, 29.633654166255809, 0.0 ], [ 52.843032913003647, 29.632532218685999, 0.0 ], [ 52.849589734248958, 29.62897557612143, 0.0 ], [ 52.8586644322029, 29.624862581575201, 0.0 ], [ 52.865254303005813, 29.62245169487851, 0.0 ], [ 52.870157559934462, 29.620086470584379, 0.0 ], [ 52.87195800131024, 29.61911608990852, 0.0 ], [ 52.873406442451383, 29.61879442208469, 0.0 ], [ 52.874568070604937, 29.61853340796678, 0.0 ], [ 52.875656260754731, 29.61868173298798, 0.0 ], [ 52.876737594482456, 29.619279861309511, 0.0 ], [ 52.877317428101563, 29.61903572149599, 0.0 ], [ 52.877870559452617, 29.618814468761979, 0.0 ], [ 52.878683456779328, 29.617968949711909, 0.0 ], [ 52.879167556736917, 29.61746025118185, 0.0 ], [ 52.879693984577003, 29.616819383114741, 0.0 ], [ 52.880191377646952, 29.616173232301129, 0.0 ], [ 52.880479812268312, 29.6155757907365, 0.0 ], [ 52.881143568909167, 29.614866257858971, 0.0 ], [ 52.881772993820753, 29.61418724164896, 0.0 ], [ 52.882397975747772, 29.61364034720474, 0.0 ], [ 52.883043288161559, 29.612916946733129, 0.0 ], [ 52.883450365097502, 29.612418474097861, 0.0 ], [ 52.883988832149747, 29.61190646349953, 0.0 ], [ 52.884569998098378, 29.611292804349571, 0.0 ], [ 52.885297757815152, 29.61062662299533, 0.0 ], [ 52.886031583658571, 29.610139904542439, 0.0 ], [ 52.886793161674902, 29.609706059750071, 0.0 ], [ 52.887234896051282, 29.60946134795703, 0.0 ], [ 52.887623708812008, 29.609193934397869, 0.0 ], [ 52.887979569789273, 29.608723645936511, 0.0 ], [ 52.8881235913979, 29.6084621353891, 0.0 ], [ 52.888233961850659, 29.608177862314271, 0.0 ], [ 52.888350505257947, 29.607826631942569, 0.0 ], [ 52.888421800436348, 29.607439280211789, 0.0 ], [ 52.888637394799211, 29.60705186371176, 0.0 ], [ 52.888969884341762, 29.606436465416639, 0.0 ], [ 52.889276072016017, 29.605956404879048, 0.0 ], [ 52.889691107335842, 29.605553568012251, 0.0 ], [ 52.890031814939007, 29.605268479270329, 0.0 ], [ 52.890409469929232, 29.604772568563298, 0.0 ], [ 52.890703200304202, 29.604562760111271, 0.0 ], [ 52.890935898275913, 29.604516984148159, 0.0 ], [ 52.891233444290968, 29.604490281105569, 0.0 ], [ 52.89150810229556, 29.60446739276674, 0.0 ], [ 52.891786575143882, 29.604440689741459, 0.0 ], [ 52.89193415170886, 29.604496281327329, 0.0 ], [ 52.892137527253169, 29.604658127556629, 0.0 ], [ 52.892259597732703, 29.60482215990422, 0.0 ], [ 52.892499922579162, 29.604833603902311, 0.0 ], [ 52.892808465312989, 29.604733204350119, 0.0 ], [ 52.893132906483117, 29.604484334828289, 0.0 ], [ 52.893283014517102, 29.60414980158529, 0.0 ], [ 52.893448564266983, 29.603464116941389, 0.0 ], [ 52.893705588324728, 29.603058947762371, 0.0 ], [ 52.893892120937863, 29.60287329489244, 0.0 ], [ 52.894023029525307, 29.602752649782019, 0.0 ], [ 52.894178390550323, 29.602674484879572, 0.0 ], [ 52.894365310579431, 29.602571487398091, 0.0 ], [ 52.894468306527102, 29.6025600431648, 0.0 ], [ 52.894674299979698, 29.60247612009276, 0.0 ], [ 52.895006179522582, 29.602468491220929, 0.0 ], [ 52.895269393905807, 29.602426529736579, 0.0 ], [ 52.895488844416512, 29.602366619042119, 0.0 ], [ 52.895734276271007, 29.60227227822309, 0.0 ], [ 52.896005629156811, 29.601964951522952, 0.0 ], [ 52.896069300771707, 29.60171378518028, 0.0 ], [ 52.896118831259763, 29.601474561117762, 0.0 ], [ 52.896243402014207, 29.601245153063712, 0.0 ], [ 52.896365212153817, 29.601186191627399, 0.0 ], [ 52.89647102363007, 29.601163864078568, 0.0 ], [ 52.896638869554288, 29.601160049186429, 0.0 ], [ 52.896806716905331, 29.601327896348241, 0.0 ], [ 52.896917342709003, 29.601671219172811, 0.0 ], [ 52.896978378143302, 29.601907730339281, 0.0 ], [ 52.897039412735857, 29.602163315257819, 0.0 ], [ 52.897066115871489, 29.60261726483337, 0.0 ], [ 52.897142410208573, 29.603029251212408, 0.0 ], [ 52.897198978739077, 29.60352331939281, 0.0 ], [ 52.897201635174113, 29.603704335243659, 0.0 ], [ 52.897214889354508, 29.604021072695051, 0.0 ], [ 52.897272110080422, 29.60435676674366, 0.0 ], [ 52.897439956352827, 29.60471153405204, 0.0 ], [ 52.897448694887203, 29.604905573607141, 0.0 ], [ 52.897416323251157, 29.605438100155759, 0.0 ], [ 52.897043725626418, 29.606133143116569, 0.0 ], [ 52.896749006963638, 29.606694720970761, 0.0 ], [ 52.896707937487342, 29.606837991533219, 0.0 ], [ 52.896960195749088, 29.607241867797761, 0.0 ], [ 52.898324437516663, 29.609710604724579, 0.0 ], [ 52.898761954707581, 29.609981749780609, 0.0 ], [ 52.898930024004947, 29.61019038957421, 0.0 ], [ 52.899020230074392, 29.610525098542279, 0.0 ], [ 52.899473188944732, 29.61061668525695, 0.0 ], [ 52.900087355706887, 29.610578538120389, 0.0 ], [ 52.900594710648527, 29.610147476429571, 0.0 ], [ 52.901117324365153, 29.60949516347997, 0.0 ], [ 52.901510238556611, 29.609014511908459, 0.0 ], [ 52.901720046069869, 29.60858726520506, 0.0 ], [ 52.902101516997597, 29.607942581287581, 0.0 ], [ 52.902729537831469, 29.607630350519869, 0.0 ], [ 52.90294656867497, 29.6078767317222, 0.0 ], [ 52.903024673182138, 29.60843849221812, 0.0 ], [ 52.902860640505182, 29.60924339377372, 0.0 ], [ 52.902524947737142, 29.609827043221291, 0.0 ], [ 52.902364730690273, 29.610551834838539, 0.0 ], [ 52.90233802787553, 29.611364366261189, 0.0 ], [ 52.902223586717547, 29.61226844837363, 0.0 ], [ 52.902017592174303, 29.61337089533993, 0.0 ], [ 52.901940795530621, 29.614586078881139, 0.0 ], [ 52.901734412583338, 29.616333786585471, 0.0 ], [ 52.901441573026261, 29.618036270621769, 0.0 ], [ 52.901283251400052, 29.619728421080222, 0.0 ], [ 52.901079177855813, 29.621187211279821, 0.0 ], [ 52.900800702508818, 29.623518613264491, 0.0 ], [ 52.900570618681343, 29.624639169990932, 0.0 ], [ 52.899769102906554, 29.626540517130131, 0.0 ], [ 52.899023062843732, 29.628143459629861, 0.0 ], [ 52.898813972849808, 29.628828864860051, 0.0 ], [ 52.898390999403823, 29.629716251660991, 0.0 ], [ 52.89801742153881, 29.630428939911571, 0.0 ], [ 52.897357163239711, 29.631544923264531, 0.0 ], [ 52.896683733825931, 29.63242964329034, 0.0 ], [ 52.89633369319764, 29.63361167921046, 0.0 ], [ 52.896150588026821, 29.634576797419751, 0.0 ], [ 52.895868615455363, 29.63576489267929, 0.0 ], [ 52.894234719495977, 29.638548506347249, 0.0 ], [ 52.892862770507477, 29.639963665675111, 0.0 ], [ 52.891767172995607, 29.6410937314206, 0.0 ], [ 52.88846139531865, 29.6444141861442, 0.0 ], [ 52.887013001496463, 29.646566946498279, 0.0 ], [ 52.885570589284377, 29.648710717188489, 0.0 ], [ 52.884616604056617, 29.65112029003129, 0.0 ], [ 52.883918666209503, 29.65288306723172, 0.0 ], [ 52.883751619218692, 29.653612117232939, 0.0 ], [ 52.883746424305123, 29.653634790819389, 0.0 ], [ 52.883995119587517, 29.654388231002471, 0.0 ], [ 52.884306082788179, 29.655022188917659, 0.0 ], [ 52.884398625176637, 29.655121455885411, 0.0 ], [ 52.884704597422378, 29.655449662647801, 0.0 ], [ 52.885033588696707, 29.655875593105701, 0.0 ], [ 52.885319316221633, 29.65627275430473, 0.0 ], [ 52.885322153029783, 29.656276697413311, 0.0 ], [ 52.885336205795433, 29.656291145642129, 0.0 ], [ 52.885653214845867, 29.65661706272509, 0.0 ], [ 52.885913155289778, 29.656815384629791, 0.0 ], [ 52.886263332739979, 29.656990926303571, 0.0 ], [ 52.886308588441572, 29.657014988658521, 0.0 ], [ 52.886597327082839, 29.657168509120119, 0.0 ], [ 52.886813906901757, 29.657301733267929, 0.0 ], [ 52.887107807712383, 29.65755927869353, 0.0 ], [ 52.887910742240003, 29.65784773462369, 0.0 ], [ 52.88919203629542, 29.658731816743401, 0.0 ], [ 52.890832948993697, 29.65972354679986, 0.0 ], [ 52.891596061608873, 29.660191157108081, 0.0 ], [ 52.892029059250781, 29.660755506450489, 0.0 ], [ 52.892397899298658, 29.66133912678686, 0.0 ], [ 52.892328756516903, 29.661986487437591, 0.0 ], [ 52.891382264751932, 29.662608534956139, 0.0 ], [ 52.890298842744308, 29.662862778208559, 0.0 ], [ 52.889787673568392, 29.663244247862611, 0.0 ], [ 52.889490127120752, 29.663621902755501, 0.0 ], [ 52.888818740258763, 29.664121628331539, 0.0 ], [ 52.88839514677813, 29.664438714623291, 0.0 ], [ 52.875968315223432, 29.672527090724721, 0.0 ], [ 52.875318525896333, 29.672971725014811, 0.0 ], [ 52.875062941623518, 29.673166275647478, 0.0 ], [ 52.874696732372954, 29.673418045220821, 0.0 ], [ 52.874124527242493, 29.673700333547909, 0.0 ], [ 52.873537063820812, 29.67392540023511, 0.0 ], [ 52.872941970641008, 29.674192429806151, 0.0 ], [ 52.872274398396598, 29.67440986623901, 0.0 ], [ 52.871576308002382, 29.674676895486002, 0.0 ], [ 52.871065139793131, 29.67491340689967, 0.0 ], [ 52.870649337377152, 29.67508506886815, 0.0 ], [ 52.870313643616811, 29.675168991716632, 0.0 ], [ 52.869661330214427, 29.675172806644721, 0.0 ], [ 52.869451521807221, 29.675260544655121, 0.0 ], [ 52.869321821881243, 29.675294876920209, 0.0 ], [ 52.869146345584653, 29.67537498592662, 0.0 ], [ 52.868986128822968, 29.675485612170672, 0.0 ], [ 52.868864058233363, 29.6755657207434, 0.0 ], [ 52.868715284751339, 29.67566490249342, 0.0 ], [ 52.868562696818763, 29.675756455150498, 0.0 ], [ 52.868452071723532, 29.67578697256242, 0.0 ], [ 52.868265151948158, 29.675878525491932, 0.0 ], [ 52.868101119548292, 29.67590141380586, 0.0 ], [ 52.867948532064013, 29.675954820060099, 0.0 ], [ 52.867837905720137, 29.675973892731779, 0.0 ], [ 52.86769676143188, 29.675977707989901, 0.0 ], [ 52.867517470510712, 29.675943375591022, 0.0 ], [ 52.867296219042657, 29.67590904251993, 0.0 ], [ 52.867143631282453, 29.675901413625599, 0.0 ], [ 52.867021560599262, 29.675897598699901, 0.0 ], [ 52.866891860950432, 29.675897598555419, 0.0 ], [ 52.866640090645042, 29.676050186981609, 0.0 ], [ 52.866498947111332, 29.676141739377751, 0.0 ], [ 52.866373061264532, 29.676259995585749, 0.0 ], [ 52.866212844167542, 29.676408768834811, 0.0 ], [ 52.866102218848759, 29.676519395049699, 0.0 ], [ 52.865930556482851, 29.676618576801079, 0.0 ], [ 52.865800857978108, 29.67667961165785, 0.0 ], [ 52.865549087729079, 29.676801682772538, 0.0 ], [ 52.86523246760008, 29.676828384589051, 0.0 ], [ 52.86515235809042, 29.676851274115101, 0.0 ], [ 52.865037917730348, 29.67689705003944, 0.0 ], [ 52.864927291585381, 29.676935196798389, 0.0 ], [ 52.864732740938727, 29.6770458232218, 0.0 ], [ 52.86461448669553, 29.677095413997801, 0.0 ], [ 52.864515304295878, 29.677164078889341, 0.0 ], [ 52.864370345833997, 29.677259446123941, 0.0 ], [ 52.864248275415768, 29.677335740343771, 0.0 ], [ 52.864179610458933, 29.67739296073692, 0.0 ], [ 52.864065169065043, 29.677469254806301, 0.0 ], [ 52.863782882391668, 29.677621842446509, 0.0 ], [ 52.863607406639112, 29.677698135882832, 0.0 ], [ 52.863512038095017, 29.677747726757811, 0.0 ], [ 52.863397597065493, 29.6777591721257, 0.0 ], [ 52.863039015710058, 29.67803001425218, 0.0 ], [ 52.862710952146863, 29.67815971433539, 0.0 ], [ 52.862260817142712, 29.678220748948501, 0.0 ], [ 52.861635207677907, 29.678213120253702, 0.0 ], [ 52.861154555477214, 29.678174973122388, 0.0 ], [ 52.860757827971689, 29.678159714109441, 0.0 ], [ 52.860143661152968, 29.67832374599109, 0.0 ], [ 52.859491347868463, 29.678316115828721, 0.0 ], [ 52.859014510185439, 29.678293228666739, 0.0 ], [ 52.858423232636277, 29.67826652542648, 0.0 ], [ 52.858179091486811, 29.67818260233658, 0.0 ], [ 52.857969283044177, 29.678178787250179, 0.0 ], [ 52.857751844914432, 29.678186417550108, 0.0 ], [ 52.857496260729143, 29.67819404644025, 0.0 ], [ 52.857271192880212, 29.678239822288521, 0.0 ], [ 52.857080459123047, 29.678228378611529, 0.0 ], [ 52.85690879723326, 29.678148270461659, 0.0 ], [ 52.856733320755062, 29.678071976173729, 0.0 ], [ 52.856607436173583, 29.678007126544959, 0.0 ], [ 52.856500624972398, 29.677896500301159, 0.0 ], [ 52.856348037470262, 29.677843095390021, 0.0 ], [ 52.856145858132109, 29.677789689528801, 0.0 ], [ 52.855905532580117, 29.677839280468341, 0.0 ], [ 52.855764389463012, 29.677873611108431, 0.0 ], [ 52.855607985840543, 29.677942276213361, 0.0 ], [ 52.855398177653861, 29.67794227630446, 0.0 ], [ 52.855230330625723, 29.677911758567468, 0.0 ], [ 52.854986190824427, 29.677957535081809, 0.0 ], [ 52.854730606223647, 29.67795753540971, 0.0 ], [ 52.854413985407348, 29.67799186722954, 0.0 ], [ 52.854021071558691, 29.677991867628279, 0.0 ], [ 52.85383796713176, 29.67802238497924, 0.0 ], [ 52.853460311386833, 29.678014755393431, 0.0 ], [ 52.853090285522562, 29.678014754899781, 0.0 ], [ 52.852857589158432, 29.678037643049809, 0.0 ], [ 52.852342605666053, 29.678049088428139, 0.0 ], [ 52.851961135241879, 29.678075790291839, 0.0 ], [ 52.851716993923638, 29.678091049015968, 0.0 ], [ 52.851530074423017, 29.678056717636849, 0.0 ], [ 52.851369857577673, 29.678026199306089, 0.0 ], [ 52.851274489729803, 29.6779956822092, 0.0 ], [ 52.851068496509917, 29.677911759453309, 0.0 ], [ 52.8508243555654, 29.677839280423939, 0.0 ], [ 52.850606917134307, 29.677762985770581, 0.0 ], [ 52.85043144063085, 29.67768669198459, 0.0 ], [ 52.850244521461818, 29.677659989191291, 0.0 ], [ 52.850088118567363, 29.677656175341951, 0.0 ], [ 52.849870681346559, 29.677694321655888, 0.0 ], [ 52.849695205165403, 29.677736282966261, 0.0 ], [ 52.849508285579809, 29.677789689331259, 0.0 ], [ 52.849321365065407, 29.67787742749049, 0.0 ], [ 52.849084854213842, 29.678110123278149, 0.0 ], [ 52.848836899024008, 29.678335190050831, 0.0 ], [ 52.848627089938716, 29.678499221848021, 0.0 ], [ 52.848413466696243, 29.678644180358731, 0.0 ], [ 52.848165511286652, 29.678712845697181, 0.0 ], [ 52.847627639385543, 29.67872810468231, 0.0 ], [ 52.847269057520123, 29.678831100477218, 0.0 ], [ 52.846746444651359, 29.678937912421691, 0.0 ], [ 52.846429824956452, 29.679147720222691, 0.0 ], [ 52.846086501390182, 29.679250717649481, 0.0 ], [ 52.845693586979962, 29.679334641066781, 0.0 ], [ 52.845106123821559, 29.679441452452831, 0.0 ], [ 52.844369887537177, 29.67961311324591, 0.0 ], [ 52.843751905908853, 29.679777145711501, 0.0 ], [ 52.842985153005479, 29.68000602758713, 0.0 ], [ 52.841985702968131, 29.680383682798251, 0.0 ], [ 52.841035842313261, 29.680700302440759, 0.0 ], [ 52.839982985748911, 29.68081092874311, 0.0 ], [ 52.839284896443779, 29.680845261866569, 0.0 ], [ 52.838636397617279, 29.681444169150549, 0.0 ], [ 52.837629317320619, 29.68354988241602, 0.0 ], [ 52.837038849132909, 29.684799331411661, 0.0 ], [ 52.837816236797941, 29.685316086803201, 0.0 ], [ 52.838827132262779, 29.68567848249614, 0.0 ], [ 52.839586257278448, 29.685983658381939, 0.0 ], [ 52.840429305158828, 29.686250687924829, 0.0 ], [ 52.841356276178253, 29.686632156945269, 0.0 ], [ 52.842241287123883, 29.68685722509986, 0.0 ], [ 52.842882155596392, 29.68727302703364, 0.0 ], [ 52.844125747512102, 29.68818092430951, 0.0 ], [ 52.844587324699773, 29.68871498232113, 0.0 ], [ 52.845018385969638, 29.689233780514979, 0.0 ], [ 52.845361709654128, 29.689542770190219, 0.0 ], [ 52.84573936403109, 29.689878464743639, 0.0 ], [ 52.846292495915947, 29.690183640736539, 0.0 ], [ 52.846738814007139, 29.690427780577991, 0.0 ], [ 52.847040175059028, 29.69058799733849, 0.0 ], [ 52.847223281390562, 29.690809250689981, 0.0 ], [ 52.847814559291947, 29.69123649639052, 0.0 ], [ 52.848340987248953, 29.691648483964329, 0.0 ], [ 52.849145889010799, 29.692083359519099, 0.0 ], [ 52.849493026642492, 29.692453384726321, 0.0 ], [ 52.849977492135757, 29.692667008049568, 0.0 ], [ 52.850614547548282, 29.692983627913328, 0.0 ], [ 52.851461410645143, 29.693471909870571, 0.0 ], [ 52.852148055835997, 29.693845750264948, 0.0 ], [ 52.852746963929107, 29.694238663891351, 0.0 ], [ 52.853731154361022, 29.69466972410552, 0.0 ], [ 52.854642867342847, 29.694959641604701, 0.0 ], [ 52.855768204039663, 29.695486069457179, 0.0 ], [ 52.856561660474568, 29.69592475929263, 0.0 ], [ 52.856870650332887, 29.695947647144902, 0.0 ], [ 52.85729026709145, 29.696229935103819, 0.0 ], [ 52.857774733414473, 29.696512222246881, 0.0 ], [ 52.858278274044629, 29.69681739903913, 0.0 ], [ 52.858671187742459, 29.697042465900729, 0.0 ], [ 52.85908698950324, 29.69727134796026, 0.0 ], [ 52.85950279105149, 29.6974964148054, 0.0 ], [ 52.860029221077752, 29.697660446761041, 0.0 ], [ 52.860605239180352, 29.697923660714409, 0.0 ], [ 52.861017226606741, 29.698053360576399, 0.0 ], [ 52.861441906536378, 29.698111381248491, 0.0 ], [ 52.861979740444973, 29.698252554943629, 0.0 ], [ 52.862494389707621, 29.698461278842831, 0.0 ], [ 52.862813948985618, 29.698740005968411, 0.0 ], [ 52.863136643364371, 29.699083444979241, 0.0 ], [ 52.863336562421537, 29.699338913879341, 0.0 ], [ 52.863456110872193, 29.69955362984361, 0.0 ], [ 52.8634993316536, 29.699790991978659, 0.0 ], [ 52.863503253075187, 29.700109044777989, 0.0 ], [ 52.863484561165421, 29.700662718213088, 0.0 ], [ 52.863434232351722, 29.70104347985168, 0.0 ], [ 52.863201243833977, 29.701701459060761, 0.0 ], [ 52.862925789073081, 29.702453614812718, 0.0 ], [ 52.862807513951992, 29.702630456655069, 0.0 ], [ 52.862588970061559, 29.702805974236892, 0.0 ], [ 52.862231081472942, 29.70299723340608, 0.0 ], [ 52.861850154975663, 29.70314434965227, 0.0 ], [ 52.861578228584307, 29.703256565938592, 0.0 ], [ 52.861314723750702, 29.703251859733609, 0.0 ], [ 52.860995077297673, 29.703166995175511, 0.0 ], [ 52.860609258350898, 29.703125639999001, 0.0 ], [ 52.860285538453553, 29.703138640201129, 0.0 ], [ 52.859104776601313, 29.703297162817961, 0.0 ], [ 52.858001408411432, 29.703492365602571, 0.0 ], [ 52.85685640448866, 29.70370330297899, 0.0 ], [ 52.856111525859887, 29.70402336209553, 0.0 ], [ 52.855688095305922, 29.704290390471659, 0.0 ], [ 52.855165481459522, 29.70460319577786, 0.0 ], [ 52.854845046580458, 29.704816819057871, 0.0 ], [ 52.854589461828397, 29.705083848300418, 0.0 ], [ 52.854146956548561, 29.705327988077499, 0.0 ], [ 52.853883742658731, 29.705568314043699, 0.0 ], [ 52.853681563907017, 29.7057514190269, 0.0 ], [ 52.853498458915773, 29.70599556069741, 0.0 ], [ 52.853399276396878, 29.70614051850043, 0.0 ], [ 52.853410720080042, 29.70641517654639, 0.0 ], [ 52.853502273205429, 29.706659317463611, 0.0 ], [ 52.85352516105791, 29.707002640480749, 0.0 ], [ 52.853376388145833, 29.707330704086491, 0.0 ], [ 52.853334426396813, 29.707410812124269, 0.0 ], [ 52.853128432933318, 29.707494736583179, 0.0 ], [ 52.852849959818542, 29.707498550292492, 0.0 ], [ 52.852457046501392, 29.707548141178449, 0.0 ], [ 52.852155684530757, 29.70739555484133, 0.0 ], [ 52.851739882410193, 29.707284927470901, 0.0 ], [ 52.851457595062897, 29.707132339756381, 0.0 ], [ 52.851236342146947, 29.706892014878051, 0.0 ], [ 52.851022718963357, 29.706754684149349, 0.0 ], [ 52.850774763852208, 29.706743240811331, 0.0 ], [ 52.850362776577803, 29.706716537108601, 0.0 ], [ 52.849946976430942, 29.706670761088219, 0.0 ], [ 52.84948539701125, 29.70656395018063, 0.0 ], [ 52.849092483918852, 29.706510544310049, 0.0 ], [ 52.848592758044127, 29.70662117004014, 0.0 ], [ 52.848276137683889, 29.706708908050221, 0.0 ], [ 52.847871779417751, 29.70691871603244, 0.0 ], [ 52.847673415573169, 29.707143784442639, 0.0 ], [ 52.847429275315989, 29.7074069983382, 0.0 ], [ 52.847257613521784, 29.707628250525559, 0.0 ], [ 52.847169875744548, 29.707830429826799, 0.0 ], [ 52.847219466599839, 29.708032608507668, 0.0 ], [ 52.847227096913628, 29.70821571509029, 0.0 ], [ 52.846933364866111, 29.70827293472291, 0.0 ], [ 52.846574782864202, 29.708421707504399, 0.0 ], [ 52.846349714868417, 29.708669662444979, 0.0 ], [ 52.846220015653827, 29.70885276882294, 0.0 ], [ 52.845968244840883, 29.70902061567481, 0.0 ], [ 52.845720290016253, 29.709173203964649, 0.0 ], [ 52.845510482480307, 29.708951950449521, 0.0 ], [ 52.845121383207527, 29.70873451282942, 0.0 ], [ 52.844751357507093, 29.708562851525041, 0.0 ], [ 52.844320295901483, 29.708513260979011, 0.0 ], [ 52.843866347556499, 29.708478928324919, 0.0 ], [ 52.843629837460817, 29.708581924766222, 0.0 ], [ 52.843412399068619, 29.708711624738161, 0.0 ], [ 52.843156815370683, 29.708837510156421, 0.0 ], [ 52.842943191356163, 29.70898246856288, 0.0 ], [ 52.842664718289832, 29.709043504043962, 0.0 ], [ 52.842409134211522, 29.70913505700744, 0.0 ], [ 52.842138289229418, 29.709295273742239, 0.0 ], [ 52.841920852508238, 29.709474565051728, 0.0 ], [ 52.84176826490372, 29.70963478228974, 0.0 ], [ 52.841653823183158, 29.709882736987009, 0.0 ], [ 52.84164237932751, 29.710073471940088, 0.0 ], [ 52.841608046565398, 29.710248947750792, 0.0 ], [ 52.841611861871698, 29.710405351390119, 0.0 ], [ 52.841714858927993, 29.710474015253968, 0.0 ], [ 52.841917037665567, 29.710573196757661, 0.0 ], [ 52.842092513737683, 29.71051979179137, 0.0 ], [ 52.842374801273763, 29.71056556817981, 0.0 ], [ 52.842538834183621, 29.71075248767044, 0.0 ], [ 52.842706679535652, 29.71093940710081, 0.0 ], [ 52.842737198011513, 29.711305618036441, 0.0 ], [ 52.842791317364863, 29.711643809102618, 0.0 ], [ 52.842683277651943, 29.71180561329534, 0.0 ], [ 52.842515944983823, 29.711908340651679, 0.0 ], [ 52.842279433991067, 29.711927414674019, 0.0 ], [ 52.841836928677608, 29.71185111987813, 0.0 ], [ 52.841520308647809, 29.711870193712219, 0.0 ], [ 52.841146468294703, 29.711996078389109, 0.0 ], [ 52.840833663572873, 29.712156296094069, 0.0 ], [ 52.840599023801303, 29.712340574135421, 0.0 ], [ 52.840375750072567, 29.712504767310879, 0.0 ], [ 52.840266984042707, 29.712784129133691, 0.0 ], [ 52.840110014558533, 29.713022182304059, 0.0 ], [ 52.840026361339241, 29.71328951146954, 0.0 ], [ 52.840003089870272, 29.713542456539709, 0.0 ], [ 52.840021484190594, 29.713717617704742, 0.0 ], [ 52.840015674311083, 29.713881881243658, 0.0 ], [ 52.840061506797348, 29.71411596395399, 0.0 ], [ 52.84008805212278, 29.71432346072751, 0.0 ], [ 52.840251274447382, 29.714657252600439, 0.0 ], [ 52.840445448768079, 29.714983693534968, 0.0 ], [ 52.840527354452753, 29.715334932957589, 0.0 ], [ 52.840582329551857, 29.71557605312228, 0.0 ], [ 52.840628253886898, 29.715828692860089, 0.0 ], [ 52.840727517643757, 29.716187855270409, 0.0 ], [ 52.840749990708268, 29.716333855257119, 0.0 ], [ 52.84096423871123, 29.716428831463752, 0.0 ], [ 52.841126736663242, 29.7164549203818, 0.0 ], [ 52.841209968289618, 29.71641378527389, 0.0 ], [ 52.841262890560927, 29.716562939062481, 0.0 ], [ 52.841106546568547, 29.716645506144861, 0.0 ], [ 52.839513781571689, 29.717112911305801, 0.0 ], [ 52.838107427854617, 29.717559200153978, 0.0 ], [ 52.836510675942378, 29.718067497739909, 0.0 ], [ 52.836137408898843, 29.718254587655149, 0.0 ], [ 52.83581352152332, 29.718240738158318, 0.0 ], [ 52.83568763648632, 29.71829032924764, 0.0 ], [ 52.835439681432227, 29.71832466129359, 0.0 ], [ 52.835172652940187, 29.718400955392749, 0.0 ], [ 52.834886550341047, 29.718538284377079, 0.0 ], [ 52.834669112169223, 29.718549728319019, 0.0 ], [ 52.834352492799709, 29.718534470752719, 0.0 ], [ 52.834012984699278, 29.718568802147331, 0.0 ], [ 52.833616256794727, 29.718622208816939, 0.0 ], [ 52.833227156858371, 29.718633652678911, 0.0 ], [ 52.832910537312962, 29.718671799321239, 0.0 ], [ 52.832101821529619, 29.71874046364076, 0.0 ], [ 52.831666945167093, 29.71874046335839, 0.0 ], [ 52.831468582117118, 29.71874427832519, 0.0 ], [ 52.831304549795568, 29.718717575343199, 0.0 ], [ 52.83119010852257, 29.718767166302371, 0.0 ], [ 52.830984116010207, 29.718851089805401, 0.0 ], [ 52.830705642907589, 29.718938828768199, 0.0 ], [ 52.830263138268052, 29.71891593972104, 0.0 ], [ 52.829694747263503, 29.718996048712771, 0.0 ], [ 52.829160689435433, 29.719133377895741, 0.0 ], [ 52.828760146875922, 29.719396592020249, 0.0 ], [ 52.828519820313417, 29.71959114176779, 0.0 ], [ 52.828142165671743, 29.719785690494358, 0.0 ], [ 52.827772140607948, 29.719964981998711, 0.0 ], [ 52.827676771926178, 29.720132828951549, 0.0 ], [ 52.82763099649091, 29.720369339980181, 0.0 ], [ 52.827550887727142, 29.72059059138132, 0.0 ], [ 52.827470778248262, 29.720918655490529, 0.0 ], [ 52.827302931922723, 29.721136094336721, 0.0 ], [ 52.827131270573517, 29.72141075220938, 0.0 ], [ 52.826974867857459, 29.721624374910949, 0.0 ], [ 52.826883314993403, 29.721735002103621, 0.0 ], [ 52.826726912268462, 29.72184562835902, 0.0 ], [ 52.826616286614517, 29.72199821585972, 0.0 ], [ 52.826601027548378, 29.722192764251929, 0.0 ], [ 52.826536178213331, 29.722379684466119, 0.0 ], [ 52.8264598844464, 29.722471237161749, 0.0 ], [ 52.826353071972378, 29.722482681162791, 0.0 ], [ 52.82626533369487, 29.72255516081654, 0.0 ], [ 52.826166152593387, 29.722688674978659, 0.0 ], [ 52.826089857713143, 29.72286033592847, 0.0 ], [ 52.826032637913549, 29.723001480737182, 0.0 ], [ 52.826047896297112, 29.72316169731949, 0.0 ], [ 52.826078414169658, 29.723302841519409, 0.0 ], [ 52.826009748551641, 29.723474503628431, 0.0 ], [ 52.825963972609458, 29.72368049685187, 0.0 ], [ 52.825967787668347, 29.723867416824721, 0.0 ], [ 52.826009749253259, 29.724000931486881, 0.0 ], [ 52.82605552587993, 29.724100113769449, 0.0 ], [ 52.826044082476727, 29.72426414538829, 0.0 ], [ 52.825975416987767, 29.724599838194312, 0.0 ], [ 52.825986861572837, 29.72493553276777, 0.0 ], [ 52.826002120215819, 29.725374222274059, 0.0 ], [ 52.825777052580882, 29.72582054210871, 0.0 ], [ 52.825502395442513, 29.726293565124919, 0.0 ], [ 52.825078964196997, 29.726526260606882, 0.0 ], [ 52.824754715120243, 29.7268199932562, 0.0 ], [ 52.824407577381137, 29.727159501278269, 0.0 ], [ 52.824129105216812, 29.72754860050528, 0.0 ], [ 52.823823929228567, 29.727903366130011, 0.0 ], [ 52.823564528269642, 29.72814750709216, 0.0 ], [ 52.823160171783549, 29.728399277517099, 0.0 ], [ 52.822771071302533, 29.728723526652839, 0.0 ], [ 52.822397231902457, 29.728929520369061, 0.0 ], [ 52.821702956405993, 29.729265213055939, 0.0 ], [ 52.821214675713399, 29.729639053655951, 0.0 ], [ 52.820589065069363, 29.730093002920931, 0.0 ], [ 52.819952009737662, 29.73050880470992, 0.0 ], [ 52.81938743506403, 29.73106956554976, 0.0 ], [ 52.819211960049422, 29.73138999941234, 0.0 ], [ 52.818956374882958, 29.731760025609709, 0.0 ], [ 52.818754195458617, 29.731988907732291, 0.0 ], [ 52.818510055943577, 29.73214912458883, 0.0 ], [ 52.818262100118062, 29.732351303669361, 0.0 ], [ 52.817846297275793, 29.732763291223069, 0.0 ], [ 52.817380904637311, 29.733148575792779, 0.0 ], [ 52.817052840505781, 29.733484268495872, 0.0 ], [ 52.816656112587538, 29.733964920039739, 0.0 ], [ 52.816328048222999, 29.734136581005082, 0.0 ], [ 52.815950393715951, 29.734350204023151, 0.0 ], [ 52.815599441037151, 29.734399796762801, 0.0 ], [ 52.814668653907752, 29.734533309963879, 0.0 ], [ 52.813421248396899, 29.734811783490549, 0.0 ], [ 52.812372207605833, 29.735052109182661, 0.0 ], [ 52.811861037465228, 29.73507881254945, 0.0 ], [ 52.811208725103057, 29.735471725336261, 0.0 ], [ 52.810644149696557, 29.735734940836618, 0.0 ], [ 52.80986595150106, 29.73626899801873, 0.0 ], [ 52.809328078462663, 29.736764908308992, 0.0 ], [ 52.808950423496093, 29.736894608346869, 0.0 ], [ 52.808691024148807, 29.737066269443471, 0.0 ], [ 52.808259963347268, 29.73724937465995, 0.0 ], [ 52.807817457717732, 29.73748207190955, 0.0 ], [ 52.807493208620791, 29.737684250857331, 0.0 ], [ 52.807256698435637, 29.738973618423799, 0.0 ], [ 52.807100295506473, 29.740522385786662, 0.0 ], [ 52.806859970120733, 29.742025375672512, 0.0 ], [ 52.806684494043857, 29.742765427602212, 0.0 ], [ 52.806398391569253, 29.744279861655091, 0.0 ], [ 52.806440352402433, 29.74563789470335, 0.0 ], [ 52.806238174080022, 29.746881485631121, 0.0 ], [ 52.806272506865177, 29.747819901695859, 0.0 ], [ 52.806543349786139, 29.74873542926122, 0.0 ], [ 52.806997298969158, 29.74977684093167, 0.0 ], [ 52.8071994772259, 29.75097084060112, 0.0 ], [ 52.8071727744044, 29.751535416504019, 0.0 ], [ 52.806722641321002, 29.753332138854041, 0.0 ], [ 52.806325912045018, 29.75406074580243, 0.0 ], [ 52.805883408209567, 29.754945756399021, 0.0 ], [ 52.805383682149582, 29.75599479724082, 0.0 ], [ 52.804914473585697, 29.757040024647122, 0.0 ], [ 52.804582595202753, 29.757867813807628, 0.0 ], [ 52.804601668091962, 29.758409501122099, 0.0 ], [ 52.804567336314669, 29.75908088780735, 0.0 ], [ 52.804620742349172, 29.759843826506291, 0.0 ], [ 52.804639815633912, 29.760580063672521, 0.0 ], [ 52.804685592692493, 29.761152267270141, 0.0 ], [ 52.80473518313206, 29.761869431682548, 0.0 ], [ 52.804857253692091, 29.7625026706129, 0.0 ], [ 52.804906844240058, 29.762964249327251, 0.0 ], [ 52.805036544262443, 29.763437271513521, 0.0 ], [ 52.805402755879413, 29.763780594326239, 0.0 ], [ 52.805971145760537, 29.764036179815601, 0.0 ], [ 52.806833267186462, 29.764215469339891, 0.0 ], [ 52.807817458060477, 29.764463425799001, 0.0 ], [ 52.808347700988683, 29.764974594908189, 0.0 ], [ 52.809144973280269, 29.76554298529333, 0.0 ], [ 52.809778213273681, 29.766157150748171, 0.0 ], [ 52.810022353107527, 29.766817093429161, 0.0 ], [ 52.810209273310377, 29.767324448591339, 0.0 ], [ 52.8104801179718, 29.76804542535487, 0.0 ], [ 52.810823440071161, 29.768350601720549, 0.0 ], [ 52.811738967353818, 29.768735886171029, 0.0 ], [ 52.812681198348159, 29.768888474514011, 0.0 ], [ 52.813753127430957, 29.76926613000705, 0.0 ], [ 52.815225599829937, 29.769323349414869, 0.0 ], [ 52.81595420710736, 29.769357681964241, 0.0 ], [ 52.816881179907007, 29.769376756117019, 0.0 ], [ 52.817789077266681, 29.769456864086202, 0.0 ], [ 52.818571090438468, 29.769563675386031, 0.0 ], [ 52.819158553852063, 29.769628525787041, 0.0 ], [ 52.819822311398703, 29.76992607206202, 0.0 ], [ 52.820833205292743, 29.77026176624063, 0.0 ], [ 52.821573255921898, 29.770559312019991, 0.0 ], [ 52.822378158148673, 29.770521164609089, 0.0 ], [ 52.82332038857534, 29.76991462796769, 0.0 ], [ 52.823976516768539, 29.769346237386141, 0.0 ], [ 52.824666976969432, 29.76881980950688, 0.0 ], [ 52.825464248717672, 29.768274307787241, 0.0 ], [ 52.82610130337067, 29.767934799260271, 0.0 ], [ 52.826967238162517, 29.767526627036201, 0.0 ], [ 52.827939986315037, 29.767351151236781, 0.0 ], [ 52.828771590840027, 29.767286301098331, 0.0 ], [ 52.830453872723567, 29.76713752715035, 0.0 ], [ 52.832353592142539, 29.767091751371549, 0.0 ], [ 52.835084914276933, 29.76696205169852, 0.0 ], [ 52.835554122942071, 29.76683998090607, 0.0 ], [ 52.836408614703217, 29.76677513154312, 0.0 ], [ 52.837507247662252, 29.766683578095162, 0.0 ], [ 52.838087082363437, 29.766767502500539, 0.0 ], [ 52.838407515963169, 29.766984940546081, 0.0 ], [ 52.838622463498133, 29.767332776001741, 0.0 ], [ 52.838840734756253, 29.767699089937491, 0.0 ], [ 52.83900631387727, 29.767979424135529, 0.0 ], [ 52.839045982070758, 29.768191542154511, 0.0 ], [ 52.839049513175468, 29.768439123355581, 0.0 ], [ 52.839075340153997, 29.768654681070689, 0.0 ], [ 52.839065418222937, 29.76893550258859, 0.0 ], [ 52.838916041033443, 29.769187404719549, 0.0 ], [ 52.838670444725587, 29.769280204778919, 0.0 ], [ 52.838176581331638, 29.769434936637211, 0.0 ], [ 52.837770167285584, 29.76973248643522, 0.0 ], [ 52.837684781609333, 29.76986962325455, 0.0 ], [ 52.837694168018018, 29.770071030523361, 0.0 ], [ 52.83766958319616, 29.77019635535968, 0.0 ], [ 52.837670428326412, 29.77041424554001, 0.0 ], [ 52.837688466540307, 29.770569931651529, 0.0 ], [ 52.837745925750063, 29.77075686081356, 0.0 ], [ 52.83781186427867, 29.770961671172859, 0.0 ], [ 52.837789535950442, 29.771097183598261, 0.0 ], [ 52.837862015184463, 29.77124214301935, 0.0 ], [ 52.837934494329069, 29.771394730059509, 0.0 ], [ 52.83795356779067, 29.77163124107377, 0.0 ], [ 52.837774276830103, 29.77189445528554, 0.0 ], [ 52.837579726702927, 29.77210807865983, 0.0 ], [ 52.8374500263402, 29.77224159244588, 0.0 ], [ 52.837251662875403, 29.772367477109231, 0.0 ], [ 52.837011336602473, 29.77246666032493, 0.0 ], [ 52.836786269974773, 29.772535324361701, 0.0 ], [ 52.83660697838291, 29.772653580730839, 0.0 ], [ 52.836389541843793, 29.772836685776589, 0.0 ], [ 52.836236953421121, 29.773038864898218, 0.0 ], [ 52.836133956868927, 29.77318763725907, 0.0 ], [ 52.836008071567868, 29.773359299125339, 0.0 ], [ 52.835657119853423, 29.77354240472393, 0.0 ], [ 52.835309981433909, 29.773744583406241, 0.0 ], [ 52.835065841531637, 29.773939134058189, 0.0 ], [ 52.834836959798608, 29.774209976598911, 0.0 ], [ 52.834537698057041, 29.774611090437901, 0.0 ], [ 52.834445848086119, 29.774984819718, 0.0 ], [ 52.834379346055663, 29.775313016777961, 0.0 ], [ 52.834291655621222, 29.775518530322529, 0.0 ], [ 52.834162317480633, 29.775782000572391, 0.0 ], [ 52.833913120843818, 29.775986736393701, 0.0 ], [ 52.833577991871493, 29.776163616380739, 0.0 ], [ 52.833070476493177, 29.776386611890391, 0.0 ], [ 52.832812625405282, 29.776639650703739, 0.0 ], [ 52.832605383432202, 29.777009213120319, 0.0 ], [ 52.83255381034305, 29.77717462673181, 0.0 ], [ 52.832926745566411, 29.777566932888121, 0.0 ], [ 52.835427089743547, 29.776955045864359, 0.0 ], [ 52.835712680899732, 29.776744815117318, 0.0 ], [ 52.836120271509436, 29.776565043114239, 0.0 ], [ 52.836556665631718, 29.77649417886429, 0.0 ], [ 52.837160109350883, 29.77610206735735, 0.0 ], [ 52.837408065487622, 29.775865555491031, 0.0 ], [ 52.837747573710907, 29.775827408909699, 0.0 ], [ 52.83810234132217, 29.775613786322879, 0.0 ], [ 52.838571548308003, 29.775403976799069, 0.0 ], [ 52.839078901633911, 29.775171280769442, 0.0 ], [ 52.839628219375747, 29.775014878235691, 0.0 ], [ 52.840208053186302, 29.774881363867451, 0.0 ], [ 52.84051704359613, 29.774930955223169, 0.0 ], [ 52.840879439761409, 29.77513694873187, 0.0 ], [ 52.841076256063808, 29.77545768059548, 0.0 ], [ 52.841271173071981, 29.775830086288678, 0.0 ], [ 52.841054246140303, 29.77608557150602, 0.0 ], [ 52.840749740359414, 29.776330948925668, 0.0 ], [ 52.840471266986967, 29.77662086574755, 0.0 ], [ 52.840093914602747, 29.776844520842261, 0.0 ], [ 52.839378248134153, 29.777318881119701, 0.0 ], [ 52.838696684820178, 29.777810102890971, 0.0 ], [ 52.83837372733602, 29.77806873591501, 0.0 ], [ 52.838167191069218, 29.778326035474102, 0.0 ], [ 52.837896346542301, 29.778791428819051, 0.0 ], [ 52.837549209821418, 29.7793254853609, 0.0 ], [ 52.837082055271757, 29.779602120266389, 0.0 ], [ 52.836478728188389, 29.779760618446399, 0.0 ], [ 52.835992489361431, 29.779860283035291, 0.0 ], [ 52.835528877807342, 29.77996579678975, 0.0 ], [ 52.835255702951642, 29.7800312631779, 0.0 ], [ 52.834492261626252, 29.780432815056471, 0.0 ], [ 52.83392462016122, 29.78088255982551, 0.0 ], [ 52.833569071510418, 29.781137732412681, 0.0 ], [ 52.832913658246163, 29.781570109398359, 0.0 ], [ 52.832416778092529, 29.78178145093063, 0.0 ], [ 52.831447307012091, 29.782149808266851, 0.0 ], [ 52.830538880280542, 29.782548359066119, 0.0 ], [ 52.83003987676193, 29.78277907560317, 0.0 ], [ 52.829000329701117, 29.783120040303771, 0.0 ], [ 52.828233718653607, 29.78340339736933, 0.0 ], [ 52.826906203150017, 29.78378868097175, 0.0 ], [ 52.825987869847097, 29.784068540773859, 0.0 ], [ 52.825423660197323, 29.784223124417402, 0.0 ], [ 52.824850096953632, 29.784377574074249, 0.0 ], [ 52.824376103222278, 29.78457655663162, 0.0 ], [ 52.823771990112071, 29.784926491374151, 0.0 ], [ 52.823089148662483, 29.785411201319409, 0.0 ], [ 52.822638575754958, 29.785737710117349, 0.0 ], [ 52.821851973874892, 29.786299301361289, 0.0 ], [ 52.821228314962738, 29.786799064302471, 0.0 ], [ 52.820440290799553, 29.787305833293299, 0.0 ], [ 52.819265365929489, 29.78817176853914, 0.0 ], [ 52.818830489826738, 29.78845024091536, 0.0 ], [ 52.818128585128512, 29.788736343571021, 0.0 ], [ 52.817487716456647, 29.789011002672389, 0.0 ], [ 52.816888808931893, 29.789319992125439, 0.0 ], [ 52.816473817719903, 29.789614158159821, 0.0 ], [ 52.816221236510543, 29.78986549414148, 0.0 ], [ 52.815812533513501, 29.790186135181429, 0.0 ], [ 52.81529313119367, 29.790618146399801, 0.0 ], [ 52.814695357065787, 29.79097938580426, 0.0 ], [ 52.814027786112632, 29.791399003084461, 0.0 ], [ 52.813440322722563, 29.791757584519729, 0.0 ], [ 52.812925339308023, 29.792135239987701, 0.0 ], [ 52.81247901849995, 29.792131424970279, 0.0 ], [ 52.812005996150681, 29.79213523952555, 0.0 ], [ 52.811445235502248, 29.79213142455146, 0.0 ], [ 52.810937880031432, 29.7921390541348, 0.0 ], [ 52.810049056857153, 29.792139054031072, 0.0 ], [ 52.809395440513612, 29.792144390482981, 0.0 ], [ 52.808782576832357, 29.792211533803901, 0.0 ], [ 52.808469770780313, 29.79235649220136, 0.0 ], [ 52.808160781187929, 29.79257774513103, 0.0 ], [ 52.807840346457041, 29.792650224120251, 0.0 ], [ 52.807526031144583, 29.792742914098401, 0.0 ], [ 52.806966339962713, 29.79267559152834, 0.0 ], [ 52.805796292057472, 29.792594489533421, 0.0 ], [ 52.804243509039523, 29.79247461018559, 0.0 ], [ 52.802816390571451, 29.792238236081211, 0.0 ], [ 52.801741044048022, 29.792263020957169, 0.0 ], [ 52.800939769177212, 29.792264477303171, 0.0 ], [ 52.79979896514822, 29.792230607048271, 0.0 ], [ 52.798888014555843, 29.792391425984139, 0.0 ], [ 52.797644457786838, 29.792521710230261, 0.0 ], [ 52.796416821302323, 29.792611057237789, 0.0 ], [ 52.794402197164359, 29.792813967277262, 0.0 ], [ 52.792808176111222, 29.792950481763679, 0.0 ], [ 52.792103960071763, 29.793001587414011, 0.0 ], [ 52.791417044902509, 29.793073176226549, 0.0 ], [ 52.790409922306182, 29.793162765466199, 0.0 ], [ 52.789578383816703, 29.793212772857281, 0.0 ], [ 52.788665823287111, 29.793388100884759, 0.0 ], [ 52.788000185462529, 29.7936216068749, 0.0 ], [ 52.787313051071877, 29.793816721991401, 0.0 ], [ 52.786588163243927, 29.79407996968002, 0.0 ], [ 52.785853468828797, 29.794304009019299, 0.0 ], [ 52.785183917291889, 29.7945357792598, 0.0 ], [ 52.784500065885133, 29.794749509889531, 0.0 ], [ 52.784135817466392, 29.794858932733941, 0.0 ], [ 52.78320642495293, 29.795161960071379, 0.0 ], [ 52.782293779379778, 29.79547838840217, 0.0 ], [ 52.781385421822243, 29.795713425157981, 0.0 ], [ 52.780389785581669, 29.796079636551241, 0.0 ], [ 52.779191970689389, 29.79629707387129, 0.0 ], [ 52.778078038139377, 29.796454816527429, 0.0 ], [ 52.776917483567061, 29.79664752248188, 0.0 ], [ 52.775892257830073, 29.79681968771018, 0.0 ], [ 52.775182723695593, 29.796957017012311, 0.0 ], [ 52.773852290137057, 29.797159874833351, 0.0 ], [ 52.772733687834389, 29.79734611565949, 0.0 ], [ 52.77148794206088, 29.797545347045691, 0.0 ], [ 52.770783358938168, 29.797643534616139, 0.0 ], [ 52.769773483378337, 29.797750473864529, 0.0 ], [ 52.768148421464623, 29.797956467661461, 0.0 ], [ 52.767186433606973, 29.798115809029301, 0.0 ], [ 52.766262518798918, 29.798229090711491, 0.0 ], [ 52.765180088147908, 29.798352219519259, 0.0 ], [ 52.763997133494698, 29.79849374335074, 0.0 ], [ 52.762155532834221, 29.79868889033385, 0.0 ], [ 52.760756752749927, 29.798922163945601, 0.0 ], [ 52.760008372593838, 29.799032473183189, 0.0 ], [ 52.7593616434255, 29.799315742905051, 0.0 ], [ 52.758852501457618, 29.799568446400539, 0.0 ], [ 52.75807878535835, 29.79997594039375, 0.0 ], [ 52.757396211459401, 29.80029202590546, 0.0 ], [ 52.756926590581429, 29.800473942990379, 0.0 ], [ 52.756349636601669, 29.800628463799359, 0.0 ], [ 52.755819025483923, 29.800748879432039, 0.0 ], [ 52.75530620931503, 29.800843311144419, 0.0 ], [ 52.754835164905892, 29.800909933930779, 0.0 ], [ 52.754302116985329, 29.80089472281503, 0.0 ], [ 52.753896712172249, 29.800809860749361, 0.0 ], [ 52.753396987576743, 29.800718307167529, 0.0 ], [ 52.752931593760493, 29.800630569427138, 0.0 ], [ 52.752500532916713, 29.80052375809667, 0.0 ], [ 52.751951216740828, 29.800386429261941, 0.0 ], [ 52.751302718965043, 29.800115584940421, 0.0 ], [ 52.751100540360348, 29.799764634322639, 0.0 ], [ 52.750967025746533, 29.799364091367991, 0.0 ], [ 52.750848769800861, 29.798906326868671, 0.0 ], [ 52.750696182209502, 29.79852104285127, 0.0 ], [ 52.750413894525529, 29.797948838192731, 0.0 ], [ 52.750419463208047, 29.797788186715451, 0.0 ], [ 52.750168268337092, 29.79705468140736, 0.0 ], [ 52.750716692578457, 29.796825474030921, 0.0 ], [ 52.751113539428147, 29.79647828498836, 0.0 ], [ 52.751332449351636, 29.796340064694661, 0.0 ], [ 52.752270748680502, 29.79619597163844, 0.0 ], [ 52.752772194396961, 29.796042740350231, 0.0 ], [ 52.753213264629878, 29.796096245801969, 0.0 ], [ 52.754226131173787, 29.796353729663689, 0.0 ], [ 52.755023852210911, 29.79621452106084, 0.0 ], [ 52.755858048534009, 29.79604125491549, 0.0 ], [ 52.756509954115479, 29.795780228900149, 0.0 ], [ 52.757087765020813, 29.79549875411071, 0.0 ], [ 52.757808768527767, 29.795185211198309, 0.0 ], [ 52.75827118380564, 29.794974044626159, 0.0 ], [ 52.75854875640227, 29.79479923997577, 0.0 ], [ 52.759140032963778, 29.794682794190511, 0.0 ], [ 52.759478725321188, 29.794552627848589, 0.0 ], [ 52.759841106609827, 29.794441654148681, 0.0 ], [ 52.760108033918421, 29.794333410641681, 0.0 ], [ 52.760397514657257, 29.794109473717441, 0.0 ], [ 52.760834829793708, 29.793778401398491, 0.0 ], [ 52.761161496395061, 29.79353725915465, 0.0 ], [ 52.761450429621377, 29.793205039350539, 0.0 ], [ 52.761773548767032, 29.79291972891545, 0.0 ], [ 52.7620312714592, 29.792655812693159, 0.0 ], [ 52.762324052830003, 29.792571844082911, 0.0 ], [ 52.762576649744773, 29.79249895559958, 0.0 ], [ 52.762861174637798, 29.79241287995173, 0.0 ], [ 52.763273377009263, 29.792282200057581, 0.0 ], [ 52.763718974675292, 29.79213110147607, 0.0 ], [ 52.764133604531992, 29.792099531751649, 0.0 ], [ 52.764738429190167, 29.7921065359998, 0.0 ], [ 52.765155670797903, 29.79208370730192, 0.0 ], [ 52.765452406143609, 29.791688229504629, 0.0 ], [ 52.765560469022603, 29.791364759102169, 0.0 ], [ 52.765454229868261, 29.79109481387659, 0.0 ], [ 52.765239985918697, 29.790925940783701, 0.0 ], [ 52.764741517886272, 29.79070867704278, 0.0 ], [ 52.764373623886478, 29.790503192500552, 0.0 ], [ 52.764084238591693, 29.790362182019159, 0.0 ], [ 52.763841311436977, 29.79019043577247, 0.0 ], [ 52.763938499738288, 29.790103815421581, 0.0 ], [ 52.764233413998213, 29.789949371276599, 0.0 ], [ 52.764559950887303, 29.789769675611481, 0.0 ], [ 52.764946050619962, 29.78954376437061, 0.0 ], [ 52.765341889022991, 29.789241985303221, 0.0 ], [ 52.765931350373592, 29.789014627179899, 0.0 ], [ 52.76646913064635, 29.788846694156511, 0.0 ], [ 52.767094657988238, 29.788641446328359, 0.0 ], [ 52.767325998415288, 29.788522786768421, 0.0 ], [ 52.76768001613361, 29.78842966352606, 0.0 ], [ 52.768171634545901, 29.788388570567399, 0.0 ], [ 52.768494397137943, 29.788307348288271, 0.0 ], [ 52.769010553082772, 29.788189969872001, 0.0 ], [ 52.769457967843422, 29.788068850406109, 0.0 ], [ 52.769737081900999, 29.787983785628661, 0.0 ], [ 52.769910358741278, 29.787864081893829, 0.0 ], [ 52.769823365183179, 29.787482396212159, 0.0 ], [ 52.769604434912416, 29.786570719109069, 0.0 ], [ 52.769236161149067, 29.786568678022331, 0.0 ], [ 52.768575263171122, 29.78662428268251, 0.0 ], [ 52.767694348220267, 29.786872596790388, 0.0 ], [ 52.766856586729979, 29.78717752598892, 0.0 ], [ 52.766623188092552, 29.787147960876009, 0.0 ], [ 52.766438969495383, 29.787180899823412, 0.0 ], [ 52.766262640985673, 29.787258893576929, 0.0 ], [ 52.766023555920249, 29.787329976892, 0.0 ], [ 52.765765337086812, 29.787399562277489, 0.0 ], [ 52.765335697773352, 29.787464491936639, 0.0 ], [ 52.765002960813902, 29.787515145306301, 0.0 ], [ 52.764295403078187, 29.787627195236301, 0.0 ], [ 52.763646821431941, 29.787752703191629, 0.0 ], [ 52.763246920253358, 29.787832235920241, 0.0 ], [ 52.762602954938536, 29.78811795507962, 0.0 ], [ 52.762123998228923, 29.788370119292491, 0.0 ], [ 52.761838096485313, 29.788438759701219, 0.0 ], [ 52.761573391395409, 29.788503634232089, 0.0 ], [ 52.761247625775248, 29.788489848821129, 0.0 ], [ 52.760989144655923, 29.788547962441982, 0.0 ], [ 52.760687500391519, 29.788620459824362, 0.0 ], [ 52.760100478146782, 29.788910825785621, 0.0 ], [ 52.759309231479733, 29.789307867608361, 0.0 ], [ 52.758829767362123, 29.789567791928299, 0.0 ], [ 52.758351021501973, 29.789878106888999, 0.0 ], [ 52.757936822580191, 29.79008696635529, 0.0 ], [ 52.757410764352237, 29.790318786953321, 0.0 ], [ 52.757131265582871, 29.790413102083509, 0.0 ], [ 52.756885302095682, 29.790465677425079, 0.0 ], [ 52.756004563645099, 29.791001188564071, 0.0 ], [ 52.755423448097247, 29.791384052646691, 0.0 ], [ 52.755065558604187, 29.791496623657821, 0.0 ], [ 52.754778300822963, 29.791534664712479, 0.0 ], [ 52.754480046452613, 29.79155673651309, 0.0 ], [ 52.754141982737274, 29.791641472901588, 0.0 ], [ 52.754000983459903, 29.791541352938619, 0.0 ], [ 52.753813018464243, 29.79123537784109, 0.0 ], [ 52.753624542189357, 29.79096342585289, 0.0 ], [ 52.75354799940542, 29.790743610699138, 0.0 ], [ 52.753462381264193, 29.790414360844451, 0.0 ], [ 52.753460115079683, 29.79025390519114, 0.0 ], [ 52.753487683734718, 29.789855283697019, 0.0 ], [ 52.753496187430891, 29.789439240457909, 0.0 ], [ 52.753679499021537, 29.789139163441071, 0.0 ], [ 52.753872235879967, 29.788792161052879, 0.0 ], [ 52.754061763737838, 29.788576458445661, 0.0 ], [ 52.754314635820492, 29.78818782408165, 0.0 ], [ 52.75456569413101, 29.788006547853659, 0.0 ], [ 52.754863749616412, 29.78790663597329, 0.0 ], [ 52.755171861157152, 29.787913961427801, 0.0 ], [ 52.755355783320432, 29.787735057661461, 0.0 ], [ 52.755455243691912, 29.787434473197081, 0.0 ], [ 52.755494884154928, 29.787234039775768, 0.0 ], [ 52.755474559712532, 29.787121869203428, 0.0 ], [ 52.755307801728677, 29.78705300354633, 0.0 ], [ 52.755164448471078, 29.78701641523358, 0.0 ], [ 52.755025180164957, 29.786942428293489, 0.0 ], [ 52.754889414679248, 29.78683146189956, 0.0 ], [ 52.754720392119317, 29.786647748864969, 0.0 ], [ 52.754540702118149, 29.7865043238921, 0.0 ], [ 52.754269924898438, 29.786346154450079, 0.0 ], [ 52.754121904414063, 29.786231965423919, 0.0 ], [ 52.753984428059368, 29.78610801444988, 0.0 ], [ 52.754020263140838, 29.78599610891726, 0.0 ], [ 52.754217586403193, 29.785984801453608, 0.0 ], [ 52.75445299518163, 29.785996146876482, 0.0 ], [ 52.754742179284733, 29.786089330715789, 0.0 ], [ 52.755085657335187, 29.786210445639291, 0.0 ], [ 52.755367393649401, 29.786215595517351, 0.0 ], [ 52.755510475593752, 29.786190834400969, 0.0 ], [ 52.755637237667877, 29.786169244840099, 0.0 ], [ 52.75588526473738, 29.786106854975959, 0.0 ], [ 52.756015158964203, 29.786080186053582, 0.0 ], [ 52.756101080017316, 29.786054589345099, 0.0 ], [ 52.756217918631613, 29.786043223909711, 0.0 ], [ 52.756298368307966, 29.785999768876088, 0.0 ], [ 52.756322513434498, 29.78593300098645, 0.0 ], [ 52.756310275658542, 29.785867064793521, 0.0 ], [ 52.756266714135819, 29.78575966483238, 0.0 ], [ 52.756190270774262, 29.785685295476551, 0.0 ], [ 52.756079455876943, 29.785575815960978, 0.0 ], [ 52.756002686249602, 29.78547883261103, 0.0 ], [ 52.755855339729003, 29.78538248537015, 0.0 ], [ 52.755708316692022, 29.78529315786486, 0.0 ], [ 52.755494961562214, 29.785204500002411, 0.0 ], [ 52.755294313640739, 29.785046893564932, 0.0 ], [ 52.755126609703098, 29.784862080704009, 0.0 ], [ 52.755006578004419, 29.784671762401231, 0.0 ], [ 52.754869155868398, 29.784485103486421, 0.0 ], [ 52.75467754487962, 29.784336238200709, 0.0 ], [ 52.754484938746202, 29.784236256636969, 0.0 ], [ 52.754349327128267, 29.784140442997678, 0.0 ], [ 52.754163255977318, 29.784039825629719, 0.0 ], [ 52.754019713409583, 29.78397846738671, 0.0 ], [ 52.753889122476878, 29.783938485269669, 0.0 ], [ 52.753629021081451, 29.783825848460872, 0.0 ], [ 52.753480062217093, 29.783751375617229, 0.0 ], [ 52.753366770924004, 29.783684850439531, 0.0 ], [ 52.753227721888017, 29.783575090507082, 0.0 ], [ 52.753121286404223, 29.783497811992579, 0.0 ], [ 52.753154437115398, 29.78344991537006, 0.0 ], [ 52.753272006424837, 29.78341344433229, 0.0 ], [ 52.753405564972887, 29.783422094116411, 0.0 ], [ 52.753562838546337, 29.783447033743709, 0.0 ], [ 52.753648448697227, 29.7834597579015, 0.0 ], [ 52.753744682526111, 29.783426083223649, 0.0 ], [ 52.753839979066377, 29.783401241553449, 0.0 ], [ 52.75395980353435, 29.783377262665589, 0.0 ], [ 52.754076835428393, 29.783408933346148, 0.0 ], [ 52.75424204299145, 29.783466933604831, 0.0 ], [ 52.754457857466811, 29.783556085224831, 0.0 ], [ 52.754642568964073, 29.78355015618077, 0.0 ], [ 52.75479053753137, 29.78358496962878, 0.0 ], [ 52.75486002615817, 29.783570455293649, 0.0 ], [ 52.754888067996802, 29.783707922634552, 0.0 ], [ 52.754959999410502, 29.783797131993168, 0.0 ], [ 52.755026107567822, 29.7838591311288, 0.0 ], [ 52.755109438279497, 29.783879607156091, 0.0 ], [ 52.755195632504233, 29.783918955882079, 0.0 ], [ 52.755274998091508, 29.78394159396926, 0.0 ], [ 52.755403163706063, 29.783979189714088, 0.0 ], [ 52.755475429630032, 29.784044856692638, 0.0 ], [ 52.755763815716357, 29.784258044328979, 0.0 ], [ 52.755949131114448, 29.784370006500371, 0.0 ], [ 52.756098254795937, 29.784460698082299, 0.0 ], [ 52.75626190915181, 29.7845134046716, 0.0 ], [ 52.756406512684123, 29.7845128475963, 0.0 ], [ 52.756636084353623, 29.784499910786689, 0.0 ], [ 52.756759093843151, 29.784494806805721, 0.0 ], [ 52.756934369125332, 29.784553646958329, 0.0 ], [ 52.75717296499537, 29.784564006891781, 0.0 ], [ 52.757393276299418, 29.78458530233296, 0.0 ], [ 52.757521640864553, 29.784480107570001, 0.0 ], [ 52.757588613218239, 29.78431850406443, 0.0 ], [ 52.757505689449729, 29.784174141091281, 0.0 ], [ 52.757295760037749, 29.784113074505051, 0.0 ], [ 52.757047535109358, 29.784018021765611, 0.0 ], [ 52.756808552012792, 29.783929038027932, 0.0 ], [ 52.756662462273411, 29.783819275247989, 0.0 ], [ 52.756346250931841, 29.78357926563805, 0.0 ], [ 52.75604792796242, 29.783264956191299, 0.0 ], [ 52.755551152154261, 29.782466911423409, 0.0 ], [ 52.755109826042322, 29.781925712451951, 0.0 ], [ 52.75459933548531, 29.781558090119152, 0.0 ], [ 52.754418116612648, 29.781370216287819, 0.0 ], [ 52.754311853468927, 29.781176755822749, 0.0 ], [ 52.754393382806683, 29.78103310896692, 0.0 ], [ 52.754556808103352, 29.78097390089864, 0.0 ], [ 52.754849093399983, 29.781053413131691, 0.0 ], [ 52.755170359668057, 29.781095215516672, 0.0 ], [ 52.755439149672618, 29.781110688118979, 0.0 ], [ 52.755749740370753, 29.781161694194321, 0.0 ], [ 52.755998704467672, 29.78113330411993, 0.0 ], [ 52.756191748450718, 29.78100594519422, 0.0 ], [ 52.756275606432872, 29.780851583382081, 0.0 ], [ 52.756269700762473, 29.780671020119339, 0.0 ], [ 52.756150207115247, 29.780479694897981, 0.0 ], [ 52.755918849513158, 29.780337468475441, 0.0 ], [ 52.755748856795108, 29.780215900787461, 0.0 ], [ 52.754794324636428, 29.779710632585779, 0.0 ], [ 52.753976690270001, 29.779192700127179, 0.0 ], [ 52.754093842969183, 29.778979286955892, 0.0 ], [ 52.754253573555111, 29.77883441308683, 0.0 ], [ 52.754343839386927, 29.77877365065773, 0.0 ], [ 52.754367310890508, 29.77863919879265, 0.0 ], [ 52.754346506906757, 29.778481710190459, 0.0 ], [ 52.754324623957572, 29.778371064899851, 0.0 ], [ 52.754185288189632, 29.778209479209519, 0.0 ], [ 52.754001332856838, 29.778075555421609, 0.0 ], [ 52.753752704250708, 29.77798205679456, 0.0 ], [ 52.753471982966737, 29.777775731490259, 0.0 ], [ 52.753341979473348, 29.77766190935154, 0.0 ], [ 52.753137827989462, 29.77760528394348, 0.0 ], [ 52.752981554306587, 29.777583712911241, 0.0 ], [ 52.752688318042082, 29.77765485009585, 0.0 ], [ 52.75231806543087, 29.77772813622558, 0.0 ], [ 52.751904304773291, 29.777728353196419, 0.0 ], [ 52.75147844212561, 29.777599063973909, 0.0 ], [ 52.751255477752387, 29.777553175624959, 0.0 ], [ 52.75098534697085, 29.777502229957459, 0.0 ], [ 52.750730656645523, 29.777471932676061, 0.0 ], [ 52.750456563977153, 29.777336511301559, 0.0 ], [ 52.750362013048267, 29.777191933594679, 0.0 ], [ 52.750255945668869, 29.777021194276131, 0.0 ], [ 52.750129935771433, 29.776863480656139, 0.0 ], [ 52.750276218490747, 29.776799419664261, 0.0 ], [ 52.750435322347549, 29.776795725212889, 0.0 ], [ 52.750755527059383, 29.776832432421092, 0.0 ], [ 52.751039360271633, 29.776847669994929, 0.0 ], [ 52.751261451690553, 29.776877965450691, 0.0 ], [ 52.751568352018367, 29.776810410217848, 0.0 ], [ 52.752007804605277, 29.77664174813324, 0.0 ], [ 52.752269221478947, 29.776311758848252, 0.0 ], [ 52.752394430404998, 29.776154147160518, 0.0 ], [ 52.752577672886453, 29.776027535226351, 0.0 ], [ 52.752757919644047, 29.775856154824378, 0.0 ], [ 52.752930441772243, 29.775684411032831, 0.0 ], [ 52.753206864611101, 29.775577021898989, 0.0 ], [ 52.753432458329911, 29.77550033768274, 0.0 ], [ 52.753711632152218, 29.77547168785269, 0.0 ], [ 52.754028142226481, 29.775443842286911, 0.0 ], [ 52.754145640578237, 29.77526573596889, 0.0 ], [ 52.754305502934074, 29.774939212380879, 0.0 ], [ 52.754583489442169, 29.774618730854929, 0.0 ], [ 52.754769273216347, 29.774266068480461, 0.0 ], [ 52.754665001376267, 29.77405861245823, 0.0 ], [ 52.754574055565179, 29.77387217395659, 0.0 ], [ 52.754451544522148, 29.77370498925271, 0.0 ], [ 52.754377997312623, 29.773502938613849, 0.0 ], [ 52.754329413494013, 29.77323329471373, 0.0 ], [ 52.754133731881851, 29.772949911820941, 0.0 ], [ 52.753954985199933, 29.772751338978541, 0.0 ], [ 52.753867395710337, 29.77252957455465, 0.0 ], [ 52.753680951336158, 29.772294610832699, 0.0 ], [ 52.7534174477831, 29.772081447271169, 0.0 ], [ 52.752829633240353, 29.772013972341661, 0.0 ], [ 52.751474470441003, 29.77244032281688, 0.0 ], [ 52.749812299369637, 29.7732797776879, 0.0 ], [ 52.74877306773918, 29.773842146172939, 0.0 ], [ 52.747349589427387, 29.774883238014141, 0.0 ], [ 52.746085094985169, 29.77568899750872, 0.0 ], [ 52.743605353543153, 29.777089719432279, 0.0 ], [ 52.741184340432532, 29.778712299914961, 0.0 ], [ 52.738969022300381, 29.780342300870782, 0.0 ], [ 52.73657445505696, 29.782722109018149, 0.0 ], [ 52.735001994616411, 29.784834465369919, 0.0 ], [ 52.733673726224943, 29.787420419318369, 0.0 ], [ 52.732702501775819, 29.788723217489459, 0.0 ], [ 52.732553395391697, 29.788958047687998, 0.0 ], [ 52.732360616671578, 29.789111038622021, 0.0 ], [ 52.732225911816961, 29.789235595295459, 0.0 ], [ 52.732096180461888, 29.789364497907741, 0.0 ], [ 52.731812309984498, 29.789591382947471, 0.0 ], [ 52.731489562422482, 29.789895687927249, 0.0 ], [ 52.731191521596223, 29.790171359526401, 0.0 ], [ 52.730291669981767, 29.791064499593531, 0.0 ], [ 52.72978407286022, 29.791509669854619, 0.0 ], [ 52.729355087568017, 29.79178852552975, 0.0 ], [ 52.728445928694271, 29.79222498079325, 0.0 ], [ 52.727787854797548, 29.79254172570235, 0.0 ], [ 52.727178621825267, 29.79276021687205, 0.0 ], [ 52.726440106093591, 29.792903608267849, 0.0 ], [ 52.725750203492957, 29.792993976216149, 0.0 ], [ 52.725254842214341, 29.793058143430819, 0.0 ], [ 52.724788971307412, 29.793132071000191, 0.0 ], [ 52.724248420810198, 29.79317640647993, 0.0 ], [ 52.723706581648699, 29.793165817568699, 0.0 ], [ 52.722951622485724, 29.793000333955, 0.0 ], [ 52.721965754148393, 29.792554973998399, 0.0 ], [ 52.720710392930783, 29.79201181154113, 0.0 ], [ 52.719728470040238, 29.791784286807381, 0.0 ], [ 52.719167708650822, 29.791597366631841, 0.0 ], [ 52.718729019039877, 29.791406631627289, 0.0 ], [ 52.718328475717378, 29.791181564487569, 0.0 ], [ 52.718057631311112, 29.79094123808137, 0.0 ], [ 52.717737197509223, 29.79077720656942, 0.0 ], [ 52.71732139579774, 29.790567398143441, 0.0 ], [ 52.717130660371502, 29.790334702473722, 0.0 ], [ 52.716947555706817, 29.789899826618282, 0.0 ], [ 52.716836928823163, 29.789678573803052, 0.0 ], [ 52.716714858605307, 29.789464951237019, 0.0 ], [ 52.716806411057377, 29.78917884901076, 0.0 ], [ 52.716947555500319, 29.789022447293011, 0.0 ], [ 52.717199325498122, 29.788759233310699, 0.0 ], [ 52.71740531821208, 29.788549424311899, 0.0 ], [ 52.717470168280791, 29.78838157808261, 0.0 ], [ 52.717573165348853, 29.788118362853709, 0.0 ], [ 52.717603682354827, 29.787889482012069, 0.0 ], [ 52.717706679848362, 29.78757667538401, 0.0 ], [ 52.717840194406683, 29.787313462183779, 0.0 ], [ 52.717924117331918, 29.7871036535084, 0.0 ], [ 52.71808501154586, 29.786914221238622, 0.0 ], [ 52.718847193101148, 29.785717188244551, 0.0 ], [ 52.721198433429301, 29.782800392592549, 0.0 ], [ 52.72407979518762, 29.779086602720941, 0.0 ], [ 52.725467929301857, 29.77730163915777, 0.0 ], [ 52.726394413647562, 29.776250043407011, 0.0 ], [ 52.727431295742527, 29.775525423674349, 0.0 ], [ 52.728164080239218, 29.774918363258099, 0.0 ], [ 52.729421022945239, 29.773872769512689, 0.0 ], [ 52.730871439383037, 29.772849555491941, 0.0 ], [ 52.73232305327776, 29.771808700677209, 0.0 ], [ 52.734071401853697, 29.770580233957521, 0.0 ], [ 52.73519111486435, 29.769795027232728, 0.0 ], [ 52.738702772654207, 29.768041611692411, 0.0 ], [ 52.740739821045402, 29.766744615284459, 0.0 ], [ 52.742681502646867, 29.765401841191689, 0.0 ], [ 52.743772507212377, 29.764791489811341, 0.0 ], [ 52.744577406891317, 29.764139175983988, 0.0 ], [ 52.745527266277058, 29.76340293961443, 0.0 ], [ 52.74660682626633, 29.76266670263886, 0.0 ], [ 52.748376846019873, 29.761446000292342, 0.0 ], [ 52.749132155460792, 29.760980607274721, 0.0 ], [ 52.748720168794577, 29.760705949302519, 0.0 ], [ 52.748151779070817, 29.76033592302155, 0.0 ], [ 52.747713088256788, 29.759771347813921, 0.0 ], [ 52.74767875651483, 29.759092331796051, 0.0 ], [ 52.747900008709252, 29.758489609460561, 0.0 ], [ 52.748579025015559, 29.758096695063038, 0.0 ], [ 52.749147414936068, 29.757650375492481, 0.0 ], [ 52.749670029322317, 29.75723457332478, 0.0 ], [ 52.750257491749927, 29.756643295659941, 0.0 ], [ 52.750619888078383, 29.756216048778299, 0.0 ], [ 52.750894546127761, 29.755994797868251, 0.0 ], [ 52.750905989595978, 29.755578996145239, 0.0 ], [ 52.750974653997872, 29.75522804433578, 0.0 ], [ 52.751283645391027, 29.754957200041911, 0.0 ], [ 52.751779554711213, 29.754030228912359, 0.0 ], [ 52.752885817008121, 29.752622604833579, 0.0 ], [ 52.753713607607821, 29.750856400176708, 0.0 ], [ 52.755163193124091, 29.7492046366031, 0.0 ], [ 52.75840926603189, 29.746892190474359, 0.0 ], [ 52.759977257902477, 29.747851409600781, 0.0 ], [ 52.760733966473438, 29.74731336304891, 0.0 ], [ 52.761198573616078, 29.74682416742391, 0.0 ], [ 52.761693942782678, 29.745954140478741, 0.0 ], [ 52.762055437325643, 29.745225277057859, 0.0 ], [ 52.761159165594833, 29.743794919477519, 0.0 ], [ 52.762128830296447, 29.74318122940015, 0.0 ], [ 52.76301765263306, 29.741376877572961, 0.0 ], [ 52.762838363974097, 29.740938187066721, 0.0 ], [ 52.762445449460337, 29.740308761957252, 0.0 ], [ 52.763193129204147, 29.739690780975891, 0.0 ], [ 52.763868331598893, 29.739431381001801, 0.0 ], [ 52.764261245146251, 29.739229202991531, 0.0 ], [ 52.764753340793227, 29.738977432733972, 0.0 ], [ 52.765222548385253, 29.73875236581214, 0.0 ], [ 52.765665052955399, 29.73858070484512, 0.0 ], [ 52.766023635327173, 29.738416672547942, 0.0 ], [ 52.76656150803931, 29.738340378629189, 0.0 ], [ 52.766958236331703, 29.738348008011371, 0.0 ], [ 52.76741600022676, 29.73829460201318, 0.0 ], [ 52.767446517550837, 29.737890244828289, 0.0 ], [ 52.767309683855117, 29.737097883551119, 0.0 ], [ 52.766996334929772, 29.737133795334099, 0.0 ], [ 52.766677912383209, 29.737194524499881, 0.0 ], [ 52.766290664258413, 29.737272263817459, 0.0 ], [ 52.765813827628712, 29.73742103666897, 0.0 ], [ 52.765256881352528, 29.737546922068489, 0.0 ], [ 52.764722823430397, 29.73765373250389, 0.0 ], [ 52.76435279712733, 29.73776436006219, 0.0 ], [ 52.764093398628283, 29.73785591183735, 0.0 ], [ 52.763612280438338, 29.738019794813791, 0.0 ], [ 52.763224771557539, 29.738123440396869, 0.0 ], [ 52.762842178429317, 29.738260270132869, 0.0 ], [ 52.762307345048526, 29.738428291877909, 0.0 ], [ 52.761836284169483, 29.73854305528257, 0.0 ], [ 52.761625391573432, 29.738596789750989, 0.0 ], [ 52.761381351269428, 29.738676067467001, 0.0 ], [ 52.761093032420114, 29.73877125841436, 0.0 ], [ 52.760583878022182, 29.73889732474391, 0.0 ], [ 52.760030745849527, 29.73902320993097, 0.0 ], [ 52.759538650576637, 29.739011766314441, 0.0 ], [ 52.759061811925839, 29.73916435269372, 0.0 ], [ 52.758527755658037, 29.739408494253681, 0.0 ], [ 52.757860183164112, 29.739698410064481, 0.0 ], [ 52.75704002275576, 29.739938735956219, 0.0 ], [ 52.756204604879997, 29.74026298553315, 0.0 ], [ 52.755600309052092, 29.740411428167651, 0.0 ], [ 52.754446029685568, 29.740880966333609, 0.0 ], [ 52.753614425546047, 29.741182327089589, 0.0 ], [ 52.748765944866769, 29.742506027423278, 0.0 ], [ 52.743239825500027, 29.74445390913257, 0.0 ], [ 52.742710682015591, 29.74463889365412, 0.0 ], [ 52.74212408032092, 29.744852426672772, 0.0 ], [ 52.740651594208373, 29.745473653358321, 0.0 ], [ 52.738951171193108, 29.74569437020228, 0.0 ], [ 52.737865662423872, 29.745906895071911, 0.0 ], [ 52.737388814418892, 29.745991224861271, 0.0 ], [ 52.736320612839883, 29.74648974143312, 0.0 ], [ 52.73492465555271, 29.74701812638186, 0.0 ], [ 52.735057587180883, 29.74736436507041, 0.0 ], [ 52.73506956957339, 29.7475597436976, 0.0 ], [ 52.735088986238061, 29.747778586151622, 0.0 ], [ 52.735095754982993, 29.747893079321798, 0.0 ], [ 52.735156510699817, 29.748144401321831, 0.0 ], [ 52.73500796077942, 29.74817159382631, 0.0 ], [ 52.734751327806869, 29.748203038550891, 0.0 ], [ 52.734439263541077, 29.748251056385829, 0.0 ], [ 52.734152466150732, 29.748300732705498, 0.0 ], [ 52.734060249893723, 29.748315513709851, 0.0 ], [ 52.733941713644413, 29.748330669419691, 0.0 ], [ 52.7338470202262, 29.748347632889701, 0.0 ], [ 52.733712072500083, 29.74834849566821, 0.0 ], [ 52.733613265236293, 29.748347642244369, 0.0 ], [ 52.733492697393793, 29.748303032501511, 0.0 ], [ 52.733467223882798, 29.748235187897219, 0.0 ], [ 52.733471613172362, 29.748173600902081, 0.0 ], [ 52.733404427163237, 29.748172186779438, 0.0 ], [ 52.733322121068888, 29.748164879417448, 0.0 ], [ 52.733213424233043, 29.74812889128799, 0.0 ], [ 52.733049392082037, 29.748102188888129, 0.0 ], [ 52.732824325316038, 29.748071671508601, 0.0 ], [ 52.732614516069361, 29.748006821383981, 0.0 ], [ 52.732316969912397, 29.74793052759275, 0.0 ], [ 52.732172010594908, 29.747812271230512, 0.0 ], [ 52.732015609227247, 29.747770309222471, 0.0 ], [ 52.731817346572342, 29.74776031080571, 0.0 ], [ 52.73161888084303, 29.747907639844861, 0.0 ], [ 52.73147010774106, 29.747999191291921, 0.0 ], [ 52.731239839199617, 29.748074718058149, 0.0 ], [ 52.730577469061281, 29.748052598010961, 0.0 ], [ 52.730089860040337, 29.7476631435046, 0.0 ], [ 52.729791538152739, 29.747469317888029, 0.0 ], [ 52.729617085715908, 29.747632153370471, 0.0 ], [ 52.729240954135989, 29.74729615108307, 0.0 ], [ 52.729297598346321, 29.747194218411199, 0.0 ], [ 52.729211207195313, 29.74707428353792, 0.0 ], [ 52.729330483696039, 29.746966763564242, 0.0 ], [ 52.729237075779203, 29.746561351548522, 0.0 ], [ 52.729183577370627, 29.746071157825231, 0.0 ], [ 52.729341226666278, 29.74593564634716, 0.0 ], [ 52.729446032807807, 29.745911024365238, 0.0 ], [ 52.729572269760531, 29.745665547572649, 0.0 ], [ 52.729668728034987, 29.745550331396402, 0.0 ], [ 52.729812794034423, 29.74545174887675, 0.0 ], [ 52.729903096014091, 29.74531475697183, 0.0 ], [ 52.729905525259532, 29.745166836986741, 0.0 ], [ 52.729957590697047, 29.745149101156279, 0.0 ], [ 52.730032872295112, 29.745117980370189, 0.0 ], [ 52.730098100568021, 29.745089141162921, 0.0 ], [ 52.730177775579648, 29.745075793808191, 0.0 ], [ 52.730243133291893, 29.745056120961632, 0.0 ], [ 52.730258812680567, 29.745041639030259, 0.0 ], [ 52.730221562135483, 29.745013633845421, 0.0 ], [ 52.73015875342066, 29.744963422907201, 0.0 ], [ 52.730103344567418, 29.74489098209898, 0.0 ], [ 52.730030766689048, 29.744786552384369, 0.0 ], [ 52.729998613018282, 29.74472581232531, 0.0 ], [ 52.729971756521508, 29.744657857788031, 0.0 ], [ 52.729935006865261, 29.744559233990181, 0.0 ], [ 52.729901761809593, 29.744443595967851, 0.0 ], [ 52.729850106462642, 29.744355485584261, 0.0 ], [ 52.729797964983113, 29.744288015003718, 0.0 ], [ 52.729718737351106, 29.744225731184159, 0.0 ], [ 52.729679485993103, 29.74425725412916, 0.0 ], [ 52.729531914135457, 29.744326372149921, 0.0 ], [ 52.72945041530749, 29.744347344702859, 0.0 ], [ 52.729386189677712, 29.744236587760561, 0.0 ], [ 52.729351531627117, 29.744043466199411, 0.0 ], [ 52.72946184825539, 29.743970564891221, 0.0 ], [ 52.729535896077849, 29.743896343899451, 0.0 ], [ 52.729702225323429, 29.743844460632371, 0.0 ], [ 52.729756716687142, 29.743791849606659, 0.0 ], [ 52.729754534234132, 29.74367617351837, 0.0 ], [ 52.729805665869563, 29.74354615869709, 0.0 ], [ 52.729861400948487, 29.74346868241847, 0.0 ], [ 52.729895932492447, 29.743449110561041, 0.0 ], [ 52.72993212678486, 29.743334225644279, 0.0 ], [ 52.729925416014737, 29.743259526529279, 0.0 ], [ 52.729913000531823, 29.74322382030206, 0.0 ], [ 52.729890822996083, 29.7431888588814, 0.0 ], [ 52.729860305798283, 29.743139267660609, 0.0 ], [ 52.729825973838182, 29.74311637983498, 0.0 ], [ 52.729772568191017, 29.743108750006499, 0.0 ], [ 52.729757308257447, 29.743085861831929, 0.0 ], [ 52.729768752494543, 29.74305915883162, 0.0 ], [ 52.729787826469, 29.74302482649794, 0.0 ], [ 52.729799270334027, 29.742994308635211, 0.0 ], [ 52.729803084471158, 29.74297142100739, 0.0 ], [ 52.729787826955423, 29.742940903976489, 0.0 ], [ 52.729757309214193, 29.74290657038901, 0.0 ], [ 52.729715346601907, 29.742891312776059, 0.0 ], [ 52.729665755271341, 29.742895126350199, 0.0 ], [ 52.729623794766198, 29.742902756968171, 0.0 ], [ 52.729597091654959, 29.74290657084557, 0.0 ], [ 52.729574202744217, 29.742887497996279, 0.0 ], [ 52.729570388190133, 29.7428493504895, 0.0 ], [ 52.729558944595389, 29.742815018330258, 0.0 ], [ 52.729513167157442, 29.742815018552541, 0.0 ], [ 52.729467391800782, 29.742803575038291, 0.0 ], [ 52.729417800171497, 29.74280357455941, 0.0 ], [ 52.729352950801989, 29.742792130403441, 0.0 ], [ 52.729303359904748, 29.74277687131239, 0.0 ], [ 52.729242325077053, 29.742769241732631, 0.0 ], [ 52.729188919025553, 29.742742538241391, 0.0 ], [ 52.72914314303187, 29.74273490948676, 0.0 ], [ 52.729055404190483, 29.742719650818461, 0.0 ], [ 52.72897529606297, 29.74271965108413, 0.0 ], [ 52.728879928819588, 29.742715836433788, 0.0 ], [ 52.728757857379428, 29.742727280936421, 0.0 ], [ 52.72867393483407, 29.742712021771769, 0.0 ], [ 52.728601455890413, 29.742696762814791, 0.0 ], [ 52.728578567955367, 29.74263572804913, 0.0 ], [ 52.728649732322559, 29.742514587539802, 0.0 ], [ 52.728707807783323, 29.742430736271849, 0.0 ], [ 52.728950213264291, 29.742120457526521, 0.0 ], [ 52.729076597081303, 29.742029821495841, 0.0 ], [ 52.729116761085159, 29.74192589909574, 0.0 ], [ 52.729207318008413, 29.741823696483891, 0.0 ], [ 52.729293404155833, 29.741704209406631, 0.0 ], [ 52.729203229909267, 29.741643503808259, 0.0 ], [ 52.729109648438488, 29.741599695577289, 0.0 ], [ 52.72894867653028, 29.741575257603071, 0.0 ], [ 52.728892240826738, 29.741568321147529, 0.0 ], [ 52.728857039996718, 29.741590500065911, 0.0 ], [ 52.728736198339469, 29.741600867354691, 0.0 ], [ 52.728660074096219, 29.741616314825141, 0.0 ], [ 52.728581740270798, 29.741623803179809, 0.0 ], [ 52.728484027895448, 29.74160683735229, 0.0 ], [ 52.728429732984402, 29.741594750450549, 0.0 ], [ 52.728202639208668, 29.741613014390818, 0.0 ], [ 52.728066963720963, 29.741628263114961, 0.0 ], [ 52.727944518778934, 29.741610925163808, 0.0 ], [ 52.727914819880127, 29.741573695812122, 0.0 ], [ 52.727958364179877, 29.74136151564969, 0.0 ], [ 52.727902064689921, 29.74132730176613, 0.0 ], [ 52.727823256734133, 29.74126625185303, 0.0 ], [ 52.727760259608218, 29.74125482961108, 0.0 ], [ 52.727682292452243, 29.741207110742149, 0.0 ], [ 52.727617263071657, 29.74115181060148, 0.0 ], [ 52.727597245272108, 29.741108988702191, 0.0 ], [ 52.727574942808992, 29.741073358982831, 0.0 ], [ 52.727426761310831, 29.741096849405409, 0.0 ], [ 52.727496783960461, 29.740914396863559, 0.0 ], [ 52.727544077562101, 29.740791690031461, 0.0 ], [ 52.727613654368852, 29.740519455797031, 0.0 ], [ 52.727744218626484, 29.740286694191049, 0.0 ], [ 52.727816410019472, 29.740132198495619, 0.0 ], [ 52.727857709276783, 29.740005386837311, 0.0 ], [ 52.727817757128598, 29.739914521366469, 0.0 ], [ 52.727800687406699, 29.739853562919109, 0.0 ], [ 52.727790570871093, 29.73970391451865, 0.0 ], [ 52.727772574435711, 29.73956822182355, 0.0 ], [ 52.727743956708608, 29.739446875227461, 0.0 ], [ 52.727707253342388, 29.739311984408019, 0.0 ], [ 52.727648528028013, 29.739224611335018, 0.0 ], [ 52.727593307080667, 29.73918797859691, 0.0 ], [ 52.727594921598758, 29.738654779013789, 0.0 ], [ 52.727207138188902, 29.738546235659889, 0.0 ], [ 52.726712826347757, 29.739470296381601, 0.0 ], [ 52.726562150296509, 29.739403527365369, 0.0 ], [ 52.726433291827433, 29.739316423765711, 0.0 ], [ 52.726249562730587, 29.739269165429921, 0.0 ], [ 52.726033415333561, 29.73922953902024, 0.0 ], [ 52.725826753897067, 29.739122287501178, 0.0 ], [ 52.725702763482737, 29.739031712624168, 0.0 ], [ 52.725608980987779, 29.738946532730552, 0.0 ], [ 52.725372303824713, 29.73882818851768, 0.0 ], [ 52.725614183928087, 29.73855875556465, 0.0 ], [ 52.725246237041851, 29.738293805008212, 0.0 ], [ 52.725154368634307, 29.73824928755462, 0.0 ], [ 52.725071776831882, 29.738306868353771, 0.0 ], [ 52.724987092059997, 29.738385210057739, 0.0 ], [ 52.724924852996672, 29.738445435303031, 0.0 ], [ 52.724751456350901, 29.73858940180062, 0.0 ], [ 52.724509106346233, 29.738728812484698, 0.0 ], [ 52.723945732762338, 29.73823912160265, 0.0 ], [ 52.723353711099051, 29.73788301057867, 0.0 ], [ 52.723136241754169, 29.73800564418158, 0.0 ], [ 52.722986221072468, 29.738016129865581, 0.0 ], [ 52.72279404419298, 29.738002277367841, 0.0 ], [ 52.722555160838887, 29.737920761913031, 0.0 ], [ 52.722333908005602, 29.737909317415241, 0.0 ], [ 52.722154616072572, 29.737867355993281, 0.0 ], [ 52.721990584575472, 29.737836838849809, 0.0 ], [ 52.721845626369273, 29.73781395117615, 0.0 ], [ 52.721719741462977, 29.737806320983349, 0.0 ], [ 52.721674784493651, 29.73780090304459, 0.0 ], [ 52.721573057193552, 29.73826326002121, 0.0 ], [ 52.721362682160112, 29.738288187095399, 0.0 ], [ 52.721174282552553, 29.738155617722889, 0.0 ], [ 52.721068923224188, 29.738091093184352, 0.0 ], [ 52.720598219799463, 29.738027573656481, 0.0 ], [ 52.720468520590352, 29.738058091021632, 0.0 ], [ 52.720357894652139, 29.73803520282739, 0.0 ], [ 52.720212935539287, 29.737989426816441, 0.0 ], [ 52.720079421103677, 29.73786735589826, 0.0 ], [ 52.719906547157088, 29.737722880123471, 0.0 ], [ 52.719778060132839, 29.737611771303921, 0.0 ], [ 52.7196636192052, 29.737546921517581, 0.0 ], [ 52.718997918415432, 29.736912916244069, 0.0 ], [ 52.719141005236587, 29.736803055937621, 0.0 ], [ 52.719217298693373, 29.736757278639971, 0.0 ], [ 52.719476698755187, 29.736692429594381, 0.0 ], [ 52.71971702521607, 29.73665809613798, 0.0 ], [ 52.719915388779839, 29.736612320793711, 0.0 ], [ 52.720045089383262, 29.736589432846969, 0.0 ], [ 52.720167158985412, 29.736551285215501, 0.0 ], [ 52.720399855973447, 29.736501694562971, 0.0 ], [ 52.720586775846087, 29.736520767450731, 0.0 ], [ 52.720758436888829, 29.736448288359831, 0.0 ], [ 52.720777510784188, 29.73634910613336, 0.0 ], [ 52.720685958668618, 29.73615455685993, 0.0 ], [ 52.720540999128943, 29.736078262109899, 0.0 ], [ 52.720373153243287, 29.73597526646315, 0.0 ], [ 52.720178603130741, 29.735837936466972, 0.0 ], [ 52.719964980365333, 29.735757828233499, 0.0 ], [ 52.719747542523884, 29.73571968146674, 0.0 ], [ 52.719491958314229, 29.73568534957402, 0.0 ], [ 52.719263076319038, 29.735620499486419, 0.0 ], [ 52.719049452983157, 29.735578537641359, 0.0 ], [ 52.718843459643828, 29.735540390464639, 0.0 ], [ 52.718698501866442, 29.73548698468856, 0.0 ], [ 52.718633652403312, 29.73546028099528, 0.0 ], [ 52.718568802140702, 29.735380173466581, 0.0 ], [ 52.718484878461283, 29.735292435723281, 0.0 ], [ 52.718439101516509, 29.735235214217031, 0.0 ], [ 52.718420029034029, 29.735185623036489, 0.0 ], [ 52.718477249054807, 29.735139847553739, 0.0 ], [ 52.718538284114587, 29.735086441462059, 0.0 ], [ 52.71859931902739, 29.735036850225931, 0.0 ], [ 52.718702315532369, 29.734964371445962, 0.0 ], [ 52.718748092957902, 29.73489952119602, 0.0 ], [ 52.718671798494043, 29.73485374559543, 0.0 ], [ 52.718599319350837, 29.734838486359369, 0.0 ], [ 52.718408584939702, 29.73477363641566, 0.0 ], [ 52.718297957623562, 29.73472023005424, 0.0 ], [ 52.718130112006932, 29.734659195106321, 0.0 ], [ 52.717924117343863, 29.734670639004712, 0.0 ], [ 52.717748642037307, 29.734647751279329, 0.0 ], [ 52.717565536264523, 29.734582901216228, 0.0 ], [ 52.717489242298903, 29.734544754667379, 0.0 ], [ 52.717397689844269, 29.734563828128731, 0.0 ], [ 52.717267989331923, 29.734521866749262, 0.0 ], [ 52.7171344755793, 29.73443794409884, 0.0 ], [ 52.716974257954632, 29.73437309393422, 0.0 ], [ 52.716756820703409, 29.734266282352792, 0.0 ], [ 52.71660804699524, 29.734159471129121, 0.0 ], [ 52.716436385905148, 29.734037400224231, 0.0 ], [ 52.716329574458548, 29.73398018011245, 0.0 ], [ 52.716215133686433, 29.7339153298417, 0.0 ], [ 52.715948104923868, 29.733907700988151, 0.0 ], [ 52.715833663907539, 29.733915329565932, 0.0 ], [ 52.715696334890531, 29.733896255569661, 0.0 ], [ 52.715639113338447, 29.733880998061871, 0.0 ], [ 52.715547561878793, 29.733884811589341, 0.0 ], [ 52.715448379000271, 29.733919144711031, 0.0 ], [ 52.715387343794042, 29.73390007112063, 0.0 ], [ 52.715322494538057, 29.73388481220103, 0.0 ], [ 52.71530723587523, 29.733831406719499, 0.0 ], [ 52.715314864697213, 29.733774185617978, 0.0 ], [ 52.715322494143251, 29.733724595179041, 0.0 ], [ 52.715353011004119, 29.73369026263725, 0.0 ], [ 52.715375899721678, 29.7336635594915, 0.0 ], [ 52.715421676913493, 29.733652116018781, 0.0 ], [ 52.715463637750368, 29.7336483012459, 0.0 ], [ 52.715513228761829, 29.73363685702353, 0.0 ], [ 52.715574264640438, 29.73364067191655, 0.0 ], [ 52.715623855420347, 29.73363304163809, 0.0 ], [ 52.715677260662453, 29.733613968662741, 0.0 ], [ 52.715734481752023, 29.73357582229777, 0.0 ], [ 52.715784072617609, 29.733545303556731, 0.0 ], [ 52.715852736393558, 29.7335033427665, 0.0 ], [ 52.715921401774288, 29.733469009884601, 0.0 ], [ 52.715986251210069, 29.733434677728908, 0.0 ], [ 52.716043471590723, 29.73338508659247, 0.0 ], [ 52.716089248274031, 29.733358384266769, 0.0 ], [ 52.716150283077063, 29.733316423012301, 0.0 ], [ 52.716192244442553, 29.733297348470241, 0.0 ], [ 52.716249465645859, 29.733270645638449, 0.0 ], [ 52.716318130052677, 29.73325157300718, 0.0 ], [ 52.716375351008978, 29.73322868410694, 0.0 ], [ 52.716424941526718, 29.7332210544403, 0.0 ], [ 52.716466903861203, 29.73320198160528, 0.0 ], [ 52.716527938422907, 29.733182907682309, 0.0 ], [ 52.716592788506368, 29.73314857613212, 0.0 ], [ 52.716653823883242, 29.733133317025281, 0.0 ], [ 52.716726303117348, 29.733110428537589, 0.0 ], [ 52.716794967297993, 29.733091354764241, 0.0 ], [ 52.71684455907819, 29.733076096964322, 0.0 ], [ 52.716913222594648, 29.73307228176996, 0.0 ], [ 52.716974257574172, 29.73306465228907, 0.0 ], [ 52.717042922561163, 29.73307609654098, 0.0 ], [ 52.717115401676821, 29.73307991112371, 0.0 ], [ 52.717199325525648, 29.733079911145069, 0.0 ], [ 52.717271804933723, 29.733076096774589, 0.0 ], [ 52.717344283285243, 29.733072281475899, 0.0 ], [ 52.717416762809137, 29.733064652142001, 0.0 ], [ 52.717489242448274, 29.733053207884488, 0.0 ], [ 52.717557906314958, 29.733037949508589, 0.0 ], [ 52.717630386318469, 29.733045578680159, 0.0 ], [ 52.71769142225925, 29.733037949759819, 0.0 ], [ 52.717790603796409, 29.733026506111131, 0.0 ], [ 52.717878341972977, 29.73300743140204, 0.0 ], [ 52.717935562322957, 29.732988358533611, 0.0 ], [ 52.718008041033123, 29.732969285144609, 0.0 ], [ 52.718084334888857, 29.732938767162189, 0.0 ], [ 52.718126296871262, 29.732915878933799, 0.0 ], [ 52.71816062881507, 29.732904435156168, 0.0 ], [ 52.718210220255727, 29.732889175953691, 0.0 ], [ 52.718255996941487, 29.73287010266128, 0.0 ], [ 52.718301773413508, 29.732858659120069, 0.0 ], [ 52.718362807489861, 29.732835770390679, 0.0 ], [ 52.718416214104288, 29.732805252571008, 0.0 ], [ 52.718496323419977, 29.732782365100949, 0.0 ], [ 52.718568802316938, 29.73274421790213, 0.0 ], [ 52.71865654019156, 29.73272132961327, 0.0 ], [ 52.718729019327313, 29.732713699573999, 0.0 ], [ 52.718805312610478, 29.73269081185822, 0.0 ], [ 52.718877791479649, 29.732694626385989, 0.0 ], [ 52.718976973242512, 29.732698441381711, 0.0 ], [ 52.719076156027207, 29.73270225538726, 0.0 ], [ 52.719175338008029, 29.732694626489849, 0.0 ], [ 52.719255445618842, 29.732694626972538, 0.0 ], [ 52.719324111130078, 29.732671738811231, 0.0 ], [ 52.719385145872018, 29.732648849609891, 0.0 ], [ 52.719480514077951, 29.732633591553611, 0.0 ], [ 52.719621656820827, 29.732572556438718, 0.0 ], [ 52.719682692616708, 29.732538223349689, 0.0 ], [ 52.719739912706153, 29.73248863247823, 0.0 ], [ 52.719785689097229, 29.732454300953709, 0.0 ], [ 52.719850538660118, 29.732412338992379, 0.0 ], [ 52.719907760403153, 29.73238563550872, 0.0 ], [ 52.719976424452433, 29.7323703776995, 0.0 ], [ 52.720033645035748, 29.73235130393865, 0.0 ], [ 52.720109938777043, 29.732324600597849, 0.0 ], [ 52.720197677006297, 29.73229408334349, 0.0 ], [ 52.720277785596963, 29.732252121324741, 0.0 ], [ 52.720350265436743, 29.732221603825231, 0.0 ], [ 52.720403670014278, 29.732202530794211, 0.0 ], [ 52.720453260815269, 29.732175827939908, 0.0 ], [ 52.720529555350751, 29.732145309472511, 0.0 ], [ 52.72059440539136, 29.732118607574179, 0.0 ], [ 52.720663070176244, 29.732095718743789, 0.0 ], [ 52.720739364576389, 29.73207664570192, 0.0 ], [ 52.720952987270827, 29.732015610494319, 0.0 ], [ 52.7210903165386, 29.7319927226171, 0.0 ], [ 52.721208571623819, 29.731950761071719, 0.0 ], [ 52.721345900607822, 29.73188972594787, 0.0 ], [ 52.721445083490842, 29.73185157903416, 0.0 ], [ 52.721578597411472, 29.731798172534049, 0.0 ], [ 52.721700667774172, 29.731737137958891, 0.0 ], [ 52.721834182497993, 29.731691360954979, 0.0 ], [ 52.721944808373969, 29.731653214564052, 0.0 ], [ 52.722089766161147, 29.731599808428189, 0.0 ], [ 52.722188949455898, 29.731557846988469, 0.0 ], [ 52.722307204529002, 29.731512070507851, 0.0 ], [ 52.722440719910132, 29.731481552410521, 0.0 ], [ 52.722558974264913, 29.731470108721538, 0.0 ], [ 52.722642898226127, 29.73143959080733, 0.0 ], [ 52.722818374957711, 29.731401444024449, 0.0 ], [ 52.722970962443007, 29.731344223790661, 0.0 ], [ 52.723070144946362, 29.731294632861879, 0.0 ], [ 52.72321510270028, 29.731245041299939, 0.0 ], [ 52.723295211488903, 29.7312145239381, 0.0 ], [ 52.723474502724578, 29.73114967391389, 0.0 ], [ 52.723543166252263, 29.731088638470681, 0.0 ], [ 52.72370338345339, 29.730993271226019, 0.0 ], [ 52.723844528251817, 29.730924606449911, 0.0 ], [ 52.723966598782617, 29.730848312134409, 0.0 ], [ 52.724012374332702, 29.730825424742282, 0.0 ], [ 52.724061965762459, 29.730806351221631, 0.0 ], [ 52.724142075078497, 29.730779648231319, 0.0 ], [ 52.724210739144063, 29.730756760316641, 0.0 ], [ 52.724260330005301, 29.730722427222979, 0.0 ], [ 52.724279403784791, 29.73068809564095, 0.0 ], [ 52.724317550447473, 29.730657578543351, 0.0 ], [ 52.724367141799057, 29.730672836097579, 0.0 ], [ 52.724412917529392, 29.730691910408879, 0.0 ], [ 52.72446632357228, 29.730672836658481, 0.0 ], [ 52.724546432151669, 29.730661392042471, 0.0 ], [ 52.724618912239102, 29.730649948446171, 0.0 ], [ 52.724714278592437, 29.730661392646791, 0.0 ], [ 52.724786757463711, 29.73064613319611, 0.0 ], [ 52.724840164000497, 29.730642319698571, 0.0 ], [ 52.724916458319598, 29.730646133552199, 0.0 ], [ 52.724962233547437, 29.730596542611341, 0.0 ], [ 52.724988937456267, 29.730558395850689, 0.0 ], [ 52.724950790191457, 29.730485915994151, 0.0 ], [ 52.724905014218628, 29.730432510690949, 0.0 ], [ 52.724870681975432, 29.730363846485151, 0.0 ], [ 52.724836349020869, 29.730302811128631, 0.0 ], [ 52.724790573103327, 29.730218887668869, 0.0 ], [ 52.724744796919182, 29.73015403767517, 0.0 ], [ 52.724725723228197, 29.730096817689859, 0.0 ], [ 52.724718093631687, 29.730035782552061, 0.0 ], [ 52.724710464448002, 29.729986191136039, 0.0 ], [ 52.724714278855807, 29.72994804408507, 0.0 ], [ 52.724740982422126, 29.729902267623931, 0.0 ], [ 52.724782944359141, 29.729898453537409, 0.0 ], [ 52.724828720163629, 29.729871750093888, 0.0 ], [ 52.724874496378341, 29.729856491260069, 0.0 ], [ 52.724939346223721, 29.729841231925509, 0.0 ], [ 52.724992751893673, 29.72982597466121, 0.0 ], [ 52.725053786819309, 29.72980690049615, 0.0 ], [ 52.725152967961847, 29.729761124761762, 0.0 ], [ 52.725111007187778, 29.729635239459981, 0.0 ], [ 52.72506141607083, 29.729536057587669, 0.0 ], [ 52.725038527900473, 29.729433060122069, 0.0 ], [ 52.725019455391397, 29.72932624856389, 0.0 ], [ 52.725008010577419, 29.72920036334353, 0.0 ], [ 52.724977493431588, 29.729131699040899, 0.0 ], [ 52.724931716948888, 29.729047775612631, 0.0 ], [ 52.724912642487297, 29.728910446840619, 0.0 ], [ 52.724851607671781, 29.728776933052899, 0.0 ], [ 52.724824904633557, 29.728628159801861, 0.0 ], [ 52.724775313568571, 29.728536606639619, 0.0 ], [ 52.7246837624281, 29.72842216604657, 0.0 ], [ 52.724592209431947, 29.728307725406861, 0.0 ], [ 52.724576950243147, 29.728261949022372, 0.0 ], [ 52.724580764544548, 29.72818946896885, 0.0 ], [ 52.724584578753827, 29.728052139599029, 0.0 ], [ 52.724618912313503, 29.72791481132602, 0.0 ], [ 52.724630355786921, 29.727807999904261, 0.0 ], [ 52.724645615429523, 29.727685928862609, 0.0 ], [ 52.724637985382188, 29.727602006235031, 0.0 ], [ 52.724630355582981, 29.727495193430631, 0.0 ], [ 52.72461509708446, 29.72740364210301, 0.0 ], [ 52.724622725992909, 29.727331161957441, 0.0 ], [ 52.724615097179942, 29.727220536060511, 0.0 ], [ 52.72462272561657, 29.72710228098725, 0.0 ], [ 52.72462272579169, 29.727014542388709, 0.0 ], [ 52.724615097091103, 29.72696876581136, 0.0 ], [ 52.724580764903287, 29.7269191749503, 0.0 ], [ 52.724611282289693, 29.72686958356562, 0.0 ], [ 52.724660872737942, 29.726819992654519, 0.0 ], [ 52.724721909177227, 29.726774216317519, 0.0 ], [ 52.724729538399842, 29.726713181696809, 0.0 ], [ 52.724714278660691, 29.72667503507768, 0.0 ], [ 52.724714278770783, 29.72661781370153, 0.0 ], [ 52.72468376166271, 29.726549149279592, 0.0 ], [ 52.724161147833911, 29.725877762936999, 0.0 ], [ 52.724096297764333, 29.72587394743687, 0.0 ], [ 52.723974227428279, 29.725889206386601, 0.0 ], [ 52.723867415954729, 29.725927353353569, 0.0 ], [ 52.723779677508659, 29.72597312970591, 0.0 ], [ 52.723657607446107, 29.726007462764301, 0.0 ], [ 52.723497390512023, 29.726049423284159, 0.0 ], [ 52.723337173243657, 29.726079941683441, 0.0 ], [ 52.723211288200837, 29.726110458604609, 0.0 ], [ 52.723112105375513, 29.726148605799558, 0.0 ], [ 52.722997664164012, 29.726190567946841, 0.0 ], [ 52.722826003497538, 29.726205826315201, 0.0 ], [ 52.72277259753961, 29.726236344000341, 0.0 ], [ 52.722688674313758, 29.72630882377597, 0.0 ], [ 52.722616195790067, 29.726381302512031, 0.0 ], [ 52.722524642187352, 29.72646141201577, 0.0 ], [ 52.722467421741143, 29.726522446847142, 0.0 ], [ 52.722379683983071, 29.726453781270131, 0.0 ], [ 52.722303390347747, 29.72650718726592, 0.0 ], [ 52.722238540573571, 29.726572037819619, 0.0 ], [ 52.722002028560311, 29.726865769115012, 0.0 ], [ 52.7222423546838, 29.727064134009179, 0.0 ], [ 52.722135543185694, 29.727205276898001, 0.0 ], [ 52.722013473028397, 29.727369309030969, 0.0 ], [ 52.721895217361279, 29.727567674081339, 0.0 ], [ 52.721784591293627, 29.727716446471739, 0.0 ], [ 52.721708297500719, 29.727781296794589, 0.0 ], [ 52.721605300894623, 29.727819443802151, 0.0 ], [ 52.721490859196003, 29.727857590731119, 0.0 ], [ 52.721323012210739, 29.727945329090058, 0.0 ], [ 52.721151351291653, 29.728017807692471, 0.0 ], [ 52.720964431354624, 29.72813224879993, 0.0 ], [ 52.720819472719988, 29.728166581015071, 0.0 ], [ 52.720701216902071, 29.728162767154121, 0.0 ], [ 52.720632552749549, 29.728174211289829, 0.0 ], [ 52.72048759417347, 29.728174211010099, 0.0 ], [ 52.720296859529157, 29.728174211013009, 0.0 ], [ 52.720121382813467, 29.728147507652551, 0.0 ], [ 52.720006941912779, 29.72812461969912, 0.0 ], [ 52.719896316513463, 29.72812080519676, 0.0 ], [ 52.719770430860471, 29.72808265826389, 0.0 ], [ 52.719732284037349, 29.728021623197701, 0.0 ], [ 52.719663619272978, 29.7280025486764, 0.0 ], [ 52.719629286981487, 29.727956773169169, 0.0 ], [ 52.719610213347302, 29.727910996085161, 0.0 ], [ 52.719614027763498, 29.727861404470652, 0.0 ], [ 52.719621656663733, 29.727823257566829, 0.0 ], [ 52.719583509931347, 29.727769853118151, 0.0 ], [ 52.719545363011157, 29.727727890602601, 0.0 ], [ 52.719484327950767, 29.727701188136312, 0.0 ], [ 52.719427108317568, 29.727689743425159, 0.0 ], [ 52.719335555050648, 29.727663041280699, 0.0 ], [ 52.719266889580268, 29.727643967455219, 0.0 ], [ 52.719205855434943, 29.72762870859377, 0.0 ], [ 52.719156263914563, 29.727628708572709, 0.0 ], [ 52.719041823302938, 29.727628709060099, 0.0 ], [ 52.718900680190792, 29.72762489400511, 0.0 ], [ 52.718797682575833, 29.727621078747049, 0.0 ], [ 52.718629836712807, 29.72762489349104, 0.0 ], [ 52.718275069819747, 29.727624893910999, 0.0 ], [ 52.717718124152853, 29.727624893821108, 0.0 ], [ 52.717313766204079, 29.727636337537781, 0.0 ], [ 52.716947555348867, 29.72763252364355, 0.0 ], [ 52.716669083077733, 29.727663040630642, 0.0 ], [ 52.716299056575217, 29.72769737277493, 0.0 ], [ 52.715997695538107, 29.727735519916749, 0.0 ], [ 52.71574974014225, 29.727762223210881, 0.0 ], [ 52.715402602411231, 29.727769853272481, 0.0 ], [ 52.715093611996608, 29.72778129649878, 0.0 ], [ 52.714845656429837, 29.7278041850252, 0.0 ], [ 52.714673995712197, 29.727785110648561, 0.0 ], [ 52.714292524822042, 29.727910995737709, 0.0 ], [ 52.713888167223587, 29.728090286834991, 0.0 ], [ 52.713571547110611, 29.728212357878061, 0.0 ], [ 52.713319777502193, 29.728300095555671, 0.0 ], [ 52.713018416094663, 29.728380204284498, 0.0 ], [ 52.712564466967542, 29.728551865639449, 0.0 ], [ 52.712072371993507, 29.728693008999311, 0.0 ], [ 52.711786269531899, 29.728780746755909, 0.0 ], [ 52.711465835680933, 29.728853227112829, 0.0 ], [ 52.711084365411779, 29.728910446820489, 0.0 ], [ 52.710935592909138, 29.72892952106659, 0.0 ], [ 52.710794448677667, 29.72897911221186, 0.0 ], [ 52.710432052596602, 29.72896385317301, 0.0 ], [ 52.710054397946386, 29.728956224293459, 0.0 ], [ 52.709493636647863, 29.72895240882551, 0.0 ], [ 52.708894729118981, 29.728940964735369, 0.0 ], [ 52.708379744827567, 29.72893333493467, 0.0 ], [ 52.707815168906073, 29.728975297011011, 0.0 ], [ 52.707426070455377, 29.729024888259701, 0.0 ], [ 52.707048414681658, 29.729082109442889, 0.0 ], [ 52.70662498380711, 29.729139328874268, 0.0 ], [ 52.706251142919882, 29.729188920244759, 0.0 ], [ 52.705747604232513, 29.729223250805081, 0.0 ], [ 52.7056140894029, 29.72919273540743, 0.0 ], [ 52.705434799294473, 29.729120255814649, 0.0 ], [ 52.705263138023518, 29.729085923186769, 0.0 ], [ 52.705110549325383, 29.729078294300621, 0.0 ], [ 52.704992294007617, 29.72909736750902, 0.0 ], [ 52.70485496441178, 29.729120255812049, 0.0 ], [ 52.704683303878809, 29.729139329180441, 0.0 ], [ 52.704549789047981, 29.729173661448339, 0.0 ], [ 52.704332351343552, 29.729249953737689, 0.0 ], [ 52.704179763475032, 29.729242325576038, 0.0 ], [ 52.703989028378928, 29.729276656948731, 0.0 ], [ 52.703813552177223, 29.729280471815869, 0.0 ], [ 52.703630446485228, 29.729284286317139, 0.0 ], [ 52.703489303078307, 29.729269028208819, 0.0 ], [ 52.703081130551567, 29.72918510522976, 0.0 ], [ 52.702920913703558, 29.72918129123947, 0.0 ], [ 52.702817916708973, 29.729188919979521, 0.0 ], [ 52.702550887025552, 29.72920417927266, 0.0 ], [ 52.702127456515903, 29.729246141015349, 0.0 ], [ 52.701807020847781, 29.72926902795755, 0.0 ], [ 52.701421737181548, 29.72929954485021, 0.0 ], [ 52.701135634184347, 29.729356765905969, 0.0 ], [ 52.700685499633657, 29.729375839456921, 0.0 ], [ 52.700517653307458, 29.729330062847321, 0.0 ], [ 52.70025443932937, 29.729276657998419, 0.0 ], [ 52.700029371965428, 29.729173661511961, 0.0 ], [ 52.699773787744981, 29.729097366608741, 0.0 ], [ 52.699312209811048, 29.728925706444741, 0.0 ], [ 52.699232101248647, 29.72893715024847, 0.0 ], [ 52.699106216194593, 29.728952409244901, 0.0 ], [ 52.698820113884658, 29.72897148166847, 0.0 ], [ 52.698446273486262, 29.729005814892218, 0.0 ], [ 52.698019027558153, 29.729013444039431, 0.0 ], [ 52.69764137273112, 29.728986741249059, 0.0 ], [ 52.697130202248559, 29.728979111622731, 0.0 ], [ 52.696893691857497, 29.728963853095891, 0.0 ], [ 52.69661903334088, 29.72899055633215, 0.0 ], [ 52.696310041896922, 29.729009628947701, 0.0 ], [ 52.696016310860472, 29.729055406319532, 0.0 ], [ 52.69558524991735, 29.72914695843961, 0.0 ], [ 52.695283889424097, 29.72917747577976, 0.0 ], [ 52.694890975001151, 29.729204178928921, 0.0 ], [ 52.694524764402551, 29.729211808226609, 0.0 ], [ 52.694189070568633, 29.729207994519321, 0.0 ], [ 52.693754194556902, 29.729192735130169, 0.0 ], [ 52.693387984829997, 29.729200363975831, 0.0 ], [ 52.692934035593403, 29.729143143728759, 0.0 ], [ 52.692468642948697, 29.729135514111679, 0.0 ], [ 52.692094802415482, 29.729101181814151, 0.0 ], [ 52.691659926315381, 29.729162217343401, 0.0 ], [ 52.691122054390412, 29.729196548620578, 0.0 ], [ 52.690485000958311, 29.729257584953881, 0.0 ], [ 52.690126418458057, 29.729276657653909, 0.0 ], [ 52.689832686360027, 29.729272842868681, 0.0 ], [ 52.689348220134853, 29.729314805098301, 0.0 ], [ 52.688852309083622, 29.729379654926749, 0.0 ], [ 52.688711165215352, 29.729383469996129, 0.0 ], [ 52.688615797851519, 29.729356767105351, 0.0 ], [ 52.688470839227222, 29.729341508201191, 0.0 ], [ 52.68824195809669, 29.72929191720911, 0.0 ], [ 52.687990188188543, 29.729215622821439, 0.0 ], [ 52.68788719078573, 29.72936058140262, 0.0 ], [ 52.687761306026303, 29.729566574480941, 0.0 ], [ 52.687551496794342, 29.729593277374551, 0.0 ], [ 52.687337875436931, 29.729593277218921, 0.0 ], [ 52.687135695542437, 29.72961998053183, 0.0 ], [ 52.687005997289738, 29.729642868623369, 0.0 ], [ 52.686735153060297, 29.72955894515675, 0.0 ], [ 52.686525344697444, 29.72945594920386, 0.0 ], [ 52.686056137224377, 29.72909355301076, 0.0 ], [ 52.686014174474813, 29.729074478880712, 0.0 ], [ 52.685983657872853, 29.72907066385239, 0.0 ], [ 52.685941696040352, 29.72906685025599, 0.0 ], [ 52.685911179104252, 29.729002000156651, 0.0 ], [ 52.685892104599887, 29.728960038151651, 0.0 ], [ 52.685926437267732, 29.728933334880441, 0.0 ], [ 52.685976027501702, 29.728937149650388, 0.0 ], [ 52.686033248404449, 29.728925705869969, 0.0 ], [ 52.686120987026641, 29.728902818291768, 0.0 ], [ 52.686227797473038, 29.728876114551699, 0.0 ], [ 52.686349869223989, 29.728872299752709, 0.0 ], [ 52.686460495350843, 29.728845596831992, 0.0 ], [ 52.686529159868073, 29.728826524251438, 0.0 ], [ 52.686487198048781, 29.72869682400194, 0.0 ], [ 52.686395644999642, 29.72841453732892, 0.0 ], [ 52.686315536307497, 29.728136064028231, 0.0 ], [ 52.68623542815785, 29.727937698492791, 0.0 ], [ 52.686162949160547, 29.727693558647449, 0.0 ], [ 52.686113357842572, 29.727499008908339, 0.0 ], [ 52.685960769768251, 29.727106094441279, 0.0 ], [ 52.685701370029022, 29.726369858600169, 0.0 ], [ 52.685468673619631, 29.725656509886239, 0.0 ], [ 52.685266494568012, 29.725023270613431, 0.0 ], [ 52.685113906210987, 29.724405289014001, 0.0 ], [ 52.684999465564488, 29.72404670706695, 0.0 ], [ 52.684907912903952, 29.723779678637211, 0.0 ], [ 52.684854506448083, 29.723665237773041, 0.0 ], [ 52.684644698117253, 29.72370338503281, 0.0 ], [ 52.684354781299277, 29.723772050323809, 0.0 ], [ 52.68376350378297, 29.72390937934362, 0.0 ], [ 52.683481215203201, 29.723974229133351, 0.0 ], [ 52.683073042810932, 29.724077225023709, 0.0 ], [ 52.682786940949363, 29.72414970386837, 0.0 ], [ 52.682268142541233, 29.724271774439199, 0.0 ], [ 52.682180404628163, 29.724218369043768, 0.0 ], [ 52.6815967553935, 29.72439003053713, 0.0 ], [ 52.680864334055009, 29.72455024749787, 0.0 ], [ 52.680360793473788, 29.724672318132338, 0.0 ], [ 52.679803847805417, 29.72481346170315, 0.0 ], [ 52.678472519050302, 29.72511863717714, 0.0 ], [ 52.678007125836167, 29.725278854414171, 0.0 ], [ 52.677385329313367, 29.72544288674916, 0.0 ], [ 52.677011489807853, 29.725511551309179, 0.0 ], [ 52.676523208191441, 29.72564506562431, 0.0 ], [ 52.67601203847785, 29.72575569241484, 0.0 ], [ 52.67525291307971, 29.725934982078769, 0.0 ], [ 52.674680710171877, 29.72608375505984, 0.0 ], [ 52.674276351828887, 29.726175308773019, 0.0 ], [ 52.673940658411439, 29.72626686172671, 0.0 ], [ 52.674085616574608, 29.726514816797199, 0.0 ], [ 52.674245834060407, 29.726678848700072, 0.0 ], [ 52.674425124634723, 29.72692680483393, 0.0 ], [ 52.674505233637461, 29.72709846555275, 0.0 ], [ 52.674612044744279, 29.727205276523069, 0.0 ], [ 52.674634933060887, 29.727247238960029, 0.0 ], [ 52.674467087433001, 29.727266312417701, 0.0 ], [ 52.674131392390137, 29.72727012708873, 0.0 ], [ 52.673402785458478, 29.727285385369161, 0.0 ], [ 52.672616959145252, 29.727392197502368, 0.0 ], [ 52.671991347363438, 29.727365494911659, 0.0 ], [ 52.670980452458593, 29.727396011435509, 0.0 ], [ 52.670572788120793, 29.727357154483581, 0.0 ], [ 52.666080828083537, 29.72731392704863, 0.0 ], [ 52.661809639940593, 29.720547340647279, 0.0 ], [ 52.645515771670411, 29.728003695865109, 0.0 ], [ 52.651556066316211, 29.738443923888141, 0.0 ], [ 52.646886825705018, 29.739927293247931, 0.0 ], [ 52.645238874891433, 29.740377427229859, 0.0 ], [ 52.644224165989989, 29.74065208510779, 0.0 ], [ 52.643789289917528, 29.74075889703888, 0.0 ], [ 52.643404007186327, 29.740831375987621, 0.0 ], [ 52.642950057619537, 29.740846634950749, 0.0 ], [ 52.642629623034708, 29.740774155665029, 0.0 ], [ 52.642385482623467, 29.740690232026321, 0.0 ], [ 52.642030715438118, 29.74056816165383, 0.0 ], [ 52.641756057614927, 29.74056053296475, 0.0 ], [ 52.641412734904257, 29.74069786213218, 0.0 ], [ 52.641012191353248, 29.740758897241001, 0.0 ], [ 52.64049720734733, 29.740903855308289, 0.0 ], [ 52.640085219219948, 29.741003037436599, 0.0 ], [ 52.639528273849898, 29.741113663009418, 0.0 ], [ 52.638898847908962, 29.74127006487673, 0.0 ], [ 52.636911392016493, 29.741731644443689, 0.0 ], [ 52.635339736656732, 29.74210548469226, 0.0 ], [ 52.634458541842662, 29.742238998137221, 0.0 ], [ 52.633481978750083, 29.742532730492449, 0.0 ], [ 52.632410048373288, 29.742914200886091, 0.0 ], [ 52.631559370873859, 29.743135452678239, 0.0 ], [ 52.63091087302891, 29.74330711454483, 0.0 ], [ 52.630224227976569, 29.7433757782239, 0.0 ], [ 52.629831314194902, 29.743436813990641, 0.0 ], [ 52.629491805398587, 29.74350929353621, 0.0 ], [ 52.629194259904729, 29.743513107653801, 0.0 ], [ 52.628821627641443, 29.743602631967342, 0.0 ], [ 52.627243218443148, 29.743845178018351, 0.0 ], [ 52.626122690749803, 29.744056007027218, 0.0 ], [ 52.625431665738567, 29.744246882599569, 0.0 ], [ 52.625057253428388, 29.74527891398829, 0.0 ], [ 52.625209915692281, 29.746687890032469, 0.0 ], [ 52.625426343709179, 29.74866309988046, 0.0 ], [ 52.625517302320873, 29.749467203462139, 0.0 ], [ 52.626058877545788, 29.750215983686431, 0.0 ], [ 52.626832961440151, 29.750417709573341, 0.0 ], [ 52.628469466262111, 29.750406265716489, 0.0 ], [ 52.62854194521416, 29.750890732604311, 0.0 ], [ 52.628580092826589, 29.751165391350899, 0.0 ], [ 52.62858390746532, 29.751436234620119, 0.0 ], [ 52.628614425338142, 29.751600266764701, 0.0 ], [ 52.628622055008933, 29.751977921654859, 0.0 ], [ 52.628599167057871, 29.752492905557439, 0.0 ], [ 52.628389358031448, 29.75295448299795, 0.0 ], [ 52.628118514033908, 29.753282546961309, 0.0 ], [ 52.62769889728051, 29.75372123704609, 0.0 ], [ 52.627214431483083, 29.754106522857949, 0.0 ], [ 52.626771926159478, 29.754648209634411, 0.0 ], [ 52.626390456106449, 29.755048752517759, 0.0 ], [ 52.626001356733411, 29.755578995780638, 0.0 ], [ 52.625860213364653, 29.755750657184979, 0.0 ], [ 52.62582206605903, 29.756021501115221, 0.0 ], [ 52.625833509900232, 29.75629234362647, 0.0 ], [ 52.626146316368043, 29.756307602858879, 0.0 ], [ 52.62653922944623, 29.75638771232753, 0.0 ], [ 52.626855848946491, 29.756422043799681, 0.0 ], [ 52.627199172605607, 29.75652122604242, 0.0 ], [ 52.627466201179573, 29.75653648495717, 0.0 ], [ 52.627992629648709, 29.756517411259331, 0.0 ], [ 52.628587722796453, 29.75640296965134, 0.0 ], [ 52.629400463998337, 29.75634824711409, 0.0 ], [ 52.630823937882823, 29.75641783067768, 0.0 ], [ 52.631706373158707, 29.7563155222098, 0.0 ], [ 52.632543816401892, 29.75642642169327, 0.0 ], [ 52.633616788887757, 29.756236544694438, 0.0 ], [ 52.634692485784029, 29.756434101188869, 0.0 ], [ 52.635690352954057, 29.756295893098681, 0.0 ], [ 52.63678237295705, 29.756317077862619, 0.0 ], [ 52.638193305318389, 29.756173397709919, 0.0 ], [ 52.639563827672482, 29.756077398604582, 0.0 ], [ 52.641365403524759, 29.756095210752289, 0.0 ], [ 52.642906748822817, 29.756204077493521, 0.0 ], [ 52.644048921079367, 29.75615572076919, 0.0 ], [ 52.645320442374448, 29.756323052616079, 0.0 ], [ 52.645938239616783, 29.756449677788329, 0.0 ], [ 52.646275309832113, 29.75662198796152, 0.0 ], [ 52.646667065687922, 29.756961137277141, 0.0 ], [ 52.646196522433293, 29.757270789458399, 0.0 ], [ 52.645454487390218, 29.757691686482008, 0.0 ], [ 52.644404860095683, 29.758380000529371, 0.0 ], [ 52.642477978629998, 29.7600536113126, 0.0 ], [ 52.641079877343479, 29.761384860285322, 0.0 ], [ 52.639609301346312, 29.763070367838761, 0.0 ], [ 52.638076204297057, 29.764599424848871, 0.0 ], [ 52.633677408968339, 29.768416416359351, 0.0 ], [ 52.631303786523667, 29.770479202836679, 0.0 ], [ 52.630437850560639, 29.772016525724201, 0.0 ], [ 52.62970542892149, 29.77305793899459, 0.0 ], [ 52.629041671758714, 29.774206161082692, 0.0 ], [ 52.62837791385477, 29.775434493972959, 0.0 ], [ 52.62799262912467, 29.776350021525111, 0.0 ], [ 52.626749038697056, 29.777139664761481, 0.0 ], [ 52.625749587497253, 29.777811050487269, 0.0 ], [ 52.624841689895398, 29.77837944061746, 0.0 ], [ 52.624067307116178, 29.77926826560677, 0.0 ], [ 52.62388038564611, 29.779462815173812, 0.0 ], [ 52.62338447561666, 29.780054092653859, 0.0 ], [ 52.622903823283842, 29.780649185507009, 0.0 ], [ 52.622282027154, 29.781179428504981, 0.0 ], [ 52.621774672118541, 29.781587601197369, 0.0 ], [ 52.621316909651583, 29.782220840613149, 0.0 ], [ 52.620702743429121, 29.783342361885708, 0.0 ], [ 52.620401381292403, 29.7841701517122, 0.0 ], [ 52.619989393676931, 29.78518867541635, 0.0 ], [ 52.619565963068673, 29.786230087051251, 0.0 ], [ 52.619329452232407, 29.786790848152481, 0.0 ], [ 52.618894576763992, 29.788038254637112, 0.0 ], [ 52.61845207211455, 29.78925895827215, 0.0 ], [ 52.617563247395182, 29.79131507901181, 0.0 ], [ 52.617509842116533, 29.79154396101643, 0.0 ], [ 52.617517470993597, 29.79175758429578, 0.0 ], [ 52.617341994283152, 29.792127609095498, 0.0 ], [ 52.617124556265892, 29.792589188872611, 0.0 ], [ 52.617132187006071, 29.792921066577762, 0.0 ], [ 52.616975783842413, 29.793416977383739, 0.0 ], [ 52.616945266999707, 29.793844223618478, 0.0 ], [ 52.617109298422378, 29.79443931683873, 0.0 ], [ 52.6170291897024, 29.795236589170411, 0.0 ], [ 52.617002486750479, 29.795320511810459, 0.0 ], [ 52.616857529022212, 29.795450212387681, 0.0 ], [ 52.616846084566397, 29.795747757823069, 0.0 ], [ 52.616765975975653, 29.796438217676808, 0.0 ], [ 52.616807937287078, 29.796926498701879, 0.0 ], [ 52.616758346401859, 29.79755210905925, 0.0 ], [ 52.616804122256553, 29.79781913860808, 0.0 ], [ 52.616930007808371, 29.797990799632011, 0.0 ], [ 52.617040633612163, 29.798238754901249, 0.0 ], [ 52.617116928011967, 29.798585892899141, 0.0 ], [ 52.617116927583318, 29.79879951551608, 0.0 ], [ 52.61713981550853, 29.7990627293687, 0.0 ], [ 52.617189406718182, 29.799295425296901, 0.0 ], [ 52.617208481143713, 29.799432755540359, 0.0 ], [ 52.617143630930173, 29.799581528997969, 0.0 ], [ 52.617204665811769, 29.799768448967079, 0.0 ], [ 52.617223739830031, 29.799959183941429, 0.0 ], [ 52.617124556545733, 29.800046921530019, 0.0 ], [ 52.616846084411598, 29.800241470526299, 0.0 ], [ 52.616483687304672, 29.800493241144789, 0.0 ], [ 52.616300582683763, 29.800596237618841, 0.0 ], [ 52.616209029139817, 29.80084800786776, 0.0 ], [ 52.616144179205591, 29.801084519228731, 0.0 ], [ 52.616048812103948, 29.801221848802179, 0.0 ], [ 52.6160373683106, 29.80122947788302, 0.0 ], [ 52.616041182065317, 29.80120659028718, 0.0 ], [ 52.61579704277937, 29.8014125826259, 0.0 ], [ 52.615659713674077, 29.80157661532116, 0.0 ], [ 52.615549087193813, 29.801752090202161, 0.0 ], [ 52.615503310149911, 29.80206871026741, 0.0 ], [ 52.615503310662803, 29.802484512407919, 0.0 ], [ 52.615530013691007, 29.80299949610011, 0.0 ], [ 52.615488051506553, 29.8036746987962, 0.0 ], [ 52.615503310411427, 29.80463600224023, 0.0 ], [ 52.615514754474518, 29.804712296585691, 0.0 ], [ 52.615552901398992, 29.804899216390691, 0.0 ], [ 52.615888595038193, 29.805955888341501, 0.0 ], [ 52.616132734989748, 29.806699753635101, 0.0 ], [ 52.616212843972683, 29.807424545177689, 0.0 ], [ 52.616277694725788, 29.80766868607985, 0.0 ], [ 52.615983857065103, 29.80882139281157, 0.0 ], [ 52.615891644872399, 29.80986522980519, 0.0 ], [ 52.614418351692379, 29.812219230505161, 0.0 ], [ 52.613196689040691, 29.814382395481971, 0.0 ], [ 52.610743650956898, 29.817182166989241, 0.0 ], [ 52.608823439231053, 29.81965187847053, 0.0 ], [ 52.604635594862287, 29.82403063549453, 0.0 ], [ 52.601523594762128, 29.826975308905041, 0.0 ], [ 52.598644171077922, 29.82867772984229, 0.0 ], [ 52.596159087049507, 29.82955595759886, 0.0 ], [ 52.592175361080493, 29.83066976652923, 0.0 ], [ 52.590312242230468, 29.831571038197211, 0.0 ], [ 52.587451146759101, 29.833989210479022, 0.0 ], [ 52.582664349359497, 29.838205012512638, 0.0 ], [ 52.57783970179495, 29.841508747342491, 0.0 ], [ 52.575545590158079, 29.84238437402362, 0.0 ], [ 52.573286279210201, 29.842523253342549, 0.0 ], [ 52.570568539944439, 29.842222039327691, 0.0 ], [ 52.568808461155868, 29.842173401284121, 0.0 ], [ 52.568106947195922, 29.842080459853239, 0.0 ], [ 52.566656558309241, 29.842547754873429, 0.0 ], [ 52.565946718072581, 29.843330484641079, 0.0 ], [ 52.565332506712387, 29.844383972323541, 0.0 ], [ 52.56488362931772, 29.84582840287317, 0.0 ], [ 52.564730296611557, 29.846548475113821, 0.0 ], [ 52.550532926803911, 29.86263700067018, 0.0 ], [ 52.547788272930767, 29.86494797603935, 0.0 ], [ 52.546299848412772, 29.866419070347639, 0.0 ], [ 52.542477398569552, 29.869144906163569, 0.0 ], [ 52.540332823393129, 29.87068147869001, 0.0 ], [ 52.538794998984443, 29.87220821325209, 0.0 ], [ 52.53731938548372, 29.87312235069437, 0.0 ], [ 52.535200887650269, 29.873611150122969, 0.0 ], [ 52.533785688407868, 29.873537880025442, 0.0 ], [ 52.529650337312511, 29.874653739205389, 0.0 ] ] ] ] } },
{ "type": "Feature", "properties": { "Name": "پناهگاه حيات وحش بختگان", "description": "<html xmlns:fo=\"http://www.w3.org/1999/XSL/Format\" xmlns:msxsl=\"urn:schemas-microsoft-com:xslt\">\n\n<head>\n\n<META http-equiv=\"Content-Type\" content=\"text/html\">\n\n<meta http-equiv=\"content-type\" content=\"text/html; charset=UTF-8\">\n\n</head>\n\n<body style=\"margin:0px 0px 0px 0px;overflow:auto;background:#FFFFFF;\">\n\n<table style=\"font-family:Arial,Verdana,Times;font-size:12px;text-align:left;width:100%;border-collapse:collapse;padding:3px 3px 3px 3px\">\n\n<tr style=\"text-align:center;font-weight:bold;background:#9CBCE2\">\n\n<td>پناهگاه حيات وحش بختگان</td>\n\n</tr>\n\n<tr>\n\n<td>\n\n<table style=\"font-family:Arial,Verdana,Times;font-size:12px;text-align:left;width:100%;border-spacing:0px; padding:3px 3px 3px 3px\">\n\n<tr>\n\n<td>FID</td>\n\n<td>10</td>\n\n</tr>\n\n<tr bgcolor=\"#D4E4F3\">\n\n<td>OBJECTID_1</td>\n\n<td>11</td>\n\n</tr>\n\n<tr>\n\n<td>cod</td>\n\n<td>4</td>\n\n</tr>\n\n<tr bgcolor=\"#D4E4F3\">\n\n<td>tafkik_id</td>\n\n<td>2</td>\n\n</tr>\n\n<tr>\n\n<td>tafkik_nam</td>\n\n<td>پناهگاه حيات وحش</td>\n\n</tr>\n\n<tr bgcolor=\"#D4E4F3\">\n\n<td>shahrestan</td>\n\n<td>آباده طشک- ني ريز- استهبان-خ</td>\n\n</tr>\n\n<tr>\n\n<td>NAME1</td>\n\n<td>پناهگاه حيات وحش بختگان</td>\n\n</tr>\n\n<tr bgcolor=\"#D4E4F3\">\n\n<td>sal_mosava</td>\n\n<td>1347</td>\n\n</tr>\n\n<tr>\n\n<td>AREA_ha</td>\n\n<td>147147</td>\n\n</tr>\n\n<tr bgcolor=\"#D4E4F3\">\n\n<td>F_AREA</td>\n\n<td>3302291649.41</td>\n\n</tr>\n\n<tr>\n\n<td>Shape_Leng</td>\n\n<td>340332.436311</td>\n\n</tr>\n\n</table>\n\n</td>\n\n</tr>\n\n</table>\n\n</body>\n\n</html>\n\n", "timestamp": null, "begin": null, "end": null, "altitudeMode": "clampToGround", "tessellate": -1, "extrude": 0, "visibility": -1, "drawOrder": null, "icon": null, "snippet": "" }, "geometry": { "type": "MultiPolygon", "coordinates": [ [ [ [ 53.650760000451861, 29.81810000102162, 0.0 ], [ 53.647629999575393, 29.819100000955611, 0.0 ], [ 53.647659999814728, 29.819660000393299, 0.0 ], [ 53.646829999848471, 29.82071000067269, 0.0 ], [ 53.646739999906188, 29.82098000057907, 0.0 ], [ 53.64424001099092, 29.82318730016312, 0.0 ], [ 53.642470000062588, 29.82475000034426, 0.0 ], [ 53.641574035927377, 29.82561453532486, 0.0 ], [ 53.640394147346633, 29.8261488099009, 0.0 ], [ 53.637772952747433, 29.826800211370831, 0.0 ], [ 53.636035145406353, 29.82727052555537, 0.0 ], [ 53.632492027468828, 29.828229423193829, 0.0 ], [ 53.630300995149327, 29.828822396841069, 0.0 ], [ 53.628452334074403, 29.82932271224594, 0.0 ], [ 53.627240696077052, 29.82969276661375, 0.0 ], [ 53.626436854147087, 29.830012024734732, 0.0 ], [ 53.625446302530356, 29.83028549236742, 0.0 ], [ 53.62087995314107, 29.832011622496999, 0.0 ], [ 53.619089830105857, 29.833145594580511, 0.0 ], [ 53.618949371719083, 29.83317401449078, 0.0 ], [ 53.616176540104227, 29.833174256084959, 0.0 ], [ 53.615871288518292, 29.833168594714749, 0.0 ], [ 53.614881772820773, 29.833055408209091, 0.0 ], [ 53.613924188448692, 29.832945876339551, 0.0 ], [ 53.611838488620869, 29.831868262562111, 0.0 ], [ 53.60875842674762, 29.83013730889877, 0.0 ], [ 53.606895272084259, 29.829008810094631, 0.0 ], [ 53.60524432687415, 29.827780873963391, 0.0 ], [ 53.603387426592903, 29.826263204400188, 0.0 ], [ 53.602410000115917, 29.8253000002866, 0.0 ], [ 53.601650000063827, 29.82474000027301, 0.0 ], [ 53.598609999489497, 29.822860001007012, 0.0 ], [ 53.595919999890441, 29.821650000346558, 0.0 ], [ 53.594569999808918, 29.821060000907089, 0.0 ], [ 53.59364000043584, 29.819990000855569, 0.0 ], [ 53.59307999999956, 29.817550000576581, 0.0 ], [ 53.592829999763872, 29.81563000066571, 0.0 ], [ 53.592400000413058, 29.814960000454011, 0.0 ], [ 53.591849999796459, 29.8142200003943, 0.0 ], [ 53.590520000407523, 29.813840001040042, 0.0 ], [ 53.586659999732333, 29.81375000036758, 0.0 ], [ 53.583940000206901, 29.813880000422479, 0.0 ], [ 53.581470000176999, 29.81359000046762, 0.0 ], [ 53.579490000059167, 29.81222000023828, 0.0 ], [ 53.578929999617692, 29.811100000685109, 0.0 ], [ 53.578789999888187, 29.810780001071912, 0.0 ], [ 53.578310000406248, 29.81014000103546, 0.0 ], [ 53.578860000220097, 29.806920000808589, 0.0 ], [ 53.579829999814379, 29.803700000741749, 0.0 ], [ 53.580800000011777, 29.8021500007391, 0.0 ], [ 53.582139999413542, 29.800400000430681, 0.0 ], [ 53.583309999509133, 29.797540000908981, 0.0 ], [ 53.578779999850781, 29.796220000582998, 0.0 ], [ 53.578369999878809, 29.795470000648091, 0.0 ], [ 53.578059999598743, 29.793330000225321, 0.0 ], [ 53.57800999975111, 29.791580000626151, 0.0 ], [ 53.579800000401548, 29.78854000023086, 0.0 ], [ 53.580859999512548, 29.786670000926069, 0.0 ], [ 53.581390000353117, 29.785900000655939, 0.0 ], [ 53.581560000251137, 29.785600000347941, 0.0 ], [ 53.581650000398689, 29.785410000528071, 0.0 ], [ 53.581740000130168, 29.785280000545661, 0.0 ], [ 53.581999999830678, 29.784810000391779, 0.0 ], [ 53.582080000209487, 29.78468000076008, 0.0 ], [ 53.582769999951559, 29.783390000758711, 0.0 ], [ 53.58293999990881, 29.783130000932939, 0.0 ], [ 53.58306000032573, 29.78284000101787, 0.0 ], [ 53.583220000397958, 29.78251000092169, 0.0 ], [ 53.58332999983579, 29.7821900010848, 0.0 ], [ 53.583349999893052, 29.78207000094114, 0.0 ], [ 53.583610000288338, 29.781110000212909, 0.0 ], [ 53.58374000015209, 29.780550001076559, 0.0 ], [ 53.583639999921452, 29.780020000716789, 0.0 ], [ 53.583159999953409, 29.77850000085045, 0.0 ], [ 53.582689999554361, 29.777500000979408, 0.0 ], [ 53.582319999864048, 29.776990000778721, 0.0 ], [ 53.581960000019471, 29.77675000080961, 0.0 ], [ 53.580309999978013, 29.77577000106297, 0.0 ], [ 53.578799999991418, 29.7750600002922, 0.0 ], [ 53.578099999425959, 29.774840000732201, 0.0 ], [ 53.577949999756221, 29.77481000091101, 0.0 ], [ 53.577500000174837, 29.774720000412369, 0.0 ], [ 53.573389999765702, 29.77451000110668, 0.0 ], [ 53.572990000353109, 29.774550000274751, 0.0 ], [ 53.572590000188256, 29.7747200002959, 0.0 ], [ 53.572159999486637, 29.774970000259469, 0.0 ], [ 53.571290000246307, 29.77547000039926, 0.0 ], [ 53.570889999601583, 29.77564000092822, 0.0 ], [ 53.570560000254979, 29.775810000848931, 0.0 ], [ 53.570310000190219, 29.775910000958319, 0.0 ], [ 53.570019999510251, 29.77598000035643, 0.0 ], [ 53.568810000180498, 29.776160000322822, 0.0 ], [ 53.567899999648589, 29.77635000032852, 0.0 ], [ 53.567130000273274, 29.776520000968791, 0.0 ], [ 53.566929999875008, 29.77655000034629, 0.0 ], [ 53.56658000015441, 29.77658000077156, 0.0 ], [ 53.565730000336437, 29.776510000505962, 0.0 ], [ 53.565359999707553, 29.776540000825211, 0.0 ], [ 53.564969999860772, 29.77672000080177, 0.0 ], [ 53.56456000024022, 29.777020000607919, 0.0 ], [ 53.56407999952129, 29.77743000063111, 0.0 ], [ 53.56366000032272, 29.77780000089345, 0.0 ], [ 53.562599999865498, 29.778750000931911, 0.0 ], [ 53.562259999861638, 29.779060000531711, 0.0 ], [ 53.562009999476452, 29.779270000837521, 0.0 ], [ 53.561129999806717, 29.780060000620061, 0.0 ], [ 53.560880000333917, 29.78029000057645, 0.0 ], [ 53.560449999418708, 29.780670000257341, 0.0 ], [ 53.560279999804777, 29.780820000350101, 0.0 ], [ 53.560029999651967, 29.781050000644079, 0.0 ], [ 53.559849999592643, 29.781200000923441, 0.0 ], [ 53.559179999564563, 29.781800000249849, 0.0 ], [ 53.558700000234928, 29.782240000931839, 0.0 ], [ 53.557369999784036, 29.783400000846889, 0.0 ], [ 53.557069999729592, 29.783640001087679, 0.0 ], [ 53.556609999813489, 29.78402000056419, 0.0 ], [ 53.55616999948279, 29.784410000387719, 0.0 ], [ 53.556080000110882, 29.784440000217071, 0.0 ], [ 53.555599999868619, 29.78458000060786, 0.0 ], [ 53.554649999766212, 29.785100000829811, 0.0 ], [ 53.553769999694538, 29.785460000217778, 0.0 ], [ 53.553329999729733, 29.785630000559241, 0.0 ], [ 53.552649999695149, 29.785820000430761, 0.0 ], [ 53.552179999598373, 29.78598000026771, 0.0 ], [ 53.551930000335823, 29.786080000502992, 0.0 ], [ 53.551140000071307, 29.786290000919511, 0.0 ], [ 53.549979999931963, 29.786650000946061, 0.0 ], [ 53.549569999916592, 29.786790000282451, 0.0 ], [ 53.548499999450272, 29.787130000226892, 0.0 ], [ 53.548169999714659, 29.787220000425521, 0.0 ], [ 53.547160000071813, 29.787480000230481, 0.0 ], [ 53.543839999673949, 29.788200000510091, 0.0 ], [ 53.543330000198317, 29.788300000286061, 0.0 ], [ 53.542909999845001, 29.788440000621971, 0.0 ], [ 53.542379999581748, 29.788530001086869, 0.0 ], [ 53.541589999617898, 29.788630000946281, 0.0 ], [ 53.540359999625451, 29.788550000902351, 0.0 ], [ 53.540010000279459, 29.788450000477781, 0.0 ], [ 53.539620000200863, 29.78830000033345, 0.0 ], [ 53.537020000274097, 29.787030000653399, 0.0 ], [ 53.536530000256363, 29.786790000343899, 0.0 ], [ 53.536069999478777, 29.786610000610029, 0.0 ], [ 53.535509999691413, 29.786460000383411, 0.0 ], [ 53.53484000038204, 29.786370000855179, 0.0 ], [ 53.534510000036242, 29.786300000381932, 0.0 ], [ 53.534390000050713, 29.786270000892092, 0.0 ], [ 53.534350000054602, 29.786260000435881, 0.0 ], [ 53.534179999867668, 29.78624000088216, 0.0 ], [ 53.534110000227678, 29.78624000021188, 0.0 ], [ 53.534070000008612, 29.786240000593509, 0.0 ], [ 53.533980000047478, 29.786230000928111, 0.0 ], [ 53.533920000214032, 29.78623000052507, 0.0 ], [ 53.532519999922648, 29.786140000669342, 0.0 ], [ 53.531829999968217, 29.786090001052731, 0.0 ], [ 53.531500000071112, 29.786080000301471, 0.0 ], [ 53.53110999997218, 29.78606000062112, 0.0 ], [ 53.530519999585159, 29.786030000871349, 0.0 ], [ 53.530449999617517, 29.78602000093175, 0.0 ], [ 53.530409999423249, 29.786020001100951, 0.0 ], [ 53.530370000238953, 29.786020000336649, 0.0 ], [ 53.530219999898648, 29.786010000551151, 0.0 ], [ 53.530190000155088, 29.786000000359909, 0.0 ], [ 53.530180000371161, 29.786000000604002, 0.0 ], [ 53.530159999746822, 29.78600000020808, 0.0 ], [ 53.530119999553747, 29.786000000288979, 0.0 ], [ 53.530059999790517, 29.786000000828491, 0.0 ], [ 53.530020000279293, 29.785990000831671, 0.0 ], [ 53.52994999967796, 29.785990000670189, 0.0 ], [ 53.529749999409738, 29.785980000585141, 0.0 ], [ 53.529710000248677, 29.785980000521569, 0.0 ], [ 53.52956999978359, 29.785970000683481, 0.0 ], [ 53.529470000267487, 29.78595000077372, 0.0 ], [ 53.529420000294827, 29.785950000830631, 0.0 ], [ 53.524809999442809, 29.78525000035879, 0.0 ], [ 53.524310000368231, 29.785150000617062, 0.0 ], [ 53.523669999618377, 29.785060001022021, 0.0 ], [ 53.523240000399767, 29.78496000067652, 0.0 ], [ 53.522419999613319, 29.78482000110856, 0.0 ], [ 53.521960000185402, 29.784700000736379, 0.0 ], [ 53.521910000118247, 29.784690000560751, 0.0 ], [ 53.521790000217102, 29.78455000034559, 0.0 ], [ 53.52168000033226, 29.78441000040884, 0.0 ], [ 53.521659999926989, 29.784390000372738, 0.0 ], [ 53.521649999697381, 29.78436000066668, 0.0 ], [ 53.52165000015281, 29.78433000045052, 0.0 ], [ 53.521639999820167, 29.784240000329369, 0.0 ], [ 53.521640000230853, 29.784170000738019, 0.0 ], [ 53.521620000042979, 29.783880000611699, 0.0 ], [ 53.521600000155409, 29.783730000542409, 0.0 ], [ 53.521610000222267, 29.78368000060216, 0.0 ], [ 53.521599999547313, 29.783620000684181, 0.0 ], [ 53.521599999474368, 29.783520000884629, 0.0 ], [ 53.521599999917498, 29.783410001003499, 0.0 ], [ 53.521609999947003, 29.783340000922191, 0.0 ], [ 53.521680000131681, 29.783090000223961, 0.0 ], [ 53.521739999555621, 29.782880000289339, 0.0 ], [ 53.521839999581587, 29.782570000310479, 0.0 ], [ 53.521870000326722, 29.782460000711659, 0.0 ], [ 53.521909999913333, 29.782340000550729, 0.0 ], [ 53.522020000341229, 29.781990000561471, 0.0 ], [ 53.522160000293887, 29.781310000211072, 0.0 ], [ 53.521990000286351, 29.780460001067372, 0.0 ], [ 53.521839999646431, 29.78018000023107, 0.0 ], [ 53.521630000135147, 29.77981000046395, 0.0 ], [ 53.521229999636986, 29.779400000475761, 0.0 ], [ 53.520809999432217, 29.779250001091832, 0.0 ], [ 53.520749999739543, 29.779260000921351, 0.0 ], [ 53.520680000002393, 29.77930000046355, 0.0 ], [ 53.520440000258617, 29.779430001030619, 0.0 ], [ 53.52028000017927, 29.77952000060862, 0.0 ], [ 53.520149999798797, 29.779590000562141, 0.0 ], [ 53.520049999922719, 29.779660000219831, 0.0 ], [ 53.51989999981366, 29.779700000401331, 0.0 ], [ 53.519749999690958, 29.779710001072299, 0.0 ], [ 53.519599999940787, 29.77970000049892, 0.0 ], [ 53.519439999437381, 29.77967000081404, 0.0 ], [ 53.519290000274232, 29.77964000060701, 0.0 ], [ 53.51915999959008, 29.77961000058027, 0.0 ], [ 53.519019999548028, 29.779570000603311, 0.0 ], [ 53.518959999915097, 29.779600000704349, 0.0 ], [ 53.518670000366953, 29.779900000986888, 0.0 ], [ 53.518489999794163, 29.780230001074688, 0.0 ], [ 53.518229999446888, 29.780860000846548, 0.0 ], [ 53.517960000252302, 29.781730000651649, 0.0 ], [ 53.517829999707487, 29.782190000968122, 0.0 ], [ 53.517700000047498, 29.78256000037981, 0.0 ], [ 53.517500000003658, 29.783140000965549, 0.0 ], [ 53.517409999726667, 29.783520000425561, 0.0 ], [ 53.51725999988296, 29.78388000063482, 0.0 ], [ 53.517099999612157, 29.784140000889732, 0.0 ], [ 53.516860000150203, 29.78424000064291, 0.0 ], [ 53.516569999576006, 29.78428000093022, 0.0 ], [ 53.516099999419161, 29.784290000884429, 0.0 ], [ 53.515200000060993, 29.78434000053063, 0.0 ], [ 53.514289999473952, 29.784460001029291, 0.0 ], [ 53.512959999990059, 29.784740000748322, 0.0 ], [ 53.512559999394917, 29.78485000026269, 0.0 ], [ 53.511830000394177, 29.785180000422201, 0.0 ], [ 53.5112799998629, 29.785690000346229, 0.0 ], [ 53.510859999444527, 29.786380000670022, 0.0 ], [ 53.510600000372442, 29.786880000413412, 0.0 ], [ 53.51042999940244, 29.787150000349818, 0.0 ], [ 53.510280000341453, 29.78739000043765, 0.0 ], [ 53.510020000158278, 29.787770000594001, 0.0 ], [ 53.50984999974245, 29.788000000321581, 0.0 ], [ 53.50957000017393, 29.78840000093555, 0.0 ], [ 53.5092200003077, 29.788880000745319, 0.0 ], [ 53.508389999642617, 29.78990000042738, 0.0 ], [ 53.506150000220423, 29.791930000563891, 0.0 ], [ 53.5051072960742, 29.793634757648061, 0.0 ], [ 53.504463306716907, 29.794842671678339, 0.0 ], [ 53.503440210629527, 29.79579560005552, 0.0 ], [ 53.501773114682777, 29.79784518115337, 0.0 ], [ 53.501290090255637, 29.799219483410521, 0.0 ], [ 53.500871655395649, 29.800409984613569, 0.0 ], [ 53.500946827856403, 29.801215449974521, 0.0 ], [ 53.501015181300957, 29.802243858775519, 0.0 ], [ 53.501068868110998, 29.80333004443046, 0.0 ], [ 53.501527745147882, 29.804530667448411, 0.0 ], [ 53.502112005872341, 29.805366400283209, 0.0 ], [ 53.502732579637282, 29.806316234073101, 0.0 ], [ 53.50258734134318, 29.807356299089388, 0.0 ], [ 53.501512661847933, 29.8086700134143, 0.0 ], [ 53.498077436429988, 29.811616276481789, 0.0 ], [ 53.496916714778237, 29.812357220727151, 0.0 ], [ 53.494480880452343, 29.813832274650078, 0.0 ], [ 53.492126090588179, 29.814944070903731, 0.0 ], [ 53.490328671286697, 29.8157508722134, 0.0 ], [ 53.487069250837692, 29.817273940607279, 0.0 ], [ 53.484802397825803, 29.81817158412257, 0.0 ], [ 53.483926137462618, 29.818478045588481, 0.0 ], [ 53.482978205904743, 29.818586542814799, 0.0 ], [ 53.482008878721643, 29.818486602508109, 0.0 ], [ 53.480502022660367, 29.817801692276142, 0.0 ], [ 53.477331312232373, 29.815791619749199, 0.0 ], [ 53.471633183271138, 29.812350110753119, 0.0 ], [ 53.467816803117017, 29.810373448565731, 0.0 ], [ 53.465639955156199, 29.810287537221971, 0.0 ], [ 53.460687934287293, 29.811170665602798, 0.0 ], [ 53.45786695277517, 29.811640352852081, 0.0 ], [ 53.455357471249201, 29.810952480375821, 0.0 ], [ 53.453934480519912, 29.809673478380329, 0.0 ], [ 53.453324583677691, 29.808068972009259, 0.0 ], [ 53.452543813384132, 29.806979254167938, 0.0 ], [ 53.451158732832468, 29.805994647030712, 0.0 ], [ 53.449297536435658, 29.804656894162431, 0.0 ], [ 53.448570000099899, 29.804100001073401, 0.0 ], [ 53.447250000089802, 29.803260000431429, 0.0 ], [ 53.445870000340953, 29.802250000206001, 0.0 ], [ 53.444519999698258, 29.801310000852339, 0.0 ], [ 53.443429999618047, 29.800680000363229, 0.0 ], [ 53.443129999405741, 29.799560000494839, 0.0 ], [ 53.443089999639781, 29.79918000062835, 0.0 ], [ 53.442939999484423, 29.797920001013281, 0.0 ], [ 53.442789999889641, 29.795760001083568, 0.0 ], [ 53.442770000257617, 29.794890000393341, 0.0 ], [ 53.442090000019448, 29.794050001010881, 0.0 ], [ 53.441289999541731, 29.793190000507909, 0.0 ], [ 53.440470000197642, 29.792250001027519, 0.0 ], [ 53.439739999643848, 29.791470000709381, 0.0 ], [ 53.439900000123778, 29.790580000437512, 0.0 ], [ 53.439959999860591, 29.790250000437439, 0.0 ], [ 53.440160000327523, 29.790060000225981, 0.0 ], [ 53.441119999992587, 29.78945000069815, 0.0 ], [ 53.441530000273552, 29.7888400009561, 0.0 ], [ 53.441450000217273, 29.78828000048366, 0.0 ], [ 53.442009999649883, 29.787450000795442, 0.0 ], [ 53.44304000002095, 29.78689000105943, 0.0 ], [ 53.443900000230428, 29.786510000716749, 0.0 ], [ 53.444430000331522, 29.78620000081062, 0.0 ], [ 53.445059999615452, 29.786050000977401, 0.0 ], [ 53.445359999669357, 29.785850001037709, 0.0 ], [ 53.445799999748843, 29.785700000978562, 0.0 ], [ 53.446079999497428, 29.785430000906029, 0.0 ], [ 53.446420000221181, 29.784910000905949, 0.0 ], [ 53.446970000123997, 29.784560000338619, 0.0 ], [ 53.447229999531963, 29.784480000781041, 0.0 ], [ 53.447240000359393, 29.78436000073583, 0.0 ], [ 53.446950000256251, 29.78390000067979, 0.0 ], [ 53.446909999900292, 29.783780000956401, 0.0 ], [ 53.447109999626193, 29.783410000852559, 0.0 ], [ 53.447179999636198, 29.783230000748599, 0.0 ], [ 53.447290000294707, 29.7829200003113, 0.0 ], [ 53.447459999842188, 29.782830000631051, 0.0 ], [ 53.447570000259581, 29.782710000471639, 0.0 ], [ 53.447789999785243, 29.78256000042887, 0.0 ], [ 53.447919999882068, 29.782410001042649, 0.0 ], [ 53.448079999939999, 29.782190000797229, 0.0 ], [ 53.448219999829853, 29.781850000385091, 0.0 ], [ 53.44829999958975, 29.781690001057449, 0.0 ], [ 53.447590000391322, 29.781180001058669, 0.0 ], [ 53.447139999464532, 29.780570000799361, 0.0 ], [ 53.446829999903237, 29.780230001048331, 0.0 ], [ 53.446590000313691, 29.780020000226688, 0.0 ], [ 53.446359999860427, 29.779750001078011, 0.0 ], [ 53.445860000050871, 29.779450000862639, 0.0 ], [ 53.44559999963316, 29.779260000908579, 0.0 ], [ 53.445469999948138, 29.779140000692241, 0.0 ], [ 53.445270000184571, 29.77891000055665, 0.0 ], [ 53.444819999563023, 29.778610001030732, 0.0 ], [ 53.443969999519638, 29.778250000674749, 0.0 ], [ 53.443150000245517, 29.77789000020169, 0.0 ], [ 53.442860000200518, 29.77774000027372, 0.0 ], [ 53.441789999407113, 29.777370000712569, 0.0 ], [ 53.441509999490741, 29.777200000678469, 0.0 ], [ 53.441169999901838, 29.77703000048513, 0.0 ], [ 53.440720000328447, 29.776840000309779, 0.0 ], [ 53.440040000017788, 29.77660000047425, 0.0 ], [ 53.439309999544143, 29.776300000922848, 0.0 ], [ 53.438669999577741, 29.776040000713941, 0.0 ], [ 53.437780000336453, 29.775390000324141, 0.0 ], [ 53.437450000241853, 29.775000000559849, 0.0 ], [ 53.436980000318457, 29.774270000925011, 0.0 ], [ 53.436449999711527, 29.773850000357839, 0.0 ], [ 53.436269999406143, 29.773580001023031, 0.0 ], [ 53.436419999564073, 29.773220000664409, 0.0 ], [ 53.436459999625477, 29.772750000854849, 0.0 ], [ 53.436419999467233, 29.772400000285671, 0.0 ], [ 53.436040000230697, 29.772040000795961, 0.0 ], [ 53.43556999998566, 29.77193000092722, 0.0 ], [ 53.435170000234372, 29.771610000874212, 0.0 ], [ 53.434809999882013, 29.771470000953791, 0.0 ], [ 53.434379999904444, 29.771020000586791, 0.0 ], [ 53.433560000199101, 29.770630000293899, 0.0 ], [ 53.433209999560717, 29.770340001023229, 0.0 ], [ 53.43291999999952, 29.770170000293241, 0.0 ], [ 53.432550000134583, 29.76996000079637, 0.0 ], [ 53.432220000253473, 29.769550000702221, 0.0 ], [ 53.432129999635329, 29.769430000662371, 0.0 ], [ 53.431999999894131, 29.769360000719619, 0.0 ], [ 53.431889999681523, 29.769320000254051, 0.0 ], [ 53.43183999989288, 29.76924000101641, 0.0 ], [ 53.431799999689439, 29.76904000022817, 0.0 ], [ 53.431879999423437, 29.768410000425231, 0.0 ], [ 53.431620000160407, 29.767510000923529, 0.0 ], [ 53.431129999731709, 29.766710000651269, 0.0 ], [ 53.430510000284407, 29.76611000034482, 0.0 ], [ 53.429789999805671, 29.765730000780799, 0.0 ], [ 53.428849999517567, 29.765260001051569, 0.0 ], [ 53.428509999874599, 29.765170000804321, 0.0 ], [ 53.428140000194347, 29.76453000075113, 0.0 ], [ 53.428290000064258, 29.763360000766589, 0.0 ], [ 53.428189999371128, 29.76295000025598, 0.0 ], [ 53.427500000122379, 29.761040000659619, 0.0 ], [ 53.427219999616099, 29.760240000466641, 0.0 ], [ 53.426839999968053, 29.759750000990941, 0.0 ], [ 53.426219999834508, 29.759710000851911, 0.0 ], [ 53.425530000041981, 29.759610000895989, 0.0 ], [ 53.425209999768789, 29.759250000437, 0.0 ], [ 53.425039999973983, 29.75869000072003, 0.0 ], [ 53.425240000081153, 29.758440001034309, 0.0 ], [ 53.425319999901568, 29.758140000674089, 0.0 ], [ 53.425100000090993, 29.75784000030114, 0.0 ], [ 53.424669999899713, 29.757690000464191, 0.0 ], [ 53.424410000057293, 29.7574300008351, 0.0 ], [ 53.424339999391961, 29.756810000888059, 0.0 ], [ 53.424259999973273, 29.75613000085799, 0.0 ], [ 53.424380000131343, 29.755730000680462, 0.0 ], [ 53.425179999852269, 29.7548300003346, 0.0 ], [ 53.425950000312483, 29.753330000562809, 0.0 ], [ 53.426769999489508, 29.752810000769959, 0.0 ], [ 53.428050000034879, 29.751830000495332, 0.0 ], [ 53.428929999400239, 29.75153000078301, 0.0 ], [ 53.429890000135437, 29.751300000819519, 0.0 ], [ 53.430419999912253, 29.750620000902501, 0.0 ], [ 53.431180000255253, 29.749710000955279, 0.0 ], [ 53.431559999486993, 29.74928000021243, 0.0 ], [ 53.431849999450009, 29.748620000265511, 0.0 ], [ 53.432559999817492, 29.7475100005, 0.0 ], [ 53.432899999559417, 29.747100000481499, 0.0 ], [ 53.433809999781083, 29.746740000997409, 0.0 ], [ 53.434929999393198, 29.746660000942839, 0.0 ], [ 53.434979999385519, 29.746270000977901, 0.0 ], [ 53.43451000010063, 29.745190000754551, 0.0 ], [ 53.434159999518592, 29.74427000091034, 0.0 ], [ 53.434020000083457, 29.743560000312659, 0.0 ], [ 53.43387999946107, 29.742910000396741, 0.0 ], [ 53.433680000173808, 29.742570000798839, 0.0 ], [ 53.433539999371163, 29.74232000069313, 0.0 ], [ 53.433280000105007, 29.742040000234169, 0.0 ], [ 53.433019999929662, 29.741740000995001, 0.0 ], [ 53.432900000292562, 29.74159000032892, 0.0 ], [ 53.43277999984381, 29.741360000347409, 0.0 ], [ 53.432449999785483, 29.740760000511901, 0.0 ], [ 53.432269999780033, 29.740480000495189, 0.0 ], [ 53.43198999950534, 29.74024000054192, 0.0 ], [ 53.431809999639782, 29.739940000657409, 0.0 ], [ 53.431400000299959, 29.739510000688281, 0.0 ], [ 53.431150000291552, 29.739070000705141, 0.0 ], [ 53.43085000017934, 29.73860000109309, 0.0 ], [ 53.430599999547233, 29.738200000856772, 0.0 ], [ 53.430320000212177, 29.73790000032858, 0.0 ], [ 53.429870000173047, 29.73752000068529, 0.0 ], [ 53.429720000365627, 29.73748000098626, 0.0 ], [ 53.429549999890803, 29.737350000598909, 0.0 ], [ 53.429070000148791, 29.7372200009053, 0.0 ], [ 53.428690000051851, 29.737130001071019, 0.0 ], [ 53.428199999816762, 29.737060000641211, 0.0 ], [ 53.427739999656851, 29.736920000926212, 0.0 ], [ 53.427369999813408, 29.736800000724578, 0.0 ], [ 53.427129999519003, 29.736550001022142, 0.0 ], [ 53.427089999530381, 29.736340000256511, 0.0 ], [ 53.426689999908753, 29.736020000948049, 0.0 ], [ 53.426259999695667, 29.735700000314541, 0.0 ], [ 53.426069999432478, 29.735420000887551, 0.0 ], [ 53.425819999875493, 29.73509000110332, 0.0 ], [ 53.425179999412919, 29.734660000907329, 0.0 ], [ 53.424589999377801, 29.734070000222388, 0.0 ], [ 53.42425999954424, 29.73392000027599, 0.0 ], [ 53.423989999820478, 29.733880000752048, 0.0 ], [ 53.423039999726711, 29.733520000787681, 0.0 ], [ 53.422269999929377, 29.73302000046538, 0.0 ], [ 53.421960000165797, 29.732840001092011, 0.0 ], [ 53.421890000368172, 29.732630000759521, 0.0 ], [ 53.421929999396617, 29.73231000067176, 0.0 ], [ 53.421510000314697, 29.732030000676389, 0.0 ], [ 53.421240000111737, 29.731900000538051, 0.0 ], [ 53.421099999685282, 29.731800001086441, 0.0 ], [ 53.420879999875311, 29.73175000036537, 0.0 ], [ 53.420789999466422, 29.731570000625371, 0.0 ], [ 53.420690000352117, 29.73146000069012, 0.0 ], [ 53.420579999468167, 29.7312500007321, 0.0 ], [ 53.420549999855588, 29.73095000079968, 0.0 ], [ 53.420540000048987, 29.730440000980611, 0.0 ], [ 53.420990000120021, 29.73013000105599, 0.0 ], [ 53.421129999552427, 29.729880000508679, 0.0 ], [ 53.421219999396662, 29.72965000032934, 0.0 ], [ 53.421619999863672, 29.728770000594199, 0.0 ], [ 53.422169999760953, 29.727770000638369, 0.0 ], [ 53.422779999618349, 29.727270000359251, 0.0 ], [ 53.423519999397797, 29.726760000823809, 0.0 ], [ 53.423459999386893, 29.726650000846831, 0.0 ], [ 53.423309999528207, 29.726480000788541, 0.0 ], [ 53.423200000132049, 29.72628000067051, 0.0 ], [ 53.42302999999859, 29.72612000082594, 0.0 ], [ 53.422909999861687, 29.725710000330022, 0.0 ], [ 53.422659999576801, 29.725540000323381, 0.0 ], [ 53.422559999788028, 29.725320000342641, 0.0 ], [ 53.422519999352353, 29.725080000315501, 0.0 ], [ 53.422449999714132, 29.724830000524211, 0.0 ], [ 53.422530000095797, 29.72455000053591, 0.0 ], [ 53.422589999350812, 29.724340000536468, 0.0 ], [ 53.422559999430661, 29.72404000095834, 0.0 ], [ 53.422480000316952, 29.723580000879309, 0.0 ], [ 53.422430000086898, 29.723190000925111, 0.0 ], [ 53.42234999995965, 29.722760000465911, 0.0 ], [ 53.422239999349827, 29.722470000816099, 0.0 ], [ 53.422159999477437, 29.722260000947109, 0.0 ], [ 53.422109999632298, 29.72202000054347, 0.0 ], [ 53.422110000074277, 29.721820000781751, 0.0 ], [ 53.422120000359392, 29.72170000081362, 0.0 ], [ 53.422189999535497, 29.721600000532721, 0.0 ], [ 53.422229999823472, 29.72138000087725, 0.0 ], [ 53.422199999926818, 29.721070000502682, 0.0 ], [ 53.422160000262927, 29.720420000936599, 0.0 ], [ 53.422009999771909, 29.72000000089206, 0.0 ], [ 53.421889999444147, 29.71968000081295, 0.0 ], [ 53.422029999689151, 29.7193900010882, 0.0 ], [ 53.42216999935377, 29.719190000622699, 0.0 ], [ 53.422449999934543, 29.71905000045858, 0.0 ], [ 53.422700000129957, 29.718980000630001, 0.0 ], [ 53.422920000115163, 29.719010001068121, 0.0 ], [ 53.423349999657177, 29.71888000074193, 0.0 ], [ 53.423660000148352, 29.718860000784289, 0.0 ], [ 53.423909999578512, 29.718800001057339, 0.0 ], [ 53.424229999706419, 29.718770001007709, 0.0 ], [ 53.424579999649367, 29.718580000528789, 0.0 ], [ 53.425009999540578, 29.718510000774781, 0.0 ], [ 53.425389999833918, 29.718420000323309, 0.0 ], [ 53.42570999959819, 29.718270000440651, 0.0 ], [ 53.426099999511841, 29.718270000683059, 0.0 ], [ 53.426720000025043, 29.718230000853978, 0.0 ], [ 53.427049999607483, 29.718240000385141, 0.0 ], [ 53.427429999632928, 29.718220000473629, 0.0 ], [ 53.427680000091463, 29.718130000312609, 0.0 ], [ 53.427989999874349, 29.718020001053571, 0.0 ], [ 53.428260000019428, 29.717800000596839, 0.0 ], [ 53.428569999872977, 29.717650000700409, 0.0 ], [ 53.428679999475243, 29.717660000363409, 0.0 ], [ 53.428800000217038, 29.717830000418591, 0.0 ], [ 53.429010000308267, 29.71794000063349, 0.0 ], [ 53.429159999660683, 29.71810000033129, 0.0 ], [ 53.429269999354183, 29.7181500006037, 0.0 ], [ 53.429399999844712, 29.71816000051632, 0.0 ], [ 53.429549999781813, 29.718120000437281, 0.0 ], [ 53.429660000273927, 29.71809000083163, 0.0 ], [ 53.429709999590521, 29.717990000573, 0.0 ], [ 53.429699999540738, 29.717800000484409, 0.0 ], [ 53.429679999756047, 29.71754000093858, 0.0 ], [ 53.42973999943235, 29.71733000093317, 0.0 ], [ 53.429759999657513, 29.71717000087807, 0.0 ], [ 53.429760000211672, 29.716810000689691, 0.0 ], [ 53.429559999716403, 29.716540000227909, 0.0 ], [ 53.429360000117093, 29.716400000593961, 0.0 ], [ 53.429180000309238, 29.71629000037948, 0.0 ], [ 53.429109999499772, 29.716150000850462, 0.0 ], [ 53.429180000312883, 29.715950000199939, 0.0 ], [ 53.429350000110688, 29.715760000962739, 0.0 ], [ 53.429639999593221, 29.715610000630971, 0.0 ], [ 53.429879999981637, 29.715550000400121, 0.0 ], [ 53.430329999604332, 29.715290000397982, 0.0 ], [ 53.430650000177607, 29.715250001000129, 0.0 ], [ 53.430889999526627, 29.71528000083552, 0.0 ], [ 53.431340000217759, 29.715110000227281, 0.0 ], [ 53.431749999883081, 29.714850000692969, 0.0 ], [ 53.432119999772247, 29.714550000594329, 0.0 ], [ 53.432339999589423, 29.71432000059832, 0.0 ], [ 53.431289999744983, 29.713590000661291, 0.0 ], [ 53.430670000223017, 29.713200000792099, 0.0 ], [ 53.429989999357531, 29.713090000645661, 0.0 ], [ 53.429799999401531, 29.712760001106879, 0.0 ], [ 53.42962000007649, 29.712450000883759, 0.0 ], [ 53.429349999828823, 29.712000000781341, 0.0 ], [ 53.428879999507139, 29.711660000345329, 0.0 ], [ 53.428409999423117, 29.711460000840731, 0.0 ], [ 53.427749999904108, 29.710820000815229, 0.0 ], [ 53.427089999476379, 29.710190000368179, 0.0 ], [ 53.426709999799471, 29.70947000069507, 0.0 ], [ 53.426629999820989, 29.708380000888731, 0.0 ], [ 53.426899999488583, 29.70766000087476, 0.0 ], [ 53.427600000183858, 29.707050000820519, 0.0 ], [ 53.428569999630383, 29.70649000048083, 0.0 ], [ 53.429219999903722, 29.70618000086262, 0.0 ], [ 53.429699999557428, 29.706510000300572, 0.0 ], [ 53.430239999420408, 29.707090000649711, 0.0 ], [ 53.430630000195471, 29.707370000861228, 0.0 ], [ 53.430949999540687, 29.707380000644719, 0.0 ], [ 53.431169999498373, 29.70729000104652, 0.0 ], [ 53.431299999759347, 29.707080000990551, 0.0 ], [ 53.431179999598903, 29.70678000047949, 0.0 ], [ 53.431070000219577, 29.706370000818598, 0.0 ], [ 53.431119999874653, 29.705070000596361, 0.0 ], [ 53.431129999594447, 29.70464000042039, 0.0 ], [ 53.431199999819377, 29.704240000283932, 0.0 ], [ 53.43121999972778, 29.703990000704689, 0.0 ], [ 53.431189999446772, 29.703700000896401, 0.0 ], [ 53.431160000329022, 29.703590000435309, 0.0 ], [ 53.43112999982808, 29.703460000757659, 0.0 ], [ 53.431139999378971, 29.703290000443118, 0.0 ], [ 53.431090000185847, 29.703040000997021, 0.0 ], [ 53.431029999665419, 29.70277000103313, 0.0 ], [ 53.431039999432343, 29.70235000035192, 0.0 ], [ 53.430939999905867, 29.701900000249431, 0.0 ], [ 53.430970000255691, 29.70153000106929, 0.0 ], [ 53.431089999867353, 29.701130001000561, 0.0 ], [ 53.431160000269827, 29.70085000073118, 0.0 ], [ 53.431609999494761, 29.70046000080422, 0.0 ], [ 53.432000000353831, 29.70019000021059, 0.0 ], [ 53.432620000087958, 29.70066000054749, 0.0 ], [ 53.433290000231388, 29.701200000539089, 0.0 ], [ 53.434069999719704, 29.701510000297919, 0.0 ], [ 53.434540000112101, 29.70180000024201, 0.0 ], [ 53.434919999950829, 29.702310000718981, 0.0 ], [ 53.434869999938023, 29.702970000239219, 0.0 ], [ 53.43534000011848, 29.703580000365779, 0.0 ], [ 53.435589999649537, 29.704170000916871, 0.0 ], [ 53.436349999967497, 29.704470000730289, 0.0 ], [ 53.437049999465259, 29.704390000358121, 0.0 ], [ 53.437489999678519, 29.704240000852138, 0.0 ], [ 53.438059999507033, 29.704210001014118, 0.0 ], [ 53.438460000146613, 29.70435000056187, 0.0 ], [ 53.438650000028638, 29.705180001047761, 0.0 ], [ 53.437910000017233, 29.70614000052927, 0.0 ], [ 53.437739999790438, 29.706800000276139, 0.0 ], [ 53.438349999371837, 29.707560000316029, 0.0 ], [ 53.439129999810717, 29.70798000071272, 0.0 ], [ 53.440009999892148, 29.707790000786481, 0.0 ], [ 53.440860000117588, 29.70734000106663, 0.0 ], [ 53.441230000359319, 29.707180001040651, 0.0 ], [ 53.441450000233061, 29.707050000832229, 0.0 ], [ 53.441729999396699, 29.706950000796329, 0.0 ], [ 53.441959999772692, 29.706860000301479, 0.0 ], [ 53.442319999721732, 29.70669000096105, 0.0 ], [ 53.442819999707368, 29.706510000899211, 0.0 ], [ 53.44327000003684, 29.706290000889879, 0.0 ], [ 53.443659999837479, 29.70607000032215, 0.0 ], [ 53.444370000375272, 29.705760001088759, 0.0 ], [ 53.44467999988612, 29.705560001065919, 0.0 ], [ 53.445449999911339, 29.705170000267941, 0.0 ], [ 53.445809999868388, 29.70484000071481, 0.0 ], [ 53.446199999399838, 29.70463000071689, 0.0 ], [ 53.446699999379717, 29.70420000040496, 0.0 ], [ 53.447629999681283, 29.703660000876869, 0.0 ], [ 53.447819999508049, 29.703360000893269, 0.0 ], [ 53.447449999913793, 29.702860001044002, 0.0 ], [ 53.446170000083903, 29.701720000671141, 0.0 ], [ 53.44538999990565, 29.70098000060641, 0.0 ], [ 53.44484999971035, 29.700280000485861, 0.0 ], [ 53.443879999941679, 29.699320000715339, 0.0 ], [ 53.443070000180363, 29.698200000506219, 0.0 ], [ 53.442130000031113, 29.69734000032085, 0.0 ], [ 53.441150000139878, 29.696910000774, 0.0 ], [ 53.439990000053911, 29.696640000410319, 0.0 ], [ 53.438759999774078, 29.696390000981371, 0.0 ], [ 53.436999999726652, 29.69581000068565, 0.0 ], [ 53.435019999807508, 29.695240000836009, 0.0 ], [ 53.433159999914011, 29.69450000057596, 0.0 ], [ 53.432529999452107, 29.692770000507831, 0.0 ], [ 53.431789999464463, 29.691240000240921, 0.0 ], [ 53.430519999672548, 29.690000000515191, 0.0 ], [ 53.430069999529167, 29.68982000102914, 0.0 ], [ 53.429140000157133, 29.690400000497689, 0.0 ], [ 53.428409999573319, 29.69123000087658, 0.0 ], [ 53.428179999846293, 29.69145000034527, 0.0 ], [ 53.427859999538832, 29.692650000926289, 0.0 ], [ 53.427629999762573, 29.693120000538421, 0.0 ], [ 53.427419999747357, 29.69349000023826, 0.0 ], [ 53.427330000113443, 29.69418000095455, 0.0 ], [ 53.426879999531231, 29.694880000368691, 0.0 ], [ 53.426440000069377, 29.695670000451631, 0.0 ], [ 53.426049999738098, 29.697250001099889, 0.0 ], [ 53.425750000116992, 29.698160000243561, 0.0 ], [ 53.425079999640047, 29.6988400009825, 0.0 ], [ 53.424729999477087, 29.699190000342369, 0.0 ], [ 53.424619999669957, 29.69975000072014, 0.0 ], [ 53.424369999526398, 29.700030000450461, 0.0 ], [ 53.424029999473078, 29.700170001049361, 0.0 ], [ 53.423630000228748, 29.700170000993751, 0.0 ], [ 53.423199999492113, 29.700250000349492, 0.0 ], [ 53.422739999622721, 29.70047000033491, 0.0 ], [ 53.422359999814468, 29.700380000726639, 0.0 ], [ 53.421960000208458, 29.699950000589631, 0.0 ], [ 53.421639999999428, 29.699630000486689, 0.0 ], [ 53.4213600002413, 29.69931000037154, 0.0 ], [ 53.421289999971897, 29.698920000462099, 0.0 ], [ 53.421110000296302, 29.69851000040304, 0.0 ], [ 53.420909999409197, 29.698140000890781, 0.0 ], [ 53.420470000327938, 29.697660000711441, 0.0 ], [ 53.420140000282878, 29.697240000388138, 0.0 ], [ 53.419800000265383, 29.697060000693391, 0.0 ], [ 53.419389999838558, 29.69685000029385, 0.0 ], [ 53.418839999392247, 29.69672000100967, 0.0 ], [ 53.418389999423503, 29.69691000062339, 0.0 ], [ 53.417189999387183, 29.696690000882739, 0.0 ], [ 53.415889999698841, 29.696310000496609, 0.0 ], [ 53.415420000122232, 29.696190000464131, 0.0 ], [ 53.413140000254828, 29.695570001020268, 0.0 ], [ 53.411469999649093, 29.6942500007885, 0.0 ], [ 53.410060000323718, 29.69338000030481, 0.0 ], [ 53.40880000020514, 29.69245000072042, 0.0 ], [ 53.408709999508602, 29.691740000342079, 0.0 ], [ 53.409609999453252, 29.69093000050227, 0.0 ], [ 53.410130000020068, 29.689410000400969, 0.0 ], [ 53.410079999400317, 29.68863000103859, 0.0 ], [ 53.410559999845432, 29.687900000375709, 0.0 ], [ 53.410810000128812, 29.687310000678711, 0.0 ], [ 53.410919999433617, 29.68654000103788, 0.0 ], [ 53.410800000287388, 29.684650000779801, 0.0 ], [ 53.411349999835821, 29.683260000651849, 0.0 ], [ 53.411370000245839, 29.682770000400481, 0.0 ], [ 53.408879999651532, 29.681390000334371, 0.0 ], [ 53.406309999945023, 29.680360000332769, 0.0 ], [ 53.405449999746182, 29.680220000448362, 0.0 ], [ 53.404519999602968, 29.680090000851109, 0.0 ], [ 53.403449999726028, 29.680350000696968, 0.0 ], [ 53.402760000312682, 29.680740000454399, 0.0 ], [ 53.401599999341371, 29.681870000560099, 0.0 ], [ 53.398891000730387, 29.68386702836445, 0.0 ], [ 53.398479999408053, 29.684170000653779, 0.0 ], [ 53.395810000140827, 29.68637000030127, 0.0 ], [ 53.391130000585562, 29.689250000521511, 0.0 ], [ 53.387792834480628, 29.689940688466368, 0.0 ], [ 53.386691063648293, 29.690168700251451, 0.0 ], [ 53.385964849623022, 29.690318984785961, 0.0 ], [ 53.385670000072579, 29.69038000065428, 0.0 ], [ 53.385126555381383, 29.690485508787159, 0.0 ], [ 53.381240000527363, 29.69124000094946, 0.0 ], [ 53.381039999337183, 29.691030000344298, 0.0 ], [ 53.380400000519657, 29.69049000036782, 0.0 ], [ 53.372388383912892, 29.69228210077895, 0.0 ], [ 53.369630656147223, 29.69196206142378, 0.0 ], [ 53.363528510505567, 29.692504022211669, 0.0 ], [ 53.361819364482692, 29.692655768598531, 0.0 ], [ 53.359525841624077, 29.693079738939101, 0.0 ], [ 53.35739577298984, 29.69347345573502, 0.0 ], [ 53.35203000045491, 29.694300001015829, 0.0 ], [ 53.328630639034749, 29.68985988761937, 0.0 ], [ 53.325352662449177, 29.689237513617162, 0.0 ], [ 53.320399999903202, 29.687250000763541, 0.0 ], [ 53.31359923027059, 29.684086631139351, 0.0 ], [ 53.307544119938179, 29.68302205391446, 0.0 ], [ 53.300218440017467, 29.68173368603966, 0.0 ], [ 53.298020000156548, 29.681010001054609, 0.0 ], [ 53.296549999880867, 29.681360000683721, 0.0 ], [ 53.288619999895623, 29.680560000205489, 0.0 ], [ 53.273119999864058, 29.67675000057212, 0.0 ], [ 53.266709999578232, 29.674480001084401, 0.0 ], [ 53.264460000082927, 29.67359000022897, 0.0 ], [ 53.262789999946833, 29.672410000266431, 0.0 ], [ 53.260100000262, 29.670910001000461, 0.0 ], [ 53.258180000251727, 29.66973000095955, 0.0 ], [ 53.25560999990573, 29.667570000811111, 0.0 ], [ 53.255089999298853, 29.652430000318159, 0.0 ], [ 53.265579999541877, 29.65142000028024, 0.0 ], [ 53.27306999930223, 29.649750000290659, 0.0 ], [ 53.278480000055133, 29.649430000715189, 0.0 ], [ 53.289630000008849, 29.645880000462238, 0.0 ], [ 53.293110000082272, 29.64399000062857, 0.0 ], [ 53.291440000120488, 29.63347000071867, 0.0 ], [ 53.309779999417877, 29.630040001078669, 0.0 ], [ 53.321829999468761, 29.62799000106828, 0.0 ], [ 53.322299999394382, 29.62789000102314, 0.0 ], [ 53.325556156274118, 29.627509334844849, 0.0 ], [ 53.333930000200873, 29.62653000030971, 0.0 ], [ 53.342064775663722, 29.625034773057571, 0.0 ], [ 53.346170000041468, 29.624280000237579, 0.0 ], [ 53.348481883505933, 29.62289287767117, 0.0 ], [ 53.348919999482419, 29.62263000053084, 0.0 ], [ 53.348169999441097, 29.621610000963329, 0.0 ], [ 53.346319999533932, 29.620400000392969, 0.0 ], [ 53.343189999909413, 29.618210000858081, 0.0 ], [ 53.341139999390869, 29.616230000509951, 0.0 ], [ 53.340419999969143, 29.61479000104687, 0.0 ], [ 53.339700000102518, 29.612620000576051, 0.0 ], [ 53.339969999478697, 29.611070001060298, 0.0 ], [ 53.342679999712622, 29.61154000059943, 0.0 ], [ 53.346469999953669, 29.611510000487229, 0.0 ], [ 53.348379999608767, 29.611290000976531, 0.0 ], [ 53.348299999548132, 29.60897000050176, 0.0 ], [ 53.348600000291377, 29.60712000031894, 0.0 ], [ 53.350280000234029, 29.60723000056668, 0.0 ], [ 53.359930000198389, 29.607750000467441, 0.0 ], [ 53.36005999967891, 29.605160000524769, 0.0 ], [ 53.362959999574052, 29.605370000424831, 0.0 ], [ 53.36365999933205, 29.602150000472729, 0.0 ], [ 53.364590000109601, 29.600330000682401, 0.0 ], [ 53.366079999440757, 29.598440000284331, 0.0 ], [ 53.366599999842421, 29.597190000640381, 0.0 ], [ 53.366239999759813, 29.594360001078421, 0.0 ], [ 53.365680000308927, 29.594230000436379, 0.0 ], [ 53.365520000108702, 29.593060000989201, 0.0 ], [ 53.366290000203847, 29.589250000627139, 0.0 ], [ 53.369249999810712, 29.589800000218219, 0.0 ], [ 53.371159999799232, 29.58788000083462, 0.0 ], [ 53.372019999405701, 29.587100000432891, 0.0 ], [ 53.372879999451563, 29.585830000315362, 0.0 ], [ 53.374029999424501, 29.585590000257952, 0.0 ], [ 53.374449999462193, 29.585090000304561, 0.0 ], [ 53.374419999631193, 29.58324000093063, 0.0 ], [ 53.377110000005977, 29.582300000913801, 0.0 ], [ 53.376220000089752, 29.581070000646481, 0.0 ], [ 53.381059999364588, 29.577270000209531, 0.0 ], [ 53.380660000310421, 29.576740000703019, 0.0 ], [ 53.381350000194189, 29.57631000056498, 0.0 ], [ 53.382439999728639, 29.5762400002159, 0.0 ], [ 53.382869999471623, 29.575820000944521, 0.0 ], [ 53.383689999665073, 29.57599000048555, 0.0 ], [ 53.385260000363687, 29.576870000582741, 0.0 ], [ 53.386579999761572, 29.577010000506711, 0.0 ], [ 53.389250000263957, 29.575590000329989, 0.0 ], [ 53.392100000188591, 29.573530000672449, 0.0 ], [ 53.394549999725712, 29.57333000107721, 0.0 ], [ 53.394900000156298, 29.573980000752002, 0.0 ], [ 53.395610000234903, 29.57563000061668, 0.0 ], [ 53.396899999368571, 29.57784000047247, 0.0 ], [ 53.39881000033246, 29.57740000027491, 0.0 ], [ 53.401279999359268, 29.577060000469992, 0.0 ], [ 53.402320000352873, 29.576750000868081, 0.0 ], [ 53.402709999425923, 29.576020000439719, 0.0 ], [ 53.403949999875891, 29.57684000093921, 0.0 ], [ 53.405599999447652, 29.576940000681169, 0.0 ], [ 53.406409999728062, 29.576430000262491, 0.0 ], [ 53.408499999643489, 29.576190000765472, 0.0 ], [ 53.409209999956111, 29.57603000026722, 0.0 ], [ 53.410580000038408, 29.57570000063053, 0.0 ], [ 53.412420000062347, 29.575630000930548, 0.0 ], [ 53.413049999426832, 29.575380000530259, 0.0 ], [ 53.412009999926369, 29.573430000619648, 0.0 ], [ 53.412180000224289, 29.57164000063436, 0.0 ], [ 53.412669999499798, 29.570470000701128, 0.0 ], [ 53.413659999589683, 29.570210001092551, 0.0 ], [ 53.414629999937617, 29.56975000037928, 0.0 ], [ 53.41564000021144, 29.569030000675621, 0.0 ], [ 53.416810000021712, 29.568030000849589, 0.0 ], [ 53.417870000005138, 29.5656200002615, 0.0 ], [ 53.418490000306747, 29.56524000028789, 0.0 ], [ 53.418589999601153, 29.56363000096675, 0.0 ], [ 53.418829999595921, 29.563490000301829, 0.0 ], [ 53.420099999792477, 29.562690000995101, 0.0 ], [ 53.421760000114638, 29.561570000374289, 0.0 ], [ 53.422830000047703, 29.56019000035317, 0.0 ], [ 53.423009999830057, 29.560010000326919, 0.0 ], [ 53.423169999766017, 29.559870000863189, 0.0 ], [ 53.42359000010822, 29.559270000235589, 0.0 ], [ 53.424869999468982, 29.558460000550451, 0.0 ], [ 53.425359999871567, 29.557960000891249, 0.0 ], [ 53.425509999722102, 29.557890000697761, 0.0 ], [ 53.426160000051141, 29.557360000349099, 0.0 ], [ 53.426339999334907, 29.557010000215179, 0.0 ], [ 53.426519999540531, 29.556410000869789, 0.0 ], [ 53.426889999760583, 29.55512000086307, 0.0 ], [ 53.427330000269833, 29.55329000043637, 0.0 ], [ 53.427890000267503, 29.551530000914209, 0.0 ], [ 53.428469999456773, 29.55093000101575, 0.0 ], [ 53.429210000168503, 29.55043000088741, 0.0 ], [ 53.429730000313768, 29.5501400006364, 0.0 ], [ 53.430050000017623, 29.550160001019801, 0.0 ], [ 53.430379999669647, 29.550260000994559, 0.0 ], [ 53.431189999605877, 29.550590000999321, 0.0 ], [ 53.431609999521257, 29.550800000438439, 0.0 ], [ 53.432139999679933, 29.551010000817609, 0.0 ], [ 53.432330000196806, 29.551060000777529, 0.0 ], [ 53.432429999717613, 29.550960000440519, 0.0 ], [ 53.43242000006326, 29.550710000995181, 0.0 ], [ 53.432400000284723, 29.550600000599239, 0.0 ], [ 53.43242000004556, 29.55042000048682, 0.0 ], [ 53.432479999593589, 29.550230000342641, 0.0 ], [ 53.432690000155077, 29.550140000727119, 0.0 ], [ 53.432769999887249, 29.549980000617769, 0.0 ], [ 53.432459999748247, 29.549320000559021, 0.0 ], [ 53.432430000371149, 29.549230000690859, 0.0 ], [ 53.432599999399329, 29.54882000066242, 0.0 ], [ 53.432610000254428, 29.548390001000669, 0.0 ], [ 53.432670000154367, 29.547860000293309, 0.0 ], [ 53.432750000178473, 29.547090000538031, 0.0 ], [ 53.432889999736517, 29.54622000044176, 0.0 ], [ 53.43312999966026, 29.544930000356629, 0.0 ], [ 53.433820000143463, 29.544020000574811, 0.0 ], [ 53.434730000345233, 29.543160000446729, 0.0 ], [ 53.435330000374613, 29.542880000743381, 0.0 ], [ 53.435359999498857, 29.542660000849882, 0.0 ], [ 53.435519999798387, 29.541290000935291, 0.0 ], [ 53.435139999581168, 29.539840000927871, 0.0 ], [ 53.434400000038202, 29.538690000455901, 0.0 ], [ 53.433939999709622, 29.537770000219631, 0.0 ], [ 53.432709999601649, 29.537250001075201, 0.0 ], [ 53.431790000147657, 29.536560000204361, 0.0 ], [ 53.431089999659328, 29.536300000727071, 0.0 ], [ 53.430219999404969, 29.53593000021495, 0.0 ], [ 53.430090000195001, 29.535380000269861, 0.0 ], [ 53.428829999913958, 29.53497000038541, 0.0 ], [ 53.427160000179107, 29.534090000513569, 0.0 ], [ 53.425969999679552, 29.53374000035123, 0.0 ], [ 53.425289999550927, 29.533000000528961, 0.0 ], [ 53.424609999370183, 29.532070000473041, 0.0 ], [ 53.424049999363781, 29.531500000792828, 0.0 ], [ 53.424580000158599, 29.529650000563858, 0.0 ], [ 53.425009999411643, 29.528550000837019, 0.0 ], [ 53.425329999640716, 29.527280000680001, 0.0 ], [ 53.426569999581787, 29.52594000037865, 0.0 ], [ 53.427080000151527, 29.52377000093562, 0.0 ], [ 53.427970000282649, 29.522550000232322, 0.0 ], [ 53.429359999659731, 29.521300000935749, 0.0 ], [ 53.426810000170427, 29.517260000426671, 0.0 ], [ 53.432769999492379, 29.51579000077135, 0.0 ], [ 53.43373999956323, 29.515650000820852, 0.0 ], [ 53.434220000053607, 29.515310000861049, 0.0 ], [ 53.429400000378067, 29.510890000770878, 0.0 ], [ 53.428699999902243, 29.510130001072039, 0.0 ], [ 53.427049999658287, 29.510010001012809, 0.0 ], [ 53.426219999890399, 29.509730000674381, 0.0 ], [ 53.425469999921368, 29.508640000873001, 0.0 ], [ 53.425479999643123, 29.508320000888819, 0.0 ], [ 53.424899999952117, 29.507890000709288, 0.0 ], [ 53.424939999629743, 29.50728000071172, 0.0 ], [ 53.425930000271073, 29.506700000411641, 0.0 ], [ 53.42807999962109, 29.50500000063672, 0.0 ], [ 53.430019999620782, 29.503300000969919, 0.0 ], [ 53.4308599994256, 29.502090000692501, 0.0 ], [ 53.432609999885749, 29.501280000540831, 0.0 ], [ 53.432900000113193, 29.501000000393891, 0.0 ], [ 53.432780940907563, 29.499988000604869, 0.0 ], [ 53.432779999895907, 29.499980000798281, 0.0 ], [ 53.432939999737187, 29.499650000769549, 0.0 ], [ 53.43438999960442, 29.498530000958869, 0.0 ], [ 53.435509999849337, 29.49782000072663, 0.0 ], [ 53.441889999959422, 29.493100000618981, 0.0 ], [ 53.447150000339562, 29.48894000031585, 0.0 ], [ 53.454880000080493, 29.483510000801012, 0.0 ], [ 53.460539999671383, 29.479690001003721, 0.0 ], [ 53.464049999441592, 29.47701000048518, 0.0 ], [ 53.467939999871852, 29.473920000968221, 0.0 ], [ 53.469469999587531, 29.47252000027401, 0.0 ], [ 53.475369999731122, 29.470810000394842, 0.0 ], [ 53.481969999780567, 29.468550000214009, 0.0 ], [ 53.482700000302572, 29.467140000666731, 0.0 ], [ 53.48522000002832, 29.467220001005671, 0.0 ], [ 53.489969999429853, 29.46624000095337, 0.0 ], [ 53.494420000011047, 29.465240000805039, 0.0 ], [ 53.495590000077577, 29.464860000833529, 0.0 ], [ 53.495789999944591, 29.46334000063468, 0.0 ], [ 53.496579999855328, 29.46084000093181, 0.0 ], [ 53.49544999989935, 29.454970000836749, 0.0 ], [ 53.49504000015672, 29.451500000618211, 0.0 ], [ 53.493289999880453, 29.450760000691321, 0.0 ], [ 53.490329999955669, 29.450070000215209, 0.0 ], [ 53.486710000351081, 29.449900000695969, 0.0 ], [ 53.482579999655798, 29.450170000961609, 0.0 ], [ 53.479439999621633, 29.45049000086312, 0.0 ], [ 53.477920000038957, 29.450590000781599, 0.0 ], [ 53.47431999966517, 29.45074000041264, 0.0 ], [ 53.468160000287199, 29.45134000088915, 0.0 ], [ 53.460330000258693, 29.452930000296838, 0.0 ], [ 53.456819999510699, 29.45342000021353, 0.0 ], [ 53.452439999584278, 29.453890000220269, 0.0 ], [ 53.449140000093472, 29.454450000880271, 0.0 ], [ 53.448020000234173, 29.454640000197909, 0.0 ], [ 53.446839999548708, 29.454580001051252, 0.0 ], [ 53.445149999993333, 29.454520000906339, 0.0 ], [ 53.443449999460952, 29.454170000443732, 0.0 ], [ 53.442739999353243, 29.453670000668598, 0.0 ], [ 53.4423999996935, 29.4534300007208, 0.0 ], [ 53.441960000061393, 29.453380000748659, 0.0 ], [ 53.441619999741107, 29.453180000940449, 0.0 ], [ 53.441189999553067, 29.452970000714899, 0.0 ], [ 53.440779999738773, 29.452680001094581, 0.0 ], [ 53.44060999941091, 29.45251000092582, 0.0 ], [ 53.440900000061653, 29.452400000454929, 0.0 ], [ 53.441059999362373, 29.452290001036211, 0.0 ], [ 53.440760000225943, 29.451890000562461, 0.0 ], [ 53.440090000080261, 29.45129000052156, 0.0 ], [ 53.439629999606247, 29.450890000218031, 0.0 ], [ 53.439299999703422, 29.45057000033119, 0.0 ], [ 53.438839999430733, 29.450240000803699, 0.0 ], [ 53.438410000352178, 29.449970000380979, 0.0 ], [ 53.438169999455027, 29.450000000978189, 0.0 ], [ 53.438450000042863, 29.449430000736431, 0.0 ], [ 53.439139999810919, 29.448310000932029, 0.0 ], [ 53.439790000329609, 29.447600000990128, 0.0 ], [ 53.440230000269253, 29.447180000523939, 0.0 ], [ 53.442250000238353, 29.44506000084866, 0.0 ], [ 53.443959999844772, 29.44304000093965, 0.0 ], [ 53.4448299996656, 29.441950000363111, 0.0 ], [ 53.446199999677951, 29.440240000886341, 0.0 ], [ 53.446999999821017, 29.439130000600379, 0.0 ], [ 53.44820999990867, 29.437280000353159, 0.0 ], [ 53.44884999989867, 29.436210000799271, 0.0 ], [ 53.449770000155489, 29.434470000411309, 0.0 ], [ 53.450689999664533, 29.432650000953519, 0.0 ], [ 53.452409999653348, 29.43037000022338, 0.0 ], [ 53.453280000273693, 29.430340000484499, 0.0 ], [ 53.455320000203287, 29.427570000507441, 0.0 ], [ 53.45671999977143, 29.42573000038723, 0.0 ], [ 53.460950000015288, 29.42153000063788, 0.0 ], [ 53.462569999544932, 29.420170000796912, 0.0 ], [ 53.465470000101831, 29.416890000660789, 0.0 ], [ 53.469049999479218, 29.41606000019619, 0.0 ], [ 53.470149999728683, 29.415330000780699, 0.0 ], [ 53.47234999957098, 29.414830000714751, 0.0 ], [ 53.47500999937477, 29.413510000470559, 0.0 ], [ 53.476870000156957, 29.41221000060327, 0.0 ], [ 53.477439999386831, 29.41160000080038, 0.0 ], [ 53.477980000334682, 29.411030000457551, 0.0 ], [ 53.479200000226953, 29.41047000060308, 0.0 ], [ 53.481699999756763, 29.409410000490741, 0.0 ], [ 53.484049999680828, 29.40770000022685, 0.0 ], [ 53.487750000394342, 29.40529000073661, 0.0 ], [ 53.489500000164902, 29.403790000341768, 0.0 ], [ 53.492239999719793, 29.401570000911121, 0.0 ], [ 53.497199999888579, 29.398240000913191, 0.0 ], [ 53.498809999661212, 29.397190000550989, 0.0 ], [ 53.500370000080252, 29.39607000037882, 0.0 ], [ 53.502090000154119, 29.394950000973491, 0.0 ], [ 53.504279999443092, 29.39379000059408, 0.0 ], [ 53.50687999943321, 29.39227000031579, 0.0 ], [ 53.507569999673173, 29.391740000752979, 0.0 ], [ 53.508650000007322, 29.391490000926058, 0.0 ], [ 53.509159999496838, 29.391430000203449, 0.0 ], [ 53.509629999801781, 29.391230000292559, 0.0 ], [ 53.510020000354032, 29.391160000952521, 0.0 ], [ 53.510559999945443, 29.391000000258131, 0.0 ], [ 53.511070000335877, 29.391020000657079, 0.0 ], [ 53.511730000165073, 29.390870000998792, 0.0 ], [ 53.512639999621612, 29.39076000094807, 0.0 ], [ 53.516720000162458, 29.39079000089518, 0.0 ], [ 53.517409999714502, 29.390790000636478, 0.0 ], [ 53.520409999758897, 29.390310000367521, 0.0 ], [ 53.521339999425948, 29.390260001066778, 0.0 ], [ 53.522460000310417, 29.390500000524771, 0.0 ], [ 53.523040000340423, 29.39014000093804, 0.0 ], [ 53.524619999959818, 29.389850000664971, 0.0 ], [ 53.526519999978987, 29.389000000389359, 0.0 ], [ 53.527379999991197, 29.388650000914279, 0.0 ], [ 53.529960000116148, 29.387340000292919, 0.0 ], [ 53.530389999913822, 29.387340000987209, 0.0 ], [ 53.531819999721897, 29.38654000064885, 0.0 ], [ 53.534019999957202, 29.38511000046412, 0.0 ], [ 53.535570000237868, 29.38441000042841, 0.0 ], [ 53.536819999772227, 29.383530000420159, 0.0 ], [ 53.539549999419847, 29.382540000345159, 0.0 ], [ 53.541539999595898, 29.381870001050839, 0.0 ], [ 53.547189999455277, 29.380150000198121, 0.0 ], [ 53.55311999989393, 29.378700000739091, 0.0 ], [ 53.555800000219961, 29.37792000102958, 0.0 ], [ 53.558709999447977, 29.376630000549969, 0.0 ], [ 53.565829999732998, 29.37330000078196, 0.0 ], [ 53.568590000135657, 29.371630000822758, 0.0 ], [ 53.569399999592733, 29.371150000419071, 0.0 ], [ 53.570940000253067, 29.370000000879081, 0.0 ], [ 53.572229999570197, 29.36927000100868, 0.0 ], [ 53.572650000244849, 29.36919000047487, 0.0 ], [ 53.573539999663602, 29.36935000063507, 0.0 ], [ 53.574379999802083, 29.369730000466561, 0.0 ], [ 53.575179999727261, 29.36960000072747, 0.0 ], [ 53.575559999517957, 29.3691900007797, 0.0 ], [ 53.576729999921866, 29.36797000087153, 0.0 ], [ 53.57761000024955, 29.367340000860629, 0.0 ], [ 53.578369999694509, 29.366970000280471, 0.0 ], [ 53.57947999993798, 29.365800000441119, 0.0 ], [ 53.580379999960172, 29.364650000865939, 0.0 ], [ 53.581230000253377, 29.363490000368071, 0.0 ], [ 53.581959999787003, 29.362620001011631, 0.0 ], [ 53.583459999503937, 29.361570000619771, 0.0 ], [ 53.584809999411988, 29.360270000967269, 0.0 ], [ 53.586629999594642, 29.35815000067382, 0.0 ], [ 53.587899999525703, 29.35640000044673, 0.0 ], [ 53.590139999591813, 29.35276000077209, 0.0 ], [ 53.595150000233232, 29.345540000856971, 0.0 ], [ 53.595739999949323, 29.344400000488641, 0.0 ], [ 53.596789999512687, 29.342820000829171, 0.0 ], [ 53.597859999917702, 29.341390000281361, 0.0 ], [ 53.598149999502994, 29.340780000353028, 0.0 ], [ 53.59931000028638, 29.338690001062719, 0.0 ], [ 53.600369999613051, 29.33688000082174, 0.0 ], [ 53.60157999961929, 29.3355200005205, 0.0 ], [ 53.602260000020543, 29.335250001034229, 0.0 ], [ 53.601699999806272, 29.33424000073072, 0.0 ], [ 53.60166000001869, 29.333610000486289, 0.0 ], [ 53.60114999992161, 29.332920000862671, 0.0 ], [ 53.600419999481808, 29.331690000864182, 0.0 ], [ 53.599910000010567, 29.330320000374321, 0.0 ], [ 53.59968000007143, 29.329030000496669, 0.0 ], [ 53.59954000036366, 29.328620000255199, 0.0 ], [ 53.599119999932547, 29.32808000053064, 0.0 ], [ 53.598619999733003, 29.327330000539579, 0.0 ], [ 53.598900000312788, 29.326790001033562, 0.0 ], [ 53.599389999521463, 29.325880000460209, 0.0 ], [ 53.59997000011834, 29.324800000830681, 0.0 ], [ 53.601569999495631, 29.321670000987339, 0.0 ], [ 53.602280000325997, 29.32043000032224, 0.0 ], [ 53.602679999529357, 29.31978000092818, 0.0 ], [ 53.603120000421242, 29.318490000893011, 0.0 ], [ 53.604190000243193, 29.316470000838081, 0.0 ], [ 53.606519999654772, 29.3121000006043, 0.0 ], [ 53.607849999507827, 29.310320000308501, 0.0 ], [ 53.613710000070448, 29.306360000352459, 0.0 ], [ 53.617659999716807, 29.303660000713201, 0.0 ], [ 53.618929999570319, 29.302880000808919, 0.0 ], [ 53.620370000296511, 29.30296000023159, 0.0 ], [ 53.621510000281063, 29.303050000219908, 0.0 ], [ 53.622480000395051, 29.303130000185789, 0.0 ], [ 53.623310000251507, 29.302700000490081, 0.0 ], [ 53.624910000292331, 29.300230000679029, 0.0 ], [ 53.626669999812897, 29.296800000826881, 0.0 ], [ 53.628749999568598, 29.293190000562571, 0.0 ], [ 53.629970000156057, 29.291060000423951, 0.0 ], [ 53.6312899998643, 29.289350000962578, 0.0 ], [ 53.631760000195747, 29.288550000555411, 0.0 ], [ 53.632079999677231, 29.288130001031998, 0.0 ], [ 53.63275999989245, 29.287070000231061, 0.0 ], [ 53.634000000294193, 29.28517000103669, 0.0 ], [ 53.635570000384767, 29.282670000386371, 0.0 ], [ 53.637519999734607, 29.27968000064098, 0.0 ], [ 53.639579999439633, 29.27770000040238, 0.0 ], [ 53.64148999945391, 29.276140000337421, 0.0 ], [ 53.64211999962918, 29.275640000411791, 0.0 ], [ 53.642459999567798, 29.27533000019292, 0.0 ], [ 53.645099999798553, 29.273380000755029, 0.0 ], [ 53.647620000137607, 29.271140000543159, 0.0 ], [ 53.651110000125669, 29.267990000215502, 0.0 ], [ 53.655269999785297, 29.26411000034939, 0.0 ], [ 53.658680000463328, 29.25893000101669, 0.0 ], [ 53.664299999525248, 29.253150000907809, 0.0 ], [ 53.66588000020689, 29.250710000737161, 0.0 ], [ 53.668969999753877, 29.246820000735362, 0.0 ], [ 53.670049999712383, 29.244600000444709, 0.0 ], [ 53.674250000441667, 29.236890001054459, 0.0 ], [ 53.675249999505922, 29.235690000201249, 0.0 ], [ 53.675349999479103, 29.235090000788119, 0.0 ], [ 53.67545000009045, 29.23281000043448, 0.0 ], [ 53.675900000266118, 29.23228000032946, 0.0 ], [ 53.677370000132662, 29.230830000828089, 0.0 ], [ 53.678591247251212, 29.23331472204227, 0.0 ], [ 53.679781327621868, 29.233923624017422, 0.0 ], [ 53.681663909628533, 29.234150245072581, 0.0 ], [ 53.682296091362993, 29.234116905461459, 0.0 ], [ 53.684040798994779, 29.23408562736655, 0.0 ], [ 53.684514639294278, 29.234291712119941, 0.0 ], [ 53.68525583045696, 29.23408584239948, 0.0 ], [ 53.686599796873459, 29.233702588734861, 0.0 ], [ 53.688092244292868, 29.233441977711731, 0.0 ], [ 53.689139257320313, 29.233265031793501, 0.0 ], [ 53.690163661288942, 29.23307859507139, 0.0 ], [ 53.690894054800943, 29.232290368423001, 0.0 ], [ 53.691719659019753, 29.231914920779509, 0.0 ], [ 53.693722527676599, 29.231357660864841, 0.0 ], [ 53.695767989578947, 29.23075191303564, 0.0 ], [ 53.698385107302158, 29.229872125088072, 0.0 ], [ 53.700000317701843, 29.229119743443029, 0.0 ], [ 53.70053294035781, 29.228693165100118, 0.0 ], [ 53.701053471818668, 29.227584758545529, 0.0 ], [ 53.705957317977003, 29.223193946492401, 0.0 ], [ 53.710768303147653, 29.22184019370652, 0.0 ], [ 53.71049021298851, 29.221398752970739, 0.0 ], [ 53.709930956596189, 29.22095071901515, 0.0 ], [ 53.709597993029668, 29.220823167322362, 0.0 ], [ 53.708982753938884, 29.220182218641519, 0.0 ], [ 53.708394385441558, 29.219310658121088, 0.0 ], [ 53.707777885416583, 29.218057695125719, 0.0 ], [ 53.707478904381759, 29.217048095592531, 0.0 ], [ 53.707059592636611, 29.216917159036822, 0.0 ], [ 53.706665224174813, 29.216503608630099, 0.0 ], [ 53.705969989755111, 29.216137884380501, 0.0 ], [ 53.705302128941597, 29.215782611789681, 0.0 ], [ 53.704708649458361, 29.21493848343556, 0.0 ], [ 53.704370272126731, 29.214347670751611, 0.0 ], [ 53.70375938947457, 29.213587296280689, 0.0 ], [ 53.702867651420043, 29.21299988172094, 0.0 ], [ 53.702334472089298, 29.212456955903701, 0.0 ], [ 53.701796999459788, 29.211714000594931, 0.0 ], [ 53.7021299995275, 29.211070001008562, 0.0 ], [ 53.703680000205793, 29.209980000209811, 0.0 ], [ 53.703959999809292, 29.20975000084751, 0.0 ], [ 53.704200000443038, 29.209070000655419, 0.0 ], [ 53.703790000168937, 29.207870000857341, 0.0 ], [ 53.703290000010988, 29.207010000239791, 0.0 ], [ 53.702979999633698, 29.206280000959278, 0.0 ], [ 53.702750000227383, 29.204830000452841, 0.0 ], [ 53.702820000133428, 29.20368000055101, 0.0 ], [ 53.703109999957888, 29.202740000743901, 0.0 ], [ 53.703349999548657, 29.20233000056535, 0.0 ], [ 53.703840000480447, 29.201480000743249, 0.0 ], [ 53.704600000308787, 29.20049000077897, 0.0 ], [ 53.705259999497109, 29.199710001035019, 0.0 ], [ 53.706210000415417, 29.19870000071257, 0.0 ], [ 53.707140000426072, 29.197530000415181, 0.0 ], [ 53.707590000168047, 29.19699000093863, 0.0 ], [ 53.707849999683752, 29.196780000270319, 0.0 ], [ 53.708449999913157, 29.196400000438771, 0.0 ], [ 53.709149999483593, 29.196140000525858, 0.0 ], [ 53.710579999849728, 29.196040000514561, 0.0 ], [ 53.711229999843347, 29.196120000552639, 0.0 ], [ 53.711680000463602, 29.196120001065651, 0.0 ], [ 53.712290999951129, 29.19625500071729, 0.0 ], [ 53.713632000032803, 29.19620100041908, 0.0 ], [ 53.714543999616048, 29.19569400072546, 0.0 ], [ 53.714919999883833, 29.195350000625051, 0.0 ], [ 53.715629999950849, 29.195140000931051, 0.0 ], [ 53.716200000284239, 29.195080000306881, 0.0 ], [ 53.716629999747177, 29.194850000727339, 0.0 ], [ 53.716854237363293, 29.194708377778429, 0.0 ], [ 53.717443000415372, 29.19473700100756, 0.0 ], [ 53.717740024720626, 29.19463890950442, 0.0 ], [ 53.718520310180807, 29.194522814650341, 0.0 ], [ 53.719116000116017, 29.19450900057485, 0.0 ], [ 53.719758814392677, 29.194454679641741, 0.0 ], [ 53.720309000214151, 29.19448900060852, 0.0 ], [ 53.721755000109432, 29.194696000560111, 0.0 ], [ 53.722389043591441, 29.194558694213139, 0.0 ], [ 53.722551396396412, 29.194526750394822, 0.0 ], [ 53.722682262291279, 29.19453840658981, 0.0 ], [ 53.723020000361892, 29.194570000839921, 0.0 ], [ 53.723279999533787, 29.194710001019171, 0.0 ], [ 53.723840000033519, 29.19473000060934, 0.0 ], [ 53.724460000382507, 29.194770000630211, 0.0 ], [ 53.725430000414789, 29.194720001018698, 0.0 ], [ 53.725810000065493, 29.194530000813099, 0.0 ], [ 53.726179999747004, 29.194440000550738, 0.0 ], [ 53.726450000155189, 29.19441000026314, 0.0 ], [ 53.726689999731278, 29.194320000779481, 0.0 ], [ 53.726769999551607, 29.194230000741062, 0.0 ], [ 53.727301000305182, 29.194208000259572, 0.0 ], [ 53.727729999907687, 29.193940000215029, 0.0 ], [ 53.728268000419867, 29.193750000624959, 0.0 ], [ 53.728990000030308, 29.193870000437659, 0.0 ], [ 53.73014000030502, 29.194493000409949, 0.0 ], [ 53.731387999552197, 29.194416001042281, 0.0 ], [ 53.732787000460632, 29.19435900082118, 0.0 ], [ 53.733792000086403, 29.19433000070244, 0.0 ], [ 53.735077000462923, 29.19421300057795, 0.0 ], [ 53.735819999854947, 29.194040000512871, 0.0 ], [ 53.736370000501218, 29.19381000088438, 0.0 ], [ 53.73765000012601, 29.193700000846459, 0.0 ], [ 53.738679999770049, 29.19371000106857, 0.0 ], [ 53.739139999898548, 29.193650000469759, 0.0 ], [ 53.739929999599092, 29.19327000089962, 0.0 ], [ 53.740420000324079, 29.19318000072149, 0.0 ], [ 53.740829999641882, 29.193250000346001, 0.0 ], [ 53.741080000235947, 29.193440000384719, 0.0 ], [ 53.742600000459298, 29.193890000582279, 0.0 ], [ 53.743349999920738, 29.19422000035048, 0.0 ], [ 53.744209999480333, 29.19460000053547, 0.0 ], [ 53.744580000132181, 29.19465000092957, 0.0 ], [ 53.745699999554617, 29.194840001059191, 0.0 ], [ 53.746250000395321, 29.194890001055189, 0.0 ], [ 53.746819999697102, 29.194990000374229, 0.0 ], [ 53.747449999946497, 29.195310000406881, 0.0 ], [ 53.747900000260898, 29.195510000792861, 0.0 ], [ 53.748449999989099, 29.195640000931849, 0.0 ], [ 53.74837999963416, 29.195990000624839, 0.0 ], [ 53.748310000326093, 29.196230000414889, 0.0 ], [ 53.748580000066269, 29.19664000078771, 0.0 ], [ 53.749229999559553, 29.19680000032923, 0.0 ], [ 53.749569999488763, 29.196750000505219, 0.0 ], [ 53.750109999495557, 29.196540000502001, 0.0 ], [ 53.750400000036507, 29.19660000075622, 0.0 ], [ 53.750669999986407, 29.19670000049414, 0.0 ], [ 53.751150000373769, 29.196770000861999, 0.0 ], [ 53.751810000161818, 29.196820000536, 0.0 ], [ 53.752420000421822, 29.196860000396509, 0.0 ], [ 53.752959999957248, 29.196500000199329, 0.0 ], [ 53.753260000137978, 29.196270000704011, 0.0 ], [ 53.754409999741448, 29.196330000418389, 0.0 ], [ 53.755113000497367, 29.19670900034831, 0.0 ], [ 53.756304000336783, 29.197581000864218, 0.0 ], [ 53.757291999719207, 29.197211000486611, 0.0 ], [ 53.757749042423967, 29.19638682872284, 0.0 ], [ 53.758020999737568, 29.196276000920651, 0.0 ], [ 53.75788100010768, 29.19718700032254, 0.0 ], [ 53.757673000045187, 29.198249000508831, 0.0 ], [ 53.758568592995132, 29.198323859845718, 0.0 ], [ 53.758989000026162, 29.198443000922659, 0.0 ], [ 53.759637539936861, 29.198463642065089, 0.0 ], [ 53.760696000037562, 29.198727000957049, 0.0 ], [ 53.761173835779317, 29.19859624539847, 0.0 ], [ 53.761759443379233, 29.198814599437039, 0.0 ], [ 53.76197559389113, 29.199313497573549, 0.0 ], [ 53.761930679046039, 29.201227131743561, 0.0 ], [ 53.761708298748793, 29.201731131758699, 0.0 ], [ 53.760995000127878, 29.202123000425061, 0.0 ], [ 53.760483999677177, 29.202097000711689, 0.0 ], [ 53.760366054683303, 29.202613716561931, 0.0 ], [ 53.759834000358317, 29.20271000072611, 0.0 ], [ 53.759893478650731, 29.203152366493448, 0.0 ], [ 53.759437999536942, 29.203578000206281, 0.0 ], [ 53.759505000408772, 29.20439700071071, 0.0 ], [ 53.758984024868873, 29.20523463975287, 0.0 ], [ 53.759147448675407, 29.205688774030261, 0.0 ], [ 53.759604030886422, 29.205846323660801, 0.0 ], [ 53.7602078979547, 29.205942845628361, 0.0 ], [ 53.760945534264437, 29.205957667667491, 0.0 ], [ 53.761437686453057, 29.206015105836759, 0.0 ], [ 53.761674748757713, 29.205957715832529, 0.0 ], [ 53.762740628253198, 29.20572697366093, 0.0 ], [ 53.76354643720785, 29.205451770400099, 0.0 ], [ 53.764648143514208, 29.205137938005301, 0.0 ], [ 53.765273559761297, 29.205121171114339, 0.0 ], [ 53.765318908978443, 29.205351444163181, 0.0 ], [ 53.765053421428327, 29.206040762902159, 0.0 ], [ 53.764701544124783, 29.207889797341291, 0.0 ], [ 53.765348000079229, 29.20817148049451, 0.0 ], [ 53.765493519029803, 29.208009589422488, 0.0 ], [ 53.765800999657763, 29.207739000432081, 0.0 ], [ 53.766138093099848, 29.20754658560065, 0.0 ], [ 53.766615382435887, 29.20750906523384, 0.0 ], [ 53.766910578269361, 29.207611603481929, 0.0 ], [ 53.767528638163178, 29.207569989973852, 0.0 ], [ 53.768759832796803, 29.207538879118921, 0.0 ], [ 53.768967999837876, 29.20681500049772, 0.0 ], [ 53.769282999552303, 29.206118000202942, 0.0 ], [ 53.769621767303377, 29.205562239484269, 0.0 ], [ 53.770008000410321, 29.205405000965548, 0.0 ], [ 53.770577000136583, 29.205597000307289, 0.0 ], [ 53.77106378317341, 29.205898642808741, 0.0 ], [ 53.771160000028559, 29.20603000075668, 0.0 ], [ 53.771489999666208, 29.206280001065061, 0.0 ], [ 53.771920000434967, 29.20637000070839, 0.0 ], [ 53.77244999962128, 29.206260000946251, 0.0 ], [ 53.772929999597878, 29.206110000669479, 0.0 ], [ 53.773449999948667, 29.205520000473619, 0.0 ], [ 53.774030000269093, 29.20547000043484, 0.0 ], [ 53.774199999712309, 29.205550000222878, 0.0 ], [ 53.774370000344241, 29.205960000550071, 0.0 ], [ 53.774559999531419, 29.206680001029589, 0.0 ], [ 53.774740000456582, 29.20674000057404, 0.0 ], [ 53.775410000192657, 29.206880000717259, 0.0 ], [ 53.775660000350868, 29.206880000280421, 0.0 ], [ 53.77608999964319, 29.20654000056901, 0.0 ], [ 53.776359999749623, 29.2065400004021, 0.0 ], [ 53.776740000106123, 29.206560000744108, 0.0 ], [ 53.777420000208821, 29.206340000191201, 0.0 ], [ 53.777620000499617, 29.20646000065652, 0.0 ], [ 53.777739999558612, 29.206720000201059, 0.0 ], [ 53.777489999512177, 29.207260000808471, 0.0 ], [ 53.777450000332102, 29.207540000907908, 0.0 ], [ 53.777560000420877, 29.207660000735181, 0.0 ], [ 53.77829000047641, 29.20775000050029, 0.0 ], [ 53.778850000263667, 29.207850000915641, 0.0 ], [ 53.779280000456581, 29.207750000501679, 0.0 ], [ 53.779509999524358, 29.207370000605859, 0.0 ], [ 53.779699999695858, 29.20686000083251, 0.0 ], [ 53.779840000092399, 29.206540000254879, 0.0 ], [ 53.779999999664533, 29.206340000190909, 0.0 ], [ 53.780170000244063, 29.206200000229071, 0.0 ], [ 53.780489999882661, 29.205790000456251, 0.0 ], [ 53.780659999776418, 29.2055400008913, 0.0 ], [ 53.780759999988867, 29.205370000914289, 0.0 ], [ 53.78081000037988, 29.2053300007546, 0.0 ], [ 53.780929999887277, 29.205450000901909, 0.0 ], [ 53.781150000300897, 29.20554000050797, 0.0 ], [ 53.781379999871533, 29.205710001057412, 0.0 ], [ 53.781539999538978, 29.205900000655621, 0.0 ], [ 53.781720000147779, 29.206180000388638, 0.0 ], [ 53.781699999889959, 29.206610000516839, 0.0 ], [ 53.781769999497172, 29.206900000378219, 0.0 ], [ 53.781990000049888, 29.206960000324329, 0.0 ], [ 53.782169999829932, 29.20695000104093, 0.0 ], [ 53.782350000204168, 29.206750000762419, 0.0 ], [ 53.782530000325913, 29.20663000024954, 0.0 ], [ 53.782830000165369, 29.206610000252521, 0.0 ], [ 53.78307633037813, 29.206408190303211, 0.0 ], [ 53.783441000496978, 29.206216001045821, 0.0 ], [ 53.783690956563269, 29.20510090328688, 0.0 ], [ 53.784012999841813, 29.204964000958469, 0.0 ], [ 53.784615999497532, 29.20580200036224, 0.0 ], [ 53.784566501153478, 29.206597061527901, 0.0 ], [ 53.78451295433743, 29.207021664283509, 0.0 ], [ 53.784298190083867, 29.20773028151207, 0.0 ], [ 53.78440757532217, 29.207974115624829, 0.0 ], [ 53.784385533413918, 29.208466252232949, 0.0 ], [ 53.784252091661308, 29.210195871406409, 0.0 ], [ 53.784144335572982, 29.212158310010519, 0.0 ], [ 53.783930294355827, 29.21331358454573, 0.0 ], [ 53.784446295543638, 29.213325242152781, 0.0 ], [ 53.784992966876437, 29.21324707758853, 0.0 ], [ 53.785477470114429, 29.213076238576239, 0.0 ], [ 53.786406784935409, 29.212953991809929, 0.0 ], [ 53.787059421068641, 29.212176130483179, 0.0 ], [ 53.787667938764073, 29.211816931822501, 0.0 ], [ 53.788526122591627, 29.211124451409191, 0.0 ], [ 53.788562490624422, 29.210686912411379, 0.0 ], [ 53.788898991224791, 29.209899693608961, 0.0 ], [ 53.78930495330647, 29.209367929723811, 0.0 ], [ 53.789409999765823, 29.208855000812552, 0.0 ], [ 53.789639999594719, 29.208680000840911, 0.0 ], [ 53.790114000104353, 29.208549000322819, 0.0 ], [ 53.790960999792738, 29.208105000692171, 0.0 ], [ 53.792271000182893, 29.207755000735371, 0.0 ], [ 53.793480000238233, 29.20846000031737, 0.0 ], [ 53.795869999713432, 29.208260000352361, 0.0 ], [ 53.796839999637598, 29.208250000585839, 0.0 ], [ 53.798649999951166, 29.208430000842171, 0.0 ], [ 53.800217000372058, 29.20871700104771, 0.0 ], [ 53.800326999891979, 29.207965000747169, 0.0 ], [ 53.80102199982425, 29.207775000236548, 0.0 ], [ 53.80227500033596, 29.208158000996288, 0.0 ], [ 53.803430000274147, 29.208078000416101, 0.0 ], [ 53.805049000163869, 29.20850500074469, 0.0 ], [ 53.806566999776592, 29.20823700061181, 0.0 ], [ 53.808780000232723, 29.20774000042984, 0.0 ], [ 53.810000000323413, 29.207400000904411, 0.0 ], [ 53.811310000293133, 29.206810000877532, 0.0 ], [ 53.811850000520913, 29.20647000056935, 0.0 ], [ 53.812338999871692, 29.206264000636001, 0.0 ], [ 53.812923999930923, 29.20645400053272, 0.0 ], [ 53.813634000404598, 29.206897000406389, 0.0 ], [ 53.814599999628697, 29.20753900018402, 0.0 ], [ 53.81574899969123, 29.207292000367438, 0.0 ], [ 53.815544000416793, 29.206471000933711, 0.0 ], [ 53.815333000523488, 29.20564100090413, 0.0 ], [ 53.815770000403162, 29.20520600103762, 0.0 ], [ 53.817099000296288, 29.204514000286959, 0.0 ], [ 53.818576000263313, 29.20371900095726, 0.0 ], [ 53.819811000441042, 29.203169000265131, 0.0 ], [ 53.820829999637247, 29.205504000333299, 0.0 ], [ 53.821999999696892, 29.205736000670541, 0.0 ], [ 53.824988999741691, 29.20598500078265, 0.0 ], [ 53.826232000068927, 29.206119001070551, 0.0 ], [ 53.827479000123908, 29.206253000658322, 0.0 ], [ 53.828558999524418, 29.206351000299382, 0.0 ], [ 53.829814000135968, 29.206981000582228, 0.0 ], [ 53.830449999763267, 29.20746400083598, 0.0 ], [ 53.830740000480738, 29.207740000415871, 0.0 ], [ 53.831430000130688, 29.207740000575441, 0.0 ], [ 53.832340000538402, 29.207600000592791, 0.0 ], [ 53.836479999828633, 29.20759000104994, 0.0 ], [ 53.838160000063709, 29.20683000074574, 0.0 ], [ 53.839310000032029, 29.20582000093243, 0.0 ], [ 53.840239999885583, 29.20556000080563, 0.0 ], [ 53.841259999976913, 29.205260000455262, 0.0 ], [ 53.842249999719783, 29.205060000839591, 0.0 ], [ 53.842589999930013, 29.204860000295721, 0.0 ], [ 53.843250000025463, 29.204240000745369, 0.0 ], [ 53.843990000476602, 29.203720000961749, 0.0 ], [ 53.844749999931203, 29.203310000828111, 0.0 ], [ 53.845590000349603, 29.202990000746269, 0.0 ], [ 53.846150000196907, 29.203020000730319, 0.0 ], [ 53.8469099996178, 29.20310000051759, 0.0 ], [ 53.847100000237909, 29.203030000915501, 0.0 ], [ 53.847620000360131, 29.202610000651799, 0.0 ], [ 53.848410000569089, 29.202320000815309, 0.0 ], [ 53.849099999751722, 29.20209000077341, 0.0 ], [ 53.849680000265629, 29.202120000187559, 0.0 ], [ 53.850299999770023, 29.202250000433079, 0.0 ], [ 53.851350000145992, 29.202160000608728, 0.0 ], [ 53.851999999912273, 29.20213000040868, 0.0 ], [ 53.852940000374332, 29.201980000871799, 0.0 ], [ 53.854110000475742, 29.201940000448069, 0.0 ], [ 53.854109999829838, 29.20276200100902, 0.0 ], [ 53.854728999921207, 29.203638001039909, 0.0 ], [ 53.855344999637417, 29.204527000556009, 0.0 ], [ 53.856201560429596, 29.205589471128629, 0.0 ], [ 53.856676999569792, 29.20641900068297, 0.0 ], [ 53.857730999716154, 29.207015001041309, 0.0 ], [ 53.858858999950478, 29.207499000329442, 0.0 ], [ 53.859656000420578, 29.207962000954229, 0.0 ], [ 53.860585000361723, 29.20860400104258, 0.0 ], [ 53.861605000148757, 29.20908000076556, 0.0 ], [ 53.862623000224829, 29.20937200059948, 0.0 ], [ 53.863177000368772, 29.21041400066073, 0.0 ], [ 53.864091000413062, 29.210716000297619, 0.0 ], [ 53.866243999657648, 29.21077100069056, 0.0 ], [ 53.866989000065097, 29.211215000336001, 0.0 ], [ 53.867846000170012, 29.211065000387851, 0.0 ], [ 53.869048000156873, 29.210560000618379, 0.0 ], [ 53.869997000519078, 29.20986700060848, 0.0 ], [ 53.87103400018642, 29.209370001054161, 0.0 ], [ 53.872718000476382, 29.20878000055011, 0.0 ], [ 53.8741700001735, 29.207802000778091, 0.0 ], [ 53.874951999711243, 29.206818000338401, 0.0 ], [ 53.875558000533793, 29.20616400060522, 0.0 ], [ 53.876158999934049, 29.20591900036688, 0.0 ], [ 53.876876000353548, 29.205343000271569, 0.0 ], [ 53.877159999729692, 29.204399000903539, 0.0 ], [ 53.877523999834239, 29.204198000438009, 0.0 ], [ 53.878710000135733, 29.203725000174149, 0.0 ], [ 53.8793600000959, 29.203610000295349, 0.0 ], [ 53.879842000372257, 29.203564000764601, 0.0 ], [ 53.880710000179583, 29.203433000673471, 0.0 ], [ 53.880929999856512, 29.203340000232949, 0.0 ], [ 53.881689999623113, 29.20320000081826, 0.0 ], [ 53.882069999806859, 29.203150000190501, 0.0 ], [ 53.882639999730422, 29.202930000634211, 0.0 ], [ 53.88328999999824, 29.20267000077575, 0.0 ], [ 53.883559999924728, 29.202660000387649, 0.0 ], [ 53.883710000499107, 29.202640000173179, 0.0 ], [ 53.88382999976379, 29.202710000983959, 0.0 ], [ 53.884090000244832, 29.202990000758021, 0.0 ], [ 53.884525373608987, 29.203130232336459, 0.0 ], [ 53.884714999748738, 29.203138001045598, 0.0 ], [ 53.885475999683798, 29.20377200065187, 0.0 ], [ 53.886088000144483, 29.204864000278342, 0.0 ], [ 53.886309108533958, 29.205631887648501, 0.0 ], [ 53.886282000436509, 29.206149000318799, 0.0 ], [ 53.886294686424293, 29.20686360970447, 0.0 ], [ 53.886398000486651, 29.207294000906131, 0.0 ], [ 53.886330999655499, 29.20826400071164, 0.0 ], [ 53.885646000294223, 29.20900800065812, 0.0 ], [ 53.885229999969589, 29.20924000036878, 0.0 ], [ 53.885059999709391, 29.209850000349789, 0.0 ], [ 53.88468000046786, 29.210070000391578, 0.0 ], [ 53.884110000251511, 29.210480000242882, 0.0 ], [ 53.883810000118302, 29.211210000874701, 0.0 ], [ 53.883769999884812, 29.21157000022232, 0.0 ], [ 53.883499999849519, 29.21196000035911, 0.0 ], [ 53.883170000394337, 29.212280000675189, 0.0 ], [ 53.883090000422648, 29.212710000849299, 0.0 ], [ 53.882950000041987, 29.213090000866771, 0.0 ], [ 53.882879999919183, 29.213550000281359, 0.0 ], [ 53.882879999918849, 29.213890000846661, 0.0 ], [ 53.882859999676477, 29.21433000066877, 0.0 ], [ 53.882709999555168, 29.214780000331189, 0.0 ], [ 53.882619999675512, 29.21504000050782, 0.0 ], [ 53.882539999689698, 29.215290000508411, 0.0 ], [ 53.882440000380967, 29.215700000252731, 0.0 ], [ 53.882520000193828, 29.21653000067592, 0.0 ], [ 53.88279000016383, 29.21776000081066, 0.0 ], [ 53.883350000408853, 29.219350000997899, 0.0 ], [ 53.883529999576453, 29.220060000447859, 0.0 ], [ 53.883650000462367, 29.220620000855309, 0.0 ], [ 53.884110000527421, 29.221440000193152, 0.0 ], [ 53.884469999838792, 29.22205000074096, 0.0 ], [ 53.88500000016208, 29.22267000041516, 0.0 ], [ 53.885280000083277, 29.22313000094416, 0.0 ], [ 53.885490000279283, 29.223500000362161, 0.0 ], [ 53.886070000389743, 29.224120000752109, 0.0 ], [ 53.886539999704901, 29.22435000076452, 0.0 ], [ 53.88735000012808, 29.224940000271271, 0.0 ], [ 53.888009999998289, 29.225430000381309, 0.0 ], [ 53.888280000376177, 29.225720000185891, 0.0 ], [ 53.888639999616018, 29.226110000496028, 0.0 ], [ 53.889160000559961, 29.22660000084165, 0.0 ], [ 53.889659999852228, 29.227020000734559, 0.0 ], [ 53.889899999822767, 29.227290000374492, 0.0 ], [ 53.889979999869063, 29.227360000947819, 0.0 ], [ 53.890109999587636, 29.22760000079127, 0.0 ], [ 53.890530000574877, 29.228350000966032, 0.0 ], [ 53.891290000507851, 29.229730001053799, 0.0 ], [ 53.891529999837637, 29.230100000269601, 0.0 ], [ 53.891680000075723, 29.230650000441429, 0.0 ], [ 53.891850000120087, 29.23107000097129, 0.0 ], [ 53.891959999857093, 29.231350000232471, 0.0 ], [ 53.892169999998288, 29.23161000090661, 0.0 ], [ 53.892480000007929, 29.23192000092018, 0.0 ], [ 53.892710000464042, 29.23220000074398, 0.0 ], [ 53.892950000461838, 29.232430000876459, 0.0 ], [ 53.893269999937708, 29.2327600006663, 0.0 ], [ 53.893880000580808, 29.233220000924049, 0.0 ], [ 53.894429999910969, 29.23363000051738, 0.0 ], [ 53.894639999655261, 29.233950000443748, 0.0 ], [ 53.894900000474337, 29.23421000090228, 0.0 ], [ 53.895279999915367, 29.23454000063267, 0.0 ], [ 53.895640000197552, 29.23482000038403, 0.0 ], [ 53.89596000021924, 29.235210001033831, 0.0 ], [ 53.896160000486823, 29.235520001045419, 0.0 ], [ 53.896419999690053, 29.23591000097403, 0.0 ], [ 53.896830000158928, 29.236710000545621, 0.0 ], [ 53.896959999616513, 29.236980000266971, 0.0 ], [ 53.89716999994252, 29.23739000081514, 0.0 ], [ 53.897289999648173, 29.237830000484561, 0.0 ], [ 53.89752000004335, 29.238450000519151, 0.0 ], [ 53.897410000547808, 29.238930000924, 0.0 ], [ 53.897540000371222, 29.23926000069865, 0.0 ], [ 53.897769999908853, 29.239570000955229, 0.0 ], [ 53.897840000210493, 29.240220000757549, 0.0 ], [ 53.897780000016333, 29.240660000311781, 0.0 ], [ 53.89775999996413, 29.24102000099338, 0.0 ], [ 53.897940000445047, 29.241260000857469, 0.0 ], [ 53.89819000055563, 29.241630000980258, 0.0 ], [ 53.898379999679193, 29.24217000041747, 0.0 ], [ 53.898770000406849, 29.242920000603188, 0.0 ], [ 53.899260000216238, 29.243840000254739, 0.0 ], [ 53.899560000001813, 29.244270000779249, 0.0 ], [ 53.900329999917723, 29.24446000037166, 0.0 ], [ 53.901030000316759, 29.244860000413691, 0.0 ], [ 53.901440000572308, 29.245240000685129, 0.0 ], [ 53.901550000374009, 29.246250000325201, 0.0 ], [ 53.901610000323821, 29.247060000182511, 0.0 ], [ 53.901450000379477, 29.247810000404289, 0.0 ], [ 53.901349999851043, 29.248290000676391, 0.0 ], [ 53.90115000059496, 29.248800000463969, 0.0 ], [ 53.900910000326753, 29.249570000215261, 0.0 ], [ 53.900839999881661, 29.250080000808779, 0.0 ], [ 53.900749999800723, 29.250510000208092, 0.0 ], [ 53.900739999811528, 29.251000000406371, 0.0 ], [ 53.90087999971324, 29.251470000473081, 0.0 ], [ 53.901020000132952, 29.251740000903819, 0.0 ], [ 53.900580000401547, 29.252130000560609, 0.0 ], [ 53.90039000015738, 29.25236000058025, 0.0 ], [ 53.90014000043724, 29.252690000253299, 0.0 ], [ 53.90001999991901, 29.252850001008721, 0.0 ], [ 53.899900000196787, 29.25308000056593, 0.0 ], [ 53.899819999962091, 29.253350000222831, 0.0 ], [ 53.899739999895267, 29.25379000029076, 0.0 ], [ 53.899490000528523, 29.254130000727159, 0.0 ], [ 53.899339999735112, 29.25452000034689, 0.0 ], [ 53.899150000417457, 29.2548400004383, 0.0 ], [ 53.898929999682387, 29.255190001009652, 0.0 ], [ 53.898710000579698, 29.255540000338009, 0.0 ], [ 53.898500000302647, 29.255880000693651, 0.0 ], [ 53.89835000026914, 29.256130000628971, 0.0 ], [ 53.898220000359537, 29.25643000020878, 0.0 ], [ 53.897979999613447, 29.25679000044553, 0.0 ], [ 53.897830000238947, 29.2570400007811, 0.0 ], [ 53.897670000097527, 29.257240000659358, 0.0 ], [ 53.897509999887099, 29.257460000331399, 0.0 ], [ 53.897229999812417, 29.257700000537628, 0.0 ], [ 53.89701999965277, 29.25789000100281, 0.0 ], [ 53.896750000496453, 29.258200000637601, 0.0 ], [ 53.896430000231582, 29.258420000955699, 0.0 ], [ 53.896090000094382, 29.25865000035019, 0.0 ], [ 53.89592000028231, 29.258830000549111, 0.0 ], [ 53.895629999858038, 29.259040000803779, 0.0 ], [ 53.895319999794737, 29.259290001016971, 0.0 ], [ 53.894890000508497, 29.259600001032599, 0.0 ], [ 53.893920000430072, 29.258620000418588, 0.0 ], [ 53.892980000169153, 29.259390000341529, 0.0 ], [ 53.891040000072593, 29.261470000330551, 0.0 ], [ 53.888590000276942, 29.264280001033839, 0.0 ], [ 53.887670000098439, 29.265080000227091, 0.0 ], [ 53.886279999678749, 29.26605000091892, 0.0 ], [ 53.884670000100229, 29.267040000735179, 0.0 ], [ 53.883840000262047, 29.268060000499339, 0.0 ], [ 53.883410000270352, 29.268820000473522, 0.0 ], [ 53.882380000144522, 29.270790000677689, 0.0 ], [ 53.881519999881363, 29.272010000498089, 0.0 ], [ 53.881009999630592, 29.272520000199268, 0.0 ], [ 53.882290000213573, 29.27369000026777, 0.0 ], [ 53.88413999957794, 29.275830000421038, 0.0 ], [ 53.887160000183812, 29.273430000289551, 0.0 ], [ 53.889099999853578, 29.276410000192389, 0.0 ], [ 53.890969999644533, 29.276300000569751, 0.0 ], [ 53.894540000116223, 29.281090000932242, 0.0 ], [ 53.897020000558889, 29.284960000973491, 0.0 ], [ 53.897740000553789, 29.28448000024682, 0.0 ], [ 53.89834999977694, 29.284250000761809, 0.0 ], [ 53.900569999716588, 29.28359000035033, 0.0 ], [ 53.901159999976187, 29.284500000524449, 0.0 ], [ 53.901690000393948, 29.284330000552739, 0.0 ], [ 53.903779999890183, 29.288220000571719, 0.0 ], [ 53.904999999604357, 29.287540000769521, 0.0 ], [ 53.908429999945653, 29.288710000754559, 0.0 ], [ 53.909819999898787, 29.290080000907061, 0.0 ], [ 53.910550000055288, 29.292440000887321, 0.0 ], [ 53.91255000011013, 29.295400000605721, 0.0 ], [ 53.91469000013953, 29.292070000978011, 0.0 ], [ 53.919490000600938, 29.298160000401509, 0.0 ], [ 53.923039999803919, 29.298770000597571, 0.0 ], [ 53.926949999629969, 29.29800000093196, 0.0 ], [ 53.926229999625861, 29.295400000605479, 0.0 ], [ 53.9316700005866, 29.295570000854109, 0.0 ], [ 53.937000000001319, 29.293900000737921, 0.0 ], [ 53.935680000020398, 29.29193000079059, 0.0 ], [ 53.936779999699532, 29.2901700002312, 0.0 ], [ 53.940149999868822, 29.288090000946941, 0.0 ], [ 53.939850000289553, 29.287210000523039, 0.0 ], [ 53.942300000412203, 29.28602000030396, 0.0 ], [ 53.941440000553847, 29.284100000477061, 0.0 ], [ 53.944100000373822, 29.282330000747059, 0.0 ], [ 53.946019999741061, 29.28465000026349, 0.0 ], [ 53.948580000204807, 29.2833300002046, 0.0 ], [ 53.947939999650657, 29.280960000903011, 0.0 ], [ 53.949769999844037, 29.28003000103736, 0.0 ], [ 53.947619999999631, 29.274740001073379, 0.0 ], [ 53.948570000349157, 29.274290000556871, 0.0 ], [ 53.948600000254132, 29.27314000041369, 0.0 ], [ 53.947420000440736, 29.270950001023301, 0.0 ], [ 53.948150000414472, 29.27034000100722, 0.0 ], [ 53.949029999783633, 29.270720000988309, 0.0 ], [ 53.95217000000649, 29.268760000458599, 0.0 ], [ 53.950270000244217, 29.26363000040249, 0.0 ], [ 53.945910000572972, 29.26437000081452, 0.0 ], [ 53.942710000225759, 29.2621700002253, 0.0 ], [ 53.942110000593743, 29.260820000986289, 0.0 ], [ 53.94874000025257, 29.258660000203069, 0.0 ], [ 53.949640000630808, 29.260520001038149, 0.0 ], [ 53.952649999758073, 29.260350000204021, 0.0 ], [ 53.956650000349313, 29.260450000700491, 0.0 ], [ 53.960259999916559, 29.261990000368659, 0.0 ], [ 53.965889999821258, 29.262070000449889, 0.0 ], [ 53.965599999885328, 29.260720000968259, 0.0 ], [ 53.970680000052702, 29.257970000176108, 0.0 ], [ 53.970440000590322, 29.25704000065064, 0.0 ], [ 53.973560000189558, 29.255440000251529, 0.0 ], [ 53.973809999884807, 29.255920000318689, 0.0 ], [ 53.975139999689283, 29.255780000204169, 0.0 ], [ 53.976239999865662, 29.258240000404911, 0.0 ], [ 53.977130000357228, 29.260320000981871, 0.0 ], [ 53.983280000762868, 29.257300000491281, 0.0 ], [ 53.988122607894901, 29.255913570411071, 0.0 ], [ 53.98817000051406, 29.255900000588539, 0.0 ], [ 53.988669999947511, 29.255750000825358, 0.0 ], [ 53.989179999878857, 29.255620000934481, 0.0 ], [ 53.989590000473747, 29.25551000060911, 0.0 ], [ 53.989790000403637, 29.255510000289561, 0.0 ], [ 53.990029999720569, 29.25552000033122, 0.0 ], [ 53.990270000098278, 29.255530000816101, 0.0 ], [ 53.99048000026675, 29.255550001050029, 0.0 ], [ 53.99135999992037, 29.255570000317061, 0.0 ], [ 53.993039999798732, 29.255620000354899, 0.0 ], [ 53.993629999782833, 29.25561000096711, 0.0 ], [ 53.994249999846978, 29.255580000242229, 0.0 ], [ 53.994879999992683, 29.255560001038791, 0.0 ], [ 53.995630000439483, 29.255520000821392, 0.0 ], [ 53.996129999877382, 29.25552000068247, 0.0 ], [ 53.997189999979938, 29.255480000540711, 0.0 ], [ 53.999559999690092, 29.25533000069446, 0.0 ], [ 54.004940000228849, 29.255060000879681, 0.0 ], [ 54.005530000154963, 29.255040000909069, 0.0 ], [ 54.009390000629992, 29.25437000048808, 0.0 ], [ 54.00996999999952, 29.254090000590899, 0.0 ], [ 54.010020000593649, 29.254060000189039, 0.0 ], [ 54.010150000045037, 29.25403000080194, 0.0 ], [ 54.010590000130428, 29.253950000868929, 0.0 ], [ 54.01080999986705, 29.253910000376479, 0.0 ], [ 54.010830000607328, 29.25389000070907, 0.0 ], [ 54.010960000564523, 29.253820000950071, 0.0 ], [ 54.011219999972738, 29.253700000880901, 0.0 ], [ 54.011890000332279, 29.253500000656221, 0.0 ], [ 54.012520000256778, 29.253260000549279, 0.0 ], [ 54.013309999820081, 29.25314000091149, 0.0 ], [ 54.014030000658479, 29.25297000064689, 0.0 ], [ 54.015170000224337, 29.252800000393439, 0.0 ], [ 54.015720000332379, 29.252700000364818, 0.0 ], [ 54.017500000222547, 29.252300000912669, 0.0 ], [ 54.018049999927527, 29.252200000526638, 0.0 ], [ 54.018639999714303, 29.252040000333949, 0.0 ], [ 54.019510000582912, 29.251940000922581, 0.0 ], [ 54.020069999859459, 29.251890000570238, 0.0 ], [ 54.021780000538193, 29.251760000994761, 0.0 ], [ 54.022150000158227, 29.251720000789831, 0.0 ], [ 54.022730000198948, 29.251640000463748, 0.0 ], [ 54.023470000374722, 29.25145000053837, 0.0 ], [ 54.024050000709018, 29.251330000642039, 0.0 ], [ 54.024360000383467, 29.251290000749641, 0.0 ], [ 54.025500000134372, 29.2509900003143, 0.0 ], [ 54.025719999846892, 29.2509300004666, 0.0 ], [ 54.026569999896267, 29.25074000040356, 0.0 ], [ 54.026990000223911, 29.25053000029963, 0.0 ], [ 54.026980000356659, 29.249830000189188, 0.0 ], [ 54.026940000623533, 29.249660000871909, 0.0 ], [ 54.026900000079571, 29.24945000044551, 0.0 ], [ 54.026910000414659, 29.249030000332009, 0.0 ], [ 54.026830000497043, 29.248590000598998, 0.0 ], [ 54.02670000024591, 29.24835000099079, 0.0 ], [ 54.026629999864163, 29.248040000879659, 0.0 ], [ 54.026700000464317, 29.247840000290669, 0.0 ], [ 54.026890000577147, 29.247870001014601, 0.0 ], [ 54.027220000413941, 29.24816000103074, 0.0 ], [ 54.027420000523577, 29.248270000227109, 0.0 ], [ 54.027660000252787, 29.248180000698738, 0.0 ], [ 54.027990000337716, 29.24800000025661, 0.0 ], [ 54.029050000406492, 29.247980000348019, 0.0 ], [ 54.029580000178953, 29.247790001037959, 0.0 ], [ 54.030150000010529, 29.24771000082006, 0.0 ], [ 54.031480000272232, 29.247280000369258, 0.0 ], [ 54.031940000115974, 29.247220000953391, 0.0 ], [ 54.032459999989918, 29.247130000936561, 0.0 ], [ 54.03411000059095, 29.246600000311759, 0.0 ], [ 54.036050000328594, 29.245760000715499, 0.0 ], [ 54.037280000541379, 29.245440000207331, 0.0 ], [ 54.038480000026979, 29.245120000927361, 0.0 ], [ 54.040179999863447, 29.24470000100013, 0.0 ], [ 54.044889999764628, 29.243360000582388, 0.0 ], [ 54.046270000256349, 29.243190000549131, 0.0 ], [ 54.051130000324569, 29.243250000890701, 0.0 ], [ 54.052920000283038, 29.243020000481049, 0.0 ], [ 54.055799999762463, 29.242700000388311, 0.0 ], [ 54.057589999725067, 29.242330000342399, 0.0 ], [ 54.059190000138379, 29.241930000756291, 0.0 ], [ 54.060259999756553, 29.241540000329909, 0.0 ], [ 54.06155999997322, 29.24132000040526, 0.0 ], [ 54.062929999981463, 29.241140000857051, 0.0 ], [ 54.065889999980513, 29.240400000428298, 0.0 ], [ 54.066119999975321, 29.24032000042714, 0.0 ], [ 54.066839999731108, 29.240090000473309, 0.0 ], [ 54.067770000372057, 29.239790000555029, 0.0 ], [ 54.068910000597803, 29.239330000254789, 0.0 ], [ 54.06918999977966, 29.239180000588419, 0.0 ], [ 54.069690000255463, 29.239000000914459, 0.0 ], [ 54.070039999952648, 29.238800000782799, 0.0 ], [ 54.071100000580962, 29.238540000519439, 0.0 ], [ 54.073829999997493, 29.237970001050019, 0.0 ], [ 54.075500000353358, 29.23771000061701, 0.0 ], [ 54.078240000254389, 29.237190000503521, 0.0 ], [ 54.07955000047712, 29.236740000680609, 0.0 ], [ 54.082370000222042, 29.235840000662151, 0.0 ], [ 54.085190000106699, 29.234740000928198, 0.0 ], [ 54.08596000035854, 29.234420000719869, 0.0 ], [ 54.087609999806737, 29.233610000184399, 0.0 ], [ 54.090130000183287, 29.23223000075647, 0.0 ], [ 54.091310000725613, 29.23171000028367, 0.0 ], [ 54.093070000454887, 29.23102000034655, 0.0 ], [ 54.095020000251253, 29.230320000794372, 0.0 ], [ 54.095440000320508, 29.230190000902869, 0.0 ], [ 54.095720000630912, 29.230070000697921, 0.0 ], [ 54.097340000705188, 29.229500000587219, 0.0 ], [ 54.099700000756833, 29.228460000304679, 0.0 ], [ 54.101100000165893, 29.22785000100729, 0.0 ], [ 54.101429999889113, 29.2275600009573, 0.0 ], [ 54.101740000102822, 29.22735000024899, 0.0 ], [ 54.102600000652757, 29.226700000538319, 0.0 ], [ 54.103959999989982, 29.226230000617139, 0.0 ], [ 54.105350000117227, 29.2257800008448, 0.0 ], [ 54.106050000679971, 29.225560000335751, 0.0 ], [ 54.107359999978989, 29.22508000018421, 0.0 ], [ 54.108919999980287, 29.22442000040629, 0.0 ], [ 54.110450000248363, 29.223710000240811, 0.0 ], [ 54.110930000299227, 29.22357000050873, 0.0 ], [ 54.111219999967403, 29.22343000029754, 0.0 ], [ 54.111550000664593, 29.223360000890409, 0.0 ], [ 54.111810000535243, 29.223420000271471, 0.0 ], [ 54.11233000041544, 29.223520000397929, 0.0 ], [ 54.112720000251031, 29.2236300002915, 0.0 ], [ 54.113099999914823, 29.22373000027045, 0.0 ], [ 54.114469999777768, 29.223780000520222, 0.0 ], [ 54.114950000036927, 29.223460000613031, 0.0 ], [ 54.115210000087878, 29.223270001009091, 0.0 ], [ 54.121970000113208, 29.225430000591391, 0.0 ], [ 54.127390000141403, 29.2260900005157, 0.0 ], [ 54.133629999944368, 29.226250000341231, 0.0 ], [ 54.135490000564083, 29.226300000532511, 0.0 ], [ 54.144120000365007, 29.228860000419861, 0.0 ], [ 54.1497500000632, 29.23009000089889, 0.0 ], [ 54.152270000124552, 29.23064000033655, 0.0 ], [ 54.152570000160893, 29.230570000337909, 0.0 ], [ 54.160250000633702, 29.228690000538439, 0.0 ], [ 54.160232958654717, 29.228184206172209, 0.0 ], [ 54.160176704928197, 29.22751987509972, 0.0 ], [ 54.160773956157421, 29.22565145796073, 0.0 ], [ 54.161559087292957, 29.22319519588531, 0.0 ], [ 54.163293813533521, 29.220168996793891, 0.0 ], [ 54.166465950067362, 29.219117402562659, 0.0 ], [ 54.169274325433271, 29.2191458503824, 0.0 ], [ 54.170643762870718, 29.218941013375069, 0.0 ], [ 54.171238264024787, 29.219860465325141, 0.0 ], [ 54.172194550287827, 29.2201477010709, 0.0 ], [ 54.172889884957968, 29.220446186720981, 0.0 ], [ 54.174317865025792, 29.220864252047399, 0.0 ], [ 54.175849730994941, 29.221172476506329, 0.0 ], [ 54.176599388918568, 29.22110489786229, 0.0 ], [ 54.17755233593779, 29.221018988842161, 0.0 ], [ 54.178180927793669, 29.221182821026829, 0.0 ], [ 54.181281131547138, 29.222033054055441, 0.0 ], [ 54.183433485377172, 29.222915189033611, 0.0 ], [ 54.186381971901341, 29.223736423448958, 0.0 ], [ 54.188620491392271, 29.22425553389607, 0.0 ], [ 54.189543863482413, 29.224427081323508, 0.0 ], [ 54.190795844523777, 29.224542565048498, 0.0 ], [ 54.192269713044482, 29.224235948552931, 0.0 ], [ 54.194728519275088, 29.223784595660831, 0.0 ], [ 54.195911083782249, 29.22377538083953, 0.0 ], [ 54.196348473244853, 29.22377196928036, 0.0 ], [ 54.197242422653382, 29.22393184852233, 0.0 ], [ 54.197421776153497, 29.225198825440081, 0.0 ], [ 54.197930299258651, 29.225768069598789, 0.0 ], [ 54.201347641970607, 29.225400670075441, 0.0 ], [ 54.202419606363989, 29.22583899145706, 0.0 ], [ 54.20407109184395, 29.226405656758129, 0.0 ], [ 54.205135623628138, 29.226891539379171, 0.0 ], [ 54.206327171199433, 29.22721989233505, 0.0 ], [ 54.207431521680348, 29.227240845412229, 0.0 ], [ 54.208122036697411, 29.227186678587039, 0.0 ], [ 54.208651825167372, 29.227679463038911, 0.0 ], [ 54.209106062265228, 29.229159851373279, 0.0 ], [ 54.209099449026397, 29.229526349571032, 0.0 ], [ 54.209087161614498, 29.230207439839361, 0.0 ], [ 54.207751324299167, 29.231972855737641, 0.0 ], [ 54.205493679401002, 29.233222770520751, 0.0 ], [ 54.203601922677613, 29.233805848093279, 0.0 ], [ 54.200475840840959, 29.236747369076799, 0.0 ], [ 54.199462898256101, 29.237430256333219, 0.0 ], [ 54.196701487123391, 29.23829982542193, 0.0 ], [ 54.195002700626752, 29.238827768493071, 0.0 ], [ 54.204180000285056, 29.250320000903439, 0.0 ], [ 54.210060000598311, 29.26557000025111, 0.0 ], [ 54.210270000766933, 29.272280000996279, 0.0 ], [ 54.208240000493689, 29.27943000050017, 0.0 ], [ 54.195049999956879, 29.289610000973489, 0.0 ], [ 54.183550000598167, 29.295210000355951, 0.0 ], [ 54.168530000590103, 29.306260000558879, 0.0 ], [ 54.164590000278729, 29.309170000460441, 0.0 ], [ 54.164140000442259, 29.309640000985279, 0.0 ], [ 54.158090000342852, 29.316020000703968, 0.0 ], [ 54.155980000349913, 29.318260000354432, 0.0 ], [ 54.153730000400643, 29.320630000220088, 0.0 ], [ 54.153009999918403, 29.32137000053223, 0.0 ], [ 54.152439999875199, 29.3230100006603, 0.0 ], [ 54.148870000064953, 29.332700000754279, 0.0 ], [ 54.149120000293259, 29.337620000220031, 0.0 ], [ 54.149139999923648, 29.338150000648159, 0.0 ], [ 54.148130000696852, 29.338430000501901, 0.0 ], [ 54.145070000723237, 29.339300000247629, 0.0 ], [ 54.143360000804947, 29.339980000193091, 0.0 ], [ 54.143160000053918, 29.34007000083335, 0.0 ], [ 54.143030000846522, 29.340130000647491, 0.0 ], [ 54.141849999884649, 29.340730000757311, 0.0 ], [ 54.134270000781768, 29.34554000067342, 0.0 ], [ 54.131860000577049, 29.34705000037842, 0.0 ], [ 54.127659999927708, 29.349770000552741, 0.0 ], [ 54.126790000194717, 29.350640000251769, 0.0 ], [ 54.125240000425073, 29.352370000453661, 0.0 ], [ 54.12326000073309, 29.354780000766741, 0.0 ], [ 54.121660000375627, 29.358760000182951, 0.0 ], [ 54.121600000289483, 29.358940000439219, 0.0 ], [ 54.121490000126009, 29.359220000879681, 0.0 ], [ 54.120770000134257, 29.361160000506121, 0.0 ], [ 54.119060000723188, 29.36508000073691, 0.0 ], [ 54.118849999806997, 29.365730000610309, 0.0 ], [ 54.11861000061684, 29.366230000669201, 0.0 ], [ 54.118209999851089, 29.367060000458459, 0.0 ], [ 54.117410000201112, 29.369070000352981, 0.0 ], [ 54.11723000023327, 29.36983000019957, 0.0 ], [ 54.116779999842699, 29.37160000066293, 0.0 ], [ 54.1164500005845, 29.37296000088039, 0.0 ], [ 54.115999999931979, 29.374670000365992, 0.0 ], [ 54.115770000570528, 29.37570000055279, 0.0 ], [ 54.115470000472143, 29.37721000099733, 0.0 ], [ 54.115380000633252, 29.378730000253569, 0.0 ], [ 54.115459999800542, 29.3800500003317, 0.0 ], [ 54.115510000549151, 29.380550000169769, 0.0 ], [ 54.11556000002119, 29.38132000092007, 0.0 ], [ 54.115710000605667, 29.38298000037037, 0.0 ], [ 54.115760000792662, 29.384030000338431, 0.0 ], [ 54.115750000522972, 29.38450000087613, 0.0 ], [ 54.115740000499883, 29.384610000588602, 0.0 ], [ 54.115730000658168, 29.385100000486059, 0.0 ], [ 54.114739999837191, 29.389890000995941, 0.0 ], [ 54.114540000625873, 29.390770000723919, 0.0 ], [ 54.113645839082118, 29.394936812622529, 0.0 ], [ 54.113540000821921, 29.39543000104479, 0.0 ], [ 54.113008952013047, 29.397903747913379, 0.0 ], [ 54.112370000622747, 29.40088000034007, 0.0 ], [ 54.111879999884742, 29.40328000089983, 0.0 ], [ 54.111820000160819, 29.404130000243772, 0.0 ], [ 54.111950000367443, 29.405020000878331, 0.0 ], [ 54.112350000144133, 29.406220000241589, 0.0 ], [ 54.112651886505077, 29.406754490553791, 0.0 ], [ 54.112960000685959, 29.407300001046131, 0.0 ], [ 54.114360000551407, 29.408930000860181, 0.0 ], [ 54.116670000156638, 29.41155000057946, 0.0 ], [ 54.118450000758358, 29.413490000290679, 0.0 ], [ 54.118840000219052, 29.413970000282099, 0.0 ], [ 54.119070000516473, 29.414900000433999, 0.0 ], [ 54.119470000617973, 29.41964000057623, 0.0 ], [ 54.119699999873262, 29.421350000651401, 0.0 ], [ 54.119820000321603, 29.423510000604779, 0.0 ], [ 54.119890000091907, 29.42529000082466, 0.0 ], [ 54.119760000152453, 29.427320000470949, 0.0 ], [ 54.117709999907618, 29.435660000255691, 0.0 ], [ 54.115669999952438, 29.443620001056431, 0.0 ], [ 54.096580000676568, 29.448710000951021, 0.0 ], [ 54.086370000230843, 29.45134000060424, 0.0 ], [ 54.084800000229023, 29.450550000840028, 0.0 ], [ 54.082870000112997, 29.451620000469681, 0.0 ], [ 54.080780000129543, 29.45286000049564, 0.0 ], [ 54.07857000076725, 29.453280001037271, 0.0 ], [ 54.073869999878653, 29.459610000934269, 0.0 ], [ 54.070110000039378, 29.464870001052478, 0.0 ], [ 54.06734000032607, 29.46976000059253, 0.0 ], [ 54.06485999976632, 29.474960000981469, 0.0 ], [ 54.062279999836271, 29.480240000647829, 0.0 ], [ 54.056960000680938, 29.485310000170291, 0.0 ], [ 54.050760000625097, 29.492750001051171, 0.0 ], [ 54.046819999753822, 29.49814000032557, 0.0 ], [ 54.046559999844817, 29.498670000833489, 0.0 ], [ 54.045049999879069, 29.50030000047958, 0.0 ], [ 54.043759999876933, 29.50225000085533, 0.0 ], [ 54.042360000601143, 29.503620001033529, 0.0 ], [ 54.040020000572198, 29.505850000830719, 0.0 ], [ 54.039079999898291, 29.50683000059686, 0.0 ], [ 54.037759999858437, 29.50852000085526, 0.0 ], [ 54.036480000624543, 29.51006000072352, 0.0 ], [ 54.035539999820656, 29.510820000269419, 0.0 ], [ 54.034780000607917, 29.51133000103432, 0.0 ], [ 54.033680000058069, 29.512250001000378, 0.0 ], [ 54.032019999828393, 29.513070000464229, 0.0 ], [ 54.03132000071372, 29.514210000419521, 0.0 ], [ 54.031059999746653, 29.514290000347529, 0.0 ], [ 54.030240000552823, 29.517210000240709, 0.0 ], [ 54.030029999993573, 29.519890000981491, 0.0 ], [ 54.029840000009017, 29.521260000979151, 0.0 ], [ 54.02948000064162, 29.522060000298669, 0.0 ], [ 54.028869999893942, 29.522400000822859, 0.0 ], [ 54.027789999857148, 29.522380000405381, 0.0 ], [ 54.027770000237759, 29.522660000225091, 0.0 ], [ 54.027220000410523, 29.522850000531658, 0.0 ], [ 54.027169999789074, 29.52434000058771, 0.0 ], [ 54.02014000043313, 29.526150000989531, 0.0 ], [ 54.015700000617322, 29.527330000271739, 0.0 ], [ 54.013189999702298, 29.527310001053529, 0.0 ], [ 54.009579999764703, 29.527140000422261, 0.0 ], [ 54.008220000043998, 29.527460000890521, 0.0 ], [ 54.006219999959377, 29.527880001021909, 0.0 ], [ 54.004900000494921, 29.52835000022495, 0.0 ], [ 54.002050000510479, 29.530060001017279, 0.0 ], [ 54.00088999975047, 29.532690000455261, 0.0 ], [ 54.000580000290562, 29.533530000390069, 0.0 ], [ 54.000490000270347, 29.536010000822461, 0.0 ], [ 54.000420000520577, 29.53734000019093, 0.0 ], [ 54.000350000191723, 29.53849000052212, 0.0 ], [ 53.999950000207122, 29.540060000675162, 0.0 ], [ 53.999599999766303, 29.54133000039846, 0.0 ], [ 53.998939999882232, 29.54275000034178, 0.0 ], [ 53.998260000669077, 29.54404000076849, 0.0 ], [ 53.997550000478988, 29.54545000047084, 0.0 ], [ 53.996790000256382, 29.547560000721148, 0.0 ], [ 53.994670000683783, 29.553960000704301, 0.0 ], [ 53.994189999864133, 29.555420000621002, 0.0 ], [ 53.99381000008691, 29.557930000718489, 0.0 ], [ 53.993229999998903, 29.561030000866431, 0.0 ], [ 53.991850000560092, 29.56434000078066, 0.0 ], [ 53.989999999931513, 29.568890000954109, 0.0 ], [ 53.987979999942759, 29.57375000048593, 0.0 ], [ 53.985640000539867, 29.579410000568849, 0.0 ], [ 53.985300000382971, 29.580110001070281, 0.0 ], [ 53.982390000373748, 29.582110000423398, 0.0 ], [ 53.981119999824813, 29.580950000275731, 0.0 ], [ 53.979890000667517, 29.580570000744132, 0.0 ], [ 53.978950000625296, 29.580760000348999, 0.0 ], [ 53.975350000132522, 29.582860000243549, 0.0 ], [ 53.971159999780383, 29.58443000028911, 0.0 ], [ 53.967950000013069, 29.585850000389829, 0.0 ], [ 53.965960000594997, 29.586820000407901, 0.0 ], [ 53.963049999787863, 29.58836000059555, 0.0 ], [ 53.960850000108998, 29.58958000045174, 0.0 ], [ 53.959459999974328, 29.590490000335389, 0.0 ], [ 53.957509999692903, 29.591610001015599, 0.0 ], [ 53.956049999945023, 29.59236000042808, 0.0 ], [ 53.954509999777621, 29.593340001090311, 0.0 ], [ 53.952759999803078, 29.59428000039652, 0.0 ], [ 53.950950000068488, 29.595560000492078, 0.0 ], [ 53.949380000552779, 29.597040000448619, 0.0 ], [ 53.947999999876963, 29.598520000962829, 0.0 ], [ 53.94747000025356, 29.59939000099023, 0.0 ], [ 53.94707000043217, 29.59996000085382, 0.0 ], [ 53.946229999639392, 29.60156000049269, 0.0 ], [ 53.945639999781058, 29.603700000397701, 0.0 ], [ 53.944580000092103, 29.60572000085914, 0.0 ], [ 53.944090000362259, 29.60637000087868, 0.0 ], [ 53.943130000506137, 29.607440000376791, 0.0 ], [ 53.94182999965156, 29.608660000511101, 0.0 ], [ 53.940049999995267, 29.610120000214479, 0.0 ], [ 53.93876000030756, 29.610910001024202, 0.0 ], [ 53.937710000294032, 29.611450000584021, 0.0 ], [ 53.936400000286433, 29.611980000194318, 0.0 ], [ 53.93614999987954, 29.61206000085237, 0.0 ], [ 53.934589999661483, 29.612580000547329, 0.0 ], [ 53.930660000554482, 29.613900000825641, 0.0 ], [ 53.927060000466291, 29.615090000646141, 0.0 ], [ 53.924210000604837, 29.616040000995721, 0.0 ], [ 53.923749999767537, 29.616170000505971, 0.0 ], [ 53.922989999905539, 29.616450000644349, 0.0 ], [ 53.922569999758117, 29.61671000104565, 0.0 ], [ 53.922140000503447, 29.617040000409268, 0.0 ], [ 53.921660000004437, 29.617450000400531, 0.0 ], [ 53.920850000627873, 29.61827000068314, 0.0 ], [ 53.919600000531197, 29.61950000066852, 0.0 ], [ 53.919149999767917, 29.619980000863421, 0.0 ], [ 53.918729999859053, 29.620560000411519, 0.0 ], [ 53.918139999978457, 29.62187000092694, 0.0 ], [ 53.917550000317611, 29.623860000864539, 0.0 ], [ 53.916980000392073, 29.625690000808941, 0.0 ], [ 53.916110000095102, 29.627830000624861, 0.0 ], [ 53.915210000441682, 29.62966000079307, 0.0 ], [ 53.914699999617213, 29.6303400008434, 0.0 ], [ 53.912229999770602, 29.632430000261969, 0.0 ], [ 53.90993700562418, 29.634318438666341, 0.0 ], [ 53.908115578160228, 29.635961829689212, 0.0 ], [ 53.905932331956812, 29.637931674453341, 0.0 ], [ 53.899586737232028, 29.64339334982126, 0.0 ], [ 53.89702925775623, 29.645586371887219, 0.0 ], [ 53.889675464736463, 29.651891434908631, 0.0 ], [ 53.879201335053608, 29.660936038652441, 0.0 ], [ 53.870960000260339, 29.667640000390929, 0.0 ], [ 53.869083727884863, 29.669692910798599, 0.0 ], [ 53.866076029127854, 29.672326861799551, 0.0 ], [ 53.862025570875623, 29.675671318685811, 0.0 ], [ 53.851180210930799, 29.68491710847108, 0.0 ], [ 53.848370487083997, 29.687087846205181, 0.0 ], [ 53.849229940025793, 29.68905355178541, 0.0 ], [ 53.854791762314079, 29.701772112057341, 0.0 ], [ 53.85168000026642, 29.699760001000939, 0.0 ], [ 53.849700000135257, 29.698780000962071, 0.0 ], [ 53.84845000016206, 29.698750000287191, 0.0 ], [ 53.846060000101893, 29.699420000695831, 0.0 ], [ 53.839879999654407, 29.700420000751301, 0.0 ], [ 53.839280000259023, 29.70119000094062, 0.0 ], [ 53.836369999641477, 29.702320000955169, 0.0 ], [ 53.827029999579509, 29.706330000940032, 0.0 ], [ 53.814110000209538, 29.714900000206619, 0.0 ], [ 53.803719999799434, 29.72766000068912, 0.0 ], [ 53.803569999750053, 29.72775000039222, 0.0 ], [ 53.803410000161861, 29.728010000417719, 0.0 ], [ 53.803140000494722, 29.728280000682201, 0.0 ], [ 53.802750000441833, 29.728430000338129, 0.0 ], [ 53.802540000015213, 29.728490000728591, 0.0 ], [ 53.802079999684523, 29.728610000968139, 0.0 ], [ 53.80110999960997, 29.72887000099626, 0.0 ], [ 53.800240000208802, 29.729060001090939, 0.0 ], [ 53.79961000001245, 29.729270001019799, 0.0 ], [ 53.798780000495441, 29.729680000433049, 0.0 ], [ 53.798119999854997, 29.730020000968612, 0.0 ], [ 53.797240000283843, 29.730460000549769, 0.0 ], [ 53.796369999922121, 29.73096000083406, 0.0 ], [ 53.795629999736377, 29.73129000067965, 0.0 ], [ 53.794230000530973, 29.73188000106375, 0.0 ], [ 53.793970000340167, 29.73198000068739, 0.0 ], [ 53.793319999753471, 29.73220000102749, 0.0 ], [ 53.792999999890903, 29.732280000692661, 0.0 ], [ 53.792900000202764, 29.732320000520509, 0.0 ], [ 53.792709999834237, 29.732430000527689, 0.0 ], [ 53.792600000296048, 29.732470000227011, 0.0 ], [ 53.792349999520383, 29.732570000324081, 0.0 ], [ 53.792159999760443, 29.732660000642952, 0.0 ], [ 53.792029999855679, 29.732720000726321, 0.0 ], [ 53.791859999599247, 29.73280000064668, 0.0 ], [ 53.791660000337338, 29.73289000029915, 0.0 ], [ 53.791599999929268, 29.73292000102883, 0.0 ], [ 53.790940000317271, 29.733140000921129, 0.0 ], [ 53.790830000038149, 29.73314000044461, 0.0 ], [ 53.790440000433172, 29.73322000096524, 0.0 ], [ 53.789800000097259, 29.73355000098362, 0.0 ], [ 53.789430000275082, 29.733780000453059, 0.0 ], [ 53.787700000183428, 29.734860000664309, 0.0 ], [ 53.78686000039685, 29.735380001010029, 0.0 ], [ 53.78604000013955, 29.735870000959348, 0.0 ], [ 53.784959999718652, 29.736370001012411, 0.0 ], [ 53.784210000057499, 29.736800000239771, 0.0 ], [ 53.783030000148308, 29.737370000284709, 0.0 ], [ 53.781719999740318, 29.737980000716121, 0.0 ], [ 53.781190000161089, 29.73823000108311, 0.0 ], [ 53.78031999971175, 29.738620000233421, 0.0 ], [ 53.779160000311258, 29.739180000652748, 0.0 ], [ 53.777860000336048, 29.739870000479169, 0.0 ], [ 53.77631000024035, 29.74076000059722, 0.0 ], [ 53.775579999722261, 29.741280000693529, 0.0 ], [ 53.775010000481807, 29.741710000436871, 0.0 ], [ 53.774700000094043, 29.742020000705999, 0.0 ], [ 53.774029999571887, 29.742580001102471, 0.0 ], [ 53.773840000360188, 29.742740000679809, 0.0 ], [ 53.773640000094289, 29.743030000300639, 0.0 ], [ 53.772829999846813, 29.74400000046883, 0.0 ], [ 53.772750000458217, 29.744120001054981, 0.0 ], [ 53.772339999723627, 29.744500000529388, 0.0 ], [ 53.77020000035936, 29.747270001074689, 0.0 ], [ 53.766710000042593, 29.751810000299589, 0.0 ], [ 53.766365911030903, 29.752250739756651, 0.0 ], [ 53.764359999905999, 29.754820000632041, 0.0 ], [ 53.759680000335308, 29.757080000675028, 0.0 ], [ 53.754339999502669, 29.759840000650009, 0.0 ], [ 53.748469999517098, 29.761070001092641, 0.0 ], [ 53.742634407972133, 29.763614135078519, 0.0 ], [ 53.732709999912878, 29.767940000358561, 0.0 ], [ 53.72794328198281, 29.77088826772717, 0.0 ], [ 53.718279999987992, 29.776720000294802, 0.0 ], [ 53.710063369610097, 29.782597356958629, 0.0 ], [ 53.702176802855107, 29.78806914515236, 0.0 ], [ 53.698892385122257, 29.790441760025541, 0.0 ], [ 53.695199340139162, 29.793208472754682, 0.0 ], [ 53.693855681424957, 29.794397859396799, 0.0 ], [ 53.690849706059019, 29.797341399749541, 0.0 ], [ 53.684893158320968, 29.80317354919255, 0.0 ], [ 53.679068165043319, 29.80840819624267, 0.0 ], [ 53.674645120903342, 29.812283113739319, 0.0 ], [ 53.672240000415073, 29.814390000811251, 0.0 ], [ 53.665515903689887, 29.816153410773101, 0.0 ], [ 53.663050000283, 29.81680000077246, 0.0 ], [ 53.65969000005088, 29.817070000211441, 0.0 ], [ 53.659074894803616, 29.817317248056739, 0.0 ], [ 53.657458347757867, 29.817444655192141, 0.0 ], [ 53.655429999591973, 29.817570000498829, 0.0 ], [ 53.653661825556171, 29.81779362617312, 0.0 ], [ 53.652419999725133, 29.81754000088122, 0.0 ], [ 53.650760000451861, 29.81810000102162, 0.0 ] ] ] ] } },
{ "type": "Feature", "properties": { "Name": "پارک ملي بختگان", "description": "<html xmlns:fo=\"http://www.w3.org/1999/XSL/Format\" xmlns:msxsl=\"urn:schemas-microsoft-com:xslt\">\n\n<head>\n\n<META http-equiv=\"Content-Type\" content=\"text/html\">\n\n<meta http-equiv=\"content-type\" content=\"text/html; charset=UTF-8\">\n\n</head>\n\n<body style=\"margin:0px 0px 0px 0px;overflow:auto;background:#FFFFFF;\">\n\n<table style=\"font-family:Arial,Verdana,Times;font-size:12px;text-align:left;width:100%;border-collapse:collapse;padding:3px 3px 3px 3px\">\n\n<tr style=\"text-align:center;font-weight:bold;background:#9CBCE2\">\n\n<td>پارک ملي بختگان</td>\n\n</tr>\n\n<tr>\n\n<td>\n\n<table style=\"font-family:Arial,Verdana,Times;font-size:12px;text-align:left;width:100%;border-spacing:0px; padding:3px 3px 3px 3px\">\n\n<tr>\n\n<td>FID</td>\n\n<td>11</td>\n\n</tr>\n\n<tr bgcolor=\"#D4E4F3\">\n\n<td>OBJECTID_1</td>\n\n<td>12</td>\n\n</tr>\n\n<tr>\n\n<td>cod</td>\n\n<td>2</td>\n\n</tr>\n\n<tr bgcolor=\"#D4E4F3\">\n\n<td>tafkik_id</td>\n\n<td>1</td>\n\n</tr>\n\n<tr>\n\n<td>tafkik_nam</td>\n\n<td>پارک ملي</td>\n\n</tr>\n\n<tr bgcolor=\"#D4E4F3\">\n\n<td>shahrestan</td>\n\n<td>آباده طشک- ني ريز- استهبان-خ</td>\n\n</tr>\n\n<tr>\n\n<td>NAME1</td>\n\n<td>پارک ملي بختگان</td>\n\n</tr>\n\n<tr bgcolor=\"#D4E4F3\">\n\n<td>sal_mosava</td>\n\n<td>1374</td>\n\n</tr>\n\n<tr>\n\n<td>AREA_ha</td>\n\n<td>183548</td>\n\n</tr>\n\n<tr bgcolor=\"#D4E4F3\">\n\n<td>F_AREA</td>\n\n<td>1835488500.24</td>\n\n</tr>\n\n<tr>\n\n<td>Shape_Leng</td>\n\n<td>456662.005637</td>\n\n</tr>\n\n</table>\n\n</td>\n\n</tr>\n\n</table>\n\n</body>\n\n</html>\n\n", "timestamp": null, "begin": null, "end": null, "altitudeMode": "clampToGround", "tessellate": -1, "extrude": 0, "visibility": -1, "drawOrder": null, "icon": null, "snippet": "" }, "geometry": { "type": "MultiPolygon", "coordinates": [ [ [ [ 53.640369999567291, 29.810000000328198, 0.0 ], [ 53.634769999728817, 29.810840000379009, 0.0 ], [ 53.628520000332429, 29.813450000508681, 0.0 ], [ 53.624139999964612, 29.816200001069419, 0.0 ], [ 53.622170000342443, 29.81775000066218, 0.0 ], [ 53.61954000033446, 29.818350001055268, 0.0 ], [ 53.616880000180387, 29.820040000229859, 0.0 ], [ 53.615890000216382, 29.817030000392599, 0.0 ], [ 53.615439999982883, 29.812800000753359, 0.0 ], [ 53.61395000022123, 29.811620000245991, 0.0 ], [ 53.60912000004793, 29.810380000964361, 0.0 ], [ 53.605880000031682, 29.811230000260078, 0.0 ], [ 53.600330000438667, 29.808980000734859, 0.0 ], [ 53.597620000065326, 29.807010000991511, 0.0 ], [ 53.594699999872667, 29.806300000463231, 0.0 ], [ 53.592490000383243, 29.806830000738859, 0.0 ], [ 53.590159999522477, 29.805240000886212, 0.0 ], [ 53.588240000226079, 29.800790000464371, 0.0 ], [ 53.590289999458662, 29.799660000845961, 0.0 ], [ 53.591670000352721, 29.796480000409769, 0.0 ], [ 53.591499999895667, 29.79267000078595, 0.0 ], [ 53.588919999870107, 29.789570000646581, 0.0 ], [ 53.584579999683172, 29.788080000241301, 0.0 ], [ 53.581339999661203, 29.785980001023301, 0.0 ], [ 53.581390000353117, 29.785900000655939, 0.0 ], [ 53.581560000251137, 29.785600000347941, 0.0 ], [ 53.581650000398689, 29.785410000528071, 0.0 ], [ 53.581740000130168, 29.785280000545661, 0.0 ], [ 53.581999999830678, 29.784810000391779, 0.0 ], [ 53.582080000209487, 29.78468000076008, 0.0 ], [ 53.582769999951559, 29.783390000758711, 0.0 ], [ 53.58293999990881, 29.783130000932939, 0.0 ], [ 53.58306000032573, 29.78284000101787, 0.0 ], [ 53.583220000397958, 29.78251000092169, 0.0 ], [ 53.58332999983579, 29.7821900010848, 0.0 ], [ 53.583349999893052, 29.78207000094114, 0.0 ], [ 53.583610000288338, 29.781110000212909, 0.0 ], [ 53.58374000015209, 29.780550001076559, 0.0 ], [ 53.583639999921452, 29.780020000716789, 0.0 ], [ 53.583159999953409, 29.77850000085045, 0.0 ], [ 53.582689999554361, 29.777500000979408, 0.0 ], [ 53.582319999864048, 29.776990000778721, 0.0 ], [ 53.581960000019471, 29.77675000080961, 0.0 ], [ 53.580309999978013, 29.77577000106297, 0.0 ], [ 53.578799999991418, 29.7750600002922, 0.0 ], [ 53.578099999425959, 29.774840000732201, 0.0 ], [ 53.577949999756221, 29.77481000091101, 0.0 ], [ 53.577500000174837, 29.774720000412369, 0.0 ], [ 53.573389999765702, 29.77451000110668, 0.0 ], [ 53.572990000353109, 29.774550000274751, 0.0 ], [ 53.572590000188256, 29.7747200002959, 0.0 ], [ 53.572159999486637, 29.774970000259469, 0.0 ], [ 53.571290000246307, 29.77547000039926, 0.0 ], [ 53.570889999601583, 29.77564000092822, 0.0 ], [ 53.570560000254979, 29.775810000848931, 0.0 ], [ 53.570310000190219, 29.775910000958319, 0.0 ], [ 53.570019999510251, 29.77598000035643, 0.0 ], [ 53.568810000180498, 29.776160000322822, 0.0 ], [ 53.567899999648589, 29.77635000032852, 0.0 ], [ 53.567130000273274, 29.776520000968791, 0.0 ], [ 53.566929999875008, 29.77655000034629, 0.0 ], [ 53.56658000015441, 29.77658000077156, 0.0 ], [ 53.565730000336437, 29.776510000505962, 0.0 ], [ 53.565359999707553, 29.776540000825211, 0.0 ], [ 53.564969999860772, 29.77672000080177, 0.0 ], [ 53.56456000024022, 29.777020000607919, 0.0 ], [ 53.56407999952129, 29.77743000063111, 0.0 ], [ 53.56366000032272, 29.77780000089345, 0.0 ], [ 53.562599999865498, 29.778750000931911, 0.0 ], [ 53.562259999861638, 29.779060000531711, 0.0 ], [ 53.562009999476452, 29.779270000837521, 0.0 ], [ 53.561129999806717, 29.780060000620061, 0.0 ], [ 53.560880000333917, 29.78029000057645, 0.0 ], [ 53.560449999418708, 29.780670000257341, 0.0 ], [ 53.560279999804777, 29.780820000350101, 0.0 ], [ 53.560029999651967, 29.781050000644079, 0.0 ], [ 53.559849999592643, 29.781200000923441, 0.0 ], [ 53.559179999564563, 29.781800000249849, 0.0 ], [ 53.558700000234928, 29.782240000931839, 0.0 ], [ 53.557369999784036, 29.783400000846889, 0.0 ], [ 53.557069999729592, 29.783640001087679, 0.0 ], [ 53.556609999813489, 29.78402000056419, 0.0 ], [ 53.55616999948279, 29.784410000387719, 0.0 ], [ 53.556080000110882, 29.784440000217071, 0.0 ], [ 53.555599999868619, 29.78458000060786, 0.0 ], [ 53.554649999766212, 29.785100000829811, 0.0 ], [ 53.553769999694538, 29.785460000217778, 0.0 ], [ 53.553329999729733, 29.785630000559241, 0.0 ], [ 53.552649999695149, 29.785820000430761, 0.0 ], [ 53.552179999598373, 29.78598000026771, 0.0 ], [ 53.551930000335823, 29.786080000502992, 0.0 ], [ 53.551140000071307, 29.786290000919511, 0.0 ], [ 53.549979999931963, 29.786650000946061, 0.0 ], [ 53.549569999916592, 29.786790000282451, 0.0 ], [ 53.548499999450272, 29.787130000226892, 0.0 ], [ 53.548169999714659, 29.787220000425521, 0.0 ], [ 53.547160000071813, 29.787480000230481, 0.0 ], [ 53.543839999673949, 29.788200000510091, 0.0 ], [ 53.543330000198317, 29.788300000286061, 0.0 ], [ 53.542909999845001, 29.788440000621971, 0.0 ], [ 53.542379999581748, 29.788530001086869, 0.0 ], [ 53.541589999617898, 29.788630000946281, 0.0 ], [ 53.540359999625451, 29.788550000902351, 0.0 ], [ 53.540010000279459, 29.788450000477781, 0.0 ], [ 53.539620000200863, 29.78830000033345, 0.0 ], [ 53.537020000274097, 29.787030000653399, 0.0 ], [ 53.536530000256363, 29.786790000343899, 0.0 ], [ 53.536069999478777, 29.786610000610029, 0.0 ], [ 53.535509999691413, 29.786460000383411, 0.0 ], [ 53.53484000038204, 29.786370000855179, 0.0 ], [ 53.534510000036242, 29.786300000381932, 0.0 ], [ 53.534390000050713, 29.786270000892092, 0.0 ], [ 53.534350000054602, 29.786260000435881, 0.0 ], [ 53.534179999867668, 29.78624000088216, 0.0 ], [ 53.534110000227678, 29.78624000021188, 0.0 ], [ 53.534070000008612, 29.786240000593509, 0.0 ], [ 53.533980000047478, 29.786230000928111, 0.0 ], [ 53.533920000214032, 29.78623000052507, 0.0 ], [ 53.532519999922648, 29.786140000669342, 0.0 ], [ 53.531829999968217, 29.786090001052731, 0.0 ], [ 53.531500000071112, 29.786080000301471, 0.0 ], [ 53.53110999997218, 29.78606000062112, 0.0 ], [ 53.530519999585159, 29.786030000871349, 0.0 ], [ 53.530449999617517, 29.78602000093175, 0.0 ], [ 53.530409999423249, 29.786020001100951, 0.0 ], [ 53.530370000238953, 29.786020000336649, 0.0 ], [ 53.530219999898648, 29.786010000551151, 0.0 ], [ 53.530190000155088, 29.786000000359909, 0.0 ], [ 53.530180000371161, 29.786000000604002, 0.0 ], [ 53.530159999746822, 29.78600000020808, 0.0 ], [ 53.530119999553747, 29.786000000288979, 0.0 ], [ 53.530059999790517, 29.786000000828491, 0.0 ], [ 53.530020000279293, 29.785990000831671, 0.0 ], [ 53.52994999967796, 29.785990000670189, 0.0 ], [ 53.529749999409738, 29.785980000585141, 0.0 ], [ 53.529710000248677, 29.785980000521569, 0.0 ], [ 53.52956999978359, 29.785970000683481, 0.0 ], [ 53.529470000267487, 29.78595000077372, 0.0 ], [ 53.529420000294827, 29.785950000830631, 0.0 ], [ 53.524809999442809, 29.78525000035879, 0.0 ], [ 53.524310000368231, 29.785150000617062, 0.0 ], [ 53.523669999618377, 29.785060001022021, 0.0 ], [ 53.523240000399767, 29.78496000067652, 0.0 ], [ 53.522419999613319, 29.78482000110856, 0.0 ], [ 53.521960000185402, 29.784700000736379, 0.0 ], [ 53.521910000118247, 29.784690000560751, 0.0 ], [ 53.521790000217102, 29.78455000034559, 0.0 ], [ 53.52168000033226, 29.78441000040884, 0.0 ], [ 53.521659999926989, 29.784390000372738, 0.0 ], [ 53.521649999697381, 29.78436000066668, 0.0 ], [ 53.52165000015281, 29.78433000045052, 0.0 ], [ 53.521639999820167, 29.784240000329369, 0.0 ], [ 53.521640000230853, 29.784170000738019, 0.0 ], [ 53.521620000042979, 29.783880000611699, 0.0 ], [ 53.521600000155409, 29.783730000542409, 0.0 ], [ 53.521610000222267, 29.78368000060216, 0.0 ], [ 53.521599999547313, 29.783620000684181, 0.0 ], [ 53.521599999474368, 29.783520000884629, 0.0 ], [ 53.521599999917498, 29.783410001003499, 0.0 ], [ 53.521609999947003, 29.783340000922191, 0.0 ], [ 53.521680000131681, 29.783090000223961, 0.0 ], [ 53.521739999555621, 29.782880000289339, 0.0 ], [ 53.521839999581587, 29.782570000310479, 0.0 ], [ 53.521870000326722, 29.782460000711659, 0.0 ], [ 53.521909999913333, 29.782340000550729, 0.0 ], [ 53.522020000341229, 29.781990000561471, 0.0 ], [ 53.522160000293887, 29.781310000211072, 0.0 ], [ 53.521990000286351, 29.780460001067372, 0.0 ], [ 53.521839999646431, 29.78018000023107, 0.0 ], [ 53.521630000135147, 29.77981000046395, 0.0 ], [ 53.521229999636986, 29.779400000475761, 0.0 ], [ 53.520809999432217, 29.779250001091832, 0.0 ], [ 53.520749999739543, 29.779260000921351, 0.0 ], [ 53.520680000002393, 29.77930000046355, 0.0 ], [ 53.520440000258617, 29.779430001030619, 0.0 ], [ 53.52028000017927, 29.77952000060862, 0.0 ], [ 53.520149999798797, 29.779590000562141, 0.0 ], [ 53.520049999922719, 29.779660000219831, 0.0 ], [ 53.51989999981366, 29.779700000401331, 0.0 ], [ 53.519749999690958, 29.779710001072299, 0.0 ], [ 53.519599999940787, 29.77970000049892, 0.0 ], [ 53.519439999437381, 29.77967000081404, 0.0 ], [ 53.519290000274232, 29.77964000060701, 0.0 ], [ 53.51915999959008, 29.77961000058027, 0.0 ], [ 53.519019999548028, 29.779570000603311, 0.0 ], [ 53.518959999915097, 29.779600000704349, 0.0 ], [ 53.518670000366953, 29.779900000986888, 0.0 ], [ 53.518489999794163, 29.780230001074688, 0.0 ], [ 53.518229999446888, 29.780860000846548, 0.0 ], [ 53.517960000252302, 29.781730000651649, 0.0 ], [ 53.517829999707487, 29.782190000968122, 0.0 ], [ 53.517700000047498, 29.78256000037981, 0.0 ], [ 53.517500000003658, 29.783140000965549, 0.0 ], [ 53.517409999726667, 29.783520000425561, 0.0 ], [ 53.51725999988296, 29.78388000063482, 0.0 ], [ 53.517099999612157, 29.784140000889732, 0.0 ], [ 53.516860000150203, 29.78424000064291, 0.0 ], [ 53.516569999576006, 29.78428000093022, 0.0 ], [ 53.516099999419161, 29.784290000884429, 0.0 ], [ 53.515200000060993, 29.78434000053063, 0.0 ], [ 53.514289999473952, 29.784460001029291, 0.0 ], [ 53.512959999990059, 29.784740000748322, 0.0 ], [ 53.512590000037072, 29.784840000716422, 0.0 ], [ 53.511550000024158, 29.784920000386759, 0.0 ], [ 53.509189999629953, 29.785930000989161, 0.0 ], [ 53.507080000271877, 29.78686000053623, 0.0 ], [ 53.503650000318324, 29.7890100005127, 0.0 ], [ 53.501490000118999, 29.79120000037323, 0.0 ], [ 53.496529999534467, 29.79218000086194, 0.0 ], [ 53.492949999763447, 29.793430000537452, 0.0 ], [ 53.488950000074439, 29.796070000446822, 0.0 ], [ 53.480489999890658, 29.804340000572449, 0.0 ], [ 53.474119999878717, 29.804900000503089, 0.0 ], [ 53.472159999714613, 29.804590000919571, 0.0 ], [ 53.469579999486491, 29.80275000110926, 0.0 ], [ 53.466759999791499, 29.800630001085199, 0.0 ], [ 53.465250000156111, 29.79641000079873, 0.0 ], [ 53.463990000002653, 29.792930000536579, 0.0 ], [ 53.461919999604632, 29.790710000762861, 0.0 ], [ 53.460309999639939, 29.788930001070689, 0.0 ], [ 53.456710000191862, 29.78496000052688, 0.0 ], [ 53.455719999660502, 29.78441000084084, 0.0 ], [ 53.453169999363148, 29.783230000640589, 0.0 ], [ 53.450760000122003, 29.782310000890519, 0.0 ], [ 53.448300000171237, 29.78168000069109, 0.0 ], [ 53.447590000391322, 29.781180001058669, 0.0 ], [ 53.447139999464532, 29.780570000799361, 0.0 ], [ 53.446829999903237, 29.780230001048331, 0.0 ], [ 53.446590000313691, 29.780020000226688, 0.0 ], [ 53.446359999860427, 29.779750001078011, 0.0 ], [ 53.445860000050871, 29.779450000862639, 0.0 ], [ 53.44559999963316, 29.779260000908579, 0.0 ], [ 53.445469999948138, 29.779140000692241, 0.0 ], [ 53.445270000184571, 29.77891000055665, 0.0 ], [ 53.444819999563023, 29.778610001030732, 0.0 ], [ 53.443969999519638, 29.778250000674749, 0.0 ], [ 53.443150000245517, 29.77789000020169, 0.0 ], [ 53.442860000200518, 29.77774000027372, 0.0 ], [ 53.441789999407113, 29.777370000712569, 0.0 ], [ 53.441509999490741, 29.777200000678469, 0.0 ], [ 53.441169999901838, 29.77703000048513, 0.0 ], [ 53.440720000328447, 29.776840000309779, 0.0 ], [ 53.440040000017788, 29.77660000047425, 0.0 ], [ 53.439309999544143, 29.776300000922848, 0.0 ], [ 53.438669999577741, 29.776040000713941, 0.0 ], [ 53.437780000336453, 29.775390000324141, 0.0 ], [ 53.437450000241853, 29.775000000559849, 0.0 ], [ 53.436980000318457, 29.774270000925011, 0.0 ], [ 53.436449999711527, 29.773850000357839, 0.0 ], [ 53.436269999406143, 29.773580001023031, 0.0 ], [ 53.436419999564073, 29.773220000664409, 0.0 ], [ 53.436459999625477, 29.772750000854849, 0.0 ], [ 53.436419999467233, 29.772400000285671, 0.0 ], [ 53.436040000230697, 29.772040000795961, 0.0 ], [ 53.43556999998566, 29.77193000092722, 0.0 ], [ 53.435170000234372, 29.771610000874212, 0.0 ], [ 53.434809999882013, 29.771470000953791, 0.0 ], [ 53.434379999904444, 29.771020000586791, 0.0 ], [ 53.433560000199101, 29.770630000293899, 0.0 ], [ 53.433209999560717, 29.770340001023229, 0.0 ], [ 53.43291999999952, 29.770170000293241, 0.0 ], [ 53.432550000134583, 29.76996000079637, 0.0 ], [ 53.432220000253473, 29.769550000702221, 0.0 ], [ 53.432129999635329, 29.769430000662371, 0.0 ], [ 53.431999999894131, 29.769360000719619, 0.0 ], [ 53.431889999681523, 29.769320000254051, 0.0 ], [ 53.43183999989288, 29.76924000101641, 0.0 ], [ 53.431799999689439, 29.76904000022817, 0.0 ], [ 53.431879999423437, 29.768410000425231, 0.0 ], [ 53.431620000160407, 29.767510000923529, 0.0 ], [ 53.431129999731709, 29.766710000651269, 0.0 ], [ 53.430510000284407, 29.76611000034482, 0.0 ], [ 53.429789999805671, 29.765730000780799, 0.0 ], [ 53.428849999517567, 29.765260001051569, 0.0 ], [ 53.428509999874599, 29.765170000804321, 0.0 ], [ 53.428140000194347, 29.76453000075113, 0.0 ], [ 53.428290000064258, 29.763360000766589, 0.0 ], [ 53.428189999371128, 29.76295000025598, 0.0 ], [ 53.427500000122379, 29.761040000659619, 0.0 ], [ 53.427219999616099, 29.760240000466641, 0.0 ], [ 53.426839999968053, 29.759750000990941, 0.0 ], [ 53.426219999834508, 29.759710000851911, 0.0 ], [ 53.425530000041981, 29.759610000895989, 0.0 ], [ 53.425209999768789, 29.759250000437, 0.0 ], [ 53.425039999973983, 29.75869000072003, 0.0 ], [ 53.425240000081153, 29.758440001034309, 0.0 ], [ 53.425319999901568, 29.758140000674089, 0.0 ], [ 53.425100000090993, 29.75784000030114, 0.0 ], [ 53.424669999899713, 29.757690000464191, 0.0 ], [ 53.424410000057293, 29.7574300008351, 0.0 ], [ 53.424339999391961, 29.756810000888059, 0.0 ], [ 53.424259999973273, 29.75613000085799, 0.0 ], [ 53.424380000131343, 29.755730000680462, 0.0 ], [ 53.425179999852269, 29.7548300003346, 0.0 ], [ 53.425950000312483, 29.753330000562809, 0.0 ], [ 53.426769999489508, 29.752810000769959, 0.0 ], [ 53.428050000034879, 29.751830000495332, 0.0 ], [ 53.428929999400239, 29.75153000078301, 0.0 ], [ 53.429890000135437, 29.751300000819519, 0.0 ], [ 53.430419999912253, 29.750620000902501, 0.0 ], [ 53.431180000255253, 29.749710000955279, 0.0 ], [ 53.431559999486993, 29.74928000021243, 0.0 ], [ 53.431849999450009, 29.748620000265511, 0.0 ], [ 53.432559999817492, 29.7475100005, 0.0 ], [ 53.432899999559417, 29.747100000481499, 0.0 ], [ 53.433809999781083, 29.746740000997409, 0.0 ], [ 53.434929999393198, 29.746660000942839, 0.0 ], [ 53.434979999385519, 29.746270000977901, 0.0 ], [ 53.43451000010063, 29.745190000754551, 0.0 ], [ 53.434159999518592, 29.74427000091034, 0.0 ], [ 53.434020000083457, 29.743560000312659, 0.0 ], [ 53.43387999946107, 29.742910000396741, 0.0 ], [ 53.433680000173808, 29.742570000798839, 0.0 ], [ 53.433539999371163, 29.74232000069313, 0.0 ], [ 53.433280000105007, 29.742040000234169, 0.0 ], [ 53.433019999929662, 29.741740000995001, 0.0 ], [ 53.432900000292562, 29.74159000032892, 0.0 ], [ 53.43277999984381, 29.741360000347409, 0.0 ], [ 53.432449999785483, 29.740760000511901, 0.0 ], [ 53.432269999780033, 29.740480000495189, 0.0 ], [ 53.43198999950534, 29.74024000054192, 0.0 ], [ 53.431809999639782, 29.739940000657409, 0.0 ], [ 53.431400000299959, 29.739510000688281, 0.0 ], [ 53.431150000291552, 29.739070000705141, 0.0 ], [ 53.43085000017934, 29.73860000109309, 0.0 ], [ 53.430599999547233, 29.738200000856772, 0.0 ], [ 53.430320000212177, 29.73790000032858, 0.0 ], [ 53.429870000173047, 29.73752000068529, 0.0 ], [ 53.429720000365627, 29.73748000098626, 0.0 ], [ 53.429549999890803, 29.737350000598909, 0.0 ], [ 53.429070000148791, 29.7372200009053, 0.0 ], [ 53.428690000051851, 29.737130001071019, 0.0 ], [ 53.428199999816762, 29.737060000641211, 0.0 ], [ 53.427739999656851, 29.736920000926212, 0.0 ], [ 53.427369999813408, 29.736800000724578, 0.0 ], [ 53.427129999519003, 29.736550001022142, 0.0 ], [ 53.427089999530381, 29.736340000256511, 0.0 ], [ 53.426689999908753, 29.736020000948049, 0.0 ], [ 53.426259999695667, 29.735700000314541, 0.0 ], [ 53.426069999432478, 29.735420000887551, 0.0 ], [ 53.425819999875493, 29.73509000110332, 0.0 ], [ 53.425179999412919, 29.734660000907329, 0.0 ], [ 53.424589999377801, 29.734070000222388, 0.0 ], [ 53.42425999954424, 29.73392000027599, 0.0 ], [ 53.423989999820478, 29.733880000752048, 0.0 ], [ 53.423039999726711, 29.733520000787681, 0.0 ], [ 53.422269999929377, 29.73302000046538, 0.0 ], [ 53.421960000165797, 29.732840001092011, 0.0 ], [ 53.421890000368172, 29.732630000759521, 0.0 ], [ 53.421929999396617, 29.73231000067176, 0.0 ], [ 53.421510000314697, 29.732030000676389, 0.0 ], [ 53.421240000111737, 29.731900000538051, 0.0 ], [ 53.421099999685282, 29.731800001086441, 0.0 ], [ 53.420879999875311, 29.73175000036537, 0.0 ], [ 53.420789999466422, 29.731570000625371, 0.0 ], [ 53.420690000352117, 29.73146000069012, 0.0 ], [ 53.420579999468167, 29.7312500007321, 0.0 ], [ 53.420549999855588, 29.73095000079968, 0.0 ], [ 53.420540000048987, 29.730440000980611, 0.0 ], [ 53.420990000120021, 29.73013000105599, 0.0 ], [ 53.421129999552427, 29.729880000508679, 0.0 ], [ 53.421219999396662, 29.72965000032934, 0.0 ], [ 53.421619999863672, 29.728770000594199, 0.0 ], [ 53.422169999760953, 29.727770000638369, 0.0 ], [ 53.422779999618349, 29.727270000359251, 0.0 ], [ 53.423519999397797, 29.726760000823809, 0.0 ], [ 53.423459999386893, 29.726650000846831, 0.0 ], [ 53.423309999528207, 29.726480000788541, 0.0 ], [ 53.423200000132049, 29.72628000067051, 0.0 ], [ 53.42302999999859, 29.72612000082594, 0.0 ], [ 53.422909999861687, 29.725710000330022, 0.0 ], [ 53.422659999576801, 29.725540000323381, 0.0 ], [ 53.422559999788028, 29.725320000342641, 0.0 ], [ 53.422519999352353, 29.725080000315501, 0.0 ], [ 53.422449999714132, 29.724830000524211, 0.0 ], [ 53.422530000095797, 29.72455000053591, 0.0 ], [ 53.422589999350812, 29.724340000536468, 0.0 ], [ 53.422559999430661, 29.72404000095834, 0.0 ], [ 53.422480000316952, 29.723580000879309, 0.0 ], [ 53.422430000086898, 29.723190000925111, 0.0 ], [ 53.42234999995965, 29.722760000465911, 0.0 ], [ 53.422239999349827, 29.722470000816099, 0.0 ], [ 53.422159999477437, 29.722260000947109, 0.0 ], [ 53.422109999632298, 29.72202000054347, 0.0 ], [ 53.422110000074277, 29.721820000781751, 0.0 ], [ 53.422120000359392, 29.72170000081362, 0.0 ], [ 53.422189999535497, 29.721600000532721, 0.0 ], [ 53.422229999823472, 29.72138000087725, 0.0 ], [ 53.422199999926818, 29.721070000502682, 0.0 ], [ 53.422160000262927, 29.720420000936599, 0.0 ], [ 53.422009999771909, 29.72000000089206, 0.0 ], [ 53.421889999444147, 29.71968000081295, 0.0 ], [ 53.422029999689151, 29.7193900010882, 0.0 ], [ 53.42216999935377, 29.719190000622699, 0.0 ], [ 53.422449999934543, 29.71905000045858, 0.0 ], [ 53.422700000129957, 29.718980000630001, 0.0 ], [ 53.422920000115163, 29.719010001068121, 0.0 ], [ 53.423349999657177, 29.71888000074193, 0.0 ], [ 53.423660000148352, 29.718860000784289, 0.0 ], [ 53.423909999578512, 29.718800001057339, 0.0 ], [ 53.424229999706419, 29.718770001007709, 0.0 ], [ 53.424579999649367, 29.718580000528789, 0.0 ], [ 53.425009999540578, 29.718510000774781, 0.0 ], [ 53.425389999833918, 29.718420000323309, 0.0 ], [ 53.42570999959819, 29.718270000440651, 0.0 ], [ 53.426099999511841, 29.718270000683059, 0.0 ], [ 53.426720000025043, 29.718230000853978, 0.0 ], [ 53.427049999607483, 29.718240000385141, 0.0 ], [ 53.427429999632928, 29.718220000473629, 0.0 ], [ 53.427680000091463, 29.718130000312609, 0.0 ], [ 53.427989999874349, 29.718020001053571, 0.0 ], [ 53.428260000019428, 29.717800000596839, 0.0 ], [ 53.428569999872977, 29.717650000700409, 0.0 ], [ 53.428679999475243, 29.717660000363409, 0.0 ], [ 53.428800000217038, 29.717830000418591, 0.0 ], [ 53.429010000308267, 29.71794000063349, 0.0 ], [ 53.429159999660683, 29.71810000033129, 0.0 ], [ 53.429269999354183, 29.7181500006037, 0.0 ], [ 53.429399999844712, 29.71816000051632, 0.0 ], [ 53.429549999781813, 29.718120000437281, 0.0 ], [ 53.429660000273927, 29.71809000083163, 0.0 ], [ 53.429709999590521, 29.717990000573, 0.0 ], [ 53.429699999540738, 29.717800000484409, 0.0 ], [ 53.429679999756047, 29.71754000093858, 0.0 ], [ 53.42973999943235, 29.71733000093317, 0.0 ], [ 53.429759999657513, 29.71717000087807, 0.0 ], [ 53.429760000211672, 29.716810000689691, 0.0 ], [ 53.429559999716403, 29.716540000227909, 0.0 ], [ 53.429360000117093, 29.716400000593961, 0.0 ], [ 53.429180000309238, 29.71629000037948, 0.0 ], [ 53.429109999499772, 29.716150000850462, 0.0 ], [ 53.429180000312883, 29.715950000199939, 0.0 ], [ 53.429350000110688, 29.715760000962739, 0.0 ], [ 53.429639999593221, 29.715610000630971, 0.0 ], [ 53.429879999981637, 29.715550000400121, 0.0 ], [ 53.430329999604332, 29.715290000397982, 0.0 ], [ 53.430650000177607, 29.715250001000129, 0.0 ], [ 53.430889999526627, 29.71528000083552, 0.0 ], [ 53.431340000217759, 29.715110000227281, 0.0 ], [ 53.431749999883081, 29.714850000692969, 0.0 ], [ 53.432119999772247, 29.714550000594329, 0.0 ], [ 53.432339999589423, 29.71432000059832, 0.0 ], [ 53.431289999744983, 29.713590000661291, 0.0 ], [ 53.430670000223017, 29.713200000792099, 0.0 ], [ 53.429989999357531, 29.713090000645661, 0.0 ], [ 53.429799999401531, 29.712760001106879, 0.0 ], [ 53.42962000007649, 29.712450000883759, 0.0 ], [ 53.429349999828823, 29.712000000781341, 0.0 ], [ 53.428879999507139, 29.711660000345329, 0.0 ], [ 53.428409999423117, 29.711460000840731, 0.0 ], [ 53.427749999904108, 29.710820000815229, 0.0 ], [ 53.427089999476379, 29.710190000368179, 0.0 ], [ 53.426709999799471, 29.70947000069507, 0.0 ], [ 53.426629999820989, 29.708380000888731, 0.0 ], [ 53.426899999488583, 29.70766000087476, 0.0 ], [ 53.427600000183858, 29.707050000820519, 0.0 ], [ 53.428569999630383, 29.70649000048083, 0.0 ], [ 53.429219999903722, 29.70618000086262, 0.0 ], [ 53.429699999557428, 29.706510000300572, 0.0 ], [ 53.430239999420408, 29.707090000649711, 0.0 ], [ 53.430630000195471, 29.707370000861228, 0.0 ], [ 53.430949999540687, 29.707380000644719, 0.0 ], [ 53.431169999498373, 29.70729000104652, 0.0 ], [ 53.431299999759347, 29.707080000990551, 0.0 ], [ 53.431179999598903, 29.70678000047949, 0.0 ], [ 53.431070000219577, 29.706370000818598, 0.0 ], [ 53.431119999874653, 29.705070000596361, 0.0 ], [ 53.431119999481751, 29.70465000058223, 0.0 ], [ 53.431199999819377, 29.704240000283932, 0.0 ], [ 53.43121999972778, 29.703990000704689, 0.0 ], [ 53.431189999446772, 29.703700000896401, 0.0 ], [ 53.431160000329022, 29.703590000435309, 0.0 ], [ 53.43112999982808, 29.703460000757659, 0.0 ], [ 53.431139999378971, 29.703290000443118, 0.0 ], [ 53.431090000185847, 29.703040000997021, 0.0 ], [ 53.431029999665419, 29.70277000103313, 0.0 ], [ 53.431039999432343, 29.70235000035192, 0.0 ], [ 53.430939999905867, 29.701900000249431, 0.0 ], [ 53.430970000255691, 29.70153000106929, 0.0 ], [ 53.431089999867353, 29.701130001000561, 0.0 ], [ 53.431160000269827, 29.70085000073118, 0.0 ], [ 53.431609999494761, 29.70046000080422, 0.0 ], [ 53.432000000353831, 29.70019000021059, 0.0 ], [ 53.432620000087958, 29.70066000054749, 0.0 ], [ 53.433290000231388, 29.701200000539089, 0.0 ], [ 53.434069999719704, 29.701510000297919, 0.0 ], [ 53.434540000112101, 29.70180000024201, 0.0 ], [ 53.434919999950829, 29.702310000718981, 0.0 ], [ 53.434869999938023, 29.702970000239219, 0.0 ], [ 53.43534000011848, 29.703580000365779, 0.0 ], [ 53.435589999649537, 29.704170000916871, 0.0 ], [ 53.436349999967497, 29.704470000730289, 0.0 ], [ 53.437049999465259, 29.704390000358121, 0.0 ], [ 53.437489999678519, 29.704240000852138, 0.0 ], [ 53.438059999507033, 29.704210001014118, 0.0 ], [ 53.438460000146613, 29.70435000056187, 0.0 ], [ 53.438650000028638, 29.705180001047761, 0.0 ], [ 53.437910000017233, 29.70614000052927, 0.0 ], [ 53.437739999790438, 29.706800000276139, 0.0 ], [ 53.438349999371837, 29.707560000316029, 0.0 ], [ 53.439129999810717, 29.70798000071272, 0.0 ], [ 53.440009999892148, 29.707790000786481, 0.0 ], [ 53.440860000117588, 29.70734000106663, 0.0 ], [ 53.441230000359319, 29.707180001040651, 0.0 ], [ 53.441450000233061, 29.707050000832229, 0.0 ], [ 53.441729999396699, 29.706950000796329, 0.0 ], [ 53.441959999772692, 29.706860000301479, 0.0 ], [ 53.442319999721732, 29.70669000096105, 0.0 ], [ 53.442819999707368, 29.706510000899211, 0.0 ], [ 53.44327000003684, 29.706290000889879, 0.0 ], [ 53.443659999837479, 29.70607000032215, 0.0 ], [ 53.444370000375272, 29.705760001088759, 0.0 ], [ 53.44467999988612, 29.705560001065919, 0.0 ], [ 53.445449999911339, 29.705170000267941, 0.0 ], [ 53.445809999868388, 29.70484000071481, 0.0 ], [ 53.446199999399838, 29.70463000071689, 0.0 ], [ 53.446699999379717, 29.70420000040496, 0.0 ], [ 53.447629999681283, 29.703660000876869, 0.0 ], [ 53.447819999508049, 29.703360000893269, 0.0 ], [ 53.447449999913793, 29.702860001044002, 0.0 ], [ 53.446170000083903, 29.701720000671141, 0.0 ], [ 53.44538999990565, 29.70098000060641, 0.0 ], [ 53.44484999971035, 29.700280000485861, 0.0 ], [ 53.443879999941679, 29.699320000715339, 0.0 ], [ 53.443070000180363, 29.698200000506219, 0.0 ], [ 53.442130000031113, 29.69734000032085, 0.0 ], [ 53.441150000139878, 29.696910000774, 0.0 ], [ 53.439990000053911, 29.696640000410319, 0.0 ], [ 53.438759999774078, 29.696390000981371, 0.0 ], [ 53.436999999726652, 29.69581000068565, 0.0 ], [ 53.435019999807508, 29.695240000836009, 0.0 ], [ 53.433159999914011, 29.69450000057596, 0.0 ], [ 53.432529999452107, 29.692770000507831, 0.0 ], [ 53.431789999464463, 29.691240000240921, 0.0 ], [ 53.430519999672548, 29.690000000515191, 0.0 ], [ 53.430069999529167, 29.68982000102914, 0.0 ], [ 53.429140000157133, 29.690400000497689, 0.0 ], [ 53.428409999573319, 29.69123000087658, 0.0 ], [ 53.428179999846293, 29.69145000034527, 0.0 ], [ 53.427859999538832, 29.692650000926289, 0.0 ], [ 53.427629999762573, 29.693120000538421, 0.0 ], [ 53.427419999747357, 29.69349000023826, 0.0 ], [ 53.427330000113443, 29.69418000095455, 0.0 ], [ 53.426879999531231, 29.694880000368691, 0.0 ], [ 53.426440000069377, 29.695670000451631, 0.0 ], [ 53.426049999738098, 29.697250001099889, 0.0 ], [ 53.425750000116992, 29.698160000243561, 0.0 ], [ 53.425079999640047, 29.6988400009825, 0.0 ], [ 53.424729999477087, 29.699190000342369, 0.0 ], [ 53.424619999669957, 29.69975000072014, 0.0 ], [ 53.424369999526398, 29.700030000450461, 0.0 ], [ 53.424029999473078, 29.700170001049361, 0.0 ], [ 53.423630000228748, 29.700170000993751, 0.0 ], [ 53.423199999492113, 29.700250000349492, 0.0 ], [ 53.422739999622721, 29.70047000033491, 0.0 ], [ 53.422359999814468, 29.700380000726639, 0.0 ], [ 53.421960000208458, 29.699950000589631, 0.0 ], [ 53.421639999999428, 29.699630000486689, 0.0 ], [ 53.4213600002413, 29.69931000037154, 0.0 ], [ 53.421289999971897, 29.698920000462099, 0.0 ], [ 53.421110000296302, 29.69851000040304, 0.0 ], [ 53.420909999409197, 29.698140000890781, 0.0 ], [ 53.420470000327938, 29.697660000711441, 0.0 ], [ 53.420140000282878, 29.697240000388138, 0.0 ], [ 53.419800000265383, 29.697060000693391, 0.0 ], [ 53.419389999838558, 29.69685000029385, 0.0 ], [ 53.418839999392247, 29.69672000100967, 0.0 ], [ 53.418389999423503, 29.69691000062339, 0.0 ], [ 53.417189999387183, 29.696690000882739, 0.0 ], [ 53.415889999698841, 29.696310000496609, 0.0 ], [ 53.415420000122232, 29.696190000464131, 0.0 ], [ 53.413140000254828, 29.695570001020268, 0.0 ], [ 53.411469999649093, 29.6942500007885, 0.0 ], [ 53.410060000323718, 29.69338000030481, 0.0 ], [ 53.40880000020514, 29.69245000072042, 0.0 ], [ 53.408709999508602, 29.691740000342079, 0.0 ], [ 53.409609999453252, 29.69093000050227, 0.0 ], [ 53.410130000020068, 29.689410000400969, 0.0 ], [ 53.410079999400317, 29.68863000103859, 0.0 ], [ 53.410559999845432, 29.687900000375709, 0.0 ], [ 53.410810000128812, 29.687310000678711, 0.0 ], [ 53.410919999433617, 29.68654000103788, 0.0 ], [ 53.410800000287388, 29.684650000779801, 0.0 ], [ 53.411349999835821, 29.683260000651849, 0.0 ], [ 53.411370000245839, 29.682770000400481, 0.0 ], [ 53.408879999651532, 29.681390000334371, 0.0 ], [ 53.406309999945023, 29.680360000332769, 0.0 ], [ 53.405449999746182, 29.680220000448362, 0.0 ], [ 53.404519999602968, 29.680090000851109, 0.0 ], [ 53.403449999726028, 29.680350000696968, 0.0 ], [ 53.402760000312682, 29.680740000454399, 0.0 ], [ 53.401599999341371, 29.681870000560099, 0.0 ], [ 53.398891000730387, 29.68386702836445, 0.0 ], [ 53.398815116471297, 29.683932928312771, 0.0 ], [ 53.398658036301541, 29.684044109413389, 0.0 ], [ 53.395810000140827, 29.68637000030127, 0.0 ], [ 53.391130000585562, 29.689250000521511, 0.0 ], [ 53.387792834480628, 29.689940688466368, 0.0 ], [ 53.386691063648293, 29.690168700251451, 0.0 ], [ 53.385964849623022, 29.690318984785961, 0.0 ], [ 53.385531811021352, 29.690412597204599, 0.0 ], [ 53.385126555381383, 29.690485508787159, 0.0 ], [ 53.381240000527363, 29.69124000094946, 0.0 ], [ 53.380400000519657, 29.69049000036782, 0.0 ], [ 53.372388383912892, 29.69228210077895, 0.0 ], [ 53.369630656147223, 29.69196206142378, 0.0 ], [ 53.363528510505567, 29.692504022211669, 0.0 ], [ 53.359525841624077, 29.693079738939101, 0.0 ], [ 53.35739577298984, 29.69347345573502, 0.0 ], [ 53.35203000045491, 29.694300001015829, 0.0 ], [ 53.328630639034749, 29.68985988761937, 0.0 ], [ 53.324193942778109, 29.68871505174118, 0.0 ], [ 53.316379657904008, 29.683576483221159, 0.0 ], [ 53.314087675825427, 29.680634297146121, 0.0 ], [ 53.310244181070551, 29.67378627796608, 0.0 ], [ 53.307016858646598, 29.666279060451071, 0.0 ], [ 53.30410929220352, 29.65777209042005, 0.0 ], [ 53.303600928451083, 29.651939784750819, 0.0 ], [ 53.304072687248407, 29.64584561821821, 0.0 ], [ 53.30536406908876, 29.64301239696022, 0.0 ], [ 53.311000468826187, 29.632628149996091, 0.0 ], [ 53.313757724260682, 29.629447693585469, 0.0 ], [ 53.325556156274118, 29.627509334844849, 0.0 ], [ 53.333930000200873, 29.62653000030971, 0.0 ], [ 53.342064775663722, 29.625034773057571, 0.0 ], [ 53.346170000041468, 29.624280000237579, 0.0 ], [ 53.348481883505933, 29.62289287767117, 0.0 ], [ 53.348919999482419, 29.62263000053084, 0.0 ], [ 53.348169999441097, 29.621610000963329, 0.0 ], [ 53.346319999533932, 29.620400000392969, 0.0 ], [ 53.343189999909413, 29.618210000858081, 0.0 ], [ 53.341139999390869, 29.616230000509951, 0.0 ], [ 53.340419999969143, 29.61479000104687, 0.0 ], [ 53.339700000102518, 29.612620000576051, 0.0 ], [ 53.339969999478697, 29.611070001060298, 0.0 ], [ 53.342679999712622, 29.61154000059943, 0.0 ], [ 53.346469999953669, 29.611510000487229, 0.0 ], [ 53.348379999608767, 29.611290000976531, 0.0 ], [ 53.348299999548132, 29.60897000050176, 0.0 ], [ 53.348600000291377, 29.60712000031894, 0.0 ], [ 53.350280000234029, 29.60723000056668, 0.0 ], [ 53.359930000198389, 29.607750000467441, 0.0 ], [ 53.36005999967891, 29.605160000524769, 0.0 ], [ 53.362959999574052, 29.605370000424831, 0.0 ], [ 53.36365999933205, 29.602150000472729, 0.0 ], [ 53.364590000109601, 29.600330000682401, 0.0 ], [ 53.366079999440757, 29.598440000284331, 0.0 ], [ 53.366599999842421, 29.597190000640381, 0.0 ], [ 53.366239999759813, 29.594360001078421, 0.0 ], [ 53.365680000308927, 29.594230000436379, 0.0 ], [ 53.365520000108702, 29.593060000989201, 0.0 ], [ 53.366290000203847, 29.589250000627139, 0.0 ], [ 53.369249999810712, 29.589800000218219, 0.0 ], [ 53.371159999799232, 29.58788000083462, 0.0 ], [ 53.372019999405701, 29.587100000432891, 0.0 ], [ 53.372879999451563, 29.585830000315362, 0.0 ], [ 53.374029999424501, 29.585590000257952, 0.0 ], [ 53.374449999462193, 29.585090000304561, 0.0 ], [ 53.374419999631193, 29.58324000093063, 0.0 ], [ 53.377110000005977, 29.582300000913801, 0.0 ], [ 53.376220000089752, 29.581070000646481, 0.0 ], [ 53.381059999364588, 29.577270000209531, 0.0 ], [ 53.380660000310421, 29.576740000703019, 0.0 ], [ 53.381350000194189, 29.57631000056498, 0.0 ], [ 53.382439999728639, 29.5762400002159, 0.0 ], [ 53.382869999471623, 29.575820000944521, 0.0 ], [ 53.383689999665073, 29.57599000048555, 0.0 ], [ 53.385260000363687, 29.576870000582741, 0.0 ], [ 53.386579999761572, 29.577010000506711, 0.0 ], [ 53.389250000263957, 29.575590000329989, 0.0 ], [ 53.392100000188591, 29.573530000672449, 0.0 ], [ 53.394549999725712, 29.57333000107721, 0.0 ], [ 53.394900000156298, 29.573980000752002, 0.0 ], [ 53.395610000234903, 29.57563000061668, 0.0 ], [ 53.396899999368571, 29.57784000047247, 0.0 ], [ 53.39881000033246, 29.57740000027491, 0.0 ], [ 53.401279999359268, 29.577060000469992, 0.0 ], [ 53.402320000352873, 29.576750000868081, 0.0 ], [ 53.402709999425923, 29.576020000439719, 0.0 ], [ 53.403949999875891, 29.57684000093921, 0.0 ], [ 53.405599999447652, 29.576940000681169, 0.0 ], [ 53.406409999728062, 29.576430000262491, 0.0 ], [ 53.408499999643489, 29.576190000765472, 0.0 ], [ 53.409209999956111, 29.57603000026722, 0.0 ], [ 53.410580000038408, 29.57570000063053, 0.0 ], [ 53.412420000062347, 29.575630000930548, 0.0 ], [ 53.413049999426832, 29.575380000530259, 0.0 ], [ 53.412009999926369, 29.573430000619648, 0.0 ], [ 53.412180000224289, 29.57164000063436, 0.0 ], [ 53.412669999499798, 29.570470000701128, 0.0 ], [ 53.413659999589683, 29.570210001092551, 0.0 ], [ 53.414629999937617, 29.56975000037928, 0.0 ], [ 53.41564000021144, 29.569030000675621, 0.0 ], [ 53.416810000021712, 29.568030000849589, 0.0 ], [ 53.417870000005138, 29.5656200002615, 0.0 ], [ 53.418490000306747, 29.56524000028789, 0.0 ], [ 53.418589999601153, 29.56363000096675, 0.0 ], [ 53.418829999595921, 29.563490000301829, 0.0 ], [ 53.420099999792477, 29.562690000995101, 0.0 ], [ 53.421760000114638, 29.561570000374289, 0.0 ], [ 53.422830000047703, 29.56019000035317, 0.0 ], [ 53.423009999830057, 29.560010000326919, 0.0 ], [ 53.423169999766017, 29.559870000863189, 0.0 ], [ 53.42359000010822, 29.559270000235589, 0.0 ], [ 53.424869999468982, 29.558460000550451, 0.0 ], [ 53.425359999871567, 29.557960000891249, 0.0 ], [ 53.425509999722102, 29.557890000697761, 0.0 ], [ 53.426160000051141, 29.557360000349099, 0.0 ], [ 53.426339999334907, 29.557010000215179, 0.0 ], [ 53.426519999540531, 29.556410000869789, 0.0 ], [ 53.426889999760583, 29.55512000086307, 0.0 ], [ 53.427330000269833, 29.55329000043637, 0.0 ], [ 53.427890000267503, 29.551530000914209, 0.0 ], [ 53.428469999456773, 29.55093000101575, 0.0 ], [ 53.429210000168503, 29.55043000088741, 0.0 ], [ 53.429730000313768, 29.5501400006364, 0.0 ], [ 53.430050000017623, 29.550160001019801, 0.0 ], [ 53.430379999669647, 29.550260000994559, 0.0 ], [ 53.431189999605877, 29.550590000999321, 0.0 ], [ 53.431609999521257, 29.550800000438439, 0.0 ], [ 53.432139999679933, 29.551010000817609, 0.0 ], [ 53.432330000196806, 29.551060000777529, 0.0 ], [ 53.432429999717613, 29.550960000440519, 0.0 ], [ 53.43242000006326, 29.550710000995181, 0.0 ], [ 53.432400000284723, 29.550600000599239, 0.0 ], [ 53.43242000004556, 29.55042000048682, 0.0 ], [ 53.432479999593589, 29.550230000342641, 0.0 ], [ 53.432690000155077, 29.550140000727119, 0.0 ], [ 53.432769999887249, 29.549980000617769, 0.0 ], [ 53.432459999748247, 29.549320000559021, 0.0 ], [ 53.432430000371149, 29.549230000690859, 0.0 ], [ 53.432599999399329, 29.54882000066242, 0.0 ], [ 53.432610000254428, 29.548390001000669, 0.0 ], [ 53.432670000154367, 29.547860000293309, 0.0 ], [ 53.432750000178473, 29.547090000538031, 0.0 ], [ 53.432889999736517, 29.54622000044176, 0.0 ], [ 53.43312999966026, 29.544930000356629, 0.0 ], [ 53.433820000143463, 29.544020000574811, 0.0 ], [ 53.434730000345233, 29.543160000446729, 0.0 ], [ 53.435330000374613, 29.542880000743381, 0.0 ], [ 53.435359999498857, 29.542660000849882, 0.0 ], [ 53.435519999798387, 29.541290000935291, 0.0 ], [ 53.435139999581168, 29.539840000927871, 0.0 ], [ 53.434400000038202, 29.538690000455901, 0.0 ], [ 53.433939999709622, 29.537770000219631, 0.0 ], [ 53.432709999601649, 29.537250001075201, 0.0 ], [ 53.431790000147657, 29.536560000204361, 0.0 ], [ 53.431089999659328, 29.536300000727071, 0.0 ], [ 53.430219999404969, 29.53593000021495, 0.0 ], [ 53.430090000195001, 29.535380000269861, 0.0 ], [ 53.428829999913958, 29.53497000038541, 0.0 ], [ 53.427160000179107, 29.534090000513569, 0.0 ], [ 53.425969999679552, 29.53374000035123, 0.0 ], [ 53.425289999550927, 29.533000000528961, 0.0 ], [ 53.424609999370183, 29.532070000473041, 0.0 ], [ 53.424049999363781, 29.531500000792828, 0.0 ], [ 53.424580000158599, 29.529650000563858, 0.0 ], [ 53.425009999411643, 29.528550000837019, 0.0 ], [ 53.425329999640716, 29.527280000680001, 0.0 ], [ 53.426569999581787, 29.52594000037865, 0.0 ], [ 53.427080000151527, 29.52377000093562, 0.0 ], [ 53.427970000282649, 29.522550000232322, 0.0 ], [ 53.429359999659731, 29.521300000935749, 0.0 ], [ 53.426810000170427, 29.517260000426671, 0.0 ], [ 53.432769999492379, 29.51579000077135, 0.0 ], [ 53.43373999956323, 29.515650000820852, 0.0 ], [ 53.434220000053607, 29.515310000861049, 0.0 ], [ 53.429400000378067, 29.510890000770878, 0.0 ], [ 53.428699999902243, 29.510130001072039, 0.0 ], [ 53.427049999658287, 29.510010001012809, 0.0 ], [ 53.426219999890399, 29.509730000674381, 0.0 ], [ 53.425469999921368, 29.508640000873001, 0.0 ], [ 53.425479999643123, 29.508320000888819, 0.0 ], [ 53.424899999952117, 29.507890000709288, 0.0 ], [ 53.424939999629743, 29.50728000071172, 0.0 ], [ 53.425930000271073, 29.506700000411641, 0.0 ], [ 53.42807999962109, 29.50500000063672, 0.0 ], [ 53.430019999620782, 29.503300000969919, 0.0 ], [ 53.4308599994256, 29.502090000692501, 0.0 ], [ 53.432609999885749, 29.501280000540831, 0.0 ], [ 53.432900000113193, 29.501000000393891, 0.0 ], [ 53.432779999802698, 29.499990000660819, 0.0 ], [ 53.432780940907563, 29.499988000604869, 0.0 ], [ 53.432939999737187, 29.499650000769549, 0.0 ], [ 53.43438999960442, 29.498530000958869, 0.0 ], [ 53.435509999849337, 29.49782000072663, 0.0 ], [ 53.436149999430768, 29.49735000065537, 0.0 ], [ 53.440609999554773, 29.494800000272932, 0.0 ], [ 53.445190000357357, 29.49281000083381, 0.0 ], [ 53.449839999994211, 29.490790000335689, 0.0 ], [ 53.454739999612102, 29.489900000804791, 0.0 ], [ 53.458710000134403, 29.489090000667129, 0.0 ], [ 53.471519999775197, 29.48459000073489, 0.0 ], [ 53.477609999861251, 29.4813100006497, 0.0 ], [ 53.483279999938887, 29.480500000561079, 0.0 ], [ 53.493629999522199, 29.475720000592649, 0.0 ], [ 53.495210000295643, 29.474200000964789, 0.0 ], [ 53.496990000066077, 29.472690000652509, 0.0 ], [ 53.49832000001026, 29.471670000506631, 0.0 ], [ 53.500000000040863, 29.47080000023875, 0.0 ], [ 53.50521000007317, 29.470850000238109, 0.0 ], [ 53.510859999854333, 29.47189000096359, 0.0 ], [ 53.5215399997753, 29.474840000485319, 0.0 ], [ 53.525139999914003, 29.475780000711929, 0.0 ], [ 53.530619999466261, 29.476340000274991, 0.0 ], [ 53.533590000092786, 29.476750000226211, 0.0 ], [ 53.536129999708614, 29.477340000604819, 0.0 ], [ 53.537849999490312, 29.477430000644869, 0.0 ], [ 53.540309999685377, 29.476640000580769, 0.0 ], [ 53.543130000317667, 29.475660000794779, 0.0 ], [ 53.545350000116741, 29.478720000899031, 0.0 ], [ 53.548389999977957, 29.481490001038871, 0.0 ], [ 53.550660000308007, 29.482950000476428, 0.0 ], [ 53.552079999434447, 29.483700000259599, 0.0 ], [ 53.555589999962677, 29.486170000680779, 0.0 ], [ 53.560780000014589, 29.488770001019429, 0.0 ], [ 53.56361999966137, 29.489980000765229, 0.0 ], [ 53.57058000027908, 29.490190000608191, 0.0 ], [ 53.578319999472207, 29.4893200009517, 0.0 ], [ 53.582860000070589, 29.488440000591879, 0.0 ], [ 53.585139999614583, 29.48753000096622, 0.0 ], [ 53.589170000131773, 29.48480000066882, 0.0 ], [ 53.591040000313093, 29.483640000540579, 0.0 ], [ 53.597869999787513, 29.479690000336561, 0.0 ], [ 53.602070000007537, 29.47698000025494, 0.0 ], [ 53.603490000245522, 29.47554000071705, 0.0 ], [ 53.604490000321739, 29.473380000584349, 0.0 ], [ 53.605069999731931, 29.472780000567798, 0.0 ], [ 53.609180000279189, 29.472410000448878, 0.0 ], [ 53.61094000014328, 29.471900000213189, 0.0 ], [ 53.615749999489367, 29.47050000045332, 0.0 ], [ 53.618649999527683, 29.467540000451361, 0.0 ], [ 53.619959999616299, 29.46541000028942, 0.0 ], [ 53.621299999594768, 29.462670000622531, 0.0 ], [ 53.621959999656752, 29.460730000668839, 0.0 ], [ 53.622630000239333, 29.457340000417041, 0.0 ], [ 53.623719999697528, 29.454450000435578, 0.0 ], [ 53.62445000037205, 29.45413000043207, 0.0 ], [ 53.62537999972664, 29.453540000604221, 0.0 ], [ 53.625960000193842, 29.453180000997961, 0.0 ], [ 53.626759999948057, 29.45273000038312, 0.0 ], [ 53.62729000010436, 29.45230000077677, 0.0 ], [ 53.627600000103463, 29.452010000627421, 0.0 ], [ 53.628690000408938, 29.451560001079741, 0.0 ], [ 53.629560000430288, 29.45113000064914, 0.0 ], [ 53.630170000431391, 29.450740000526341, 0.0 ], [ 53.631140000038819, 29.449950000478371, 0.0 ], [ 53.631850000218407, 29.449370000468932, 0.0 ], [ 53.632339999926202, 29.449020000540759, 0.0 ], [ 53.633059999712202, 29.448800000502221, 0.0 ], [ 53.633859999896671, 29.448640000791372, 0.0 ], [ 53.635249999855567, 29.44807000043004, 0.0 ], [ 53.636469999847023, 29.447450000857291, 0.0 ], [ 53.637680000381941, 29.446720000291851, 0.0 ], [ 53.638209999593073, 29.44634000068676, 0.0 ], [ 53.638929999949163, 29.445940000717052, 0.0 ], [ 53.639099999454913, 29.44583000094876, 0.0 ], [ 53.639319999771367, 29.44561000055646, 0.0 ], [ 53.641479999470853, 29.444610000480129, 0.0 ], [ 53.641920000058207, 29.444320000957301, 0.0 ], [ 53.642519999929107, 29.443680000199109, 0.0 ], [ 53.642999999425832, 29.443260000615219, 0.0 ], [ 53.643510000010487, 29.442700000809449, 0.0 ], [ 53.644599999832216, 29.44117000100541, 0.0 ], [ 53.645380000006902, 29.440320000991449, 0.0 ], [ 53.646489999932612, 29.439280000202231, 0.0 ], [ 53.64735999950318, 29.43841000041073, 0.0 ], [ 53.648780000369818, 29.436780000254711, 0.0 ], [ 53.652360000027983, 29.432920000398742, 0.0 ], [ 53.654739999873357, 29.43122000060173, 0.0 ], [ 53.656069999664282, 29.429880001041582, 0.0 ], [ 53.657129999843583, 29.428820000882912, 0.0 ], [ 53.658629999757153, 29.42770000091685, 0.0 ], [ 53.660210000242103, 29.426580000278861, 0.0 ], [ 53.662069999500943, 29.425620000723221, 0.0 ], [ 53.663860000331248, 29.42475000095979, 0.0 ], [ 53.66649999971407, 29.423700000596519, 0.0 ], [ 53.667969999446782, 29.4231900002762, 0.0 ], [ 53.670449999536849, 29.422060001050031, 0.0 ], [ 53.673450000273192, 29.420470000466992, 0.0 ], [ 53.67460999993795, 29.419520000889889, 0.0 ], [ 53.676089999862278, 29.41854000021014, 0.0 ], [ 53.677340000063623, 29.41752000065026, 0.0 ], [ 53.678899999892131, 29.415780000283899, 0.0 ], [ 53.680050000055253, 29.414720000193071, 0.0 ], [ 53.683009999680799, 29.412300001038421, 0.0 ], [ 53.685769999693228, 29.409570000408081, 0.0 ], [ 53.686749999468233, 29.408290000746611, 0.0 ], [ 53.687979999501117, 29.40614000042493, 0.0 ], [ 53.688690000159362, 29.404440000984462, 0.0 ], [ 53.689279999823192, 29.402450000772919, 0.0 ], [ 53.689690000284358, 29.401270000882839, 0.0 ], [ 53.690460000379822, 29.400100000201459, 0.0 ], [ 53.692049999957668, 29.399340000193192, 0.0 ], [ 53.69395999965964, 29.398330000922972, 0.0 ], [ 53.695980000399707, 29.39711000092127, 0.0 ], [ 53.697840000309363, 29.396070001047061, 0.0 ], [ 53.699970000261366, 29.39521000100904, 0.0 ], [ 53.700879999706828, 29.394840000514598, 0.0 ], [ 53.702399999938891, 29.393940001024209, 0.0 ], [ 53.704329999474737, 29.392680000827109, 0.0 ], [ 53.706250000183331, 29.391200000263659, 0.0 ], [ 53.707439999690841, 29.390310000887101, 0.0 ], [ 53.708369999540821, 29.389760000595761, 0.0 ], [ 53.709709999529501, 29.389450000430319, 0.0 ], [ 53.71104000017155, 29.3888200006635, 0.0 ], [ 53.71203000045292, 29.388560000961931, 0.0 ], [ 53.714119999464188, 29.387520000794641, 0.0 ], [ 53.71669000039153, 29.386000000403889, 0.0 ], [ 53.719440000122347, 29.384140000351451, 0.0 ], [ 53.720489999783439, 29.383730000671189, 0.0 ], [ 53.7217900002031, 29.38287000029316, 0.0 ], [ 53.723359999941053, 29.381920000486691, 0.0 ], [ 53.724629999997177, 29.380960000385912, 0.0 ], [ 53.725749999699467, 29.379740000315799, 0.0 ], [ 53.726559999683268, 29.37887000047056, 0.0 ], [ 53.727390000285077, 29.377870000182881, 0.0 ], [ 53.728339999960177, 29.376130000346429, 0.0 ], [ 53.728809999477548, 29.37501000081442, 0.0 ], [ 53.729389999777261, 29.373280000384739, 0.0 ], [ 53.729799999637521, 29.370520000460012, 0.0 ], [ 53.729980000202197, 29.369560000419781, 0.0 ], [ 53.73041999994912, 29.368790000722061, 0.0 ], [ 53.731220000024798, 29.367950000547651, 0.0 ], [ 53.73294000005145, 29.36633000084516, 0.0 ], [ 53.734900000018463, 29.364630000259741, 0.0 ], [ 53.73590000022817, 29.363520000447291, 0.0 ], [ 53.737809999468112, 29.361850000417231, 0.0 ], [ 53.741879999610838, 29.35742000101574, 0.0 ], [ 53.743549999984879, 29.35539000066202, 0.0 ], [ 53.7445599996814, 29.35416000084232, 0.0 ], [ 53.746039999772343, 29.35378000077403, 0.0 ], [ 53.749269999891723, 29.35313000037592, 0.0 ], [ 53.751330000319612, 29.35250000101415, 0.0 ], [ 53.752530000133618, 29.35204000053912, 0.0 ], [ 53.753749999551196, 29.351370000401459, 0.0 ], [ 53.75578000006341, 29.349910000315599, 0.0 ], [ 53.757319999847653, 29.348610001031439, 0.0 ], [ 53.758449999500463, 29.347570001065019, 0.0 ], [ 53.759480000465281, 29.346610000472729, 0.0 ], [ 53.760450000145873, 29.345190000534451, 0.0 ], [ 53.760820000205094, 29.344030000508891, 0.0 ], [ 53.760980000311953, 29.343240000886471, 0.0 ], [ 53.76158999977617, 29.343010000718301, 0.0 ], [ 53.762380000299558, 29.34304000080769, 0.0 ], [ 53.763269999961317, 29.343100000890551, 0.0 ], [ 53.764939999933013, 29.343020000271181, 0.0 ], [ 53.768139999958791, 29.34231000106854, 0.0 ], [ 53.770300000242372, 29.34148000102104, 0.0 ], [ 53.772130000075407, 29.340530000828871, 0.0 ], [ 53.77454000045762, 29.339590000377491, 0.0 ], [ 53.777440000154911, 29.338510000430791, 0.0 ], [ 53.779549999859441, 29.33767000026695, 0.0 ], [ 53.781220000227478, 29.336500000479148, 0.0 ], [ 53.782920000143847, 29.33489000102827, 0.0 ], [ 53.784170000045457, 29.333640000925531, 0.0 ], [ 53.78517999982207, 29.332790000840379, 0.0 ], [ 53.786910000063777, 29.331700000803021, 0.0 ], [ 53.789429999802721, 29.331120000607999, 0.0 ], [ 53.790889999687323, 29.330540000311061, 0.0 ], [ 53.791649999682917, 29.330220000366989, 0.0 ], [ 53.792739999975304, 29.329630000474801, 0.0 ], [ 53.793240000358381, 29.328490000397341, 0.0 ], [ 53.793419999717813, 29.32768000060144, 0.0 ], [ 53.794039999610568, 29.326290000276369, 0.0 ], [ 53.795009999794402, 29.325800000968758, 0.0 ], [ 53.796599999643917, 29.324970000190049, 0.0 ], [ 53.799129999499129, 29.323900000288411, 0.0 ], [ 53.800380000494343, 29.32369000038684, 0.0 ], [ 53.80223000009012, 29.323010000632831, 0.0 ], [ 53.804309999557873, 29.321840000296419, 0.0 ], [ 53.805569999655212, 29.320530001083949, 0.0 ], [ 53.805819999819313, 29.31970000071281, 0.0 ], [ 53.805919999966179, 29.318680000818709, 0.0 ], [ 53.805920000259093, 29.317740000579398, 0.0 ], [ 53.806149999550179, 29.317170000533391, 0.0 ], [ 53.806319999538118, 29.31642000077191, 0.0 ], [ 53.806599999948972, 29.316130000230611, 0.0 ], [ 53.807830000385522, 29.315910000219372, 0.0 ], [ 53.810230000379619, 29.31534000078015, 0.0 ], [ 53.811159999574208, 29.314980001036069, 0.0 ], [ 53.81202999968469, 29.314260000328471, 0.0 ], [ 53.812999999938697, 29.31314000088852, 0.0 ], [ 53.81442999964905, 29.31210000066687, 0.0 ], [ 53.81541999984384, 29.311200000311089, 0.0 ], [ 53.816080000314713, 29.310760000433849, 0.0 ], [ 53.817390000304947, 29.310280000434162, 0.0 ], [ 53.818469999614798, 29.310030000389911, 0.0 ], [ 53.819239999956842, 29.30934000035171, 0.0 ], [ 53.820040000439853, 29.308750000913061, 0.0 ], [ 53.821327465550048, 29.308223231508009, 0.0 ], [ 53.823749993150876, 29.306932269805898, 0.0 ], [ 53.82660885238613, 29.30540302482737, 0.0 ], [ 53.836326869499771, 29.300009604878131, 0.0 ], [ 53.841222834819973, 29.29703979144934, 0.0 ], [ 53.847900638804731, 29.293463617563461, 0.0 ], [ 53.848423605845319, 29.293310512179861, 0.0 ], [ 53.849571158158398, 29.293407565939351, 0.0 ], [ 53.850716936276648, 29.29374562632653, 0.0 ], [ 53.851932310457173, 29.294785668762788, 0.0 ], [ 53.859855609191847, 29.30355597052851, 0.0 ], [ 53.862473118156302, 29.306478397306961, 0.0 ], [ 53.863380865111147, 29.30785130486376, 0.0 ], [ 53.866025022009737, 29.306592228749579, 0.0 ], [ 53.867486219517048, 29.30609956531044, 0.0 ], [ 53.869764519932303, 29.304347189867809, 0.0 ], [ 53.871392323610088, 29.303095092246132, 0.0 ], [ 53.873402471048827, 29.301779954807589, 0.0 ], [ 53.878208629448999, 29.29903692812621, 0.0 ], [ 53.886125392381913, 29.296590650094849, 0.0 ], [ 53.893146538367027, 29.2970375213301, 0.0 ], [ 53.90190198023479, 29.297594248365051, 0.0 ], [ 53.909538757925127, 29.300183530993941, 0.0 ], [ 53.913102334939978, 29.299952554522399, 0.0 ], [ 53.92200202174601, 29.29904954005336, 0.0 ], [ 53.926939785859631, 29.2981456229139, 0.0 ], [ 53.9286820950067, 29.297457216446531, 0.0 ], [ 53.937414541558333, 29.29570531475526, 0.0 ], [ 53.93831955385803, 29.295128204886971, 0.0 ], [ 53.941118431634827, 29.292845329150939, 0.0 ], [ 53.945185063774552, 29.287932612751671, 0.0 ], [ 53.948891200851257, 29.283401062101721, 0.0 ], [ 53.949535978946408, 29.281473123880438, 0.0 ], [ 53.950539330438232, 29.27790431960425, 0.0 ], [ 53.950767925955773, 29.276742586207462, 0.0 ], [ 53.955261430292943, 29.2712973879785, 0.0 ], [ 53.960023107508732, 29.265526471708071, 0.0 ], [ 53.963583333763552, 29.264619735659501, 0.0 ], [ 53.966123821879641, 29.26252398537935, 0.0 ], [ 53.975881642616613, 29.25764102140138, 0.0 ], [ 53.977130000357228, 29.260320000981871, 0.0 ], [ 53.983280000762868, 29.257300000491281, 0.0 ], [ 53.988122607894901, 29.255913570411071, 0.0 ], [ 53.988160000504827, 29.25589000017132, 0.0 ], [ 53.988669999947511, 29.255750000825358, 0.0 ], [ 53.989179999878857, 29.255620000934481, 0.0 ], [ 53.989590000473747, 29.25551000060911, 0.0 ], [ 53.989790000403637, 29.255510000289561, 0.0 ], [ 53.990029999720569, 29.25552000033122, 0.0 ], [ 53.990270000098278, 29.255530000816101, 0.0 ], [ 53.99048000026675, 29.255550001050029, 0.0 ], [ 53.99135999992037, 29.255570000317061, 0.0 ], [ 53.993039999798732, 29.255620000354899, 0.0 ], [ 53.993629999782833, 29.25561000096711, 0.0 ], [ 53.994249999846978, 29.255580000242229, 0.0 ], [ 53.994879999992683, 29.255560001038791, 0.0 ], [ 53.995630000439483, 29.255520000821392, 0.0 ], [ 53.996129999877382, 29.25552000068247, 0.0 ], [ 53.997189999979938, 29.255480000540711, 0.0 ], [ 53.999559999690092, 29.25533000069446, 0.0 ], [ 54.004940000228849, 29.255060000879681, 0.0 ], [ 54.005530000154963, 29.255040000909069, 0.0 ], [ 54.009390000629992, 29.25437000048808, 0.0 ], [ 54.00996999999952, 29.254090000590899, 0.0 ], [ 54.010020000593649, 29.254060000189039, 0.0 ], [ 54.010150000045037, 29.25403000080194, 0.0 ], [ 54.010590000130428, 29.253950000868929, 0.0 ], [ 54.01080999986705, 29.253910000376479, 0.0 ], [ 54.010830000607328, 29.25389000070907, 0.0 ], [ 54.010960000564523, 29.253820000950071, 0.0 ], [ 54.011219999972738, 29.253700000880901, 0.0 ], [ 54.011890000332279, 29.253500000656221, 0.0 ], [ 54.012520000256778, 29.253260000549279, 0.0 ], [ 54.013309999820081, 29.25314000091149, 0.0 ], [ 54.014030000658479, 29.25297000064689, 0.0 ], [ 54.015170000224337, 29.252800000393439, 0.0 ], [ 54.015720000332379, 29.252700000364818, 0.0 ], [ 54.017500000222547, 29.252300000912669, 0.0 ], [ 54.018049999927527, 29.252200000526638, 0.0 ], [ 54.018639999714303, 29.252040000333949, 0.0 ], [ 54.019510000582912, 29.251940000922581, 0.0 ], [ 54.020069999859459, 29.251890000570238, 0.0 ], [ 54.021780000538193, 29.251760000994761, 0.0 ], [ 54.022150000158227, 29.251720000789831, 0.0 ], [ 54.022730000198948, 29.251640000463748, 0.0 ], [ 54.023470000374722, 29.25145000053837, 0.0 ], [ 54.024050000709018, 29.251330000642039, 0.0 ], [ 54.024360000383467, 29.251290000749641, 0.0 ], [ 54.025500000134372, 29.2509900003143, 0.0 ], [ 54.025719999846892, 29.2509300004666, 0.0 ], [ 54.026569999896267, 29.25074000040356, 0.0 ], [ 54.026990000223911, 29.25053000029963, 0.0 ], [ 54.026980000356659, 29.249830000189188, 0.0 ], [ 54.026940000623533, 29.249660000871909, 0.0 ], [ 54.026900000079571, 29.24945000044551, 0.0 ], [ 54.026910000414659, 29.249030000332009, 0.0 ], [ 54.026830000497043, 29.248590000598998, 0.0 ], [ 54.02670000024591, 29.24835000099079, 0.0 ], [ 54.026629999864163, 29.248040000879659, 0.0 ], [ 54.026700000464317, 29.247840000290669, 0.0 ], [ 54.026890000577147, 29.247870001014601, 0.0 ], [ 54.027220000413941, 29.24816000103074, 0.0 ], [ 54.027420000523577, 29.248270000227109, 0.0 ], [ 54.027660000252787, 29.248180000698738, 0.0 ], [ 54.027990000337716, 29.24800000025661, 0.0 ], [ 54.029050000406492, 29.247980000348019, 0.0 ], [ 54.029580000178953, 29.247790001037959, 0.0 ], [ 54.030150000010529, 29.24771000082006, 0.0 ], [ 54.031480000272232, 29.247280000369258, 0.0 ], [ 54.031940000115974, 29.247220000953391, 0.0 ], [ 54.032459999989918, 29.247130000936561, 0.0 ], [ 54.03411000059095, 29.246600000311759, 0.0 ], [ 54.036050000328594, 29.245760000715499, 0.0 ], [ 54.037280000541379, 29.245440000207331, 0.0 ], [ 54.038480000026979, 29.245120000927361, 0.0 ], [ 54.040179999863447, 29.24470000100013, 0.0 ], [ 54.044889999764628, 29.243360000582388, 0.0 ], [ 54.046270000256349, 29.243190000549131, 0.0 ], [ 54.051130000324569, 29.243250000890701, 0.0 ], [ 54.052920000283038, 29.243020000481049, 0.0 ], [ 54.055799999762463, 29.242700000388311, 0.0 ], [ 54.057589999725067, 29.242330000342399, 0.0 ], [ 54.059190000138379, 29.241930000756291, 0.0 ], [ 54.060259999756553, 29.241540000329909, 0.0 ], [ 54.06155999997322, 29.24132000040526, 0.0 ], [ 54.062929999981463, 29.241140000857051, 0.0 ], [ 54.065889999980513, 29.240400000428298, 0.0 ], [ 54.066119999975321, 29.24032000042714, 0.0 ], [ 54.066839999731108, 29.240090000473309, 0.0 ], [ 54.067770000372057, 29.239790000555029, 0.0 ], [ 54.068910000597803, 29.239330000254789, 0.0 ], [ 54.06918999977966, 29.239180000588419, 0.0 ], [ 54.069690000255463, 29.239000000914459, 0.0 ], [ 54.070039999952648, 29.238800000782799, 0.0 ], [ 54.071100000580962, 29.238540000519439, 0.0 ], [ 54.073829999997493, 29.237970001050019, 0.0 ], [ 54.075500000353358, 29.23771000061701, 0.0 ], [ 54.078240000254389, 29.237190000503521, 0.0 ], [ 54.07955000047712, 29.236740000680609, 0.0 ], [ 54.082370000222042, 29.235840000662151, 0.0 ], [ 54.085190000106699, 29.234740000928198, 0.0 ], [ 54.08596000035854, 29.234420000719869, 0.0 ], [ 54.087609999806737, 29.233610000184399, 0.0 ], [ 54.090130000183287, 29.23223000075647, 0.0 ], [ 54.091310000725613, 29.23171000028367, 0.0 ], [ 54.093070000454887, 29.23102000034655, 0.0 ], [ 54.095020000251253, 29.230320000794372, 0.0 ], [ 54.095440000320508, 29.230190000902869, 0.0 ], [ 54.095720000630912, 29.230070000697921, 0.0 ], [ 54.097340000705188, 29.229500000587219, 0.0 ], [ 54.099700000756833, 29.228460000304679, 0.0 ], [ 54.101100000165893, 29.22785000100729, 0.0 ], [ 54.101429999889113, 29.2275600009573, 0.0 ], [ 54.101740000102822, 29.22735000024899, 0.0 ], [ 54.102600000652757, 29.226700000538319, 0.0 ], [ 54.103959999989982, 29.226230000617139, 0.0 ], [ 54.105350000117227, 29.2257800008448, 0.0 ], [ 54.106050000679971, 29.225560000335751, 0.0 ], [ 54.107359999978989, 29.22508000018421, 0.0 ], [ 54.108919999980287, 29.22442000040629, 0.0 ], [ 54.110450000248363, 29.223710000240811, 0.0 ], [ 54.110930000299227, 29.22357000050873, 0.0 ], [ 54.111219999967403, 29.22343000029754, 0.0 ], [ 54.111550000664593, 29.223360000890409, 0.0 ], [ 54.111810000535243, 29.223420000271471, 0.0 ], [ 54.11233000041544, 29.223520000397929, 0.0 ], [ 54.112720000251031, 29.2236300002915, 0.0 ], [ 54.113099999914823, 29.22373000027045, 0.0 ], [ 54.114469999777768, 29.223780000520222, 0.0 ], [ 54.114950000036927, 29.223460000613031, 0.0 ], [ 54.115210000087878, 29.223270001009091, 0.0 ], [ 54.121970000113208, 29.225430000591391, 0.0 ], [ 54.127390000141403, 29.2260900005157, 0.0 ], [ 54.133629999944368, 29.226250000341231, 0.0 ], [ 54.135490000564083, 29.226300000532511, 0.0 ], [ 54.144120000365007, 29.228860000419861, 0.0 ], [ 54.1497500000632, 29.23009000089889, 0.0 ], [ 54.152270000124552, 29.23064000033655, 0.0 ], [ 54.152570000160893, 29.230570000337909, 0.0 ], [ 54.160250000633702, 29.228690000538439, 0.0 ], [ 54.162590000182362, 29.22812000065851, 0.0 ], [ 54.164780000081912, 29.227580000427629, 0.0 ], [ 54.165150000447937, 29.22753000087555, 0.0 ], [ 54.166310000346002, 29.227370000547339, 0.0 ], [ 54.16831000030129, 29.22709000082471, 0.0 ], [ 54.170780000813068, 29.226750000796098, 0.0 ], [ 54.173590000835958, 29.22636000076352, 0.0 ], [ 54.17436000006947, 29.22625000070402, 0.0 ], [ 54.177000000057603, 29.22891000082857, 0.0 ], [ 54.183130000484603, 29.230390000549669, 0.0 ], [ 54.182510000800853, 29.235910000517229, 0.0 ], [ 54.182540000329872, 29.237910000679911, 0.0 ], [ 54.182050000167493, 29.240010000510601, 0.0 ], [ 54.182010000517153, 29.244000000392731, 0.0 ], [ 54.18227000034355, 29.247890000420931, 0.0 ], [ 54.184530000002553, 29.25138000064301, 0.0 ], [ 54.184910000815407, 29.260960000933188, 0.0 ], [ 54.184610000832393, 29.265080000872139, 0.0 ], [ 54.18624000073644, 29.27064000071249, 0.0 ], [ 54.18560000060738, 29.27355000098337, 0.0 ], [ 54.184240000777692, 29.277920000171289, 0.0 ], [ 54.184590000102062, 29.281800000936961, 0.0 ], [ 54.184800000243577, 29.284140001040139, 0.0 ], [ 54.184730000375197, 29.285650000807141, 0.0 ], [ 54.185570000068083, 29.289100000416369, 0.0 ], [ 54.185470000424473, 29.292530000876681, 0.0 ], [ 54.183940000566388, 29.295020000237169, 0.0 ], [ 54.183550000598167, 29.295210000355951, 0.0 ], [ 54.168530000590103, 29.306260000558879, 0.0 ], [ 54.164590000278729, 29.309170000460441, 0.0 ], [ 54.164140000442259, 29.309640000985279, 0.0 ], [ 54.158090000342852, 29.316020000703968, 0.0 ], [ 54.155980000349913, 29.318260000354432, 0.0 ], [ 54.153730000400643, 29.320630000220088, 0.0 ], [ 54.153009999918403, 29.32137000053223, 0.0 ], [ 54.152439999875199, 29.3230100006603, 0.0 ], [ 54.148870000064953, 29.332700000754279, 0.0 ], [ 54.149120000293259, 29.337620000220031, 0.0 ], [ 54.149139999923648, 29.338150000648159, 0.0 ], [ 54.148130000696852, 29.338430000501901, 0.0 ], [ 54.145070000723237, 29.339300000247629, 0.0 ], [ 54.143360000804947, 29.339980000193091, 0.0 ], [ 54.143160000053918, 29.34007000083335, 0.0 ], [ 54.143030000846522, 29.340130000647491, 0.0 ], [ 54.141849999884649, 29.340730000757311, 0.0 ], [ 54.134270000781768, 29.34554000067342, 0.0 ], [ 54.131860000577049, 29.34705000037842, 0.0 ], [ 54.127659999927708, 29.349770000552741, 0.0 ], [ 54.126790000194717, 29.350640000251769, 0.0 ], [ 54.125240000425073, 29.352370000453661, 0.0 ], [ 54.12326000073309, 29.354780000766741, 0.0 ], [ 54.121660000375627, 29.358760000182951, 0.0 ], [ 54.121600000289483, 29.358940000439219, 0.0 ], [ 54.121490000126009, 29.359220000879681, 0.0 ], [ 54.120770000134257, 29.361160000506121, 0.0 ], [ 54.119060000723188, 29.36508000073691, 0.0 ], [ 54.118849999806997, 29.365730000610309, 0.0 ], [ 54.11861000061684, 29.366230000669201, 0.0 ], [ 54.118209999851089, 29.367060000458459, 0.0 ], [ 54.117410000201112, 29.369070000352981, 0.0 ], [ 54.11723000023327, 29.36983000019957, 0.0 ], [ 54.116779999842699, 29.37160000066293, 0.0 ], [ 54.1164500005845, 29.37296000088039, 0.0 ], [ 54.115999999931979, 29.374670000365992, 0.0 ], [ 54.115770000570528, 29.37570000055279, 0.0 ], [ 54.115470000472143, 29.37721000099733, 0.0 ], [ 54.115380000633252, 29.378730000253569, 0.0 ], [ 54.115459999800542, 29.3800500003317, 0.0 ], [ 54.115510000549151, 29.380550000169769, 0.0 ], [ 54.11556000002119, 29.38132000092007, 0.0 ], [ 54.115710000605667, 29.38298000037037, 0.0 ], [ 54.115760000792662, 29.384030000338431, 0.0 ], [ 54.115750000522972, 29.38450000087613, 0.0 ], [ 54.115740000499883, 29.384610000588602, 0.0 ], [ 54.115730000658168, 29.385100000486059, 0.0 ], [ 54.114739999837191, 29.389890000995941, 0.0 ], [ 54.114540000625873, 29.390770000723919, 0.0 ], [ 54.113645839082118, 29.394936812622529, 0.0 ], [ 54.113562894588448, 29.39543244096582, 0.0 ], [ 54.113353155549191, 29.39639869992018, 0.0 ], [ 54.113317564117892, 29.396560011470999, 0.0 ], [ 54.113008952013047, 29.397903747913379, 0.0 ], [ 54.11269875703195, 29.39953319940814, 0.0 ], [ 54.111932478760338, 29.404341002073959, 0.0 ], [ 54.112651886505077, 29.406754490553791, 0.0 ], [ 54.11280486621532, 29.40726769423495, 0.0 ], [ 54.110322774029953, 29.41516651878521, 0.0 ], [ 54.109594256486893, 29.419309547279411, 0.0 ], [ 54.105525524829112, 29.429803831301079, 0.0 ], [ 54.104272976900432, 29.433390589117561, 0.0 ], [ 54.103828486568553, 29.434749216337728, 0.0 ], [ 54.098770283626578, 29.442769265064101, 0.0 ], [ 54.090758897321827, 29.440084825093511, 0.0 ], [ 54.085055971842102, 29.440459145085121, 0.0 ], [ 54.078361775476537, 29.440921468142719, 0.0 ], [ 54.072915917157317, 29.441341897964389, 0.0 ], [ 54.069793029471469, 29.442811690825611, 0.0 ], [ 54.065390596806623, 29.444883512601841, 0.0 ], [ 54.060601282827747, 29.450301467069739, 0.0 ], [ 54.056220325505031, 29.451750729625051, 0.0 ], [ 54.050155880432541, 29.453756606724571, 0.0 ], [ 54.043859660468698, 29.453876311582562, 0.0 ], [ 54.039594775983147, 29.451752334714701, 0.0 ], [ 54.037740753865663, 29.450828930775991, 0.0 ], [ 54.03521581121111, 29.448442705077561, 0.0 ], [ 54.032370623843242, 29.448148694780951, 0.0 ], [ 54.030689786655699, 29.448003796973801, 0.0 ], [ 54.02926000050735, 29.448420000954449, 0.0 ], [ 54.027560000658667, 29.450740000732271, 0.0 ], [ 54.024919999978657, 29.451690000269721, 0.0 ], [ 54.021880000382907, 29.454380001013931, 0.0 ], [ 54.016770000278242, 29.45491000075581, 0.0 ], [ 54.013580000629638, 29.454750000836238, 0.0 ], [ 54.010820000545444, 29.454680000966079, 0.0 ], [ 54.009649999734897, 29.454400000450459, 0.0 ], [ 54.007250000400418, 29.454270001000779, 0.0 ], [ 54.007340000218022, 29.453270000351338, 0.0 ], [ 54.006440000454958, 29.45258000098849, 0.0 ], [ 54.005390000232573, 29.451960000383991, 0.0 ], [ 54.004290000189911, 29.449650000550829, 0.0 ], [ 54.002960000517866, 29.448660000916298, 0.0 ], [ 54.002299999761732, 29.44740000070664, 0.0 ], [ 53.999989999951588, 29.446310000611419, 0.0 ], [ 53.998760000030089, 29.446760000622831, 0.0 ], [ 53.997610000273284, 29.44635000049643, 0.0 ], [ 53.994659999993537, 29.447500000808819, 0.0 ], [ 53.994290000037971, 29.445380000838501, 0.0 ], [ 53.992830000108853, 29.444020000605999, 0.0 ], [ 53.992170000325409, 29.441910000414811, 0.0 ], [ 53.991800000490407, 29.440330000654491, 0.0 ], [ 53.991560000438866, 29.438290000848561, 0.0 ], [ 53.992580000378332, 29.435470000720461, 0.0 ], [ 53.989190000265431, 29.436420000505109, 0.0 ], [ 53.987050000588482, 29.438250000221981, 0.0 ], [ 53.985050000236257, 29.437110000475489, 0.0 ], [ 53.984620000330104, 29.435870000559589, 0.0 ], [ 53.9830300003389, 29.432910000979309, 0.0 ], [ 53.978319999865448, 29.428230000562799, 0.0 ], [ 53.974370000615792, 29.42588000048152, 0.0 ], [ 53.966190000304323, 29.421890000416109, 0.0 ], [ 53.964840000465479, 29.42218000037165, 0.0 ], [ 53.960940000527401, 29.422480000172961, 0.0 ], [ 53.958119999986778, 29.421250000625999, 0.0 ], [ 53.953840000605553, 29.419560000406719, 0.0 ], [ 53.951140000361868, 29.418830000782489, 0.0 ], [ 53.949699999779838, 29.417480000806719, 0.0 ], [ 53.94955999995841, 29.415140000245302, 0.0 ], [ 53.948130000121168, 29.411170000576369, 0.0 ], [ 53.948940000491298, 29.40973000047277, 0.0 ], [ 53.949250000184698, 29.4076400005947, 0.0 ], [ 53.949209999712231, 29.402870000838281, 0.0 ], [ 53.950400000003746, 29.395490000685321, 0.0 ], [ 53.949990000212082, 29.390380000922931, 0.0 ], [ 53.952339999968267, 29.386510000780071, 0.0 ], [ 53.951480000315868, 29.38444000052306, 0.0 ], [ 53.948080000599639, 29.38347000093373, 0.0 ], [ 53.944210000215698, 29.3832000009693, 0.0 ], [ 53.938649999963197, 29.38027000095007, 0.0 ], [ 53.932250000179238, 29.379380000747229, 0.0 ], [ 53.93302000032525, 29.37239000089998, 0.0 ], [ 53.931600000568118, 29.370550000715479, 0.0 ], [ 53.936330000020888, 29.35921000051702, 0.0 ], [ 53.946610000618868, 29.346250000914669, 0.0 ], [ 53.947830000054417, 29.340300000357079, 0.0 ], [ 53.952470000563849, 29.340490000859301, 0.0 ], [ 53.954310000270141, 29.33837000092041, 0.0 ], [ 53.957020000190539, 29.33522000074343, 0.0 ], [ 53.956580000579017, 29.33384000044645, 0.0 ], [ 53.95499999976289, 29.332160000217151, 0.0 ], [ 53.956850000568977, 29.329480000673531, 0.0 ], [ 53.960770000120277, 29.327650001065951, 0.0 ], [ 53.963479999646097, 29.32835000051714, 0.0 ], [ 53.964820000663863, 29.32321000103693, 0.0 ], [ 53.968330000661282, 29.32087000082042, 0.0 ], [ 53.978730000180313, 29.313840000460299, 0.0 ], [ 53.979599999998619, 29.312430000407449, 0.0 ], [ 53.987629999657003, 29.308420000672388, 0.0 ], [ 53.986649999749389, 29.30566000101248, 0.0 ], [ 53.97919999992596, 29.310080000614381, 0.0 ], [ 53.9674300004922, 29.312560000534639, 0.0 ], [ 53.955790000347562, 29.319970000417321, 0.0 ], [ 53.953059999869083, 29.328690000310001, 0.0 ], [ 53.936190000398113, 29.32738000022303, 0.0 ], [ 53.928979999651183, 29.326520000246571, 0.0 ], [ 53.927089999946872, 29.328090000234429, 0.0 ], [ 53.923930000587177, 29.331420000727199, 0.0 ], [ 53.924499999648511, 29.33274000101817, 0.0 ], [ 53.926139999636867, 29.335770000698218, 0.0 ], [ 53.925170000266469, 29.33921000036376, 0.0 ], [ 53.926810000500161, 29.345800001025111, 0.0 ], [ 53.924669999910989, 29.35248000046931, 0.0 ], [ 53.926420000526868, 29.359080000680049, 0.0 ], [ 53.927319999739048, 29.363320000217541, 0.0 ], [ 53.9253499996912, 29.369150000960769, 0.0 ], [ 53.919959999859763, 29.373420000635249, 0.0 ], [ 53.918660000267273, 29.37985000072911, 0.0 ], [ 53.916010000099753, 29.38246000106254, 0.0 ], [ 53.913270000532627, 29.388820000611918, 0.0 ], [ 53.919110000472237, 29.388860001053001, 0.0 ], [ 53.923920000204077, 29.387230000624619, 0.0 ], [ 53.926690000250737, 29.38904000096101, 0.0 ], [ 53.925030000580378, 29.392140000457779, 0.0 ], [ 53.92667000051668, 29.393750001045291, 0.0 ], [ 53.927079999632731, 29.395840000444771, 0.0 ], [ 53.928039999865767, 29.40212000075589, 0.0 ], [ 53.927089999620058, 29.40454000053456, 0.0 ], [ 53.926099999948633, 29.407690001078901, 0.0 ], [ 53.920979999785693, 29.408460000195038, 0.0 ], [ 53.919809999767487, 29.41028000093598, 0.0 ], [ 53.916910000083043, 29.412670000989131, 0.0 ], [ 53.915640000488608, 29.414500000415419, 0.0 ], [ 53.910610000014138, 29.416920000673461, 0.0 ], [ 53.909000000069817, 29.419760000763748, 0.0 ], [ 53.907179999597339, 29.421980000491299, 0.0 ], [ 53.905430000510009, 29.425350000813602, 0.0 ], [ 53.90506000031295, 29.4283900008237, 0.0 ], [ 53.904840000259099, 29.430340000651469, 0.0 ], [ 53.90358000035004, 29.43369000069444, 0.0 ], [ 53.902490000421729, 29.435380000928891, 0.0 ], [ 53.90095999998362, 29.436240000611821, 0.0 ], [ 53.899309999840632, 29.437320000305899, 0.0 ], [ 53.897979999623452, 29.440620000747469, 0.0 ], [ 53.898920000391612, 29.44224000036203, 0.0 ], [ 53.899999999943923, 29.444030000903641, 0.0 ], [ 53.90053000006548, 29.446590000311851, 0.0 ], [ 53.89835000023583, 29.44866000062375, 0.0 ], [ 53.895430000335367, 29.4509700009915, 0.0 ], [ 53.893179999749599, 29.452290000713059, 0.0 ], [ 53.892210000358027, 29.453380000223941, 0.0 ], [ 53.891260000445101, 29.454330000982299, 0.0 ], [ 53.889039999935413, 29.455940000428669, 0.0 ], [ 53.887580000523457, 29.45669000031554, 0.0 ], [ 53.886579999949859, 29.459530000999631, 0.0 ], [ 53.855709999849537, 29.462200000215891, 0.0 ], [ 53.851860000232463, 29.465080000439752, 0.0 ], [ 53.84846999965955, 29.468110000220229, 0.0 ], [ 53.848159999651813, 29.469030000393481, 0.0 ], [ 53.847110000230543, 29.469330000809901, 0.0 ], [ 53.84588000010865, 29.471040000697979, 0.0 ], [ 53.843110000045897, 29.470980000352061, 0.0 ], [ 53.840810000162207, 29.472010000282761, 0.0 ], [ 53.841169999981453, 29.473530000947999, 0.0 ], [ 53.838770000070561, 29.473110000509291, 0.0 ], [ 53.837250000027439, 29.47372000084972, 0.0 ], [ 53.834699999844247, 29.474510000574849, 0.0 ], [ 53.833619999942186, 29.47480000034713, 0.0 ], [ 53.831819999595233, 29.47609000027326, 0.0 ], [ 53.829139999787166, 29.476340000249351, 0.0 ], [ 53.826979999880848, 29.477890000943329, 0.0 ], [ 53.824589999872913, 29.478320000612541, 0.0 ], [ 53.822159999619387, 29.479670000264761, 0.0 ], [ 53.821920000187887, 29.480840000468181, 0.0 ], [ 53.821159999700477, 29.482390000316119, 0.0 ], [ 53.818910000277967, 29.483720001050031, 0.0 ], [ 53.817580000179099, 29.485610001054159, 0.0 ], [ 53.816829999795047, 29.48617000090843, 0.0 ], [ 53.81500000014816, 29.486490001068319, 0.0 ], [ 53.811979999964663, 29.486320000667259, 0.0 ], [ 53.81089999984512, 29.48671000061897, 0.0 ], [ 53.810320000312487, 29.48821000039721, 0.0 ], [ 53.809430000107653, 29.49030000087529, 0.0 ], [ 53.808689999653609, 29.49281000057611, 0.0 ], [ 53.808499999555401, 29.494950000362969, 0.0 ], [ 53.807829999905657, 29.496970000725661, 0.0 ], [ 53.806620000326419, 29.49860000036653, 0.0 ], [ 53.806389999534453, 29.50001000083585, 0.0 ], [ 53.805709999663073, 29.503840000794298, 0.0 ], [ 53.80433000007227, 29.50743000025869, 0.0 ], [ 53.802840000211127, 29.506590000337422, 0.0 ], [ 53.800970000288352, 29.505840000741749, 0.0 ], [ 53.799449999872863, 29.505160000504571, 0.0 ], [ 53.798529999951981, 29.503690000391391, 0.0 ], [ 53.797030000218342, 29.503140000985049, 0.0 ], [ 53.796139999771647, 29.502230000537221, 0.0 ], [ 53.796240000363703, 29.50534000081084, 0.0 ], [ 53.795710000001677, 29.50729000064775, 0.0 ], [ 53.795109999638584, 29.508590000740799, 0.0 ], [ 53.794149999868573, 29.510170000992201, 0.0 ], [ 53.792260000077967, 29.512650000416201, 0.0 ], [ 53.789500000307662, 29.514760000293151, 0.0 ], [ 53.785270000341917, 29.518800000199789, 0.0 ], [ 53.784330000276952, 29.519650000336441, 0.0 ], [ 53.780629999998403, 29.52053000038477, 0.0 ], [ 53.776159999532027, 29.521130000606771, 0.0 ], [ 53.774249999561263, 29.524550000198658, 0.0 ], [ 53.772499999545687, 29.528610000213781, 0.0 ], [ 53.77158000021344, 29.532980001061581, 0.0 ], [ 53.770339999828778, 29.53803000057556, 0.0 ], [ 53.770069999758988, 29.54095000057481, 0.0 ], [ 53.76855000046308, 29.544300000806999, 0.0 ], [ 53.766210000395567, 29.54784000096075, 0.0 ], [ 53.76463999953824, 29.548830000759871, 0.0 ], [ 53.761390000068673, 29.550690000665281, 0.0 ], [ 53.759090000273503, 29.553960000501789, 0.0 ], [ 53.757240000474269, 29.557020000793589, 0.0 ], [ 53.755430000225253, 29.559020000927141, 0.0 ], [ 53.754450000306129, 29.56207000022696, 0.0 ], [ 53.753709999908303, 29.56417000069877, 0.0 ], [ 53.752719999717748, 29.56699000063271, 0.0 ], [ 53.752310000405792, 29.5705600004387, 0.0 ], [ 53.751669999774073, 29.571710000679619, 0.0 ], [ 53.749420000177238, 29.574740000857041, 0.0 ], [ 53.748250000359441, 29.576210000922959, 0.0 ], [ 53.746740000236187, 29.578140000259928, 0.0 ], [ 53.746570000385539, 29.582230000437221, 0.0 ], [ 53.746980000421154, 29.58571000079635, 0.0 ], [ 53.748180000382717, 29.588680000772161, 0.0 ], [ 53.747879999510097, 29.589940000643871, 0.0 ], [ 53.745370000293363, 29.590340000862881, 0.0 ], [ 53.74284999982752, 29.58976000071797, 0.0 ], [ 53.740480000316467, 29.589350000296712, 0.0 ], [ 53.737549999773186, 29.588530000570412, 0.0 ], [ 53.735710000179019, 29.587760000381401, 0.0 ], [ 53.732829999584297, 29.586500000802509, 0.0 ], [ 53.731579999930197, 29.585590000417, 0.0 ], [ 53.729960000180917, 29.584550000833129, 0.0 ], [ 53.727150000471788, 29.583370000299769, 0.0 ], [ 53.724970000168902, 29.583100001061801, 0.0 ], [ 53.722999999922692, 29.582550000513201, 0.0 ], [ 53.71918000025007, 29.581460000531731, 0.0 ], [ 53.71495999953089, 29.58022000080873, 0.0 ], [ 53.710040000436472, 29.579040000930139, 0.0 ], [ 53.706710000476697, 29.579190000857089, 0.0 ], [ 53.720550000064932, 29.596240000349951, 0.0 ], [ 53.722630000391923, 29.601280000850789, 0.0 ], [ 53.723390000453279, 29.605780000515072, 0.0 ], [ 53.720799999730247, 29.61012000020834, 0.0 ], [ 53.719559999468032, 29.61485000059805, 0.0 ], [ 53.71943999952353, 29.61558000076699, 0.0 ], [ 53.71880999995421, 29.616350001001749, 0.0 ], [ 53.717759999545727, 29.61759000022877, 0.0 ], [ 53.716359999859861, 29.617950000418951, 0.0 ], [ 53.714290000320297, 29.61838000067581, 0.0 ], [ 53.711909999633697, 29.618930000560159, 0.0 ], [ 53.709720000100852, 29.619300000912251, 0.0 ], [ 53.708240000196959, 29.620140000622889, 0.0 ], [ 53.704729999843813, 29.621320000521429, 0.0 ], [ 53.700900000326662, 29.622440000221339, 0.0 ], [ 53.698579999968523, 29.6231700003821, 0.0 ], [ 53.693580000248971, 29.624600000464799, 0.0 ], [ 53.683060000036413, 29.628040000255599, 0.0 ], [ 53.681129999651041, 29.62820000088325, 0.0 ], [ 53.67932000015599, 29.629370000628541, 0.0 ], [ 53.675320000018843, 29.631260000358861, 0.0 ], [ 53.67111999965578, 29.628750000828589, 0.0 ], [ 53.666540000152068, 29.626430000765989, 0.0 ], [ 53.663080000268607, 29.626830000315501, 0.0 ], [ 53.658269999533687, 29.627040000437979, 0.0 ], [ 53.657229999462373, 29.625700000731658, 0.0 ], [ 53.654579999920273, 29.623630000783781, 0.0 ], [ 53.652050000380846, 29.621170000488071, 0.0 ], [ 53.649909999816437, 29.618930000964411, 0.0 ], [ 53.646829999480588, 29.615470000482581, 0.0 ], [ 53.645030000256952, 29.614490001029409, 0.0 ], [ 53.643349999869727, 29.61438000091389, 0.0 ], [ 53.639669999696594, 29.614340000911881, 0.0 ], [ 53.636610000440157, 29.61453000063231, 0.0 ], [ 53.632319999543562, 29.61448000072437, 0.0 ], [ 53.628120000132583, 29.6147600002049, 0.0 ], [ 53.62368999978051, 29.615340000818261, 0.0 ], [ 53.618610000108248, 29.615580000642289, 0.0 ], [ 53.614749999801496, 29.61608000033786, 0.0 ], [ 53.612559999657257, 29.616160000787971, 0.0 ], [ 53.611320000396283, 29.615860000230491, 0.0 ], [ 53.609940000096913, 29.616630000763731, 0.0 ], [ 53.608239999716588, 29.616790000373921, 0.0 ], [ 53.604299999511611, 29.61784000029137, 0.0 ], [ 53.598809999772158, 29.61828000101286, 0.0 ], [ 53.596970000085882, 29.618790000845639, 0.0 ], [ 53.595119999612699, 29.61906000076057, 0.0 ], [ 53.59347999987866, 29.619030000368038, 0.0 ], [ 53.590599999871401, 29.620890000619049, 0.0 ], [ 53.588200000343292, 29.621990000420141, 0.0 ], [ 53.585779999420339, 29.62348000092501, 0.0 ], [ 53.584350000185488, 29.62358000050239, 0.0 ], [ 53.581380000154461, 29.624970000351819, 0.0 ], [ 53.578459999787782, 29.62609000053676, 0.0 ], [ 53.577929999566578, 29.62671000079882, 0.0 ], [ 53.576640000407401, 29.627890000938368, 0.0 ], [ 53.574100000212631, 29.629330000977919, 0.0 ], [ 53.571909999906786, 29.628860000230571, 0.0 ], [ 53.567550000113663, 29.630670000497101, 0.0 ], [ 53.566020000227702, 29.63054000081593, 0.0 ], [ 53.561469999429718, 29.631790000923608, 0.0 ], [ 53.560069999538761, 29.631760000599499, 0.0 ], [ 53.559190000249558, 29.631470000246281, 0.0 ], [ 53.558400000131932, 29.631800000935389, 0.0 ], [ 53.556900000346843, 29.63153000089385, 0.0 ], [ 53.555959999664651, 29.63073000049301, 0.0 ], [ 53.554639999392123, 29.62869000045432, 0.0 ], [ 53.554060000208743, 29.62773000100184, 0.0 ], [ 53.553269999449299, 29.624280000446451, 0.0 ], [ 53.553449999729743, 29.622630000861019, 0.0 ], [ 53.551899999977543, 29.619390000740591, 0.0 ], [ 53.550789999653297, 29.61707000110286, 0.0 ], [ 53.5507400001772, 29.615340001046601, 0.0 ], [ 53.551560000344438, 29.613220000754371, 0.0 ], [ 53.551680000314413, 29.612470000790822, 0.0 ], [ 53.550199999585672, 29.611990000681232, 0.0 ], [ 53.549680000037092, 29.610390000548708, 0.0 ], [ 53.54953999937883, 29.609700000407688, 0.0 ], [ 53.549659999892597, 29.608460000314729, 0.0 ], [ 53.549340000064419, 29.605750000470231, 0.0 ], [ 53.549659999400284, 29.603570000489881, 0.0 ], [ 53.550649999873997, 29.601590000300259, 0.0 ], [ 53.551880000123518, 29.599530001087249, 0.0 ], [ 53.554059999641801, 29.596470000505789, 0.0 ], [ 53.5563099999328, 29.59398000068559, 0.0 ], [ 53.556760000350287, 29.593480000871772, 0.0 ], [ 53.557150000239282, 29.592000000255709, 0.0 ], [ 53.559179999777101, 29.591120001086018, 0.0 ], [ 53.560470000059553, 29.59089000071042, 0.0 ], [ 53.560719999630592, 29.589270000646309, 0.0 ], [ 53.561569999672621, 29.58795000046711, 0.0 ], [ 53.561899999999881, 29.587130000369861, 0.0 ], [ 53.562300000392483, 29.585750000655601, 0.0 ], [ 53.561750000391697, 29.58462000024554, 0.0 ], [ 53.561529999668338, 29.58359000029418, 0.0 ], [ 53.561599999519053, 29.580710000429779, 0.0 ], [ 53.559600000212932, 29.57997000027304, 0.0 ], [ 53.558240000092717, 29.581060000770751, 0.0 ], [ 53.557760000071909, 29.58199000043512, 0.0 ], [ 53.555879999600187, 29.582130000202511, 0.0 ], [ 53.55442000015919, 29.58136000031935, 0.0 ], [ 53.553089999635283, 29.573670000385579, 0.0 ], [ 53.549519999811999, 29.567360000781079, 0.0 ], [ 53.545310000255171, 29.563100000207939, 0.0 ], [ 53.543680000133349, 29.56489000049411, 0.0 ], [ 53.542589999417821, 29.566130000631912, 0.0 ], [ 53.5412999994534, 29.56747000073883, 0.0 ], [ 53.540619999615643, 29.56795000036491, 0.0 ], [ 53.537720000223267, 29.56766000037528, 0.0 ], [ 53.536789999866542, 29.567330000935559, 0.0 ], [ 53.535389999771539, 29.566360000448281, 0.0 ], [ 53.533230000027579, 29.56498000019592, 0.0 ], [ 53.53123000025446, 29.564120001054778, 0.0 ], [ 53.528609999637027, 29.56343000074629, 0.0 ], [ 53.526149999585797, 29.56305000104491, 0.0 ], [ 53.523899999794239, 29.562890000951949, 0.0 ], [ 53.521139999945767, 29.56299000059435, 0.0 ], [ 53.518400000284608, 29.562850000688641, 0.0 ], [ 53.513689999722459, 29.562370000260248, 0.0 ], [ 53.510509999929347, 29.56244000047997, 0.0 ], [ 53.508469999865063, 29.562740000283981, 0.0 ], [ 53.507279999713049, 29.56293000060537, 0.0 ], [ 53.506600000337897, 29.56285000091383, 0.0 ], [ 53.504660000104387, 29.562710000474731, 0.0 ], [ 53.503219999771623, 29.56260000072113, 0.0 ], [ 53.501120000141391, 29.562690000552511, 0.0 ], [ 53.496229999730417, 29.562950000251409, 0.0 ], [ 53.494249999689941, 29.562680000520981, 0.0 ], [ 53.492500000376978, 29.562320000930089, 0.0 ], [ 53.491819999504571, 29.56230000056263, 0.0 ], [ 53.490649999769019, 29.561960001076031, 0.0 ], [ 53.489580000117478, 29.56167000058182, 0.0 ], [ 53.488010000315079, 29.56157000023288, 0.0 ], [ 53.486899999661539, 29.561620000210301, 0.0 ], [ 53.486219999632347, 29.561740001018201, 0.0 ], [ 53.484330000047237, 29.562540000896149, 0.0 ], [ 53.48325999948149, 29.563130001073159, 0.0 ], [ 53.482349999820947, 29.563560000819159, 0.0 ], [ 53.48122999994068, 29.564160000757859, 0.0 ], [ 53.479679999553078, 29.564980001047971, 0.0 ], [ 53.478379999898422, 29.56558000087049, 0.0 ], [ 53.477320000071273, 29.566150000477901, 0.0 ], [ 53.475109999481063, 29.567430000271909, 0.0 ], [ 53.47405000028526, 29.56805000020783, 0.0 ], [ 53.472730000101024, 29.568810000935791, 0.0 ], [ 53.471230000032833, 29.569850000565172, 0.0 ], [ 53.469860000289337, 29.57069000105437, 0.0 ], [ 53.468799999672527, 29.571270000710719, 0.0 ], [ 53.466179999785162, 29.57270000055879, 0.0 ], [ 53.46548999998322, 29.572980000318971, 0.0 ], [ 53.464779999662127, 29.573330000240009, 0.0 ], [ 53.46382999972559, 29.57413000079114, 0.0 ], [ 53.463299999583619, 29.574470000464309, 0.0 ], [ 53.462050000024483, 29.575080000226279, 0.0 ], [ 53.461120000069627, 29.575530000656521, 0.0 ], [ 53.46006999966761, 29.575890000497392, 0.0 ], [ 53.458949999949212, 29.576690000811869, 0.0 ], [ 53.457660000201159, 29.57771000036475, 0.0 ], [ 53.45649999972332, 29.578520000995841, 0.0 ], [ 53.455480000056561, 29.579250000532419, 0.0 ], [ 53.454630000041419, 29.57967000029489, 0.0 ], [ 53.453369999888388, 29.58031000077316, 0.0 ], [ 53.452820000245232, 29.581690000940689, 0.0 ], [ 53.452169999792673, 29.582450000345698, 0.0 ], [ 53.451209999913907, 29.584020000711501, 0.0 ], [ 53.450929999624329, 29.58464000064923, 0.0 ], [ 53.450520000166136, 29.585410000331411, 0.0 ], [ 53.449710000383647, 29.586260001039751, 0.0 ], [ 53.44881000013811, 29.58756000080588, 0.0 ], [ 53.448149999476847, 29.587980000762521, 0.0 ], [ 53.446899999380307, 29.588810000647481, 0.0 ], [ 53.445740000340457, 29.589160001031079, 0.0 ], [ 53.442110000081342, 29.590140000718581, 0.0 ], [ 53.438919999872589, 29.592020000957071, 0.0 ], [ 53.438839999691652, 29.595490000281451, 0.0 ], [ 53.440030000368381, 29.601020000564858, 0.0 ], [ 53.440749999667148, 29.60484000093048, 0.0 ], [ 53.443820000229231, 29.60807000053623, 0.0 ], [ 53.44520999999218, 29.609400000827481, 0.0 ], [ 53.446070000016917, 29.618640000898161, 0.0 ], [ 53.446910000082148, 29.625700001075248, 0.0 ], [ 53.444909999539142, 29.63082000104222, 0.0 ], [ 53.442780000120401, 29.637010000471161, 0.0 ], [ 53.44184999939246, 29.639020000708278, 0.0 ], [ 53.440809999554467, 29.640080000602289, 0.0 ], [ 53.44031999997685, 29.64274000063244, 0.0 ], [ 53.440429999916176, 29.6475600005583, 0.0 ], [ 53.438429999673353, 29.654230000958179, 0.0 ], [ 53.435269999508257, 29.658520001077019, 0.0 ], [ 53.433400000339631, 29.65988000026725, 0.0 ], [ 53.431530000208873, 29.660510000858881, 0.0 ], [ 53.429580000187222, 29.663720000780181, 0.0 ], [ 53.42930000020997, 29.664480000294031, 0.0 ], [ 53.429970000022557, 29.665550000977611, 0.0 ], [ 53.430929999839961, 29.66665000101105, 0.0 ], [ 53.433560000219678, 29.668050000233681, 0.0 ], [ 53.434089999984792, 29.66921000093857, 0.0 ], [ 53.435359999920749, 29.670850000492091, 0.0 ], [ 53.435489999859087, 29.671990001069052, 0.0 ], [ 53.437169999740853, 29.672410001048409, 0.0 ], [ 53.439929999685738, 29.67175000047866, 0.0 ], [ 53.441299999737851, 29.671490000588289, 0.0 ], [ 53.442639999378599, 29.670810000626592, 0.0 ], [ 53.443959999815029, 29.670300000949801, 0.0 ], [ 53.44735000033527, 29.66962000037157, 0.0 ], [ 53.454129999854921, 29.671550000544421, 0.0 ], [ 53.459160000132982, 29.672120001085649, 0.0 ], [ 53.463850000374812, 29.672760000214659, 0.0 ], [ 53.464809999661817, 29.67298000099774, 0.0 ], [ 53.466229999513352, 29.674070000251831, 0.0 ], [ 53.468349999634462, 29.675140000873039, 0.0 ], [ 53.469930000285792, 29.675450000964759, 0.0 ], [ 53.472980000142691, 29.675730000388398, 0.0 ], [ 53.475939999943371, 29.676310000779711, 0.0 ], [ 53.481119999881443, 29.675590000692939, 0.0 ], [ 53.483709999603157, 29.67535000104095, 0.0 ], [ 53.485839999695457, 29.67339000035679, 0.0 ], [ 53.486069999579421, 29.670010001053541, 0.0 ], [ 53.489309999446448, 29.665120000821119, 0.0 ], [ 53.489449999370343, 29.6618900006087, 0.0 ], [ 53.491130000293637, 29.65969000085612, 0.0 ], [ 53.500379999856527, 29.656770001047381, 0.0 ], [ 53.501879999624308, 29.660240000597899, 0.0 ], [ 53.504269999476769, 29.660570000278248, 0.0 ], [ 53.509069999807771, 29.661900000703788, 0.0 ], [ 53.51372999996498, 29.661720000587, 0.0 ], [ 53.51427000002181, 29.663240000922421, 0.0 ], [ 53.518049999550954, 29.665240000468351, 0.0 ], [ 53.521759999984091, 29.666400000567389, 0.0 ], [ 53.524919999872452, 29.667000000568809, 0.0 ], [ 53.528830000187313, 29.667210000263381, 0.0 ], [ 53.534669999636208, 29.66662000063663, 0.0 ], [ 53.543809999553872, 29.666410000958351, 0.0 ], [ 53.552439999910732, 29.666580000677708, 0.0 ], [ 53.55722999951081, 29.662880000316171, 0.0 ], [ 53.558970000183329, 29.663030000757221, 0.0 ], [ 53.559279999954583, 29.666720000373779, 0.0 ], [ 53.562069999928497, 29.669980000487669, 0.0 ], [ 53.565870000404203, 29.674350001058421, 0.0 ], [ 53.566049999435243, 29.677190000766881, 0.0 ], [ 53.565469999954473, 29.680140001012141, 0.0 ], [ 53.566810000246512, 29.681530000342089, 0.0 ], [ 53.571219999671378, 29.680210000626509, 0.0 ], [ 53.574639999698633, 29.678160000990751, 0.0 ], [ 53.577469999680517, 29.678770000642999, 0.0 ], [ 53.577960000095892, 29.680930000979519, 0.0 ], [ 53.577829999871383, 29.684350000999579, 0.0 ], [ 53.578659999814981, 29.687080000860931, 0.0 ], [ 53.578279999978548, 29.689170000821239, 0.0 ], [ 53.580640000428133, 29.68808000066749, 0.0 ], [ 53.583170000198827, 29.68954000045165, 0.0 ], [ 53.585169999566382, 29.691490000434211, 0.0 ], [ 53.587770000262417, 29.695610000570909, 0.0 ], [ 53.589889999779018, 29.697930000541, 0.0 ], [ 53.593560000326228, 29.701550000695089, 0.0 ], [ 53.595249999428638, 29.703980000647309, 0.0 ], [ 53.597370000375747, 29.70631000092791, 0.0 ], [ 53.597879999809052, 29.709140000416401, 0.0 ], [ 53.597350000081839, 29.713980000797381, 0.0 ], [ 53.596539999970787, 29.717400000399721, 0.0 ], [ 53.596599999871358, 29.71986000026202, 0.0 ], [ 53.59662999999523, 29.72097000079361, 0.0 ], [ 53.597479999627247, 29.723440000975799, 0.0 ], [ 53.597430000136427, 29.72552000035758, 0.0 ], [ 53.595740000401783, 29.727360000974102, 0.0 ], [ 53.598330000099303, 29.726640000962568, 0.0 ], [ 53.603089999991781, 29.726260000403052, 0.0 ], [ 53.608110000202672, 29.723230000609622, 0.0 ], [ 53.611749999773203, 29.721450000694219, 0.0 ], [ 53.616129999644187, 29.72307000053333, 0.0 ], [ 53.619649999644651, 29.725080000595781, 0.0 ], [ 53.621069999721861, 29.72534000032795, 0.0 ], [ 53.623560000048549, 29.725100000855161, 0.0 ], [ 53.625869999698743, 29.726290000899539, 0.0 ], [ 53.629239999752087, 29.726790000499211, 0.0 ], [ 53.632520000387998, 29.727670000693099, 0.0 ], [ 53.637609999513607, 29.727280000964921, 0.0 ], [ 53.640079999678917, 29.72648000067808, 0.0 ], [ 53.640790000428787, 29.72448000101771, 0.0 ], [ 53.639779999726557, 29.723360001037491, 0.0 ], [ 53.644820000040241, 29.72089000097732, 0.0 ], [ 53.650329999537583, 29.72040000043901, 0.0 ], [ 53.650439999634997, 29.724280000438949, 0.0 ], [ 53.651399999947529, 29.72379000089958, 0.0 ], [ 53.653700000342241, 29.724600000973311, 0.0 ], [ 53.655430000220058, 29.724370000444619, 0.0 ], [ 53.656250000376723, 29.72276000077537, 0.0 ], [ 53.658419999569631, 29.722800000586741, 0.0 ], [ 53.659669999828033, 29.72467000077166, 0.0 ], [ 53.664970000186017, 29.724090000248179, 0.0 ], [ 53.670779999717823, 29.72324000084005, 0.0 ], [ 53.669430000224892, 29.72059000068451, 0.0 ], [ 53.669489999521133, 29.7189100004769, 0.0 ], [ 53.670750000241107, 29.717150000287461, 0.0 ], [ 53.673609999787288, 29.716480001102632, 0.0 ], [ 53.674930000277513, 29.715460000495639, 0.0 ], [ 53.676309999547072, 29.714390000541432, 0.0 ], [ 53.678900000273053, 29.71386000088031, 0.0 ], [ 53.680879999822842, 29.713340000652149, 0.0 ], [ 53.682790000299057, 29.712700000433109, 0.0 ], [ 53.685029999938628, 29.711940000287669, 0.0 ], [ 53.683410000134828, 29.71097000070149, 0.0 ], [ 53.679319999588891, 29.709120000392758, 0.0 ], [ 53.67762999959141, 29.7067000008173, 0.0 ], [ 53.6786800000068, 29.705350000382531, 0.0 ], [ 53.682069999619443, 29.702350000262172, 0.0 ], [ 53.686109999675509, 29.69942000053527, 0.0 ], [ 53.687920000102579, 29.698340001001871, 0.0 ], [ 53.689980000147081, 29.698390000504141, 0.0 ], [ 53.690500000416343, 29.69744000030413, 0.0 ], [ 53.695300000408537, 29.698380000986091, 0.0 ], [ 53.700159999978332, 29.697810000695579, 0.0 ], [ 53.703179999889898, 29.69805000075797, 0.0 ], [ 53.705569999693168, 29.697420000666941, 0.0 ], [ 53.705870000481831, 29.696280000659879, 0.0 ], [ 53.701399999957459, 29.69561000107894, 0.0 ], [ 53.69879000008725, 29.695000000790319, 0.0 ], [ 53.695740000292197, 29.693350000672869, 0.0 ], [ 53.693310000026869, 29.692840001006019, 0.0 ], [ 53.691110000485629, 29.691750000861951, 0.0 ], [ 53.690610000216218, 29.688380000645601, 0.0 ], [ 53.693119999659579, 29.68618000076232, 0.0 ], [ 53.694600000028338, 29.6842900010972, 0.0 ], [ 53.696399999521176, 29.682840000651819, 0.0 ], [ 53.698849999875293, 29.6812700005901, 0.0 ], [ 53.701089999950021, 29.679810000332559, 0.0 ], [ 53.70402999950079, 29.68031000107668, 0.0 ], [ 53.708130000014258, 29.683640000278661, 0.0 ], [ 53.710549999877813, 29.68482000081746, 0.0 ], [ 53.714920000251887, 29.68596000075112, 0.0 ], [ 53.716770000096197, 29.687810000452711, 0.0 ], [ 53.717080000101227, 29.689890000663819, 0.0 ], [ 53.717709999913282, 29.69319000089822, 0.0 ], [ 53.716029999755307, 29.695310000343049, 0.0 ], [ 53.723509999769071, 29.69497000039857, 0.0 ], [ 53.728899999679157, 29.693910000745461, 0.0 ], [ 53.730209999959811, 29.69038000038427, 0.0 ], [ 53.725959999904859, 29.689520000777911, 0.0 ], [ 53.725280000160843, 29.68849000058427, 0.0 ], [ 53.725140000164288, 29.68717000038901, 0.0 ], [ 53.725329999649368, 29.686120000529719, 0.0 ], [ 53.727299999787022, 29.684830000456451, 0.0 ], [ 53.729059999678597, 29.683680000830591, 0.0 ], [ 53.73179999967433, 29.684760001103399, 0.0 ], [ 53.733500000483843, 29.68590000051611, 0.0 ], [ 53.73478000032582, 29.686690000725221, 0.0 ], [ 53.736700000007943, 29.685700000486701, 0.0 ], [ 53.73839999995743, 29.68434000065529, 0.0 ], [ 53.73986999995801, 29.68270000042169, 0.0 ], [ 53.741459999848587, 29.681250000483381, 0.0 ], [ 53.743179999893528, 29.680930000710848, 0.0 ], [ 53.743340000274841, 29.682610000801422, 0.0 ], [ 53.744530000256773, 29.682600000584131, 0.0 ], [ 53.746219999732801, 29.68105000036979, 0.0 ], [ 53.747879999862498, 29.679340000574449, 0.0 ], [ 53.750769999609837, 29.67670000034251, 0.0 ], [ 53.751889999603343, 29.674030000387621, 0.0 ], [ 53.753370000188752, 29.672950001025331, 0.0 ], [ 53.754710000172103, 29.674350000522381, 0.0 ], [ 53.757110000277557, 29.67297000048244, 0.0 ], [ 53.756999999934798, 29.671740000866599, 0.0 ], [ 53.756879999679597, 29.670330000879751, 0.0 ], [ 53.759670000171361, 29.66913000083154, 0.0 ], [ 53.761940000476471, 29.668890001054859, 0.0 ], [ 53.765999999981169, 29.666730000548629, 0.0 ], [ 53.771450000366819, 29.665190000743191, 0.0 ], [ 53.774330000257123, 29.666360000321671, 0.0 ], [ 53.77617000035719, 29.670110000347119, 0.0 ], [ 53.778060000111523, 29.667990000940382, 0.0 ], [ 53.779769999819969, 29.66691000070529, 0.0 ], [ 53.782219999682567, 29.665630000548521, 0.0 ], [ 53.78477999954238, 29.66406000083029, 0.0 ], [ 53.785360000079642, 29.66140000100123, 0.0 ], [ 53.783579999540052, 29.659640001001591, 0.0 ], [ 53.785899999718943, 29.657320000373769, 0.0 ], [ 53.787550000212292, 29.654250000536109, 0.0 ], [ 53.787909999886068, 29.651500000906839, 0.0 ], [ 53.788680000021607, 29.64759000076117, 0.0 ], [ 53.788940000521471, 29.644810000635619, 0.0 ], [ 53.790439999917822, 29.642430000549741, 0.0 ], [ 53.791149999933992, 29.640610000822068, 0.0 ], [ 53.79317000036653, 29.638070000467739, 0.0 ], [ 53.793859999986772, 29.63472000064862, 0.0 ], [ 53.794519999973183, 29.632880000325219, 0.0 ], [ 53.799540000254389, 29.62541000107694, 0.0 ], [ 53.81215999960132, 29.626740000363871, 0.0 ], [ 53.815179999703801, 29.62842000092601, 0.0 ], [ 53.821780000282473, 29.628060000291139, 0.0 ], [ 53.823470000298641, 29.628370000810168, 0.0 ], [ 53.825749999547043, 29.629330000322231, 0.0 ], [ 53.827170000122337, 29.629460000909081, 0.0 ], [ 53.827487431048709, 29.62997803418062, 0.0 ], [ 53.829040268430653, 29.630041405494332, 0.0 ], [ 53.831029168386472, 29.630122544756599, 0.0 ], [ 53.832188513269543, 29.629934522423198, 0.0 ], [ 53.836045232047717, 29.629308963104581, 0.0 ], [ 53.838051690536858, 29.627938867393219, 0.0 ], [ 53.841719416711769, 29.62631971505683, 0.0 ], [ 53.843108473044047, 29.627381384536971, 0.0 ], [ 53.844764315423006, 29.628707160753059, 0.0 ], [ 53.846605892983497, 29.630566014970331, 0.0 ], [ 53.849222184494323, 29.631780989963261, 0.0 ], [ 53.852064870420953, 29.632348624436862, 0.0 ], [ 53.854570764627361, 29.63220318633298, 0.0 ], [ 53.860002153204753, 29.630161120074931, 0.0 ], [ 53.867483838494842, 29.629985587690079, 0.0 ], [ 53.872526351571352, 29.628925325340031, 0.0 ], [ 53.87874217216941, 29.629527646421199, 0.0 ], [ 53.887045222909713, 29.628385272392809, 0.0 ], [ 53.892203156111989, 29.630537361915781, 0.0 ], [ 53.894834268774098, 29.633844131107889, 0.0 ], [ 53.897029034486337, 29.643399451883109, 0.0 ], [ 53.89702925775623, 29.645586371887219, 0.0 ], [ 53.897030086448673, 29.653366671287639, 0.0 ], [ 53.890939072068271, 29.663155911881951, 0.0 ], [ 53.883817105003359, 29.66951596318178, 0.0 ], [ 53.873703453496063, 29.67301442257342, 0.0 ], [ 53.870594556773547, 29.67487189713399, 0.0 ], [ 53.868801534469867, 29.676905426687892, 0.0 ], [ 53.868653739103998, 29.6772985615351, 0.0 ], [ 53.867866572489767, 29.67939238228653, 0.0 ], [ 53.866788629730209, 29.680924733991532, 0.0 ], [ 53.864282907945601, 29.683656251642532, 0.0 ], [ 53.860029756177042, 29.686276105909489, 0.0 ], [ 53.858669532812222, 29.686907412132349, 0.0 ], [ 53.856043421431927, 29.68749369185754, 0.0 ], [ 53.855236249272103, 29.687798056077011, 0.0 ], [ 53.851087665188693, 29.68936227803383, 0.0 ], [ 53.849229940025793, 29.68905355178541, 0.0 ], [ 53.849058578395983, 29.68902507261183, 0.0 ], [ 53.847767154026997, 29.68700570401629, 0.0 ], [ 53.847360000012387, 29.6874400008303, 0.0 ], [ 53.842090000295492, 29.689780001042561, 0.0 ], [ 53.837740000054133, 29.692070000932471, 0.0 ], [ 53.82776999972441, 29.70005000072279, 0.0 ], [ 53.822920000077112, 29.704200000607191, 0.0 ], [ 53.817459999641159, 29.708880000909801, 0.0 ], [ 53.81523999967596, 29.712690001015719, 0.0 ], [ 53.814259999677986, 29.71480000064242, 0.0 ], [ 53.814110000209538, 29.714900000206619, 0.0 ], [ 53.803719999799434, 29.72766000068912, 0.0 ], [ 53.803569999750053, 29.72775000039222, 0.0 ], [ 53.803410000161861, 29.728010000417719, 0.0 ], [ 53.803140000494722, 29.728280000682201, 0.0 ], [ 53.802750000441833, 29.728430000338129, 0.0 ], [ 53.802540000015213, 29.728490000728591, 0.0 ], [ 53.802079999684523, 29.728610000968139, 0.0 ], [ 53.80110999960997, 29.72887000099626, 0.0 ], [ 53.800240000208802, 29.729060001090939, 0.0 ], [ 53.79961000001245, 29.729270001019799, 0.0 ], [ 53.798780000495441, 29.729680000433049, 0.0 ], [ 53.798119999854997, 29.730020000968612, 0.0 ], [ 53.797240000283843, 29.730460000549769, 0.0 ], [ 53.796369999922121, 29.73096000083406, 0.0 ], [ 53.795629999736377, 29.73129000067965, 0.0 ], [ 53.794230000530973, 29.73188000106375, 0.0 ], [ 53.793970000340167, 29.73198000068739, 0.0 ], [ 53.793319999753471, 29.73220000102749, 0.0 ], [ 53.792999999890903, 29.732280000692661, 0.0 ], [ 53.792900000202764, 29.732320000520509, 0.0 ], [ 53.792709999834237, 29.732430000527689, 0.0 ], [ 53.792600000296048, 29.732470000227011, 0.0 ], [ 53.792349999520383, 29.732570000324081, 0.0 ], [ 53.792159999760443, 29.732660000642952, 0.0 ], [ 53.792029999855679, 29.732720000726321, 0.0 ], [ 53.791859999599247, 29.73280000064668, 0.0 ], [ 53.791660000337338, 29.73289000029915, 0.0 ], [ 53.791599999929268, 29.73292000102883, 0.0 ], [ 53.790940000317271, 29.733140000921129, 0.0 ], [ 53.790830000038149, 29.73314000044461, 0.0 ], [ 53.790440000433172, 29.73322000096524, 0.0 ], [ 53.789800000097259, 29.73355000098362, 0.0 ], [ 53.789430000275082, 29.733780000453059, 0.0 ], [ 53.787700000183428, 29.734860000664309, 0.0 ], [ 53.78686000039685, 29.735380001010029, 0.0 ], [ 53.78604000013955, 29.735870000959348, 0.0 ], [ 53.784959999718652, 29.736370001012411, 0.0 ], [ 53.784210000057499, 29.736800000239771, 0.0 ], [ 53.783030000148308, 29.737370000284709, 0.0 ], [ 53.781719999740318, 29.737980000716121, 0.0 ], [ 53.781190000161089, 29.73823000108311, 0.0 ], [ 53.78031999971175, 29.738620000233421, 0.0 ], [ 53.779160000311258, 29.739180000652748, 0.0 ], [ 53.777860000336048, 29.739870000479169, 0.0 ], [ 53.77631000024035, 29.74076000059722, 0.0 ], [ 53.775579999722261, 29.741280000693529, 0.0 ], [ 53.775010000481807, 29.741710000436871, 0.0 ], [ 53.774700000094043, 29.742020000705999, 0.0 ], [ 53.774029999571887, 29.742580001102471, 0.0 ], [ 53.773840000360188, 29.742740000679809, 0.0 ], [ 53.773640000094289, 29.743030000300639, 0.0 ], [ 53.772829999846813, 29.74400000046883, 0.0 ], [ 53.772750000458217, 29.744120001054981, 0.0 ], [ 53.772339999723627, 29.744500000529388, 0.0 ], [ 53.77020000035936, 29.747270001074689, 0.0 ], [ 53.766710000042593, 29.751810000299589, 0.0 ], [ 53.766369999493691, 29.752250000291379, 0.0 ], [ 53.766365911030903, 29.752250739756651, 0.0 ], [ 53.763549999491516, 29.75276000058312, 0.0 ], [ 53.75892000007881, 29.754750000802481, 0.0 ], [ 53.754120000272337, 29.756900000630111, 0.0 ], [ 53.748469999564428, 29.756710001059069, 0.0 ], [ 53.744409999625248, 29.75733000029798, 0.0 ], [ 53.738470000319062, 29.758200000793341, 0.0 ], [ 53.735129999534948, 29.76085000050659, 0.0 ], [ 53.730299999629892, 29.76209000067691, 0.0 ], [ 53.724200000270969, 29.76433000071842, 0.0 ], [ 53.719770000083628, 29.76405000067669, 0.0 ], [ 53.715279999696847, 29.764970000450539, 0.0 ], [ 53.709350000199173, 29.767440000687259, 0.0 ], [ 53.707459999914732, 29.768090000553041, 0.0 ], [ 53.706850000451873, 29.7711300008942, 0.0 ], [ 53.703859999781393, 29.772860001088741, 0.0 ], [ 53.698459999601297, 29.772950001034069, 0.0 ], [ 53.693790000213554, 29.776320000913302, 0.0 ], [ 53.690190000099399, 29.777830001013118, 0.0 ], [ 53.686609999769153, 29.78055000057088, 0.0 ], [ 53.68454000002594, 29.784000000261511, 0.0 ], [ 53.680869999505759, 29.789910000606, 0.0 ], [ 53.676090000248067, 29.79629000041658, 0.0 ], [ 53.671299999875487, 29.802590000829991, 0.0 ], [ 53.664120000077567, 29.804250001014069, 0.0 ], [ 53.660669999535394, 29.80499000091606, 0.0 ], [ 53.658330000129979, 29.80594000043877, 0.0 ], [ 53.653619999464503, 29.806400001083968, 0.0 ], [ 53.648760000025341, 29.806500000955921, 0.0 ], [ 53.643939999764363, 29.808110000659241, 0.0 ], [ 53.640369999567291, 29.810000000328198, 0.0 ] ] ] ] } },
{ "type": "Feature", "properties": { "Name": "منطقه حفاظت شده برم فیروز", "description": "<html xmlns:fo=\"http://www.w3.org/1999/XSL/Format\" xmlns:msxsl=\"urn:schemas-microsoft-com:xslt\">\n\n<head>\n\n<META http-equiv=\"Content-Type\" content=\"text/html\">\n\n<meta http-equiv=\"content-type\" content=\"text/html; charset=UTF-8\">\n\n</head>\n\n<body style=\"margin:0px 0px 0px 0px;overflow:auto;background:#FFFFFF;\">\n\n<table style=\"font-family:Arial,Verdana,Times;font-size:12px;text-align:left;width:100%;border-collapse:collapse;padding:3px 3px 3px 3px\">\n\n<tr style=\"text-align:center;font-weight:bold;background:#9CBCE2\">\n\n<td>منطقه حفاظت شده برم فیروز</td>\n\n</tr>\n\n<tr>\n\n<td>\n\n<table style=\"font-family:Arial,Verdana,Times;font-size:12px;text-align:left;width:100%;border-spacing:0px; padding:3px 3px 3px 3px\">\n\n<tr>\n\n<td>FID</td>\n\n<td>12</td>\n\n</tr>\n\n<tr bgcolor=\"#D4E4F3\">\n\n<td>OBJECTID_1</td>\n\n<td>13</td>\n\n</tr>\n\n<tr>\n\n<td>cod</td>\n\n<td>13</td>\n\n</tr>\n\n<tr bgcolor=\"#D4E4F3\">\n\n<td>tafkik_id</td>\n\n<td>3</td>\n\n</tr>\n\n<tr>\n\n<td>tafkik_nam</td>\n\n<td>منطقه حفاظت شده</td>\n\n</tr>\n\n<tr bgcolor=\"#D4E4F3\">\n\n<td>shahrestan</td>\n\n<td>سپیدان- مرودشت</td>\n\n</tr>\n\n<tr>\n\n<td>NAME1</td>\n\n<td>منطقه حفاظت شده برم فیروز</td>\n\n</tr>\n\n<tr bgcolor=\"#D4E4F3\">\n\n<td>sal_mosava</td>\n\n<td>1396</td>\n\n</tr>\n\n<tr>\n\n<td>AREA_ha</td>\n\n<td>17987</td>\n\n</tr>\n\n<tr bgcolor=\"#D4E4F3\">\n\n<td>F_AREA</td>\n\n<td>179877416.788</td>\n\n</tr>\n\n<tr>\n\n<td>Shape_Leng</td>\n\n<td>78204.156444</td>\n\n</tr>\n\n</table>\n\n</td>\n\n</tr>\n\n</table>\n\n</body>\n\n</html>\n\n", "timestamp": null, "begin": null, "end": null, "altitudeMode": "clampToGround", "tessellate": -1, "extrude": 0, "visibility": -1, "drawOrder": null, "icon": null, "snippet": "" }, "geometry": { "type": "MultiPolygon", "coordinates": [ [ [ [ 52.04517579074863, 30.427037310705462, 0.0 ], [ 52.045305808305137, 30.427040508752022, 0.0 ], [ 52.045173656850757, 30.427042545957342, 0.0 ], [ 52.04517579074863, 30.427037310705462, 0.0 ] ] ], [ [ [ 52.04517579074863, 30.427037310705462, 0.0 ], [ 52.045158986037038, 30.427036897543381, 0.0 ], [ 52.044372622723053, 30.42704319134937, 0.0 ], [ 52.043895544114847, 30.4271951634916, 0.0 ], [ 52.043383013314099, 30.427228891889332, 0.0 ], [ 52.04255962183278, 30.426968790150688, 0.0 ], [ 52.042078447186412, 30.426735583239871, 0.0 ], [ 52.041695434033826, 30.426086753500702, 0.0 ], [ 52.041040801870658, 30.42561787757403, 0.0 ], [ 52.04028354439464, 30.42514388869915, 0.0 ], [ 52.039766937592553, 30.424792429828731, 0.0 ], [ 52.038939495040722, 30.424147131462369, 0.0 ], [ 52.037939864732778, 30.423384671205959, 0.0 ], [ 52.037253273714313, 30.423123447381322, 0.0 ], [ 52.036392925706309, 30.422596918393889, 0.0 ], [ 52.035942974094453, 30.422517874142532, 0.0 ], [ 52.035092478809368, 30.42238311328758, 0.0 ], [ 52.034438208416951, 30.422275093751828, 0.0 ], [ 52.033789010663021, 30.422648154422252, 0.0 ], [ 52.033305464293313, 30.42324631278105, 0.0 ], [ 52.032622707087192, 30.423534729474909, 0.0 ], [ 52.032198202029882, 30.423538086664038, 0.0 ], [ 52.03102502855986, 30.4237737694957, 0.0 ], [ 52.030252801074248, 30.423901031205631, 0.0 ], [ 52.029282909377358, 30.42386446054185, 0.0 ], [ 52.028058832413947, 30.423918327574501, 0.0 ], [ 52.026626959264867, 30.423620049341132, 0.0 ], [ 52.024584675041687, 30.42350343070882, 0.0 ], [ 52.024076760242032, 30.423728521719472, 0.0 ], [ 52.023061847344437, 30.424267130978031, 0.0 ], [ 52.021591399521157, 30.425163067416388, 0.0 ], [ 52.020119085162698, 30.425882117972371, 0.0 ], [ 52.019054481010642, 30.426553749367091, 0.0 ], [ 52.018291876063067, 30.426825026812569, 0.0 ], [ 52.017479618697742, 30.427229349599781, 0.0 ], [ 52.016154815961919, 30.427416553488069, 0.0 ], [ 52.014987202816393, 30.4280005119119, 0.0 ], [ 52.013869685555832, 30.428495627905949, 0.0 ], [ 52.01326149704424, 30.428898339603968, 0.0 ], [ 52.013937633248453, 30.430131279088101, 0.0 ], [ 52.011193175789849, 30.431213874789812, 0.0 ], [ 52.008042711290358, 30.432520655620689, 0.0 ], [ 52.00646994486079, 30.43341721372634, 0.0 ], [ 52.00307958878124, 30.43622924324136, 0.0 ], [ 51.998589475445648, 30.43931493163436, 0.0 ], [ 51.996676208471662, 30.442880511617361, 0.0 ], [ 51.995072348130982, 30.445767121829181, 0.0 ], [ 51.991585972539042, 30.44925175030431, 0.0 ], [ 51.99102994128959, 30.44978662767053, 0.0 ], [ 51.990733114643483, 30.450717524068931, 0.0 ], [ 51.9859409652491, 30.45128447684775, 0.0 ], [ 51.983098933446257, 30.452906726640101, 0.0 ], [ 51.98209279975255, 30.4543736002685, 0.0 ], [ 51.981032938872062, 30.455575543611872, 0.0 ], [ 51.98023312311507, 30.45726195750532, 0.0 ], [ 51.979323678467352, 30.458197431224029, 0.0 ], [ 51.975609126323718, 30.459375011829341, 0.0 ], [ 51.972227628673132, 30.45811784275045, 0.0 ], [ 51.967951527744631, 30.459299390180512, 0.0 ], [ 51.966123181069733, 30.46024158749967, 0.0 ], [ 51.963449157010601, 30.46239724650199, 0.0 ], [ 51.960862859398347, 30.464140949157439, 0.0 ], [ 51.958365571843153, 30.464557310793172, 0.0 ], [ 51.954290174722317, 30.465427392630399, 0.0 ], [ 51.951991414435767, 30.465267304880449, 0.0 ], [ 51.951920437146548, 30.465262702112199, 0.0 ], [ 51.951659247329033, 30.465245765348008, 0.0 ], [ 51.951378441279573, 30.465227555366791, 0.0 ], [ 51.950910361128003, 30.4656399144123, 0.0 ], [ 51.950872284153327, 30.465673458411072, 0.0 ], [ 51.950888964991492, 30.465643941409731, 0.0 ], [ 51.951517295318759, 30.464532051465302, 0.0 ], [ 51.951524699058339, 30.46451894877578, 0.0 ], [ 51.951596625885337, 30.464488632553461, 0.0 ], [ 51.952592338951582, 30.464068944138528, 0.0 ], [ 51.953810515341047, 30.463352502855649, 0.0 ], [ 51.954416148401087, 30.4626405334396, 0.0 ], [ 51.954047206577009, 30.46144925926221, 0.0 ], [ 51.953425213495308, 30.460480939194049, 0.0 ], [ 51.952554045157598, 30.460133533174378, 0.0 ], [ 51.952002710697982, 30.460219559397181, 0.0 ], [ 51.950770129927307, 30.46041187441153, 0.0 ], [ 51.950163525331938, 30.46036628292066, 0.0 ], [ 51.949791246431843, 30.460338302702311, 0.0 ], [ 51.949791055604443, 30.460338280630911, 0.0 ], [ 51.949697374364192, 30.460331245872521, 0.0 ], [ 51.949680154335283, 30.46032424006324, 0.0 ], [ 51.948416164879987, 30.45980991125705, 0.0 ], [ 51.947849373636309, 30.459641232133691, 0.0 ], [ 51.947816655560807, 30.459631495412129, 0.0 ], [ 51.947545875319648, 30.459550907622049, 0.0 ], [ 51.947520820702543, 30.459560368334252, 0.0 ], [ 51.944799401022522, 30.46058791783388, 0.0 ], [ 51.942814531344027, 30.46155241794553, 0.0 ], [ 51.942767050607287, 30.461575489176901, 0.0 ], [ 51.941417467309861, 30.462150454572949, 0.0 ], [ 51.941394404424457, 30.462160279632251, 0.0 ], [ 51.941389255330982, 30.462161434787209, 0.0 ], [ 51.940579402727693, 30.462343043858041, 0.0 ], [ 51.939312664684962, 30.4622637286211, 0.0 ], [ 51.938903465294167, 30.46217823178992, 0.0 ], [ 51.938479839883371, 30.462291655920421, 0.0 ], [ 51.938108972921412, 30.462390953072081, 0.0 ], [ 51.937885129774472, 30.46245088524643, 0.0 ], [ 51.937220711347713, 30.462367217818059, 0.0 ], [ 51.936707309759669, 30.462061355500481, 0.0 ], [ 51.936140331174506, 30.46149054837673, 0.0 ], [ 51.935992587253473, 30.461434775636789, 0.0 ], [ 51.935444556598661, 30.46122789595108, 0.0 ], [ 51.935197666153933, 30.46113469497141, 0.0 ], [ 51.934178064439749, 30.461274664040221, 0.0 ], [ 51.933923918106593, 30.461362385506661, 0.0 ], [ 51.933262232828604, 30.461590769225541, 0.0 ], [ 51.932727700115812, 30.461973392293672, 0.0 ], [ 51.932519932924379, 30.462122113212999, 0.0 ], [ 51.932451009831553, 30.462171447689151, 0.0 ], [ 51.932384428503553, 30.462171923593012, 0.0 ], [ 51.931808762682003, 30.462176036866769, 0.0 ], [ 51.931787438945889, 30.46217618918131, 0.0 ], [ 51.931782945703823, 30.46217129901688, 0.0 ], [ 51.930858976000778, 30.46116572635955, 0.0 ], [ 51.92988201087686, 30.46042092974751, 0.0 ], [ 51.929055372505523, 30.46012943718522, 0.0 ], [ 51.928652782527031, 30.459987471840169, 0.0 ], [ 51.928142365153953, 30.459770906306389, 0.0 ], [ 51.927627735416053, 30.459552550475191, 0.0 ], [ 51.926296860935999, 30.45916401462593, 0.0 ], [ 51.925921607339752, 30.45910765555579, 0.0 ], [ 51.925802369333283, 30.45908974755374, 0.0 ], [ 51.925734558041697, 30.459079563102989, 0.0 ], [ 51.925591610633766, 30.459161508272992, 0.0 ], [ 51.925309928413967, 30.459322980678468, 0.0 ], [ 51.9250324140692, 30.459482063311562, 0.0 ], [ 51.924719138502397, 30.459661642856879, 0.0 ], [ 51.924112886070262, 30.46032926078756, 0.0 ], [ 51.924024913891337, 30.46048484822391, 0.0 ], [ 51.923790154450828, 30.460900041606159, 0.0 ], [ 51.92371121648037, 30.461039648478959, 0.0 ], [ 51.92356437380046, 30.461431932003041, 0.0 ], [ 51.923462256149882, 30.461704732117511, 0.0 ], [ 51.922018024899323, 30.46228982694355, 0.0 ], [ 51.921885408226863, 30.462297150070601, 0.0 ], [ 51.921656331742973, 30.462309798953189, 0.0 ], [ 51.921099645903723, 30.46234053579186, 0.0 ], [ 51.920607912800129, 30.462313596295822, 0.0 ], [ 51.919669577113133, 30.462262183605379, 0.0 ], [ 51.918702227885383, 30.46253432853803, 0.0 ], [ 51.91806327317623, 30.462610327442238, 0.0 ], [ 51.917121509560253, 30.462722337176071, 0.0 ], [ 51.916768277285563, 30.462837900538389, 0.0 ], [ 51.91610670268205, 30.463054338496729, 0.0 ], [ 51.915187608123993, 30.463355018845011, 0.0 ], [ 51.914781040642161, 30.46344610419294, 0.0 ], [ 51.913761242293482, 30.463674568882109, 0.0 ], [ 51.913536537823653, 30.463977594990439, 0.0 ], [ 51.913125544070482, 30.46453183634198, 0.0 ], [ 51.913030454979022, 30.464660066785079, 0.0 ], [ 51.912928729393293, 30.46479724700437, 0.0 ], [ 51.912904198599527, 30.464830327960779, 0.0 ], [ 51.912843707982603, 30.46487471694784, 0.0 ], [ 51.91275549269762, 30.464939450084451, 0.0 ], [ 51.912677138905273, 30.464996946870269, 0.0 ], [ 51.912424303887043, 30.465182480089741, 0.0 ], [ 51.91229577237705, 30.46527679934368, 0.0 ], [ 51.911367671183157, 30.46537746347644, 0.0 ], [ 51.910857637235317, 30.465432780634419, 0.0 ], [ 51.910197329679598, 30.465791160763519, 0.0 ], [ 51.910091416628767, 30.465816978531411, 0.0 ], [ 51.909371958384099, 30.465992352832188, 0.0 ], [ 51.909076778140481, 30.46606430390386, 0.0 ], [ 51.909053778138123, 30.46607877893668, 0.0 ], [ 51.908576067430097, 30.466379416095322, 0.0 ], [ 51.908366233343997, 30.466511468862741, 0.0 ], [ 51.908104602091697, 30.467007480325091, 0.0 ], [ 51.908065341108937, 30.467081912566481, 0.0 ], [ 51.908015060179054, 30.46717723581445, 0.0 ], [ 51.907879281770448, 30.46720436597607, 0.0 ], [ 51.907556458516112, 30.46726887044392, 0.0 ], [ 51.907150794880998, 30.467412713839622, 0.0 ], [ 51.906793211498467, 30.467539507674349, 0.0 ], [ 51.906487832276497, 30.46778764915754, 0.0 ], [ 51.90613451206319, 30.468074743199821, 0.0 ], [ 51.905812376874607, 30.468393780987249, 0.0 ], [ 51.905729815699303, 30.46847554788728, 0.0 ], [ 51.905376185606372, 30.468532139864479, 0.0 ], [ 51.904863233035307, 30.46861422654186, 0.0 ], [ 51.903533951324903, 30.468402334327951, 0.0 ], [ 51.903173353049191, 30.468051059648989, 0.0 ], [ 51.901482060526398, 30.468364901616219, 0.0 ], [ 51.901440590683613, 30.46837259644883, 0.0 ], [ 51.900166840488311, 30.46864672230847, 0.0 ], [ 51.899565470942001, 30.46881646896513, 0.0 ], [ 51.898079155938689, 30.469235992841089, 0.0 ], [ 51.897860852596303, 30.469292365380699, 0.0 ], [ 51.89614378050365, 30.469735741679859, 0.0 ], [ 51.895155462932593, 30.46996363554592, 0.0 ], [ 51.894902939401007, 30.469953859906969, 0.0 ], [ 51.894185136943399, 30.469926070229519, 0.0 ], [ 51.893470457328988, 30.469930967830312, 0.0 ], [ 51.892301985416843, 30.470558068617891, 0.0 ], [ 51.89219558688432, 30.470673772976561, 0.0 ], [ 51.891442612354403, 30.47149259728425, 0.0 ], [ 51.890886705353843, 30.472115497419018, 0.0 ], [ 51.891199165194656, 30.472789952733709, 0.0 ], [ 51.891308918039449, 30.47362941167302, 0.0 ], [ 51.891164223164473, 30.474559053268731, 0.0 ], [ 51.890863956169362, 30.475224427282779, 0.0 ], [ 51.890767891988723, 30.475888406911569, 0.0 ], [ 51.89072167149137, 30.476419380965371, 0.0 ], [ 51.890154592313714, 30.477043369382379, 0.0 ], [ 51.890126376634313, 30.47707441575098, 0.0 ], [ 51.889912883831727, 30.47730933210596, 0.0 ], [ 51.888795755394298, 30.477980273828511, 0.0 ], [ 51.888240196940338, 30.478647381473191, 0.0 ], [ 51.887582522879093, 30.479315182743939, 0.0 ], [ 51.887128254449898, 30.47989315321994, 0.0 ], [ 51.886876993565103, 30.480337077523501, 0.0 ], [ 51.886726348306233, 30.48029472096913, 0.0 ], [ 51.886569867628957, 30.480250722848059, 0.0 ], [ 51.885797250919872, 30.47950420760095, 0.0 ], [ 51.885742193165846, 30.479062366180781, 0.0 ], [ 51.885993856592421, 30.478662662311109, 0.0 ], [ 51.88614341096276, 30.47826365273465, 0.0 ], [ 51.88547972242187, 30.478268160829039, 0.0 ], [ 51.885173404342822, 30.4782702403507, 0.0 ], [ 51.885321761090658, 30.47773857468172, 0.0 ], [ 51.885626076094972, 30.477515400231059, 0.0 ], [ 51.885214854522609, 30.477208641740908, 0.0 ], [ 51.885006644779033, 30.47676783926925, 0.0 ], [ 51.884851089116268, 30.47650356542453, 0.0 ], [ 51.885154601368868, 30.476191954390028, 0.0 ], [ 51.884999045234032, 30.475927681597931, 0.0 ], [ 51.884535981744683, 30.475532828522681, 0.0 ], [ 51.883870712593598, 30.475360452608999, 0.0 ], [ 51.884121175974343, 30.47482809600799, 0.0 ], [ 51.884524789027573, 30.474294700332528, 0.0 ], [ 51.884420289052358, 30.474030079535559, 0.0 ], [ 51.883906984776239, 30.473724008727888, 0.0 ], [ 51.883189428182703, 30.471150750827679, 0.0 ], [ 51.882778241313517, 30.470843982779421, 0.0 ], [ 51.882420100148359, 30.470757963048321, 0.0 ], [ 51.882001743929678, 30.46965525269146, 0.0 ], [ 51.881328555106379, 30.468598483984788, 0.0 ], [ 51.880808921936278, 30.467584896717, 0.0 ], [ 51.87998262029511, 30.466529154203641, 0.0 ], [ 51.879922828432342, 30.46555668102717, 0.0 ], [ 51.87990529912102, 30.463606623382159, 0.0 ], [ 51.878872083279632, 30.4622427167632, 0.0 ], [ 51.878455670494631, 30.46134782131773, 0.0 ], [ 51.880643453324232, 30.460541502692461, 0.0 ], [ 51.88053699090662, 30.460055782230341, 0.0 ], [ 51.880786639994298, 30.459434993182111, 0.0 ], [ 51.880835693613292, 30.459213553939652, 0.0 ], [ 51.881293092192287, 30.458989355910969, 0.0 ], [ 51.882112569070387, 30.459293369816859, 0.0 ], [ 51.882619811625283, 30.45893616551216, 0.0 ], [ 51.883588829208179, 30.458841162668431, 0.0 ], [ 51.884353673350148, 30.458747536848559, 0.0 ], [ 51.884960512073008, 30.458115473497099, 0.0 ], [ 51.885206130623928, 30.457052487597149, 0.0 ], [ 51.885914316621559, 30.456340133585471, 0.0 ], [ 51.886672732217193, 30.455538991048101, 0.0 ], [ 51.886264803273328, 30.45558598398139, 0.0 ], [ 51.887178336097747, 30.455004893653449, 0.0 ], [ 51.887687542061151, 30.454868764585139, 0.0 ], [ 51.888385264571149, 30.4530067054162, 0.0 ], [ 51.888578550920492, 30.451806980445841, 0.0 ], [ 51.888871903451751, 30.450385466187459, 0.0 ], [ 51.889120270957243, 30.449632004425151, 0.0 ], [ 51.891203978340862, 30.44864491166329, 0.0 ], [ 51.892599583423298, 30.444964970503321, 0.0 ], [ 51.892851939522536, 30.444653692478749, 0.0 ], [ 51.895278967215297, 30.44215622533865, 0.0 ], [ 51.896139669697867, 30.441398548920059, 0.0 ], [ 51.895671878610003, 30.44047310343392, 0.0 ], [ 51.895456834846208, 30.439280592516379, 0.0 ], [ 51.895464541189106, 30.439208013539261, 0.0 ], [ 51.900810378106243, 30.437169860684179, 0.0 ], [ 51.902949839244393, 30.436762927802011, 0.0 ], [ 51.906504692944111, 30.436151730280262, 0.0 ], [ 51.906750201554253, 30.435945160831771, 0.0 ], [ 51.907279577870028, 30.4356139170043, 0.0 ], [ 51.907693007005903, 30.435387062227921, 0.0 ], [ 51.908439936218983, 30.434591890917812, 0.0 ], [ 51.908592923401159, 30.434042914553981, 0.0 ], [ 51.907887118141893, 30.433421642198411, 0.0 ], [ 51.906225342097287, 30.43198513891392, 0.0 ], [ 51.905976235892147, 30.431908595058509, 0.0 ], [ 51.905141305751982, 30.431973092415941, 0.0 ], [ 51.904484490414212, 30.431762394338289, 0.0 ], [ 51.902810895324947, 30.43133035101426, 0.0 ], [ 51.897373930306813, 30.430109626882569, 0.0 ], [ 51.901194422020261, 30.423684853770251, 0.0 ], [ 51.905758476504772, 30.418005085814361, 0.0 ], [ 51.910325281715423, 30.412678153487651, 0.0 ], [ 51.91150335176404, 30.407963114039621, 0.0 ], [ 51.911058956340383, 30.403965414893442, 0.0 ], [ 51.912743736922863, 30.395363689992809, 0.0 ], [ 51.916188207184959, 30.386278923898779, 0.0 ], [ 51.919785396873863, 30.37907572361949, 0.0 ], [ 51.92540757834702, 30.37079906018004, 0.0 ], [ 51.929828804469643, 30.364766456419161, 0.0 ], [ 51.936004375622183, 30.357779786847551, 0.0 ], [ 51.938952227452461, 30.35387550054531, 0.0 ], [ 51.942993088575193, 30.35078696655151, 0.0 ], [ 51.946090834325346, 30.348411164710061, 0.0 ], [ 51.949198651300208, 30.347094257043558, 0.0 ], [ 51.951897119706693, 30.345544914886961, 0.0 ], [ 51.953433090653881, 30.34462256240765, 0.0 ], [ 51.953839907859013, 30.343744431932919, 0.0 ], [ 51.954368162314637, 30.342704655308619, 0.0 ], [ 51.955664459251302, 30.341282010821541, 0.0 ], [ 51.956216987467641, 30.33925440854631, 0.0 ], [ 51.958464739527017, 30.337605144846229, 0.0 ], [ 51.960555298494569, 30.33553189523192, 0.0 ], [ 51.961495785524953, 30.333000175552261, 0.0 ], [ 51.962066535064963, 30.331526375991821, 0.0 ], [ 51.962522574309318, 30.330348751881221, 0.0 ], [ 51.962657990684747, 30.330388660645269, 0.0 ], [ 51.962607007371957, 30.331329834219378, 0.0 ], [ 51.962349286950172, 30.332072124743529, 0.0 ], [ 51.961621621887844, 30.334256398699381, 0.0 ], [ 51.960659397529291, 30.337047984589422, 0.0 ], [ 51.959312128068483, 30.338942629857328, 0.0 ], [ 51.959010160733037, 30.339746029653679, 0.0 ], [ 51.959126472775722, 30.339863714914699, 0.0 ], [ 51.959548792031093, 30.33983535966706, 0.0 ], [ 51.959973004339517, 30.34070719963443, 0.0 ], [ 51.960242455233463, 30.34107923416299, 0.0 ], [ 51.960386827800527, 30.341447927738422, 0.0 ], [ 51.960431272437027, 30.341899955511721, 0.0 ], [ 51.960627730431042, 30.341861540268969, 0.0 ], [ 51.960928223334108, 30.34152479177461, 0.0 ], [ 51.962198585123481, 30.340217553404312, 0.0 ], [ 51.963622616787717, 30.338997337518631, 0.0 ], [ 51.964507459236572, 30.338240650325691, 0.0 ], [ 51.965204377128117, 30.337998770718841, 0.0 ], [ 51.965665159907822, 30.338163326997041, 0.0 ], [ 51.965663340546058, 30.33868934805119, 0.0 ], [ 51.965825013001101, 30.339384912582659, 0.0 ], [ 51.966176806394579, 30.339547280599781, 0.0 ], [ 51.967059391767357, 30.339820843262451, 0.0 ], [ 51.967672206271843, 30.339628540334019, 0.0 ], [ 51.968483757498547, 30.339174387635179, 0.0 ], [ 51.968909202045118, 30.339305125770998, 0.0 ], [ 51.96965881662129, 30.339976036078969, 0.0 ], [ 51.971214657157418, 30.340822586473379, 0.0 ], [ 51.971825371944838, 30.341086879715299, 0.0 ], [ 51.972059195298478, 30.34057563327255, 0.0 ], [ 51.972866458667632, 30.339776955578401, 0.0 ], [ 51.974024656727593, 30.339271192571282, 0.0 ], [ 51.975121607064487, 30.338401860081639, 0.0 ], [ 51.975744178011247, 30.337652761889249, 0.0 ], [ 51.977559585099307, 30.3361732895717, 0.0 ], [ 51.978389428993879, 30.335485677485899, 0.0 ], [ 51.980321343496897, 30.332431708336589, 0.0 ], [ 51.981973919740923, 30.3311034536314, 0.0 ], [ 51.985421807837412, 30.328539402695402, 0.0 ], [ 51.987475592722788, 30.327242016115601, 0.0 ], [ 51.990847089207122, 30.326709385579811, 0.0 ], [ 51.991280845154478, 30.326457298532851, 0.0 ], [ 52.001084637500483, 30.32164350453931, 0.0 ], [ 52.003219153978819, 30.321208541658709, 0.0 ], [ 52.004912451252189, 30.321041983150739, 0.0 ], [ 52.00563731825882, 30.32084262857904, 0.0 ], [ 52.008417666038177, 30.318274882377569, 0.0 ], [ 52.009160832445687, 30.317736160415961, 0.0 ], [ 52.014599329484142, 30.314499356579049, 0.0 ], [ 52.015949471171623, 30.313761570904219, 0.0 ], [ 52.018266695225897, 30.311604341832361, 0.0 ], [ 52.019192749783642, 30.31057152614553, 0.0 ], [ 52.020123673740613, 30.30971218664498, 0.0 ], [ 52.020648475886013, 30.308938195250601, 0.0 ], [ 52.021457083091427, 30.30744233695885, 0.0 ], [ 52.02140940294494, 30.30712996532473, 0.0 ], [ 52.021975769207451, 30.304947521045001, 0.0 ], [ 52.022618745720358, 30.303329436474201, 0.0 ], [ 52.022973961035262, 30.302879870316541, 0.0 ], [ 52.023506867637671, 30.302354792776899, 0.0 ], [ 52.02342347715107, 30.301872297944868, 0.0 ], [ 52.024885343421708, 30.297209860080379, 0.0 ], [ 52.025364617796257, 30.295187379043359, 0.0 ], [ 52.025975706725319, 30.293719329854731, 0.0 ], [ 52.027052823759817, 30.29241094039342, 0.0 ], [ 52.028816697528583, 30.29008483723274, 0.0 ], [ 52.030002252990514, 30.28883377399081, 0.0 ], [ 52.031630675722973, 30.28840201927467, 0.0 ], [ 52.035000179586042, 30.28796116097859, 0.0 ], [ 52.037975477628251, 30.287231577738002, 0.0 ], [ 52.040001693302912, 30.286509470824669, 0.0 ], [ 52.042571424530301, 30.285900675645891, 0.0 ], [ 52.043497418365241, 30.285778332369858, 0.0 ], [ 52.062662572493608, 30.292551926864231, 0.0 ], [ 52.061914033446421, 30.29402173809159, 0.0 ], [ 52.060855409678979, 30.295091642524788, 0.0 ], [ 52.055181562083419, 30.29823302799608, 0.0 ], [ 52.053151318282232, 30.299001150260271, 0.0 ], [ 52.051781133688678, 30.29954283003142, 0.0 ], [ 52.050514735359627, 30.300260549143481, 0.0 ], [ 52.049860289721259, 30.301017569142171, 0.0 ], [ 52.049395886578957, 30.30169913832577, 0.0 ], [ 52.046399249328161, 30.304380068861509, 0.0 ], [ 52.047326508987418, 30.305868569632679, 0.0 ], [ 52.047563823117883, 30.306815936122561, 0.0 ], [ 52.048549746821791, 30.310104006967521, 0.0 ], [ 52.049117698877488, 30.311607037167398, 0.0 ], [ 52.049199628788188, 30.313429997008299, 0.0 ], [ 52.049245632219019, 30.31445353662923, 0.0 ], [ 52.048985100449812, 30.31485357908139, 0.0 ], [ 52.047979197077453, 30.316398085842991, 0.0 ], [ 52.046204805296973, 30.319122431616499, 0.0 ], [ 52.04541407655875, 30.32049070641326, 0.0 ], [ 52.044716452586243, 30.321927120449029, 0.0 ], [ 52.041664357401487, 30.327276133186938, 0.0 ], [ 52.039539266764628, 30.329851648696611, 0.0 ], [ 52.038995897217653, 30.331238997532679, 0.0 ], [ 52.038769171803693, 30.332416374526151, 0.0 ], [ 52.039335920149533, 30.33324168960705, 0.0 ], [ 52.040474798429813, 30.334163112757921, 0.0 ], [ 52.040464682378357, 30.342678591452731, 0.0 ], [ 52.040717319314403, 30.35691587121023, 0.0 ], [ 52.042308246604179, 30.3578760644175, 0.0 ], [ 52.04201028655072, 30.358630203285021, 0.0 ], [ 52.042119763780377, 30.359336871841759, 0.0 ], [ 52.040808569342772, 30.360718180305231, 0.0 ], [ 52.035640387755898, 30.363867994088881, 0.0 ], [ 52.033724114773968, 30.36591734692977, 0.0 ], [ 52.040235974809569, 30.374068723390049, 0.0 ], [ 52.040888366482278, 30.377879820285251, 0.0 ], [ 52.04059408719155, 30.37898769428357, 0.0 ], [ 52.041951959545379, 30.381983913987241, 0.0 ], [ 52.04339218872429, 30.383122170457892, 0.0 ], [ 52.047762712036509, 30.381627895551489, 0.0 ], [ 52.049734706622502, 30.38002010509949, 0.0 ], [ 52.051830276113527, 30.375669579510841, 0.0 ], [ 52.052436556491678, 30.375134043809599, 0.0 ], [ 52.052122051249533, 30.374340595651478, 0.0 ], [ 52.055937418168462, 30.368693732901011, 0.0 ], [ 52.057020171869297, 30.369790509162598, 0.0 ], [ 52.058115330140303, 30.372036924227931, 0.0 ], [ 52.058700282815593, 30.374483789502591, 0.0 ], [ 52.059225995141553, 30.376471422028061, 0.0 ], [ 52.06073207396831, 30.38103083828409, 0.0 ], [ 52.061834460311537, 30.384519837221148, 0.0 ], [ 52.065086181141822, 30.394996926598029, 0.0 ], [ 52.065336853961128, 30.397438585442298, 0.0 ], [ 52.064112416405408, 30.398225887999558, 0.0 ], [ 52.059116597234869, 30.402692367782191, 0.0 ], [ 52.057228427447221, 30.404310891620671, 0.0 ], [ 52.054604937082367, 30.405313472051791, 0.0 ], [ 52.055175302381308, 30.406231932969, 0.0 ], [ 52.054846870440556, 30.406963325148691, 0.0 ], [ 52.053904544159593, 30.40794258511572, 0.0 ], [ 52.053693562815091, 30.40917342608282, 0.0 ], [ 52.053590339386773, 30.41000016227332, 0.0 ], [ 52.053268664619438, 30.411363068876561, 0.0 ], [ 52.052598701689313, 30.411611383882491, 0.0 ], [ 52.05204968873101, 30.412684625103921, 0.0 ], [ 52.051836435574387, 30.413706576431341, 0.0 ], [ 52.052018649603973, 30.41501683626117, 0.0 ], [ 52.051183634292343, 30.415557969764709, 0.0 ], [ 52.050294119423903, 30.41624528338502, 0.0 ], [ 52.04917065040285, 30.41811988563774, 0.0 ], [ 52.048289407231941, 30.419584439933139, 0.0 ], [ 52.047237384608437, 30.420807446009491, 0.0 ], [ 52.046075820519079, 30.422274234892281, 0.0 ], [ 52.044972865232303, 30.42398345599922, 0.0 ], [ 52.045431663588843, 30.424951432901491, 0.0 ], [ 52.045494453303547, 30.42558250242379, 0.0 ], [ 52.045392184670533, 30.426506389255671, 0.0 ], [ 52.04517579074863, 30.427037310705462, 0.0 ] ] ] ] } },
{ "type": "Feature", "properties": { "Name": "منطقه حفاظت شده تنگ سرخ و کوه قلات", "description": "<html xmlns:fo=\"http://www.w3.org/1999/XSL/Format\" xmlns:msxsl=\"urn:schemas-microsoft-com:xslt\">\n\n<head>\n\n<META http-equiv=\"Content-Type\" content=\"text/html\">\n\n<meta http-equiv=\"content-type\" content=\"text/html; charset=UTF-8\">\n\n</head>\n\n<body style=\"margin:0px 0px 0px 0px;overflow:auto;background:#FFFFFF;\">\n\n<table style=\"font-family:Arial,Verdana,Times;font-size:12px;text-align:left;width:100%;border-collapse:collapse;padding:3px 3px 3px 3px\">\n\n<tr style=\"text-align:center;font-weight:bold;background:#9CBCE2\">\n\n<td>منطقه حفاظت شده تنگ سرخ و کوه قلات</td>\n\n</tr>\n\n<tr>\n\n<td>\n\n<table style=\"font-family:Arial,Verdana,Times;font-size:12px;text-align:left;width:100%;border-spacing:0px; padding:3px 3px 3px 3px\">\n\n<tr>\n\n<td>FID</td>\n\n<td>13</td>\n\n</tr>\n\n<tr bgcolor=\"#D4E4F3\">\n\n<td>OBJECTID_1</td>\n\n<td>14</td>\n\n</tr>\n\n<tr>\n\n<td>cod</td>\n\n<td>14</td>\n\n</tr>\n\n<tr bgcolor=\"#D4E4F3\">\n\n<td>tafkik_id</td>\n\n<td>3</td>\n\n</tr>\n\n<tr>\n\n<td>tafkik_nam</td>\n\n<td>منطقه حفاظت شده</td>\n\n</tr>\n\n<tr bgcolor=\"#D4E4F3\">\n\n<td>shahrestan</td>\n\n<td>شیراز</td>\n\n</tr>\n\n<tr>\n\n<td>NAME1</td>\n\n<td>منطقه حفاظت شده تنگ سرخ و کوه قلات</td>\n\n</tr>\n\n<tr bgcolor=\"#D4E4F3\">\n\n<td>sal_mosava</td>\n\n<td>1403</td>\n\n</tr>\n\n<tr>\n\n<td>AREA_ha</td>\n\n<td>11313</td>\n\n</tr>\n\n<tr bgcolor=\"#D4E4F3\">\n\n<td>F_AREA</td>\n\n<td>11313</td>\n\n</tr>\n\n<tr>\n\n<td>Shape_Leng</td>\n\n<td>83126.047691</td>\n\n</tr>\n\n</table>\n\n</td>\n\n</tr>\n\n</table>\n\n</body>\n\n</html>\n\n", "timestamp": null, "begin": null, "end": null, "altitudeMode": "clampToGround", "tessellate": -1, "extrude": 0, "visibility": -1, "drawOrder": null, "icon": null, "snippet": "" }, "geometry": { "type": "MultiPolygon", "coordinates": [ [ [ [ 52.29538717656029, 29.82295630912428, 0.0 ], [ 52.284108769609659, 29.83460188570173, 0.0 ], [ 52.272101667918207, 29.843931030390848, 0.0 ], [ 52.267903368163893, 29.845971359446839, 0.0 ], [ 52.264264152585902, 29.848074960776209, 0.0 ], [ 52.246200567758152, 29.83360397216714, 0.0 ], [ 52.246081617070679, 29.833160421962891, 0.0 ], [ 52.246092156657809, 29.83278118951165, 0.0 ], [ 52.246201176946641, 29.832559891075309, 0.0 ], [ 52.246412514431057, 29.832341208563012, 0.0 ], [ 52.246668165084827, 29.831859608268051, 0.0 ], [ 52.246963878240869, 29.83150146947148, 0.0 ], [ 52.247357444528618, 29.831218215423249, 0.0 ], [ 52.247502912742533, 29.83089871002835, 0.0 ], [ 52.247681400196662, 29.830473088155351, 0.0 ], [ 52.247850914035148, 29.830320527511319, 0.0 ], [ 52.248084602067827, 29.830166270211851, 0.0 ], [ 52.248224778238182, 29.829985824080762, 0.0 ], [ 52.248381872558568, 29.829833381044079, 0.0 ], [ 52.248516062579391, 29.829507844108679, 0.0 ], [ 52.248820380609708, 29.829273471883749, 0.0 ], [ 52.248926451907771, 29.829049662579308, 0.0 ], [ 52.249205767308837, 29.828836470934579, 0.0 ], [ 52.249322566559258, 29.828575734828249, 0.0 ], [ 52.249929476235963, 29.828300164897261, 0.0 ], [ 52.249966946358612, 29.828217477597999, 0.0 ], [ 52.249936745063017, 29.827729234516791, 0.0 ], [ 52.249999312679812, 29.82760828451736, 0.0 ], [ 52.250013137542552, 29.827581542639681, 0.0 ], [ 52.250220945324472, 29.82747735485961, 0.0 ], [ 52.250397573223623, 29.827396571748011, 0.0 ], [ 52.250436024454828, 29.827130088240551, 0.0 ], [ 52.250500430880713, 29.82704967155022, 0.0 ], [ 52.250551203191463, 29.82693833497499, 0.0 ], [ 52.250492739385052, 29.826703837703469, 0.0 ], [ 52.250590650439086, 29.826620569015692, 0.0 ], [ 52.250742058184791, 29.826510064469769, 0.0 ], [ 52.25083637879122, 29.826338722569059, 0.0 ], [ 52.251315204456468, 29.826087496215781, 0.0 ], [ 52.251377220536703, 29.82594824071294, 0.0 ], [ 52.251624297054278, 29.825838985530709, 0.0 ], [ 52.251945197881618, 29.82573912060499, 0.0 ], [ 52.252033550818282, 29.8256530538631, 0.0 ], [ 52.25204564111808, 29.825430873729982, 0.0 ], [ 52.251949865676032, 29.825094915731221, 0.0 ], [ 52.252017597628431, 29.824982686050259, 0.0 ], [ 52.252157795964457, 29.824838348739039, 0.0 ], [ 52.252126469168708, 29.8244905715135, 0.0 ], [ 52.251992220050013, 29.82412502019401, 0.0 ], [ 52.252018749621762, 29.823898732714611, 0.0 ], [ 52.252159771046543, 29.82375329573291, 0.0 ], [ 52.252583235187288, 29.823676278965451, 0.0 ], [ 52.252764403600061, 29.823561871465131, 0.0 ], [ 52.253051199129963, 29.823548630590679, 0.0 ], [ 52.253168550155699, 29.823430505491629, 0.0 ], [ 52.253193839998268, 29.823106737831822, 0.0 ], [ 52.253348341292053, 29.82298032014846, 0.0 ], [ 52.253453801967353, 29.822871340393981, 0.0 ], [ 52.253439624019798, 29.82270140512632, 0.0 ], [ 52.253258685880262, 29.822311391565879, 0.0 ], [ 52.253242843814299, 29.822074315449939, 0.0 ], [ 52.253364827657499, 29.821898017011719, 0.0 ], [ 52.253591551728121, 29.82184960999772, 0.0 ], [ 52.253834673242672, 29.821821621130969, 0.0 ], [ 52.254017086171032, 29.821610077491329, 0.0 ], [ 52.254264212788478, 29.821571222225391, 0.0 ], [ 52.254453604502622, 29.821648463013538, 0.0 ], [ 52.254577263916808, 29.821603216707022, 0.0 ], [ 52.254746656783333, 29.821443069607611, 0.0 ], [ 52.254909383059037, 29.821311870659638, 0.0 ], [ 52.255120760975878, 29.820643277910829, 0.0 ], [ 52.255272601254539, 29.820503158203589, 0.0 ], [ 52.255337380712852, 29.82038698357767, 0.0 ], [ 52.255452008896427, 29.820153344051171, 0.0 ], [ 52.255751682263757, 29.81991610391443, 0.0 ], [ 52.255993096282417, 29.81959132711691, 0.0 ], [ 52.256143214742963, 29.819609012168161, 0.0 ], [ 52.256269426074972, 29.819764860574281, 0.0 ], [ 52.256358293539847, 29.820110275837671, 0.0 ], [ 52.256516572903109, 29.820410596989419, 0.0 ], [ 52.256716822120623, 29.820593173820129, 0.0 ], [ 52.256809339660848, 29.820639578155902, 0.0 ], [ 52.256914656730267, 29.8207479621014, 0.0 ], [ 52.257025833381448, 29.820341394985839, 0.0 ], [ 52.257080767765864, 29.819842219779979, 0.0 ], [ 52.257209668326432, 29.819591828463491, 0.0 ], [ 52.257255499357498, 29.819549504965689, 0.0 ], [ 52.257643532639477, 29.819454392042172, 0.0 ], [ 52.257679658686357, 29.819397351908819, 0.0 ], [ 52.257386136022788, 29.819174885918489, 0.0 ], [ 52.257180917844437, 29.81905735450497, 0.0 ], [ 52.25715728702589, 29.818925426513989, 0.0 ], [ 52.257224331554717, 29.818727628550931, 0.0 ], [ 52.25752884085697, 29.818512735431799, 0.0 ], [ 52.257797260211952, 29.818390976469669, 0.0 ], [ 52.258181621028022, 29.818301312163349, 0.0 ], [ 52.258161834011311, 29.818243378614511, 0.0 ], [ 52.257922177921117, 29.818087906535759, 0.0 ], [ 52.257614213040867, 29.81780347788543, 0.0 ], [ 52.257599986270577, 29.817629211224631, 0.0 ], [ 52.257659945885408, 29.817395375535479, 0.0 ], [ 52.2578619672706, 29.816644544796809, 0.0 ], [ 52.257915096734934, 29.816167774218489, 0.0 ], [ 52.25797937246351, 29.8159797568992, 0.0 ], [ 52.258092709120078, 29.815873578062039, 0.0 ], [ 52.258558330632837, 29.815825016458611, 0.0 ], [ 52.258700532670133, 29.815773805570601, 0.0 ], [ 52.258954143190643, 29.81556265267562, 0.0 ], [ 52.259340747722433, 29.81545562827915, 0.0 ], [ 52.259683701000462, 29.81552921426707, 0.0 ], [ 52.259833929054658, 29.815750181284269, 0.0 ], [ 52.260115060124839, 29.815521419234411, 0.0 ], [ 52.260273510383549, 29.81547871360678, 0.0 ], [ 52.260434606623953, 29.81554539643707, 0.0 ], [ 52.260698738670747, 29.815509976705751, 0.0 ], [ 52.260404299629108, 29.815117454399559, 0.0 ], [ 52.260164790594573, 29.814908187031811, 0.0 ], [ 52.260111226751199, 29.814734665797939, 0.0 ], [ 52.260174988766543, 29.814507651708279, 0.0 ], [ 52.260357564597882, 29.81437553505442, 0.0 ], [ 52.260572696637979, 29.81432939267593, 0.0 ], [ 52.260892025512469, 29.814336407172931, 0.0 ], [ 52.261180161082159, 29.81439751825457, 0.0 ], [ 52.261542303438127, 29.814287841545049, 0.0 ], [ 52.261333758343312, 29.814007145498319, 0.0 ], [ 52.261305591901881, 29.81381171717673, 0.0 ], [ 52.261414849001341, 29.81364563875491, 0.0 ], [ 52.261642110786873, 29.813447373768881, 0.0 ], [ 52.261570810137343, 29.81314872768343, 0.0 ], [ 52.261633630948722, 29.813042323458731, 0.0 ], [ 52.261728183888479, 29.813026324758681, 0.0 ], [ 52.262184137341819, 29.81298299552741, 0.0 ], [ 52.262194198064734, 29.812960150543571, 0.0 ], [ 52.262101168618457, 29.81288974252552, 0.0 ], [ 52.262029055676088, 29.812816418509701, 0.0 ], [ 52.261945963383369, 29.812729123161681, 0.0 ], [ 52.261755640661697, 29.81280499868144, 0.0 ], [ 52.261519756597153, 29.812717743489191, 0.0 ], [ 52.261300381080979, 29.812917738629739, 0.0 ], [ 52.261216675041531, 29.81291241954554, 0.0 ], [ 52.26094754918249, 29.812362229055541, 0.0 ], [ 52.260991166015238, 29.81214623440912, 0.0 ], [ 52.261025775742709, 29.812082504112489, 0.0 ], [ 52.261921700674399, 29.80979417939205, 0.0 ], [ 52.262086058633763, 29.809696173699351, 0.0 ], [ 52.262442111875217, 29.809661658577848, 0.0 ], [ 52.262487047225171, 29.809873170201371, 0.0 ], [ 52.262535869677741, 29.809903023546418, 0.0 ], [ 52.262700024830757, 29.80982926496382, 0.0 ], [ 52.263343292520183, 29.80950852128862, 0.0 ], [ 52.263841589201277, 29.809112882492609, 0.0 ], [ 52.26381693300273, 29.808982905544319, 0.0 ], [ 52.263713649256623, 29.808847427994639, 0.0 ], [ 52.263805768554853, 29.808833994951641, 0.0 ], [ 52.264100453836647, 29.808994045966099, 0.0 ], [ 52.264275327043038, 29.808996938978868, 0.0 ], [ 52.264382248157887, 29.808757003069619, 0.0 ], [ 52.26435465114195, 29.808515123728231, 0.0 ], [ 52.264474891977862, 29.80836996311232, 0.0 ], [ 52.264401752977577, 29.808134348896729, 0.0 ], [ 52.264573693803293, 29.808013599057901, 0.0 ], [ 52.264830303571692, 29.808029217708839, 0.0 ], [ 52.265127158371719, 29.808123389450419, 0.0 ], [ 52.265265705419907, 29.80807229784871, 0.0 ], [ 52.26515751519311, 29.80787254619662, 0.0 ], [ 52.264799791509418, 29.80765196492889, 0.0 ], [ 52.26439116269453, 29.807573018404302, 0.0 ], [ 52.26430434545621, 29.8074962186022, 0.0 ], [ 52.264349977141343, 29.80742226457706, 0.0 ], [ 52.264496018034691, 29.807329474605311, 0.0 ], [ 52.26464316101503, 29.807185238527339, 0.0 ], [ 52.26456898790947, 29.80694962612996, 0.0 ], [ 52.264618901931968, 29.806772806246521, 0.0 ], [ 52.264754637837477, 29.806644804665542, 0.0 ], [ 52.265056762209923, 29.806662269436401, 0.0 ], [ 52.265231599797637, 29.806690438042718, 0.0 ], [ 52.26526268325231, 29.806664295498361, 0.0 ], [ 52.265273141939673, 29.806587602635179, 0.0 ], [ 52.265177128215171, 29.806429567563431, 0.0 ], [ 52.265238308046698, 29.806334883004379, 0.0 ], [ 52.265345932888422, 29.806328681905772, 0.0 ], [ 52.265767980173322, 29.80642929753499, 0.0 ], [ 52.265865275752752, 29.806411355784931, 0.0 ], [ 52.265927514564851, 29.806302221867131, 0.0 ], [ 52.265893469774191, 29.80622638751727, 0.0 ], [ 52.265537737057812, 29.80606266576569, 0.0 ], [ 52.265199548017279, 29.8059377667139, 0.0 ], [ 52.26509833116188, 29.805798687040859, 0.0 ], [ 52.265107858415327, 29.805648891724989, 0.0 ], [ 52.265457119771241, 29.805258509787791, 0.0 ], [ 52.2655557895322, 29.804992401840401, 0.0 ], [ 52.26574434291495, 29.804827455536412, 0.0 ], [ 52.265966903390762, 29.804761813585142, 0.0 ], [ 52.266710589627188, 29.80497827874991, 0.0 ], [ 52.266795584890282, 29.804976308978631, 0.0 ], [ 52.267060296198963, 29.804952384915641, 0.0 ], [ 52.267149689038312, 29.804868355860101, 0.0 ], [ 52.267084030970047, 29.804794638706849, 0.0 ], [ 52.266900929909099, 29.8047245831327, 0.0 ], [ 52.266715257830903, 29.80459745864886, 0.0 ], [ 52.266620315169249, 29.80441687388468, 0.0 ], [ 52.266630047684572, 29.80411185889772, 0.0 ], [ 52.266810406590309, 29.803886440260829, 0.0 ], [ 52.266976190675742, 29.803719662121011, 0.0 ], [ 52.266993043219323, 29.803509417606481, 0.0 ], [ 52.267101785745332, 29.803442746163629, 0.0 ], [ 52.267492904166559, 29.803451276893981, 0.0 ], [ 52.267884899138807, 29.803573514497689, 0.0 ], [ 52.268062910296088, 29.803541216935781, 0.0 ], [ 52.268338376381948, 29.803381776754019, 0.0 ], [ 52.268383080856488, 29.803224794611349, 0.0 ], [ 52.268323151826372, 29.803161562812281, 0.0 ], [ 52.268031422712127, 29.80311523693641, 0.0 ], [ 52.267791602601733, 29.802941718938669, 0.0 ], [ 52.267732801951333, 29.802815318773341, 0.0 ], [ 52.267765058004393, 29.802684498782138, 0.0 ], [ 52.267985914960811, 29.802347219654301, 0.0 ], [ 52.267876537549192, 29.80212871202859, 0.0 ], [ 52.267493105698847, 29.80179892604848, 0.0 ], [ 52.267456009134953, 29.801687883543039, 0.0 ], [ 52.267523371228933, 29.801611247545949, 0.0 ], [ 52.267945571096121, 29.801589132990038, 0.0 ], [ 52.26844003335512, 29.801685309888839, 0.0 ], [ 52.268773089555907, 29.80177228726501, 0.0 ], [ 52.268822787356811, 29.801748871759951, 0.0 ], [ 52.268708348700393, 29.801448243105909, 0.0 ], [ 52.26873331834404, 29.801344491908541, 0.0 ], [ 52.268922738371558, 29.801295055009149, 0.0 ], [ 52.269781902952268, 29.801040553907281, 0.0 ], [ 52.270140225506971, 29.800810804040669, 0.0 ], [ 52.270290863259767, 29.80024705009528, 0.0 ], [ 52.270265201646517, 29.800209910423899, 0.0 ], [ 52.27026341795635, 29.799994224655141, 0.0 ], [ 52.27038886740057, 29.799808456035642, 0.0 ], [ 52.270595870732087, 29.79976535391226, 0.0 ], [ 52.270839919363141, 29.799869378585569, 0.0 ], [ 52.271138728079087, 29.80003032314853, 0.0 ], [ 52.271252546343263, 29.8000277295695, 0.0 ], [ 52.271260994113092, 29.799900495520589, 0.0 ], [ 52.270916981086401, 29.799501262527389, 0.0 ], [ 52.270934660227311, 29.799437214273478, 0.0 ], [ 52.2710547969481, 29.799352508030442, 0.0 ], [ 52.271543161547633, 29.799356617677962, 0.0 ], [ 52.271606373281116, 29.799283584879731, 0.0 ], [ 52.271521710298579, 29.79915354597378, 0.0 ], [ 52.271540383159071, 29.799116566562279, 0.0 ], [ 52.271811622339357, 29.799002234597509, 0.0 ], [ 52.272007213059261, 29.798978966044761, 0.0 ], [ 52.271960745744927, 29.798906726921292, 0.0 ], [ 52.271689765734813, 29.798828842632531, 0.0 ], [ 52.271586441068223, 29.79871953851854, 0.0 ], [ 52.271581549062468, 29.798511074613529, 0.0 ], [ 52.271417834918893, 29.798681465974099, 0.0 ], [ 52.271269885403157, 29.79867590473242, 0.0 ], [ 52.271211015344981, 29.798597332640259, 0.0 ], [ 52.271287820397639, 29.798416921929501, 0.0 ], [ 52.271635939113267, 29.79807344970849, 0.0 ], [ 52.271742863956533, 29.797807339117469, 0.0 ], [ 52.271688099339748, 29.79775403845186, 0.0 ], [ 52.27099942229556, 29.798209964597671, 0.0 ], [ 52.270935326123372, 29.798173810057559, 0.0 ], [ 52.270928342830977, 29.797979776229401, 0.0 ], [ 52.271125542646843, 29.797523344254, 0.0 ], [ 52.27162324445036, 29.79673512247701, 0.0 ], [ 52.271935477730167, 29.796138932550679, 0.0 ], [ 52.272618396033607, 29.795328342387069, 0.0 ], [ 52.272874377507847, 29.795009135575189, 0.0 ], [ 52.273459593853133, 29.794525121420449, 0.0 ], [ 52.274043568783469, 29.794191806206481, 0.0 ], [ 52.274397526569068, 29.794110943167141, 0.0 ], [ 52.274690301599684, 29.79412657367812, 0.0 ], [ 52.274869624014947, 29.793877683638659, 0.0 ], [ 52.275072573758727, 29.793755159690019, 0.0 ], [ 52.275380899967587, 29.793747338443609, 0.0 ], [ 52.275395478628489, 29.793680575408509, 0.0 ], [ 52.275344864020269, 29.793610137970621, 0.0 ], [ 52.274986113764648, 29.793405826912728, 0.0 ], [ 52.275316602054559, 29.793069544899531, 0.0 ], [ 52.275351936860481, 29.792953167527809, 0.0 ], [ 52.275284962930797, 29.792735618412809, 0.0 ], [ 52.275370916090317, 29.7926779484986, 0.0 ], [ 52.275776496620921, 29.792667519516058, 0.0 ], [ 52.276508266632582, 29.792448045613249, 0.0 ], [ 52.276700940951052, 29.79226053013641, 0.0 ], [ 52.276844826915571, 29.792209229975221, 0.0 ], [ 52.277247238883497, 29.79224933306244, 0.0 ], [ 52.277634035951252, 29.79236161252075, 0.0 ], [ 52.277706545014013, 29.792301219554609, 0.0 ], [ 52.277691101063937, 29.79223622728006, 0.0 ], [ 52.277544449319407, 29.79203394255612, 0.0 ], [ 52.277541497980138, 29.791913919089779, 0.0 ], [ 52.277661706405382, 29.791766941555121, 0.0 ], [ 52.27779316958673, 29.791709308471631, 0.0 ], [ 52.278122143616038, 29.79173850613633, 0.0 ], [ 52.278421063011272, 29.791800161514011, 0.0 ], [ 52.27843847678605, 29.79179725348801, 0.0 ], [ 52.27801825915094, 29.79146533922156, 0.0 ], [ 52.277576321182963, 29.791244846709141, 0.0 ], [ 52.2772197876726, 29.79087309974096, 0.0 ], [ 52.276751810712163, 29.790468519591141, 0.0 ], [ 52.276592393871873, 29.79022308354013, 0.0 ], [ 52.276574911930261, 29.79020911214025, 0.0 ], [ 52.276228748267357, 29.78990581202271, 0.0 ], [ 52.276214352039077, 29.789870123085109, 0.0 ], [ 52.275776520179903, 29.789822328237619, 0.0 ], [ 52.275392877008073, 29.789802254394079, 0.0 ], [ 52.27512270199982, 29.790029594769869, 0.0 ], [ 52.274842869119936, 29.790077760857791, 0.0 ], [ 52.274377101205701, 29.789885837998568, 0.0 ], [ 52.273779108620673, 29.789324246044529, 0.0 ], [ 52.272362769612833, 29.788716083538262, 0.0 ], [ 52.271846837375577, 29.788274775249288, 0.0 ], [ 52.271611874804449, 29.78756629479328, 0.0 ], [ 52.271911630311202, 29.786899889863761, 0.0 ], [ 52.272685872363851, 29.786421159662609, 0.0 ], [ 52.272709169261418, 29.786408986111621, 0.0 ], [ 52.272804256151048, 29.78636086644304, 0.0 ], [ 52.273490607046057, 29.78597635845685, 0.0 ], [ 52.273346875430661, 29.785407985876731, 0.0 ], [ 52.273355167549397, 29.785382955292238, 0.0 ], [ 52.27319815553011, 29.785055661240559, 0.0 ], [ 52.273185100253059, 29.785018295918221, 0.0 ], [ 52.272697830275803, 29.78470589776779, 0.0 ], [ 52.271859555067863, 29.784353291045051, 0.0 ], [ 52.271414012731711, 29.784374210024769, 0.0 ], [ 52.270707591549588, 29.78419078323633, 0.0 ], [ 52.27009229108922, 29.783901997293761, 0.0 ], [ 52.269746284373838, 29.783609641476261, 0.0 ], [ 52.269308337810038, 29.783654757920381, 0.0 ], [ 52.269276900409601, 29.78365615161691, 0.0 ], [ 52.268877300711509, 29.783571737542609, 0.0 ], [ 52.26855601903403, 29.78331317257954, 0.0 ], [ 52.268208020596298, 29.78336468461654, 0.0 ], [ 52.267926425558393, 29.783629727515599, 0.0 ], [ 52.267704724676449, 29.783598247148451, 0.0 ], [ 52.267571506040603, 29.78377778382594, 0.0 ], [ 52.267577629366507, 29.783796035269351, 0.0 ], [ 52.267568265657189, 29.78382840581336, 0.0 ], [ 52.267421854409847, 29.784155123956239, 0.0 ], [ 52.267415759741453, 29.784159510187969, 0.0 ], [ 52.267235005345867, 29.784537821449501, 0.0 ], [ 52.26708550344965, 29.784806993530669, 0.0 ], [ 52.266847472353383, 29.78492578518166, 0.0 ], [ 52.266470989666502, 29.784895576537991, 0.0 ], [ 52.266298450716832, 29.785036489667501, 0.0 ], [ 52.249686897128512, 29.77855302874314, 0.0 ], [ 52.249789179599553, 29.778458782789858, 0.0 ], [ 52.249889700897157, 29.778346099699679, 0.0 ], [ 52.249999482626329, 29.7783044096068, 0.0 ], [ 52.250119497123563, 29.778258841698769, 0.0 ], [ 52.250415365247797, 29.778249267183369, 0.0 ], [ 52.250595174415167, 29.778372212630611, 0.0 ], [ 52.250754153391611, 29.778583571694689, 0.0 ], [ 52.250793193653116, 29.778614388700479, 0.0 ], [ 52.250842285421633, 29.778665097456798, 0.0 ], [ 52.250877507880261, 29.778749931922661, 0.0 ], [ 52.250919033623838, 29.778651251663661, 0.0 ], [ 52.25093103986611, 29.778591905747501, 0.0 ], [ 52.250932384158638, 29.77838975954618, 0.0 ], [ 52.251019503680482, 29.778249986581159, 0.0 ], [ 52.251243995045343, 29.77824032751316, 0.0 ], [ 52.251449650434957, 29.77836871219505, 0.0 ], [ 52.251567635062173, 29.778334559274299, 0.0 ], [ 52.251767856292503, 29.77797201812831, 0.0 ], [ 52.251794129121471, 29.77770583755759, 0.0 ], [ 52.251735457802248, 29.77751534978448, 0.0 ], [ 52.251559934757687, 29.777300366588982, 0.0 ], [ 52.251452423165382, 29.777254217581302, 0.0 ], [ 52.250910373215198, 29.777249059512361, 0.0 ], [ 52.250726486276037, 29.77709001262113, 0.0 ], [ 52.250235172732978, 29.777059646578991, 0.0 ], [ 52.250133871998379, 29.777005378581929, 0.0 ], [ 52.250217982348552, 29.776804235597879, 0.0 ], [ 52.250345395642007, 29.776689782810511, 0.0 ], [ 52.250697286884822, 29.776577393000061, 0.0 ], [ 52.251069688036189, 29.77658054771225, 0.0 ], [ 52.251574088673188, 29.776847364243501, 0.0 ], [ 52.25191107164671, 29.777008389591462, 0.0 ], [ 52.252069096184798, 29.77716470183891, 0.0 ], [ 52.252262132435668, 29.777432045213061, 0.0 ], [ 52.252332383239512, 29.777488085531839, 0.0 ], [ 52.252485430130079, 29.777524354559059, 0.0 ], [ 52.252929196108433, 29.777534805906779, 0.0 ], [ 52.253207290665259, 29.777649741750171, 0.0 ], [ 52.253420248014073, 29.777745649632319, 0.0 ], [ 52.253457569833259, 29.77769245148804, 0.0 ], [ 52.253388574552979, 29.777484809748749, 0.0 ], [ 52.252977669420787, 29.77696001690002, 0.0 ], [ 52.252766932713243, 29.776774768588989, 0.0 ], [ 52.252619097779032, 29.776715033688571, 0.0 ], [ 52.252160841398663, 29.77670366356303, 0.0 ], [ 52.251992415728999, 29.776583445891252, 0.0 ], [ 52.251632082417437, 29.776142632674961, 0.0 ], [ 52.251688321662982, 29.775896336640031, 0.0 ], [ 52.251787833368127, 29.775761985599051, 0.0 ], [ 52.251912099646269, 29.775680010786608, 0.0 ], [ 52.251819138342583, 29.775586050543652, 0.0 ], [ 52.251610209045097, 29.775573166058269, 0.0 ], [ 52.25153275229269, 29.77548825412072, 0.0 ], [ 52.251640791234443, 29.77519779252399, 0.0 ], [ 52.251547999732551, 29.774999154155349, 0.0 ], [ 52.251641098329529, 29.77433506642107, 0.0 ], [ 52.251851367430227, 29.774153926996259, 0.0 ], [ 52.252384501182377, 29.7738919526358, 0.0 ], [ 52.252750723047441, 29.773869821542579, 0.0 ], [ 52.252901734880083, 29.773881728937369, 0.0 ], [ 52.253069167345281, 29.773973972115471, 0.0 ], [ 52.253142334962568, 29.774156353978299, 0.0 ], [ 52.253315016007853, 29.77419897023524, 0.0 ], [ 52.253428799223713, 29.774200905711819, 0.0 ], [ 52.253659533088637, 29.774163272878869, 0.0 ], [ 52.253771487034463, 29.774009988680451, 0.0 ], [ 52.253883467768567, 29.77384136364747, 0.0 ], [ 52.253984811070147, 29.773857727481069, 0.0 ], [ 52.254163538592792, 29.774008644185859, 0.0 ], [ 52.254200781226039, 29.774004176099609, 0.0 ], [ 52.25401421144965, 29.773570789983289, 0.0 ], [ 52.253686669291021, 29.773335775184691, 0.0 ], [ 52.253206773341908, 29.773286478875821, 0.0 ], [ 52.25315000740563, 29.773203393098761, 0.0 ], [ 52.253107247773407, 29.772753933826252, 0.0 ], [ 52.25320991297307, 29.772590712643051, 0.0 ], [ 52.253592998209562, 29.77235923021744, 0.0 ], [ 52.253892431082647, 29.772041928397488, 0.0 ], [ 52.256365379666683, 29.77367726960281, 0.0 ], [ 52.256503455336393, 29.773977957619248, 0.0 ], [ 52.256869779913593, 29.773884526937749, 0.0 ], [ 52.25729079119472, 29.773883204727831, 0.0 ], [ 52.25756991160123, 29.77400534987018, 0.0 ], [ 52.257669139450257, 29.774055995290801, 0.0 ], [ 52.258063716629501, 29.773747814699401, 0.0 ], [ 52.25802860604356, 29.773705357821989, 0.0 ], [ 52.257763814325493, 29.77369423264944, 0.0 ], [ 52.257568450014062, 29.773592939528498, 0.0 ], [ 52.257492156867301, 29.773424098618161, 0.0 ], [ 52.257498161374443, 29.772869104176149, 0.0 ], [ 52.25726169040788, 29.77259449304875, 0.0 ], [ 52.25727313397676, 29.772556610568639, 0.0 ], [ 52.257490256528108, 29.77262543715576, 0.0 ], [ 52.257552264782213, 29.772663415264919, 0.0 ], [ 52.257596755826214, 29.772656241447748, 0.0 ], [ 52.257900377174302, 29.77229110265591, 0.0 ], [ 52.257827192317997, 29.772117756521141, 0.0 ], [ 52.257964087900262, 29.77188508379918, 0.0 ], [ 52.258056219547889, 29.77183645243387, 0.0 ], [ 52.258048131390453, 29.77170830190677, 0.0 ], [ 52.25815580100506, 29.771650671199851, 0.0 ], [ 52.258318201837078, 29.77164724003293, 0.0 ], [ 52.258338058040742, 29.771514608602889, 0.0 ], [ 52.25841674819052, 29.77146236091475, 0.0 ], [ 52.25864638007522, 29.771467132898959, 0.0 ], [ 52.258766871549689, 29.771128855528371, 0.0 ], [ 52.258882923637181, 29.770998133695429, 0.0 ], [ 52.259076330436848, 29.771012787959439, 0.0 ], [ 52.259473387028791, 29.771111598734841, 0.0 ], [ 52.259709965814757, 29.771318525408759, 0.0 ], [ 52.259766900987508, 29.77128339568511, 0.0 ], [ 52.2597642221901, 29.771000027541572, 0.0 ], [ 52.259610443644071, 29.770761612398061, 0.0 ], [ 52.259710880043599, 29.77069404284541, 0.0 ], [ 52.259758510393809, 29.77066431588533, 0.0 ], [ 52.259294938584219, 29.770073601623391, 0.0 ], [ 52.259298419753939, 29.769822733555831, 0.0 ], [ 52.259348267217419, 29.769688326550561, 0.0 ], [ 52.259429050366919, 29.769620736821739, 0.0 ], [ 52.259677387717353, 29.769564165558581, 0.0 ], [ 52.259978254856478, 29.76965203383693, 0.0 ], [ 52.260074455793109, 29.76964943882318, 0.0 ], [ 52.260130431911293, 29.769569180085739, 0.0 ], [ 52.25998915710251, 29.769271223458979, 0.0 ], [ 52.260006895554653, 29.769171973898949, 0.0 ], [ 52.260415971764438, 29.768828608984009, 0.0 ], [ 52.260887002019437, 29.768563818079109, 0.0 ], [ 52.261134196860432, 29.768574924590538, 0.0 ], [ 52.261220011769673, 29.76860118668964, 0.0 ], [ 52.261392684545193, 29.768651914055571, 0.0 ], [ 52.261795530196743, 29.769034994026331, 0.0 ], [ 52.262105346704033, 29.76937375126375, 0.0 ], [ 52.263015625080648, 29.770073231172091, 0.0 ], [ 52.263107475529047, 29.770215922668619, 0.0 ], [ 52.262969733340341, 29.77033218253861, 0.0 ], [ 52.263079295766708, 29.770392769641759, 0.0 ], [ 52.263500274233053, 29.7704040525566, 0.0 ], [ 52.263591168576248, 29.770494396713278, 0.0 ], [ 52.263676945960519, 29.770550445100671, 0.0 ], [ 52.263698150549047, 29.770191302614698, 0.0 ], [ 52.263791473385901, 29.770026258790931, 0.0 ], [ 52.263526995583831, 29.769800356467918, 0.0 ], [ 52.263212120992151, 29.769380383520989, 0.0 ], [ 52.262888154384797, 29.768806080271169, 0.0 ], [ 52.262660931030908, 29.7678573750776, 0.0 ], [ 52.262657240629721, 29.76755235050295, 0.0 ], [ 52.262818862839787, 29.767371144200901, 0.0 ], [ 52.263151146782548, 29.76719102309707, 0.0 ], [ 52.263506990285023, 29.767172463968429, 0.0 ], [ 52.263887476574318, 29.76728026248723, 0.0 ], [ 52.264716565813643, 29.767605144549211, 0.0 ], [ 52.265108236510997, 29.767854642532789, 0.0 ], [ 52.265364296664643, 29.768176183509489, 0.0 ], [ 52.265484997766542, 29.768405532641619, 0.0 ], [ 52.265556041386922, 29.768635726824801, 0.0 ], [ 52.265584857152632, 29.768737726855001, 0.0 ], [ 52.265815398636839, 29.768821002927009, 0.0 ], [ 52.266049129789643, 29.76885283855049, 0.0 ], [ 52.266267546026199, 29.768730343740032, 0.0 ], [ 52.266340010869492, 29.76869341841433, 0.0 ], [ 52.266434281021283, 29.76859335405393, 0.0 ], [ 52.266768382510143, 29.768588294444321, 0.0 ], [ 52.267059965331391, 29.768668927104621, 0.0 ], [ 52.267101337343163, 29.768668069603901, 0.0 ], [ 52.267090143406968, 29.76853720541332, 0.0 ], [ 52.266560441494811, 29.76787696354592, 0.0 ], [ 52.266289736420028, 29.767670916432731, 0.0 ], [ 52.266142231014577, 29.76738107640082, 0.0 ], [ 52.266119910538819, 29.767075130463809, 0.0 ], [ 52.266184124295528, 29.767014733903849, 0.0 ], [ 52.266435579399847, 29.766935596860641, 0.0 ], [ 52.26727236531967, 29.766936487841509, 0.0 ], [ 52.267425419688323, 29.766961018745452, 0.0 ], [ 52.267571116865497, 29.7670658596296, 0.0 ], [ 52.267563741710212, 29.767156988595389, 0.0 ], [ 52.267360653517393, 29.767412161732938, 0.0 ], [ 52.26742881551516, 29.7674862346284, 0.0 ], [ 52.268109190100702, 29.76765480950073, 0.0 ], [ 52.268157836224177, 29.767629591664651, 0.0 ], [ 52.268261869412392, 29.767203762578021, 0.0 ], [ 52.268411410128593, 29.766777072842071, 0.0 ], [ 52.268564535068762, 29.76674654754455, 0.0 ], [ 52.26886545156821, 29.766805528033281, 0.0 ], [ 52.269226161544012, 29.767000825042629, 0.0 ], [ 52.269342143553033, 29.766906197398061, 0.0 ], [ 52.269364089194518, 29.76674288160465, 0.0 ], [ 52.269473718277062, 29.766754725263478, 0.0 ], [ 52.269797959792292, 29.767146719554951, 0.0 ], [ 52.269977052691857, 29.767041325512569, 0.0 ], [ 52.270047556163533, 29.766912348128201, 0.0 ], [ 52.270008647438047, 29.766627145640161, 0.0 ], [ 52.27007835482074, 29.766335728568212, 0.0 ], [ 52.270247155356387, 29.766187010505099, 0.0 ], [ 52.270565874138242, 29.76607995063917, 0.0 ], [ 52.270985890084013, 29.76602533656607, 0.0 ], [ 52.271339590503793, 29.766061804163051, 0.0 ], [ 52.271630147865793, 29.766126174918771, 0.0 ], [ 52.27167050600211, 29.76611719621997, 0.0 ], [ 52.271630482319019, 29.765882520192569, 0.0 ], [ 52.271654567914283, 29.76566686352767, 0.0 ], [ 52.271491372310159, 29.765495238822901, 0.0 ], [ 52.271244465013993, 29.765280201942321, 0.0 ], [ 52.271137005941753, 29.765194362674809, 0.0 ], [ 52.270735639320463, 29.76523003660412, 0.0 ], [ 52.27061366688234, 29.765167645718009, 0.0 ], [ 52.270480589080833, 29.764913018213161, 0.0 ], [ 52.270409231624107, 29.764910238511991, 0.0 ], [ 52.269929942330613, 29.76519670883842, 0.0 ], [ 52.269826543290293, 29.765168626936521, 0.0 ], [ 52.269618964885318, 29.764936488216492, 0.0 ], [ 52.269446177022722, 29.764973302598641, 0.0 ], [ 52.26922887852875, 29.765039855023218, 0.0 ], [ 52.26903032946381, 29.7650071539747, 0.0 ], [ 52.268415310599693, 29.76471412213542, 0.0 ], [ 52.268040944602753, 29.764671310586792, 0.0 ], [ 52.267850653020759, 29.76465847208382, 0.0 ], [ 52.267837352691593, 29.76454926716649, 0.0 ], [ 52.268059143949152, 29.764230034503669, 0.0 ], [ 52.268333490398597, 29.764052550568898, 0.0 ], [ 52.268740172228533, 29.763911298731689, 0.0 ], [ 52.26922013742027, 29.763883835550441, 0.0 ], [ 52.269363950277537, 29.76385420278778, 0.0 ], [ 52.270677890872612, 29.763593873619872, 0.0 ], [ 52.270958177762928, 29.76360228884981, 0.0 ], [ 52.270944879373253, 29.763489474754071, 0.0 ], [ 52.270399328031282, 29.763082814590941, 0.0 ], [ 52.269919754408157, 29.762826921783368, 0.0 ], [ 52.269834087711637, 29.762701392975629, 0.0 ], [ 52.269866267401177, 29.762615700799369, 0.0 ], [ 52.270559913375337, 29.762131815587271, 0.0 ], [ 52.271272965864043, 29.761824831525271, 0.0 ], [ 52.271542977634972, 29.7617799965603, 0.0 ], [ 52.271730140953963, 29.76181087143674, 0.0 ], [ 52.271936800874492, 29.76195727256027, 0.0 ], [ 52.272667977703406, 29.76277382240902, 0.0 ], [ 52.272981738380331, 29.763270478632851, 0.0 ], [ 52.273039418076159, 29.76345283583824, 0.0 ], [ 52.273063023972568, 29.76358641258037, 0.0 ], [ 52.273200379048752, 29.763739063466179, 0.0 ], [ 52.273270753149468, 29.76371477163379, 0.0 ], [ 52.273436465866823, 29.763549799519112, 0.0 ], [ 52.273697105350927, 29.763553670537789, 0.0 ], [ 52.274013449764233, 29.763667706588819, 0.0 ], [ 52.27411582988902, 29.76368314458718, 0.0 ], [ 52.274238815531639, 29.763752759569041, 0.0 ], [ 52.274346261410081, 29.763844913995801, 0.0 ], [ 52.27440119857728, 29.76375473327484, 0.0 ], [ 52.274346355605097, 29.76299753368437, 0.0 ], [ 52.274204008372628, 29.762711325766091, 0.0 ], [ 52.274069861673958, 29.762473847484749, 0.0 ], [ 52.273912174946602, 29.762054055192429, 0.0 ], [ 52.273890637848247, 29.76192047580809, 0.0 ], [ 52.273948973363723, 29.761611904687779, 0.0 ], [ 52.274089816367471, 29.761472177170731, 0.0 ], [ 52.274296774258538, 29.761398381117289, 0.0 ], [ 52.274684610255839, 29.76141862843302, 0.0 ], [ 52.27504741201529, 29.761596780593219, 0.0 ], [ 52.275442009544307, 29.761974394790521, 0.0 ], [ 52.275480057536413, 29.762144081290408, 0.0 ], [ 52.275380509300589, 29.762332591753609, 0.0 ], [ 52.275493241719623, 29.76233902150177, 0.0 ], [ 52.275770523863841, 29.76226891156842, 0.0 ], [ 52.275857353794869, 29.762315025723751, 0.0 ], [ 52.275967690250503, 29.76256510253323, 0.0 ], [ 52.275964393389167, 29.762712195083061, 0.0 ], [ 52.27605743462987, 29.76274477574988, 0.0 ], [ 52.276422610315507, 29.762693705777469, 0.0 ], [ 52.276814555133299, 29.762737414957289, 0.0 ], [ 52.277151536135747, 29.762896580699579, 0.0 ], [ 52.277189692582027, 29.762982343426248, 0.0 ], [ 52.277155396318022, 29.763101428573311, 0.0 ], [ 52.277261883414987, 29.76314304671055, 0.0 ], [ 52.277543174767139, 29.76316949489394, 0.0 ], [ 52.277665121498082, 29.763250838594558, 0.0 ], [ 52.27779123653562, 29.762508262773562, 0.0 ], [ 52.277858625976137, 29.762388308203828, 0.0 ], [ 52.278058371687663, 29.762287431506959, 0.0 ], [ 52.27818038427602, 29.762314624167221, 0.0 ], [ 52.278191735052957, 29.762335395523721, 0.0 ], [ 52.278284125027149, 29.762075592106591, 0.0 ], [ 52.278303375357318, 29.761583780998411, 0.0 ], [ 52.278368804154077, 29.761376287294421, 0.0 ], [ 52.278444360706693, 29.761337557846218, 0.0 ], [ 52.278624273525793, 29.761375640760662, 0.0 ], [ 52.278786494453861, 29.761501235727959, 0.0 ], [ 52.279423646758737, 29.762284266588551, 0.0 ], [ 52.279658548350341, 29.762523119648058, 0.0 ], [ 52.279897440957029, 29.76268107962132, 0.0 ], [ 52.280028558708423, 29.762924002504519, 0.0 ], [ 52.280115301083903, 29.762904547836801, 0.0 ], [ 52.280204391607967, 29.762784913595279, 0.0 ], [ 52.280201690527143, 29.762148673558649, 0.0 ], [ 52.280315259460323, 29.761569537647361, 0.0 ], [ 52.280440752866348, 29.76147586514157, 0.0 ], [ 52.280677666195587, 29.761481728964661, 0.0 ], [ 52.280824014847759, 29.76154947918949, 0.0 ], [ 52.281076995515477, 29.76190361306741, 0.0 ], [ 52.281127527026527, 29.76215963371639, 0.0 ], [ 52.281226792150747, 29.762155459735691, 0.0 ], [ 52.281414009316933, 29.762017205581021, 0.0 ], [ 52.281820972192911, 29.76180189007766, 0.0 ], [ 52.282167544246107, 29.761810740130311, 0.0 ], [ 52.282221693866823, 29.761721078285142, 0.0 ], [ 52.282089126048717, 29.761561198589519, 0.0 ], [ 52.28174103941776, 29.761213925983849, 0.0 ], [ 52.281617221141254, 29.760979090649091, 0.0 ], [ 52.28158402164658, 29.76069047976732, 0.0 ], [ 52.28170142644408, 29.76048494351631, 0.0 ], [ 52.281791955995473, 29.760418544556838, 0.0 ], [ 52.282064251790061, 29.76045308355155, 0.0 ], [ 52.282383121614693, 29.76062995467942, 0.0 ], [ 52.282604535586003, 29.76063861744494, 0.0 ], [ 52.282937221408893, 29.760588873435161, 0.0 ], [ 52.283129803323313, 29.760613942273551, 0.0 ], [ 52.283318351548353, 29.76079065761909, 0.0 ], [ 52.283456887066947, 29.760919814463669, 0.0 ], [ 52.283555864003709, 29.760876831176269, 0.0 ], [ 52.283577392830033, 29.760714265485149, 0.0 ], [ 52.283567794273161, 29.760263973572808, 0.0 ], [ 52.283057027236097, 29.75974075803428, 0.0 ], [ 52.283035111260652, 29.759577531850521, 0.0 ], [ 52.283134971511068, 29.759377507539199, 0.0 ], [ 52.283145174769409, 29.75922132417212, 0.0 ], [ 52.283267346378551, 29.75909968860654, 0.0 ], [ 52.283603629733747, 29.759115809707751, 0.0 ], [ 52.283944237517311, 29.759158074090429, 0.0 ], [ 52.284232552507788, 29.759123033229521, 0.0 ], [ 52.284472151047851, 29.759073819222319, 0.0 ], [ 52.284929001746818, 29.759167767506689, 0.0 ], [ 52.285019372887291, 29.759243285830259, 0.0 ], [ 52.285472161116651, 29.759304966544558, 0.0 ], [ 52.285652935626217, 29.75915457984329, 0.0 ], [ 52.285665030238548, 29.759112095643449, 0.0 ], [ 52.285285096842763, 29.758793891624201, 0.0 ], [ 52.285217461924418, 29.758466678738479, 0.0 ], [ 52.284202500993018, 29.75647689281989, 0.0 ], [ 52.284211321801557, 29.75644276856486, 0.0 ], [ 52.28404485467366, 29.755901324965429, 0.0 ], [ 52.28402227497871, 29.75537620542848, 0.0 ], [ 52.283929005369323, 29.755077115796091, 0.0 ], [ 52.284041431274773, 29.755035859694001, 0.0 ], [ 52.284660228832898, 29.75534818395997, 0.0 ], [ 52.285948565270822, 29.755980641177551, 0.0 ], [ 52.286132739110208, 29.75626386683528, 0.0 ], [ 52.286260398670649, 29.756458965036892, 0.0 ], [ 52.286696923290357, 29.756738029436089, 0.0 ], [ 52.287007935882038, 29.756832803583801, 0.0 ], [ 52.28740747916715, 29.756873827932449, 0.0 ], [ 52.287874241210943, 29.757047115999161, 0.0 ], [ 52.288355756147403, 29.75739450782849, 0.0 ], [ 52.28852501086552, 29.757618246100758, 0.0 ], [ 52.288580440614332, 29.757835431817639, 0.0 ], [ 52.288572952945238, 29.758485261714501, 0.0 ], [ 52.288727875655063, 29.75886340970829, 0.0 ], [ 52.288898674825717, 29.75901855166039, 0.0 ], [ 52.289088570944273, 29.75896240511349, 0.0 ], [ 52.289310566352839, 29.75877611047116, 0.0 ], [ 52.289539903426373, 29.758466138053201, 0.0 ], [ 52.289605846071673, 29.758432368901321, 0.0 ], [ 52.289835452690618, 29.758430139216539, 0.0 ], [ 52.290352293178799, 29.75852371024348, 0.0 ], [ 52.29089400604844, 29.75876064078512, 0.0 ], [ 52.291442779788717, 29.75910852856569, 0.0 ], [ 52.291598259822138, 29.7591518495753, 0.0 ], [ 52.291652007715022, 29.759010751569271, 0.0 ], [ 52.291584653395162, 29.758723245119679, 0.0 ], [ 52.291481712224133, 29.75851626948754, 0.0 ], [ 52.291392743239257, 29.75824152600007, 0.0 ], [ 52.291185449999702, 29.758049601694001, 0.0 ], [ 52.29063779032213, 29.757710725560042, 0.0 ], [ 52.290240316640947, 29.757536139944669, 0.0 ], [ 52.290032998082403, 29.757339693074432, 0.0 ], [ 52.289902195239762, 29.757004724761629, 0.0 ], [ 52.289864549700432, 29.75654106226775, 0.0 ], [ 52.289864023096449, 29.756335298251841, 0.0 ], [ 52.289752149271429, 29.7560408324346, 0.0 ], [ 52.289317161255681, 29.75555510067846, 0.0 ], [ 52.289170334823702, 29.755288814205329, 0.0 ], [ 52.289248674140367, 29.75511688771029, 0.0 ], [ 52.289337176789068, 29.755057722506809, 0.0 ], [ 52.289482322702227, 29.755103808911901, 0.0 ], [ 52.289786148119617, 29.755478392763742, 0.0 ], [ 52.290088670927091, 29.755681509742189, 0.0 ], [ 52.290363453955912, 29.755773777820561, 0.0 ], [ 52.290784732907767, 29.755815562692039, 0.0 ], [ 52.291162592030382, 29.7559956704314, 0.0 ], [ 52.291700153188728, 29.756367996002041, 0.0 ], [ 52.291846840663503, 29.75634367926861, 0.0 ], [ 52.29226221945131, 29.756018176400531, 0.0 ], [ 52.292666397427517, 29.75571530685832, 0.0 ], [ 52.292803134412367, 29.75574339712114, 0.0 ], [ 52.293294347836593, 29.756411092030952, 0.0 ], [ 52.293418889819627, 29.75646631802336, 0.0 ], [ 52.293680737966731, 29.756489167503592, 0.0 ], [ 52.293929118916452, 29.75664385189118, 0.0 ], [ 52.294036218610437, 29.756581857708479, 0.0 ], [ 52.294164353038923, 29.75643130594305, 0.0 ], [ 52.29431076002875, 29.75637088513686, 0.0 ], [ 52.294345737264607, 29.7562100461695, 0.0 ], [ 52.294150394844408, 29.75582311420246, 0.0 ], [ 52.294153027888562, 29.755760823538122, 0.0 ], [ 52.294361083669997, 29.755511428391461, 0.0 ], [ 52.294448623161827, 29.75546218727137, 0.0 ], [ 52.294820154577422, 29.7554907118915, 0.0 ], [ 52.295698257568283, 29.755759955708331, 0.0 ], [ 52.296068869886589, 29.755803826191372, 0.0 ], [ 52.296131097721492, 29.755690645021261, 0.0 ], [ 52.296102500033591, 29.755467902865011, 0.0 ], [ 52.296018787768197, 29.75534113601822, 0.0 ], [ 52.295799087047193, 29.755013911795729, 0.0 ], [ 52.29570171461291, 29.754724787560239, 0.0 ], [ 52.294977522041613, 29.754158634882039, 0.0 ], [ 52.294909422592397, 29.754043507586481, 0.0 ], [ 52.294828055459931, 29.753818358762128, 0.0 ], [ 52.29485811544086, 29.75369184004256, 0.0 ], [ 52.295086634811213, 29.753548814222789, 0.0 ], [ 52.295348582762273, 29.753448919171511, 0.0 ], [ 52.295618745138697, 29.753478037197969, 0.0 ], [ 52.296427759200292, 29.75391102168053, 0.0 ], [ 52.296524850321127, 29.75402868756186, 0.0 ], [ 52.296610528219567, 29.75441173687954, 0.0 ], [ 52.296758709246078, 29.75458415341091, 0.0 ], [ 52.29746419255877, 29.755001498104619, 0.0 ], [ 52.298055155127372, 29.75545650802054, 0.0 ], [ 52.298128839250857, 29.755488568291391, 0.0 ], [ 52.298496938432358, 29.75547468651261, 0.0 ], [ 52.298813003038227, 29.755418685468541, 0.0 ], [ 52.299073459049829, 29.755394598175329, 0.0 ], [ 52.299327851742682, 29.755254125527511, 0.0 ], [ 52.29959813699957, 29.755163200942128, 0.0 ], [ 52.299769854585747, 29.755031337087651, 0.0 ], [ 52.299715024070643, 29.754357503176241, 0.0 ], [ 52.299773306688778, 29.754136046936409, 0.0 ], [ 52.299937260324427, 29.75407191842012, 0.0 ], [ 52.300131851646732, 29.754090634424831, 0.0 ], [ 52.300847967704257, 29.754141482771551, 0.0 ], [ 52.301245409735017, 29.754312435407979, 0.0 ], [ 52.301523106865723, 29.754244020518449, 0.0 ], [ 52.301718310102878, 29.754208576590571, 0.0 ], [ 52.302057985338941, 29.753996306696489, 0.0 ], [ 52.302313022421913, 29.753807094710151, 0.0 ], [ 52.302466186869779, 29.7538179222697, 0.0 ], [ 52.302865851674383, 29.754008709412439, 0.0 ], [ 52.303208143337237, 29.754002179523489, 0.0 ], [ 52.303486951567777, 29.75407725345833, 0.0 ], [ 52.303625295262279, 29.754045751793019, 0.0 ], [ 52.303700893829728, 29.75392437725295, 0.0 ], [ 52.303814846740202, 29.753546466467181, 0.0 ], [ 52.303984485609661, 29.753281040040779, 0.0 ], [ 52.304100664511758, 29.753191010838311, 0.0 ], [ 52.304314797930061, 29.753196064622511, 0.0 ], [ 52.304860663733798, 29.753568279531311, 0.0 ], [ 52.305253185874577, 29.75350369542765, 0.0 ], [ 52.30554222091444, 29.753297133029371, 0.0 ], [ 52.305766412040732, 29.75326512391624, 0.0 ], [ 52.306255637149427, 29.75326855084808, 0.0 ], [ 52.306603668582362, 29.75320152259787, 0.0 ], [ 52.30667737260211, 29.75310271548852, 0.0 ], [ 52.306703632122371, 29.752887763973849, 0.0 ], [ 52.307014508386629, 29.752699119531108, 0.0 ], [ 52.307108525221729, 29.752685024978842, 0.0 ], [ 52.30767559434333, 29.752723185997962, 0.0 ], [ 52.308235495862917, 29.75263774500803, 0.0 ], [ 52.308502649145673, 29.75254501878878, 0.0 ], [ 52.308858921390893, 29.75247431261791, 0.0 ], [ 52.309066050704963, 29.752376521235838, 0.0 ], [ 52.309263161800729, 29.75232120419237, 0.0 ], [ 52.307653894131853, 29.749318089926859, 0.0 ], [ 52.307637177707392, 29.74928812484179, 0.0 ], [ 52.310182203636273, 29.747952709194639, 0.0 ], [ 52.312484143685353, 29.746207793647219, 0.0 ], [ 52.312863911977892, 29.74471276313519, 0.0 ], [ 52.313858536624828, 29.742643356072559, 0.0 ], [ 52.313157993194388, 29.74167016124748, 0.0 ], [ 52.313098242709643, 29.741649259622498, 0.0 ], [ 52.312741802605771, 29.740967843808619, 0.0 ], [ 52.311977364275727, 29.740289351076871, 0.0 ], [ 52.310176309465753, 29.740172258281991, 0.0 ], [ 52.309666158339901, 29.74000074318862, 0.0 ], [ 52.309087455655828, 29.73944867108592, 0.0 ], [ 52.308559068982809, 29.73874882909163, 0.0 ], [ 52.307715081243387, 29.73873662520576, 0.0 ], [ 52.307456114640438, 29.738698740518078, 0.0 ], [ 52.307438109720131, 29.73871006186036, 0.0 ], [ 52.306999478246929, 29.738627119728299, 0.0 ], [ 52.30658413792267, 29.73838153006141, 0.0 ], [ 52.306453232313068, 29.738355755721859, 0.0 ], [ 52.306404034338378, 29.738372378633819, 0.0 ], [ 52.305969907036783, 29.738392688169679, 0.0 ], [ 52.30593990046804, 29.738385897033481, 0.0 ], [ 52.305459371132677, 29.738257457484401, 0.0 ], [ 52.30520238043492, 29.737752725692769, 0.0 ], [ 52.305381816687941, 29.737079906597572, 0.0 ], [ 52.305972889739152, 29.736510368764751, 0.0 ], [ 52.306823070256947, 29.736017220729462, 0.0 ], [ 52.307185115782957, 29.735470410435742, 0.0 ], [ 52.307783070136743, 29.734417376262051, 0.0 ], [ 52.308478501938268, 29.73326989941652, 0.0 ], [ 52.309424356062912, 29.732398625467841, 0.0 ], [ 52.307975925807447, 29.73102848465301, 0.0 ], [ 52.307949167537558, 29.731048607716591, 0.0 ], [ 52.307871025659743, 29.73109144516232, 0.0 ], [ 52.305362495023537, 29.73059828340762, 0.0 ], [ 52.305074826210117, 29.730342441911599, 0.0 ], [ 52.305482373022123, 29.729430200682032, 0.0 ], [ 52.305248579818397, 29.728993560840909, 0.0 ], [ 52.304888336477852, 29.729070027832179, 0.0 ], [ 52.304344957174287, 29.729334461235482, 0.0 ], [ 52.304337398654667, 29.729340000527511, 0.0 ], [ 52.303999036580983, 29.729514370517389, 0.0 ], [ 52.303729274378178, 29.72991905027428, 0.0 ], [ 52.303703494730428, 29.729938381393971, 0.0 ], [ 52.303049648689203, 29.730368869620651, 0.0 ], [ 52.302511646603371, 29.730637252012801, 0.0 ], [ 52.301430981004678, 29.73130287799242, 0.0 ], [ 52.301417270627738, 29.731302511989629, 0.0 ], [ 52.300987480878227, 29.731634263982642, 0.0 ], [ 52.300658471215307, 29.731737443409109, 0.0 ], [ 52.300033355037257, 29.731755503003878, 0.0 ], [ 52.298867423612357, 29.731258412132341, 0.0 ], [ 52.296952510600832, 29.729119840436599, 0.0 ], [ 52.300451525447713, 29.72584451979694, 0.0 ], [ 52.299286397658904, 29.72542645969062, 0.0 ], [ 52.296147014218498, 29.727147534695799, 0.0 ], [ 52.295811699999007, 29.725779182575739, 0.0 ], [ 52.293090251844269, 29.724848777529751, 0.0 ], [ 52.292682665569792, 29.72431253909134, 0.0 ], [ 52.292367386890319, 29.723773591507861, 0.0 ], [ 52.292196855837368, 29.723294622750188, 0.0 ], [ 52.292002551989647, 29.722824659594689, 0.0 ], [ 52.291924449749047, 29.72253726708519, 0.0 ], [ 52.291998686715793, 29.722230973577641, 0.0 ], [ 52.292123648736201, 29.721916913512398, 0.0 ], [ 52.292258057205331, 29.72166402199781, 0.0 ], [ 52.292411423838942, 29.721457001916541, 0.0 ], [ 52.292571767559238, 29.721248323541449, 0.0 ], [ 52.292745980393448, 29.721108208753421, 0.0 ], [ 52.292893265208001, 29.721001342399749, 0.0 ], [ 52.293033721074593, 29.720876471497021, 0.0 ], [ 52.293280618704522, 29.72067465226641, 0.0 ], [ 52.29361264957172, 29.72035836559164, 0.0 ], [ 52.293837745674267, 29.720159026082339, 0.0 ], [ 52.294029384239082, 29.719997590227319, 0.0 ], [ 52.294166315775037, 29.719864711490231, 0.0 ], [ 52.294294768148028, 29.719764254162939, 0.0 ], [ 52.294412073508639, 29.719653704287001, 0.0 ], [ 52.294546384907477, 29.719523198785701, 0.0 ], [ 52.294692573604962, 29.71939553680479, 0.0 ], [ 52.294800151993321, 29.7193221019246, 0.0 ], [ 52.294945349854551, 29.719187687820149, 0.0 ], [ 52.295102653622394, 29.71905701912738, 0.0 ], [ 52.295263435799157, 29.71891387959937, 0.0 ], [ 52.295471606611528, 29.71874844394268, 0.0 ], [ 52.295842781626853, 29.71841722240773, 0.0 ], [ 52.296141272588677, 29.718133045183379, 0.0 ], [ 52.296488193001871, 29.717804663636912, 0.0 ], [ 52.296768270429752, 29.71754192818371, 0.0 ], [ 52.29706090767484, 29.717284646722849, 0.0 ], [ 52.297417151620436, 29.71700236888428, 0.0 ], [ 52.297866344987163, 29.716670582087819, 0.0 ], [ 52.298469756700086, 29.71620047313753, 0.0 ], [ 52.298906168613122, 29.71586891024284, 0.0 ], [ 52.299348953548751, 29.715532665920321, 0.0 ], [ 52.299878617575267, 29.715145479619409, 0.0 ], [ 52.300426880057223, 29.71475846682559, 0.0 ], [ 52.300999293808317, 29.71437617669449, 0.0 ], [ 52.301381871138943, 29.714090802570201, 0.0 ], [ 52.301516213399971, 29.71401924517389, 0.0 ], [ 52.301751165604372, 29.713862052430649, 0.0 ], [ 52.301966104317131, 29.71367237275884, 0.0 ], [ 52.302093363170663, 29.713533352971911, 0.0 ], [ 52.302231239527067, 29.713327726776431, 0.0 ], [ 52.302328012361507, 29.713168575815441, 0.0 ], [ 52.302430476388551, 29.7129868246199, 0.0 ], [ 52.302609463402597, 29.712646254052601, 0.0 ], [ 52.302848060863191, 29.712244585732659, 0.0 ], [ 52.302992609425921, 29.71201924106694, 0.0 ], [ 52.303172256016992, 29.71181700458293, 0.0 ], [ 52.303296444199738, 29.711687371596859, 0.0 ], [ 52.303403428355097, 29.711595142801819, 0.0 ], [ 52.303503138005958, 29.71150027027636, 0.0 ], [ 52.303618521400843, 29.711412174546059, 0.0 ], [ 52.303804172575838, 29.71124601485818, 0.0 ], [ 52.303891262402907, 29.711183014784339, 0.0 ], [ 52.304020772028032, 29.711057983217419, 0.0 ], [ 52.304229029591269, 29.710888099068061, 0.0 ], [ 52.30451811108346, 29.71067447761888, 0.0 ], [ 52.304638839327687, 29.710585129102071, 0.0 ], [ 52.304854866804433, 29.71043910579489, 0.0 ], [ 52.305050280093788, 29.71031998045753, 0.0 ], [ 52.305249126301369, 29.710155980797381, 0.0 ], [ 52.305427437211037, 29.710009385394269, 0.0 ], [ 52.305738535074639, 29.709772719474469, 0.0 ], [ 52.306157873513072, 29.70940705102452, 0.0 ], [ 52.306612530380157, 29.709052096862141, 0.0 ], [ 52.307178490229447, 29.708623470280109, 0.0 ], [ 52.307512069894948, 29.70834167411158, 0.0 ], [ 52.307690159039183, 29.708160597984751, 0.0 ], [ 52.307999442998558, 29.70778228642688, 0.0 ], [ 52.308220664772207, 29.707471178229088, 0.0 ], [ 52.308603823420661, 29.70696749411735, 0.0 ], [ 52.308705827520917, 29.706795609436949, 0.0 ], [ 52.308827503377273, 29.706617459026749, 0.0 ], [ 52.309080499933998, 29.706253506000351, 0.0 ], [ 52.309433284112963, 29.70581172267012, 0.0 ], [ 52.30961474048538, 29.705582785489131, 0.0 ], [ 52.309833386150963, 29.705329023898589, 0.0 ], [ 52.310221122542032, 29.70496093944756, 0.0 ], [ 52.310397732149653, 29.70479371245619, 0.0 ], [ 52.310522628390252, 29.70466719898544, 0.0 ], [ 52.310814989475382, 29.704389579170901, 0.0 ], [ 52.311390705582163, 29.703779978126331, 0.0 ], [ 52.311554079634703, 29.703591034086809, 0.0 ], [ 52.31163403685705, 29.703525688565879, 0.0 ], [ 52.311758778111368, 29.703401882646268, 0.0 ], [ 52.311850612816961, 29.703293219687151, 0.0 ], [ 52.312019428544083, 29.703057616849421, 0.0 ], [ 52.312124316753341, 29.702883151840489, 0.0 ], [ 52.312187157737007, 29.702775786599439, 0.0 ], [ 52.312243687030097, 29.70266872029724, 0.0 ], [ 52.312280098042677, 29.702546252981769, 0.0 ], [ 52.312347207828687, 29.702320143538191, 0.0 ], [ 52.312414010056948, 29.702124219026199, 0.0 ], [ 52.312510263421338, 29.70199852272107, 0.0 ], [ 52.312641547432648, 29.701870089624801, 0.0 ], [ 52.312774962095439, 29.701747035126129, 0.0 ], [ 52.312860929686913, 29.701643390942088, 0.0 ], [ 52.312959389664272, 29.701502582841751, 0.0 ], [ 52.313035370099414, 29.701387654938081, 0.0 ], [ 52.313125725772473, 29.701245392122939, 0.0 ], [ 52.313472630231772, 29.700811548955159, 0.0 ], [ 52.313605217926131, 29.70061885703506, 0.0 ], [ 52.313716615003592, 29.70041637682198, 0.0 ], [ 52.313813214006203, 29.700247439521601, 0.0 ], [ 52.313936818539368, 29.700097797829439, 0.0 ], [ 52.314148379720571, 29.699830178646419, 0.0 ], [ 52.314224902267597, 29.699724457108751, 0.0 ], [ 52.314339354511382, 29.699570160259469, 0.0 ], [ 52.314486055320401, 29.69935878080183, 0.0 ], [ 52.314606043158832, 29.69917023488642, 0.0 ], [ 52.31473597715619, 29.698968704136231, 0.0 ], [ 52.314862198666809, 29.69878999793448, 0.0 ], [ 52.314957510363598, 29.6986523870175, 0.0 ], [ 52.315103965605992, 29.698467657535971, 0.0 ], [ 52.315129615821803, 29.69842186690785, 0.0 ], [ 52.315189226950089, 29.698340976627431, 0.0 ], [ 52.31537148314122, 29.698072775780261, 0.0 ], [ 52.315576129335803, 29.697782891874471, 0.0 ], [ 52.315713841869368, 29.697624137882759, 0.0 ], [ 52.315752662558388, 29.697555360806501, 0.0 ], [ 52.315866720609947, 29.69740416898798, 0.0 ], [ 52.315924930034903, 29.697323750724991, 0.0 ], [ 52.315977031825241, 29.697248551131182, 0.0 ], [ 52.316000355150067, 29.697218169949991, 0.0 ], [ 52.316024565961563, 29.697188555993371, 0.0 ], [ 52.316086359537131, 29.697092438528561, 0.0 ], [ 52.316223891963133, 29.696893602981039, 0.0 ], [ 52.316277753039337, 29.69681171088164, 0.0 ], [ 52.316341512748522, 29.696722864995699, 0.0 ], [ 52.316404579822397, 29.696623156792551, 0.0 ], [ 52.316481982776473, 29.69649194202729, 0.0 ], [ 52.316550350344308, 29.696390383528829, 0.0 ], [ 52.316710633596102, 29.696161189955699, 0.0 ], [ 52.31685416885157, 29.695943757402471, 0.0 ], [ 52.317065359814237, 29.695652005962749, 0.0 ], [ 52.317120179093862, 29.69557030162672, 0.0 ], [ 52.317274597080022, 29.695350659669199, 0.0 ], [ 52.31732427010823, 29.695280845666002, 0.0 ], [ 52.317377476981413, 29.695207879673749, 0.0 ], [ 52.317428526603223, 29.695141712898049, 0.0 ], [ 52.317571994309631, 29.694940633206699, 0.0 ], [ 52.31761161832214, 29.694891450927269, 0.0 ], [ 52.317683167536799, 29.694779952980539, 0.0 ], [ 52.317773921167607, 29.69467109379184, 0.0 ], [ 52.317782524229528, 29.694641863114331, 0.0 ], [ 52.317856100312852, 29.69454710753018, 0.0 ], [ 52.317945320821217, 29.69441932522534, 0.0 ], [ 52.317996355101343, 29.69433280159215, 0.0 ], [ 52.318150367364822, 29.694114112896919, 0.0 ], [ 52.318345663512702, 29.69384342222439, 0.0 ], [ 52.318500815271342, 29.693644199676559, 0.0 ], [ 52.318556991855857, 29.693561973217221, 0.0 ], [ 52.318618018845292, 29.693489966633638, 0.0 ], [ 52.318813167142608, 29.693239317736658, 0.0 ], [ 52.319011233869851, 29.6929664120665, 0.0 ], [ 52.319099240164199, 29.692798431035168, 0.0 ], [ 52.319211856586257, 29.692597875255402, 0.0 ], [ 52.319255523919132, 29.692383034744658, 0.0 ], [ 52.319226609150071, 29.69211430778077, 0.0 ], [ 52.319749187694157, 29.692322926421419, 0.0 ], [ 52.320102374025318, 29.692562492785189, 0.0 ], [ 52.320654871722333, 29.692598121974189, 0.0 ], [ 52.321176001717383, 29.69239965407575, 0.0 ], [ 52.321835997763863, 29.69222098991197, 0.0 ], [ 52.322466658186762, 29.692263752607669, 0.0 ], [ 52.322944142458361, 29.692396112742369, 0.0 ], [ 52.322952979366057, 29.692404815463181, 0.0 ], [ 52.323833747721523, 29.692590603659209, 0.0 ], [ 52.324251576022327, 29.692674714846319, 0.0 ], [ 52.324390999687829, 29.692822835180849, 0.0 ], [ 52.324634548844983, 29.69301371284584, 0.0 ], [ 52.32545736500952, 29.69333426962892, 0.0 ], [ 52.3258936165603, 29.693543477473941, 0.0 ], [ 52.326709205512088, 29.69369007486188, 0.0 ], [ 52.327323618683081, 29.693695300797071, 0.0 ], [ 52.327677922319353, 29.69381511574829, 0.0 ], [ 52.328027306181191, 29.693944363797659, 0.0 ], [ 52.328595632247371, 29.693949176894119, 0.0 ], [ 52.329196533030583, 29.693641122797551, 0.0 ], [ 52.330037626519953, 29.693238677602022, 0.0 ], [ 52.330263492093941, 29.692942945999359, 0.0 ], [ 52.331472800606271, 29.692566885783201, 0.0 ], [ 52.331872124446747, 29.692416423194629, 0.0 ], [ 52.332067920000242, 29.692141765536931, 0.0 ], [ 52.332803560686983, 29.691831528186, 0.0 ], [ 52.333590869329157, 29.691483833214171, 0.0 ], [ 52.333832124897903, 29.691203275810061, 0.0 ], [ 52.33382457113192, 29.690913863638752, 0.0 ], [ 52.334068792461188, 29.690260347532931, 0.0 ], [ 52.334144105189502, 29.689954641204121, 0.0 ], [ 52.334160018294227, 29.689708420501312, 0.0 ], [ 52.334244141436677, 29.689248034476581, 0.0 ], [ 52.334635634686187, 29.688994333973749, 0.0 ], [ 52.334908496744397, 29.68871831283926, 0.0 ], [ 52.335100444578543, 29.688315102593339, 0.0 ], [ 52.335153173223013, 29.687868180076819, 0.0 ], [ 52.335299171884309, 29.68767648896614, 0.0 ], [ 52.335444105163823, 29.68745866564733, 0.0 ], [ 52.335593452744661, 29.687295387028641, 0.0 ], [ 52.335882582759389, 29.687181263430329, 0.0 ], [ 52.3362238093478, 29.687267145555911, 0.0 ], [ 52.336481489440537, 29.687501029503711, 0.0 ], [ 52.336805543858937, 29.687496138103079, 0.0 ], [ 52.337480559997203, 29.687312034258941, 0.0 ], [ 52.337989847415727, 29.68719521203187, 0.0 ], [ 52.338251573409117, 29.687239590208719, 0.0 ], [ 52.338405515906913, 29.687375764799171, 0.0 ], [ 52.338680656015732, 29.687404016452469, 0.0 ], [ 52.338901235987557, 29.687073702572569, 0.0 ], [ 52.339141137268513, 29.686877307962831, 0.0 ], [ 52.339554731068148, 29.6867635550879, 0.0 ], [ 52.339988777111479, 29.686483819226549, 0.0 ], [ 52.340161313898861, 29.68622055226129, 0.0 ], [ 52.340262951112543, 29.686076824754341, 0.0 ], [ 52.34048729222534, 29.686043735924098, 0.0 ], [ 52.340729872462731, 29.686072769463539, 0.0 ], [ 52.341010177278363, 29.68601676415922, 0.0 ], [ 52.341197835592837, 29.686038140270611, 0.0 ], [ 52.341288046115601, 29.686138822838949, 0.0 ], [ 52.341451017045181, 29.686221310269961, 0.0 ], [ 52.341753333867963, 29.68612528746748, 0.0 ], [ 52.34210150673087, 29.685880522633919, 0.0 ], [ 52.342357183088033, 29.68570585329552, 0.0 ], [ 52.34275313179652, 29.685656565544249, 0.0 ], [ 52.342963549579743, 29.685597210133778, 0.0 ], [ 52.342998430322332, 29.6853884480708, 0.0 ], [ 52.342842314343699, 29.685114118999721, 0.0 ], [ 52.342117174444603, 29.68410515805239, 0.0 ], [ 52.34227001804458, 29.6839082195781, 0.0 ], [ 52.342623798146889, 29.683830091898841, 0.0 ], [ 52.343073568944128, 29.68376996353258, 0.0 ], [ 52.343363809455283, 29.683545096423799, 0.0 ], [ 52.343542237976081, 29.683187071848089, 0.0 ], [ 52.343801926058347, 29.68303647609315, 0.0 ], [ 52.344056141890071, 29.683182443801719, 0.0 ], [ 52.344158468123887, 29.683281012690049, 0.0 ], [ 52.344298176944719, 29.683311051053771, 0.0 ], [ 52.344462109461439, 29.683114316158591, 0.0 ], [ 52.344518303527373, 29.68272060009631, 0.0 ], [ 52.344558319046939, 29.682320817282331, 0.0 ], [ 52.344632907098628, 29.681811817176509, 0.0 ], [ 52.344646584099578, 29.681774389435091, 0.0 ], [ 52.344921242805839, 29.68119151472558, 0.0 ], [ 52.345086103017067, 29.680936732397331, 0.0 ], [ 52.345529176089691, 29.680558946954491, 0.0 ], [ 52.345745737542629, 29.680333660833291, 0.0 ], [ 52.34575966681102, 29.679993203190371, 0.0 ], [ 52.345677363444338, 29.67967307627811, 0.0 ], [ 52.345684765050713, 29.679635644492809, 0.0 ], [ 52.345677908147572, 29.679189212516999, 0.0 ], [ 52.345667118639163, 29.67913280892898, 0.0 ], [ 52.345636970273858, 29.678895353182462, 0.0 ], [ 52.345634371390048, 29.678828013509339, 0.0 ], [ 52.345613370364958, 29.678573081443709, 0.0 ], [ 52.345447561492271, 29.67841227244983, 0.0 ], [ 52.345697693494813, 29.67827478341859, 0.0 ], [ 52.346040203960683, 29.678229619747452, 0.0 ], [ 52.346551736906022, 29.67807731908367, 0.0 ], [ 52.347094258208308, 29.67789148942154, 0.0 ], [ 52.347436510116232, 29.677839952219301, 0.0 ], [ 52.347536382056482, 29.677908558492391, 0.0 ], [ 52.347646832648053, 29.678029764923831, 0.0 ], [ 52.34778856946739, 29.67812763787478, 0.0 ], [ 52.348019559045419, 29.678081190563251, 0.0 ], [ 52.348149387320007, 29.677853927958999, 0.0 ], [ 52.348200571089308, 29.67753760681811, 0.0 ], [ 52.348334059600973, 29.677270319766091, 0.0 ], [ 52.348498739977742, 29.676969486901651, 0.0 ], [ 52.348817883605662, 29.676660524818399, 0.0 ], [ 52.34919032106977, 29.676408739860861, 0.0 ], [ 52.349705816556572, 29.67624981851958, 0.0 ], [ 52.350235537494513, 29.676075975623309, 0.0 ], [ 52.350464645072002, 29.676072471197742, 0.0 ], [ 52.350804605254147, 29.67598878358833, 0.0 ], [ 52.35096428556124, 29.675829641224141, 0.0 ], [ 52.351329488067563, 29.675636090456891, 0.0 ], [ 52.351424283874017, 29.675736167232181, 0.0 ], [ 52.351518739404028, 29.675893297450958, 0.0 ], [ 52.351664017489263, 29.676014379874069, 0.0 ], [ 52.351983386581423, 29.676195854165069, 0.0 ], [ 52.352250184897947, 29.67610065149411, 0.0 ], [ 52.352546480231297, 29.676039470877281, 0.0 ], [ 52.352878838635327, 29.676090256393959, 0.0 ], [ 52.353229326544977, 29.676033502026279, 0.0 ], [ 52.353629195626752, 29.67576680708834, 0.0 ], [ 52.353927092021159, 29.675409823528959, 0.0 ], [ 52.354114757021463, 29.674939832471591, 0.0 ], [ 52.354203486902023, 29.674607036231201, 0.0 ], [ 52.35430306255612, 29.674261789982879, 0.0 ], [ 52.35429406674416, 29.674229585885531, 0.0 ], [ 52.354410639917219, 29.673797610801351, 0.0 ], [ 52.354629040646053, 29.673612481895269, 0.0 ], [ 52.355096820097181, 29.67338158504004, 0.0 ], [ 52.355427997970267, 29.673073915637708, 0.0 ], [ 52.355776190508138, 29.672500233158669, 0.0 ], [ 52.355777576468768, 29.6722805192701, 0.0 ], [ 52.355761091971978, 29.672280504750489, 0.0 ], [ 52.355719117782357, 29.672261839925088, 0.0 ], [ 52.355696522148378, 29.672249334064631, 0.0 ], [ 52.355503722825397, 29.671982614021879, 0.0 ], [ 52.355417625045533, 29.671779532434918, 0.0 ], [ 52.35547724370754, 29.671559695692739, 0.0 ], [ 52.355640102680468, 29.671390463812099, 0.0 ], [ 52.35597664344197, 29.671173806973531, 0.0 ], [ 52.356107342659371, 29.670871418716249, 0.0 ], [ 52.356167448184323, 29.67066329224707, 0.0 ], [ 52.356357339008667, 29.67054014244518, 0.0 ], [ 52.356675363915087, 29.67045794068023, 0.0 ], [ 52.356934905712997, 29.670284642088049, 0.0 ], [ 52.357242036319541, 29.670016309134351, 0.0 ], [ 52.357619807066058, 29.66986433149, 0.0 ], [ 52.364936938899866, 29.678624289286699, 0.0 ], [ 52.364962154604008, 29.678608647648691, 0.0 ], [ 52.372107871445557, 29.68540553003119, 0.0 ], [ 52.381270822236772, 29.696342147060989, 0.0 ], [ 52.388627216948343, 29.707951785520841, 0.0 ], [ 52.389725621470028, 29.716401897109769, 0.0 ], [ 52.389930924896483, 29.717306291639279, 0.0 ], [ 52.390095732013208, 29.71710745156879, 0.0 ], [ 52.390281142183973, 29.71692758369883, 0.0 ], [ 52.390399674720399, 29.716923926824791, 0.0 ], [ 52.390520097515413, 29.717128185256119, 0.0 ], [ 52.390681175383882, 29.71728227911191, 0.0 ], [ 52.390832957758597, 29.71735042283397, 0.0 ], [ 52.391079106371627, 29.717316125698961, 0.0 ], [ 52.391368813634749, 29.71700591393633, 0.0 ], [ 52.391543198466231, 29.71677202202499, 0.0 ], [ 52.391835725018048, 29.71650736975646, 0.0 ], [ 52.392280535635237, 29.716304377411198, 0.0 ], [ 52.392663886326723, 29.716160245221381, 0.0 ], [ 52.39307547359013, 29.715995972753589, 0.0 ], [ 52.393338164888497, 29.715845052860821, 0.0 ], [ 52.393674984739263, 29.715625281446869, 0.0 ], [ 52.393943122018207, 29.71546276995138, 0.0 ], [ 52.394300776253999, 29.715388914427049, 0.0 ], [ 52.394471739774367, 29.715470645509349, 0.0 ], [ 52.39470689698193, 29.715614755426198, 0.0 ], [ 52.394901395010613, 29.715914456429989, 0.0 ], [ 52.395034237385318, 29.71617520392148, 0.0 ], [ 52.395190691605649, 29.716362879030619, 0.0 ], [ 52.395360218019967, 29.716456157145359, 0.0 ], [ 52.395653110444222, 29.71649109528213, 0.0 ], [ 52.39577900849963, 29.716579470941479, 0.0 ], [ 52.395800014084998, 29.716797453396879, 0.0 ], [ 52.395765057929282, 29.71708591475744, 0.0 ], [ 52.395727097848123, 29.717507159744841, 0.0 ], [ 52.395640417224463, 29.71770164300067, 0.0 ], [ 52.395571868470007, 29.717932363433309, 0.0 ], [ 52.395554428471478, 29.718107994534751, 0.0 ], [ 52.395617464131782, 29.71825972278938, 0.0 ], [ 52.395666459162612, 29.718436016963071, 0.0 ], [ 52.395816471434159, 29.7186749230336, 0.0 ], [ 52.396006418037182, 29.718790138777369, 0.0 ], [ 52.396166977778279, 29.718805486617779, 0.0 ], [ 52.396348225768278, 29.71877516044578, 0.0 ], [ 52.396680206411851, 29.718619012888571, 0.0 ], [ 52.396938880716007, 29.718533120889379, 0.0 ], [ 52.397210989187982, 29.718568109609791, 0.0 ], [ 52.397505766257638, 29.718596228807421, 0.0 ], [ 52.397695509950687, 29.71861193084262, 0.0 ], [ 52.397985088823212, 29.718621655961272, 0.0 ], [ 52.398109688688059, 29.71858635261928, 0.0 ], [ 52.398338484789768, 29.71849502541474, 0.0 ], [ 52.398567946939259, 29.718448632919859, 0.0 ], [ 52.398704489079449, 29.71849008499159, 0.0 ], [ 52.398627027026542, 29.718631603286639, 0.0 ], [ 52.398339755327413, 29.71885615708052, 0.0 ], [ 52.398051312407233, 29.71913659328057, 0.0 ], [ 52.397700847400337, 29.719585248743769, 0.0 ], [ 52.397585029963523, 29.71981286783279, 0.0 ], [ 52.397503819088733, 29.720036614908029, 0.0 ], [ 52.397418061943057, 29.720350915018312, 0.0 ], [ 52.397346123943016, 29.720607755683961, 0.0 ], [ 52.397321875679779, 29.720756564769591, 0.0 ], [ 52.397459752244302, 29.72089144263116, 0.0 ], [ 52.397564373117163, 29.721002004485339, 0.0 ], [ 52.39767803572721, 29.721119648167491, 0.0 ], [ 52.397726721771598, 29.72123120201239, 0.0 ], [ 52.39775418843476, 29.72132091715374, 0.0 ], [ 52.397653630781868, 29.721488076640782, 0.0 ], [ 52.3975704589012, 29.72166990627429, 0.0 ], [ 52.397555550607322, 29.721922742985459, 0.0 ], [ 52.397556452818819, 29.72204171074404, 0.0 ], [ 52.397505423396922, 29.722176311558549, 0.0 ], [ 52.383609895128252, 29.723915617711981, 0.0 ], [ 52.383048387852348, 29.732805517748201, 0.0 ], [ 52.38341053422517, 29.732769951406549, 0.0 ], [ 52.384596200274522, 29.732715307908169, 0.0 ], [ 52.385320330859919, 29.73254150389058, 0.0 ], [ 52.3857958010191, 29.732446699397261, 0.0 ], [ 52.386141661077133, 29.732504918979838, 0.0 ], [ 52.386665923159782, 29.73280889208586, 0.0 ], [ 52.386798545604222, 29.733054557495411, 0.0 ], [ 52.386762201586251, 29.733349046186699, 0.0 ], [ 52.386979221583061, 29.733624866421589, 0.0 ], [ 52.387394074148553, 29.733989213174979, 0.0 ], [ 52.387795627006611, 29.734376529576309, 0.0 ], [ 52.387979416818958, 29.734723725007171, 0.0 ], [ 52.387959832372736, 29.735035367974621, 0.0 ], [ 52.388052475049157, 29.73561909785446, 0.0 ], [ 52.388459987132087, 29.73607326226594, 0.0 ], [ 52.388576953187162, 29.73637904907573, 0.0 ], [ 52.38836098456332, 29.736705235809229, 0.0 ], [ 52.388188591468193, 29.73686518593566, 0.0 ], [ 52.387745356888672, 29.73692014510836, 0.0 ], [ 52.387479293740277, 29.737169243665949, 0.0 ], [ 52.387363149774401, 29.737456780735702, 0.0 ], [ 52.387406125572937, 29.737744162766461, 0.0 ], [ 52.387576337496661, 29.738050509267531, 0.0 ], [ 52.388147920360971, 29.738772489104079, 0.0 ], [ 52.388177742001012, 29.73944798439738, 0.0 ], [ 52.387967410714317, 29.739913306009399, 0.0 ], [ 52.38770201305087, 29.740515805149339, 0.0 ], [ 52.387388329120697, 29.740911206539671, 0.0 ], [ 52.387246987777537, 29.74107422553379, 0.0 ], [ 52.387455378629333, 29.741352930275859, 0.0 ], [ 52.387726253611753, 29.74164199085978, 0.0 ], [ 52.387947960327097, 29.742087611882461, 0.0 ], [ 52.387884633117991, 29.742617103853672, 0.0 ], [ 52.387828669234487, 29.74300024043103, 0.0 ], [ 52.387542849460417, 29.74342063499067, 0.0 ], [ 52.387201049956367, 29.743672475552881, 0.0 ], [ 52.386893222745982, 29.743904472683411, 0.0 ], [ 52.386289205910941, 29.744174534742861, 0.0 ], [ 52.386269757781847, 29.74416822075505, 0.0 ], [ 52.386064358162074, 29.744580742056019, 0.0 ], [ 52.385872474533791, 29.744931736567999, 0.0 ], [ 52.385371204040268, 29.745232415563809, 0.0 ], [ 52.384948160981573, 29.74550236512167, 0.0 ], [ 52.384782449600102, 29.74591872010215, 0.0 ], [ 52.3845546160602, 29.74634336077056, 0.0 ], [ 52.38452889037417, 29.746624680253881, 0.0 ], [ 52.384610393695482, 29.746970249117808, 0.0 ], [ 52.384479120254383, 29.748040337638749, 0.0 ], [ 52.384241886477703, 29.74872033506951, 0.0 ], [ 52.383853745898577, 29.74935100669774, 0.0 ], [ 52.383813068395717, 29.749387246885021, 0.0 ], [ 52.383334283027558, 29.749732574938012, 0.0 ], [ 52.382212529872717, 29.750092156157109, 0.0 ], [ 52.381637231265557, 29.750195005163889, 0.0 ], [ 52.381294104821187, 29.750372492135369, 0.0 ], [ 52.378480732894303, 29.74790736468838, 0.0 ], [ 52.378071519131751, 29.748219694161399, 0.0 ], [ 52.377699446071418, 29.748613543058639, 0.0 ], [ 52.377319205376267, 29.749310263580931, 0.0 ], [ 52.377074643533582, 29.749598425076819, 0.0 ], [ 52.376721721240472, 29.749775026837199, 0.0 ], [ 52.376558684235427, 29.74979684602793, 0.0 ], [ 52.376292388034543, 29.749763061902769, 0.0 ], [ 52.376058273362169, 29.74980197971291, 0.0 ], [ 52.375799771640089, 29.750000372550161, 0.0 ], [ 52.375740539015133, 29.75004583592607, 0.0 ], [ 52.375512054794719, 29.750375236850271, 0.0 ], [ 52.375497584219602, 29.750637089508331, 0.0 ], [ 52.375422110206031, 29.750964647552351, 0.0 ], [ 52.375257204855878, 29.751129960204182, 0.0 ], [ 52.374999964511147, 29.751211347166421, 0.0 ], [ 52.374931038861362, 29.75123315174114, 0.0 ], [ 52.374781965542603, 29.751353154089671, 0.0 ], [ 52.374752630303668, 29.751721658844179, 0.0 ], [ 52.37466344798257, 29.752032240215041, 0.0 ], [ 52.374419736049212, 29.752314901800339, 0.0 ], [ 52.374196156837847, 29.752758840568159, 0.0 ], [ 52.37419931369476, 29.753219896814169, 0.0 ], [ 52.374121891094752, 29.753358888800019, 0.0 ], [ 52.374069699067299, 29.753393801905691, 0.0 ], [ 52.373617656111932, 29.753515650210488, 0.0 ], [ 52.373313960947819, 29.753733158583849, 0.0 ], [ 52.373154880040708, 29.753892615088219, 0.0 ], [ 52.371588078212163, 29.755463101417899, 0.0 ], [ 52.37132316221367, 29.755753997576079, 0.0 ], [ 52.371009601409703, 29.756068174842341, 0.0 ], [ 52.370521944181149, 29.75649001053127, 0.0 ], [ 52.369898824324913, 29.757109286595021, 0.0 ], [ 52.369670633975183, 29.757393557581079, 0.0 ], [ 52.369596001576781, 29.757448597529368, 0.0 ], [ 52.369402450878582, 29.75769997021338, 0.0 ], [ 52.369160109065483, 29.757809354693329, 0.0 ], [ 52.368968259617162, 29.75770968921066, 0.0 ], [ 52.368793330616413, 29.757568321618539, 0.0 ], [ 52.368775088447663, 29.757461164422342, 0.0 ], [ 52.368851222398114, 29.757305044769801, 0.0 ], [ 52.368855490901574, 29.757182279272239, 0.0 ], [ 52.368785385178732, 29.756999040048449, 0.0 ], [ 52.368331373149509, 29.75647301259966, 0.0 ], [ 52.368277916619697, 29.756361762794981, 0.0 ], [ 52.368231401553693, 29.75604749973882, 0.0 ], [ 52.368201087641033, 29.75575270359267, 0.0 ], [ 52.368360460637867, 29.755563102793431, 0.0 ], [ 52.368423904136911, 29.755454957018809, 0.0 ], [ 52.368334963807541, 29.7552575105919, 0.0 ], [ 52.368181234182771, 29.755149274080871, 0.0 ], [ 52.368018377604301, 29.755182811803859, 0.0 ], [ 52.3679377852729, 29.755187390044021, 0.0 ], [ 52.36706051297314, 29.756019946715469, 0.0 ], [ 52.366815347005783, 29.756343216157578, 0.0 ], [ 52.366624029045127, 29.756474546637001, 0.0 ], [ 52.366117976581499, 29.756517600958571, 0.0 ], [ 52.366003216236876, 29.756584848122131, 0.0 ], [ 52.365970228357433, 29.75665743198163, 0.0 ], [ 52.36605263665917, 29.756768338662681, 0.0 ], [ 52.36636604958013, 29.756969414717261, 0.0 ], [ 52.366626043266358, 29.757061946207461, 0.0 ], [ 52.366700000671429, 29.757161218069712, 0.0 ], [ 52.366630569154403, 29.75734973523565, 0.0 ], [ 52.36646563256987, 29.757448262757169, 0.0 ], [ 52.366028553288338, 29.757471545485231, 0.0 ], [ 52.365641670006987, 29.757530323672849, 0.0 ], [ 52.365361654864017, 29.75774302279348, 0.0 ], [ 52.365240422041289, 29.757924945296011, 0.0 ], [ 52.365150430158167, 29.758186800558988, 0.0 ], [ 52.365200838977977, 29.75863014465585, 0.0 ], [ 52.365144363119008, 29.758918671632792, 0.0 ], [ 52.364962297553312, 29.759243893454421, 0.0 ], [ 52.364702096187351, 29.759401306540049, 0.0 ], [ 52.364515276406323, 29.75955604100599, 0.0 ], [ 52.364463215840999, 29.759730814468611, 0.0 ], [ 52.364405431760993, 29.759804602123388, 0.0 ], [ 52.364450253227062, 29.75982751999933, 0.0 ], [ 52.364225468956271, 29.76019837276537, 0.0 ], [ 52.364185534101573, 29.76048669264577, 0.0 ], [ 52.364179893646693, 29.761048923050009, 0.0 ], [ 52.364289114385151, 29.761615183445208, 0.0 ], [ 52.364309785518849, 29.762337709707921, 0.0 ], [ 52.36420244562764, 29.762614209022669, 0.0 ], [ 52.363908576943132, 29.76280180907764, 0.0 ], [ 52.363748935212683, 29.763041037469812, 0.0 ], [ 52.363728790544712, 29.763338150549139, 0.0 ], [ 52.363826227019103, 29.763484059549381, 0.0 ], [ 52.36392297484344, 29.763651640399051, 0.0 ], [ 52.363871381587202, 29.763987933517718, 0.0 ], [ 52.363685510911012, 29.764334849574709, 0.0 ], [ 52.363417086774767, 29.76456274746867, 0.0 ], [ 52.36340806030055, 29.764777612787221, 0.0 ], [ 52.362985196539583, 29.765247373975932, 0.0 ], [ 52.362808167921443, 29.765367696546541, 0.0 ], [ 52.36257090878501, 29.76540663269871, 0.0 ], [ 52.362494291263033, 29.765467103413389, 0.0 ], [ 52.36221533925157, 29.76561752315283, 0.0 ], [ 52.362112256548109, 29.765836216741668, 0.0 ], [ 52.362076912885051, 29.766022521641919, 0.0 ], [ 52.36219908461468, 29.766162726758569, 0.0 ], [ 52.362503851815767, 29.76627277970238, 0.0 ], [ 52.362685017013384, 29.76641588675426, 0.0 ], [ 52.36270494270611, 29.766564535191641, 0.0 ], [ 52.362476793566728, 29.766789237004421, 0.0 ], [ 52.362409200364091, 29.766963295263409, 0.0 ], [ 52.362468503359409, 29.767380369943151, 0.0 ], [ 52.362440901647233, 29.76766404127223, 0.0 ], [ 52.362318441566728, 29.767835144595171, 0.0 ], [ 52.362141155045613, 29.767873354904552, 0.0 ], [ 52.361573282250447, 29.767605831915478, 0.0 ], [ 52.361173042933267, 29.767607010280521, 0.0 ], [ 52.360775748995692, 29.767532349619611, 0.0 ], [ 52.360648775679337, 29.767415663069311, 0.0 ], [ 52.360560822324629, 29.76708374850443, 0.0 ], [ 52.360414071618678, 29.76689329846705, 0.0 ], [ 52.360226299545573, 29.766593263980148, 0.0 ], [ 52.360122729459327, 29.76632018221499, 0.0 ], [ 52.359970867214408, 29.765935794138631, 0.0 ], [ 52.359725070004359, 29.765628323555319, 0.0 ], [ 52.359524558416339, 29.765240906789789, 0.0 ], [ 52.35935281433305, 29.764973154198401, 0.0 ], [ 52.359139742369941, 29.764773575524579, 0.0 ], [ 52.359012312884602, 29.76475976047865, 0.0 ], [ 52.358936811039072, 29.764825624670252, 0.0 ], [ 52.35916806867764, 29.76552489007555, 0.0 ], [ 52.359425204367781, 29.765896294947151, 0.0 ], [ 52.359450796155883, 29.766077352782759, 0.0 ], [ 52.359309717106683, 29.766313651968481, 0.0 ], [ 52.359289297411408, 29.76646277886536, 0.0 ], [ 52.359390010353849, 29.766553612404511, 0.0 ], [ 52.359557906966032, 29.766773589054559, 0.0 ], [ 52.359609032662853, 29.767066241274609, 0.0 ], [ 52.359539246879137, 29.76716632692813, 0.0 ], [ 52.359541874924851, 29.76720239353692, 0.0 ], [ 52.359715487680077, 29.767324837907939, 0.0 ], [ 52.359827424945557, 29.767538259909902, 0.0 ], [ 52.359868116527267, 29.768088201746409, 0.0 ], [ 52.360016818687377, 29.76820554087384, 0.0 ], [ 52.360248168113273, 29.768514079664779, 0.0 ], [ 52.360272624211937, 29.768886458855771, 0.0 ], [ 52.360256331229067, 29.769166376964019, 0.0 ], [ 52.360151946041462, 29.769368848971911, 0.0 ], [ 52.359947328582408, 29.769481231094169, 0.0 ], [ 52.357496633708827, 29.76856225860816, 0.0 ], [ 52.357345266844831, 29.768670534807569, 0.0 ], [ 52.356910296306623, 29.768831828399819, 0.0 ], [ 52.356717123813773, 29.769045280095959, 0.0 ], [ 52.356584770649178, 29.76937801279843, 0.0 ], [ 52.356425973623878, 29.769474651520881, 0.0 ], [ 52.35597425766769, 29.769465017622618, 0.0 ], [ 52.355437446197648, 29.769459800681432, 0.0 ], [ 52.355242432258613, 29.76961908042432, 0.0 ], [ 52.355010061038428, 29.770098930185242, 0.0 ], [ 52.354450557522888, 29.77032214961385, 0.0 ], [ 52.3542852178822, 29.770447836761281, 0.0 ], [ 52.354261500811539, 29.77056619906261, 0.0 ], [ 52.354190888416383, 29.77064700695805, 0.0 ], [ 52.353981097320172, 29.770663827554461, 0.0 ], [ 52.353667701257791, 29.770995370068331, 0.0 ], [ 52.353316882405977, 29.771529298018098, 0.0 ], [ 52.353186741175023, 29.771658340455861, 0.0 ], [ 52.353045967654083, 29.771645804193199, 0.0 ], [ 52.352753010509588, 29.771170566526798, 0.0 ], [ 52.352589051339407, 29.770777422395671, 0.0 ], [ 52.352362794714487, 29.77046863825689, 0.0 ], [ 52.35221727831906, 29.770390258040781, 0.0 ], [ 52.351840544724453, 29.7703604425209, 0.0 ], [ 52.35177195606542, 29.77032483251126, 0.0 ], [ 52.351698699987473, 29.77000774153424, 0.0 ], [ 52.351588903920437, 29.769990473565329, 0.0 ], [ 52.351378613389301, 29.769953162277311, 0.0 ], [ 52.351326036205293, 29.769859691224301, 0.0 ], [ 52.351222544843218, 29.76973951604635, 0.0 ], [ 52.350932424521083, 29.769681110272881, 0.0 ], [ 52.350460867424189, 29.76946246503578, 0.0 ], [ 52.350148741767207, 29.769149770260938, 0.0 ], [ 52.350037595767603, 29.769097313508851, 0.0 ], [ 52.350011283001741, 29.769159764077141, 0.0 ], [ 52.349423258648393, 29.769654739003879, 0.0 ], [ 52.349302200070412, 29.76964837542144, 0.0 ], [ 52.348841265377793, 29.769235662525091, 0.0 ], [ 52.348532205593379, 29.769029411606841, 0.0 ], [ 52.348393502372502, 29.769016848279961, 0.0 ], [ 52.348307976447977, 29.76905083708375, 0.0 ], [ 52.348086195980983, 29.76911285267494, 0.0 ], [ 52.347767747060367, 29.76912230677403, 0.0 ], [ 52.347573210204871, 29.768998255885229, 0.0 ], [ 52.347358576169377, 29.769050288568192, 0.0 ], [ 52.347178024516587, 29.768872901063869, 0.0 ], [ 52.34703450518348, 29.76878639050198, 0.0 ], [ 52.346971707085451, 29.76881840628181, 0.0 ], [ 52.346972157649077, 29.76920368462299, 0.0 ], [ 52.34688697078554, 29.76927465702104, 0.0 ], [ 52.346739432560931, 29.769200803052019, 0.0 ], [ 52.345891496333728, 29.76820250370702, 0.0 ], [ 52.345667127047648, 29.768094905857438, 0.0 ], [ 52.34525412333258, 29.76816907709453, 0.0 ], [ 52.344968749748929, 29.768400260166949, 0.0 ], [ 52.344963299179852, 29.76848240381603, 0.0 ], [ 52.345106256908871, 29.768508472005362, 0.0 ], [ 52.345271205542879, 29.76856415757436, 0.0 ], [ 52.345434380293881, 29.768764220538319, 0.0 ], [ 52.345912283874178, 29.769784969127031, 0.0 ], [ 52.346093442167479, 29.770160890604451, 0.0 ], [ 52.348185016971819, 29.772198862672401, 0.0 ], [ 52.348188667030492, 29.772370274750379, 0.0 ], [ 52.347477770117059, 29.773114238291111, 0.0 ], [ 52.347160552079458, 29.773259023436299, 0.0 ], [ 52.346898198309567, 29.77340794311705, 0.0 ], [ 52.346521782503203, 29.773862625189299, 0.0 ], [ 52.346449797600989, 29.774019223662709, 0.0 ], [ 52.346493505430082, 29.774273362775041, 0.0 ], [ 52.34668045544074, 29.774470556709119, 0.0 ], [ 52.346736537334273, 29.77460730649625, 0.0 ], [ 52.346639052133682, 29.774691001947879, 0.0 ], [ 52.34629075071124, 29.7747178025407, 0.0 ], [ 52.345610146793042, 29.77538485527468, 0.0 ], [ 52.345395812318912, 29.775808621082462, 0.0 ], [ 52.345148548314903, 29.775913221257358, 0.0 ], [ 52.344674786219393, 29.776018491252561, 0.0 ], [ 52.344095121058992, 29.776079393024322, 0.0 ], [ 52.343719786004698, 29.775979165109419, 0.0 ], [ 52.343515437327582, 29.775801941639319, 0.0 ], [ 52.343050594816823, 29.774964260826, 0.0 ], [ 52.342933536426507, 29.774943422991239, 0.0 ], [ 52.342857379921583, 29.774985461586041, 0.0 ], [ 52.342712625730833, 29.775102866555471, 0.0 ], [ 52.342600275198137, 29.775595399436149, 0.0 ], [ 52.342443326895783, 29.77596101704092, 0.0 ], [ 52.342443281807782, 29.776069291407889, 0.0 ], [ 52.342321453323379, 29.776318273518079, 0.0 ], [ 52.342224352380377, 29.776444363145881, 0.0 ], [ 52.342117924021387, 29.776455035599909, 0.0 ], [ 52.34189181873451, 29.77627344550487, 0.0 ], [ 52.341767250651301, 29.776224691504801, 0.0 ], [ 52.341632834583457, 29.776341125961999, 0.0 ], [ 52.34149060915535, 29.776397153060302, 0.0 ], [ 52.341296384277037, 29.77619459325523, 0.0 ], [ 52.341179264994032, 29.776168339414792, 0.0 ], [ 52.340943272556963, 29.776374803752692, 0.0 ], [ 52.340915466669102, 29.776500415285291, 0.0 ], [ 52.340851096408542, 29.77658658523595, 0.0 ], [ 52.340738735154709, 29.776627970105661, 0.0 ], [ 52.340341329750807, 29.77648908154811, 0.0 ], [ 52.339917039910908, 29.776236695739399, 0.0 ], [ 52.339581899775638, 29.776119922498491, 0.0 ], [ 52.339301322190138, 29.776089396126821, 0.0 ], [ 52.339198385013511, 29.776142442063868, 0.0 ], [ 52.339185922453751, 29.776249904706361, 0.0 ], [ 52.339380448179988, 29.77693698995796, 0.0 ], [ 52.339331697023859, 29.77703477685332, 0.0 ], [ 52.338958160373068, 29.77713121488674, 0.0 ], [ 52.338879579617867, 29.777133571698489, 0.0 ], [ 52.338438575070462, 29.776976928091191, 0.0 ], [ 52.338307388305317, 29.77699588818993, 0.0 ], [ 52.338293346109189, 29.77704290822772, 0.0 ], [ 52.338351165397988, 29.77714536416903, 0.0 ], [ 52.338447257459848, 29.77747492812702, 0.0 ], [ 52.338576649812957, 29.777598550820908, 0.0 ], [ 52.33872750604656, 29.777808628295269, 0.0 ], [ 52.338828874601148, 29.778036207251251, 0.0 ], [ 52.338648194815853, 29.778184535702781, 0.0 ], [ 52.338532832732923, 29.778350457549141, 0.0 ], [ 52.338503823934367, 29.7786845001974, 0.0 ], [ 52.338616750072909, 29.779044628072661, 0.0 ], [ 52.338803294967903, 29.779423194684551, 0.0 ], [ 52.339166606465007, 29.779678719868329, 0.0 ], [ 52.339444159542339, 29.7797182915719, 0.0 ], [ 52.339726247130322, 29.77980023873889, 0.0 ], [ 52.340653431728292, 29.780412741526359, 0.0 ], [ 52.340847378034027, 29.780695614417919, 0.0 ], [ 52.340974260920163, 29.78088420411558, 0.0 ], [ 52.341179012842268, 29.78099195410104, 0.0 ], [ 52.341318466723813, 29.780972031899999, 0.0 ], [ 52.341775373407401, 29.78094358144698, 0.0 ], [ 52.341813428971257, 29.781032638531851, 0.0 ], [ 52.341567472107663, 29.781281578425801, 0.0 ], [ 52.341399213853322, 29.781318848739279, 0.0 ], [ 52.341288783202423, 29.781344882486689, 0.0 ], [ 52.341243575923222, 29.781490468438051, 0.0 ], [ 52.340964129578381, 29.78169723747612, 0.0 ], [ 52.340774885639462, 29.781814046753599, 0.0 ], [ 52.340335741244971, 29.781864023760392, 0.0 ], [ 52.34013916200535, 29.781857272584212, 0.0 ], [ 52.34009434159038, 29.781594119004581, 0.0 ], [ 52.339880949031482, 29.78144582953815, 0.0 ], [ 52.339544514920711, 29.781415689600909, 0.0 ], [ 52.339333945450093, 29.781350389119879, 0.0 ], [ 52.339004049910848, 29.781017941529171, 0.0 ], [ 52.338732925931538, 29.781230054786779, 0.0 ], [ 52.338438134242622, 29.781228499591681, 0.0 ], [ 52.337851957873447, 29.78103407202174, 0.0 ], [ 52.337611109871688, 29.78105017974848, 0.0 ], [ 52.33737989533315, 29.781216008448279, 0.0 ], [ 52.337295687940831, 29.781735404573759, 0.0 ], [ 52.337165074431162, 29.781817514425619, 0.0 ], [ 52.337140678104987, 29.7819782928939, 0.0 ], [ 52.337077582217013, 29.78231799485069, 0.0 ], [ 52.337125084796973, 29.782875275540011, 0.0 ], [ 52.337311723571943, 29.783151875787279, 0.0 ], [ 52.337311983574622, 29.783407223593208, 0.0 ], [ 52.337167974362401, 29.783948692596368, 0.0 ], [ 52.337021972817197, 29.78404444743996, 0.0 ], [ 52.336659269578298, 29.7840839578882, 0.0 ], [ 52.336388959431197, 29.784046138273339, 0.0 ], [ 52.33619828863651, 29.783894970194929, 0.0 ], [ 52.336160688706578, 29.78374094555252, 0.0 ], [ 52.336157042981426, 29.783681418155421, 0.0 ], [ 52.336246789740599, 29.783541844588861, 0.0 ], [ 52.336256047872922, 29.783422674864081, 0.0 ], [ 52.336144003270277, 29.78304630265718, 0.0 ], [ 52.335946596653272, 29.782835637065642, 0.0 ], [ 52.335430404583683, 29.7824900294255, 0.0 ], [ 52.335011988318421, 29.781975919009732, 0.0 ], [ 52.334932072657281, 29.781945792835209, 0.0 ], [ 52.334803257432448, 29.78245286951805, 0.0 ], [ 52.334564809099177, 29.782620545018641, 0.0 ], [ 52.33431794562653, 29.782658346286869, 0.0 ], [ 52.334146605998569, 29.782584637616491, 0.0 ], [ 52.333968726541222, 29.782359397206228, 0.0 ], [ 52.333679077645137, 29.78212951793628, 0.0 ], [ 52.333341017031238, 29.781919815864239, 0.0 ], [ 52.33273544203896, 29.78129691813173, 0.0 ], [ 52.332606019686608, 29.781282475475109, 0.0 ], [ 52.332631439936769, 29.781576445758631, 0.0 ], [ 52.33255643517586, 29.78185938074677, 0.0 ], [ 52.332414486581428, 29.782059765111079, 0.0 ], [ 52.332250409402548, 29.782102404050988, 0.0 ], [ 52.331817559233713, 29.782047651014079, 0.0 ], [ 52.331729885764958, 29.782075324515819, 0.0 ], [ 52.331791631809679, 29.782154292176561, 0.0 ], [ 52.331827727010342, 29.782485186405061, 0.0 ], [ 52.331701836439628, 29.78308698027806, 0.0 ], [ 52.33158638119076, 29.783700425837448, 0.0 ], [ 52.331521499554277, 29.783731552221219, 0.0 ], [ 52.33139793395388, 29.78367916902338, 0.0 ], [ 52.331259783984642, 29.783615156683631, 0.0 ], [ 52.331120022716213, 29.783716274526039, 0.0 ], [ 52.330937360707921, 29.783761752872451, 0.0 ], [ 52.330828559639677, 29.78374084754261, 0.0 ], [ 52.330739912849943, 29.78354656790766, 0.0 ], [ 52.330580241852701, 29.783390666908289, 0.0 ], [ 52.330288827033769, 29.783306963261651, 0.0 ], [ 52.330174857017077, 29.783399780516, 0.0 ], [ 52.330039150712508, 29.783377252056081, 0.0 ], [ 52.329972095764298, 29.783396668783261, 0.0 ], [ 52.329938171590378, 29.783534042547789, 0.0 ], [ 52.329419801152682, 29.7836314517921, 0.0 ], [ 52.328895684546751, 29.783778528006842, 0.0 ], [ 52.328481304942407, 29.784052067124161, 0.0 ], [ 52.328126591355542, 29.78417450883585, 0.0 ], [ 52.328141725444347, 29.784246591270559, 0.0 ], [ 52.328592168839258, 29.78430123351799, 0.0 ], [ 52.328788973918549, 29.78444605261102, 0.0 ], [ 52.328854411644059, 29.784589972080202, 0.0 ], [ 52.328749856237472, 29.78480994617323, 0.0 ], [ 52.328742187430073, 29.785014092579829, 0.0 ], [ 52.328758320153163, 29.78551727958094, 0.0 ], [ 52.32374027125995, 29.787555707529581, 0.0 ], [ 52.3236922145148, 29.787617388186341, 0.0 ], [ 52.323825588204713, 29.78772565416719, 0.0 ], [ 52.32388677159657, 29.787857869914269, 0.0 ], [ 52.32380527730276, 29.78811287384702, 0.0 ], [ 52.323606817563103, 29.788358752896318, 0.0 ], [ 52.323455291578497, 29.78841753420047, 0.0 ], [ 52.322395621802791, 29.7883697465791, 0.0 ], [ 52.322135026193948, 29.78826324791368, 0.0 ], [ 52.321840638141957, 29.788193983529581, 0.0 ], [ 52.321531416637747, 29.78808691499054, 0.0 ], [ 52.32126078625712, 29.787898380466121, 0.0 ], [ 52.321106519279461, 29.787909207597, 0.0 ], [ 52.321194583391588, 29.788109042046091, 0.0 ], [ 52.321262810569607, 29.788300474225601, 0.0 ], [ 52.321201854176003, 29.78841290486147, 0.0 ], [ 52.320806824597227, 29.788607070563589, 0.0 ], [ 52.320779618913512, 29.7886875637763, 0.0 ], [ 52.320832844411647, 29.78874043409618, 0.0 ], [ 52.320975798191597, 29.78876291751337, 0.0 ], [ 52.321072584461888, 29.78882812183793, 0.0 ], [ 52.322922246409711, 29.790692096672579, 0.0 ], [ 52.323000435650833, 29.7907464180864, 0.0 ], [ 52.323152275799522, 29.790955938486459, 0.0 ], [ 52.323230049249183, 29.790977060423138, 0.0 ], [ 52.323731415407138, 29.79082474822458, 0.0 ], [ 52.324091149827112, 29.790797025081041, 0.0 ], [ 52.324215153774112, 29.79089722698161, 0.0 ], [ 52.324412141102712, 29.791406570547672, 0.0 ], [ 52.324597141460032, 29.791618243860679, 0.0 ], [ 52.324851934614259, 29.791997265116478, 0.0 ], [ 52.325114535572673, 29.792211110586599, 0.0 ], [ 52.325268975809998, 29.79258900643233, 0.0 ], [ 52.325313074304837, 29.792776383725961, 0.0 ], [ 52.325218247819024, 29.792928616176479, 0.0 ], [ 52.325010687279267, 29.79331350782866, 0.0 ], [ 52.324677187323999, 29.79384273154243, 0.0 ], [ 52.324516396909033, 29.793907896514892, 0.0 ], [ 52.324469205346013, 29.79406702254024, 0.0 ], [ 52.324555513928061, 29.79411605853338, 0.0 ], [ 52.324658719042453, 29.794204675273381, 0.0 ], [ 52.324678360277673, 29.794432822212581, 0.0 ], [ 52.324501496423203, 29.794779604419372, 0.0 ], [ 52.324607245957772, 29.79503603579116, 0.0 ], [ 52.324494407783412, 29.795141471059559, 0.0 ], [ 52.324520564650172, 29.795174677708712, 0.0 ], [ 52.32457517309291, 29.795380022453781, 0.0 ], [ 52.324411568567427, 29.795476790231731, 0.0 ], [ 52.324392678635853, 29.795561729738491, 0.0 ], [ 52.324465426023792, 29.795599125758851, 0.0 ], [ 52.32450492854673, 29.795620513033821, 0.0 ], [ 52.324534737021459, 29.795714150635359, 0.0 ], [ 52.324650241359372, 29.795789143776869, 0.0 ], [ 52.324723919212673, 29.796043991513589, 0.0 ], [ 52.324665040371578, 29.79616800724418, 0.0 ], [ 52.324664837023967, 29.796260943957378, 0.0 ], [ 52.32471519640373, 29.796224507022131, 0.0 ], [ 52.324836053882777, 29.796203822606291, 0.0 ], [ 52.32495952915486, 29.79635997556451, 0.0 ], [ 52.325038242502472, 29.796370267536609, 0.0 ], [ 52.325101423252377, 29.796264264863719, 0.0 ], [ 52.325212576926141, 29.79620123912073, 0.0 ], [ 52.325293879652399, 29.796268354031731, 0.0 ], [ 52.325384136745612, 29.79629661255899, 0.0 ], [ 52.325452415235851, 29.79641254060661, 0.0 ], [ 52.32553655597227, 29.796450761119161, 0.0 ], [ 52.325688868915911, 29.79636219040318, 0.0 ], [ 52.326010319044642, 29.79621742168818, 0.0 ], [ 52.326501309583747, 29.79594516914176, 0.0 ], [ 52.326703546526943, 29.795886939996471, 0.0 ], [ 52.326762129057023, 29.795958721683949, 0.0 ], [ 52.326687522991712, 29.796288562407511, 0.0 ], [ 52.326480537692021, 29.796622927888659, 0.0 ], [ 52.326265949927297, 29.796916743942351, 0.0 ], [ 52.325700482817631, 29.79696212999994, 0.0 ], [ 52.325642180015024, 29.79703561690167, 0.0 ], [ 52.325806246674126, 29.79710396775787, 0.0 ], [ 52.325856605040101, 29.79718121855019, 0.0 ], [ 52.325803106347557, 29.79744414599406, 0.0 ], [ 52.325694993558081, 29.7976145232543, 0.0 ], [ 52.325577058346433, 29.797958199001009, 0.0 ], [ 52.325527033562501, 29.79803253226747, 0.0 ], [ 52.325361463768459, 29.798164195592239, 0.0 ], [ 52.324782188057974, 29.798262307111081, 0.0 ], [ 52.324656434491459, 29.798541973536992, 0.0 ], [ 52.324314847570221, 29.798750036094059, 0.0 ], [ 52.324183537421348, 29.798758155602041, 0.0 ], [ 52.323866145251877, 29.79843641039686, 0.0 ], [ 52.323785516812038, 29.798443282796011, 0.0 ], [ 52.323753877090873, 29.79860590824595, 0.0 ], [ 52.323644896978493, 29.798566952723871, 0.0 ], [ 52.323583002092597, 29.798586323747021, 0.0 ], [ 52.32362337254245, 29.798703343422169, 0.0 ], [ 52.323702668168288, 29.799007774514639, 0.0 ], [ 52.323631244984462, 29.799232936186499, 0.0 ], [ 52.323306585887707, 29.799597873521389, 0.0 ], [ 52.32270475011142, 29.80020201327779, 0.0 ], [ 52.322501656182872, 29.80039649329127, 0.0 ], [ 52.322329307603063, 29.80044278566589, 0.0 ], [ 52.301859427043723, 29.811864136615561, 0.0 ], [ 52.29538717656029, 29.82295630912428, 0.0 ] ] ] ] } }
]
}
